index,sample_id,RMSE,MAE,PSNR,SAM,SSIM,LPIPS
0,ROIs2017_winter_s2_108_p30,0.02591368369758129,0.018895763903856277,31.729415893554688,5.487972259521484,0.9209989309310913,0.35259294509887695
1,ROIs2017_winter_s2_108_p31,0.03197493776679039,0.02164919674396515,29.90380859375,7.352561950683594,0.8939437866210938,0.3958740830421448
2,ROIs2017_winter_s2_108_p32,0.03784187510609627,0.025747723877429962,28.440547943115234,9.053853988647461,0.8751505613327026,0.4119805097579956
3,ROIs2017_winter_s2_108_p33,0.03773418813943863,0.02547214739024639,28.465299606323242,8.90264892578125,0.8809419274330139,0.41162019968032837
4,ROIs2017_winter_s2_108_p34,0.03434329107403755,0.02423536218702793,29.28316307067871,7.925416469573975,0.8660527467727661,0.4414275884628296
5,ROIs2017_winter_s2_108_p35,0.03832462057471275,0.02843053638935089,28.330442428588867,8.974761009216309,0.8328096270561218,0.48657965660095215
6,ROIs2017_winter_s2_108_p36,0.03768705949187279,0.02802099473774433,28.476158142089844,8.714136123657227,0.8366570472717285,0.5171012282371521
7,ROIs2017_winter_s2_108_p37,0.03937242925167084,0.029677199199795723,28.09615707397461,9.554159164428711,0.8353656530380249,0.5167347192764282
8,ROIs2017_winter_s2_108_p38,0.03929374739527702,0.029599245637655258,28.11353302001953,9.599130630493164,0.8465667963027954,0.502683162689209
9,ROIs2017_winter_s2_108_p39,0.034354206174612045,0.02585451491177082,29.28040313720703,8.546113014221191,0.8643664717674255,0.4934360384941101
10,ROIs2017_winter_s2_108_p40,0.03464510664343834,0.02635955438017845,29.207162857055664,9.078272819519043,0.8772975206375122,0.46460017561912537
11,ROIs2017_winter_s2_108_p41,0.035861141979694366,0.026066936552524567,28.90751838684082,10.600680351257324,0.8987436890602112,0.418919175863266
12,ROIs2017_winter_s2_108_p42,0.03398313373327255,0.024380207061767578,29.374732971191406,9.749055862426758,0.9006582498550415,0.40814661979675293
13,ROIs2017_winter_s2_108_p43,0.03692929446697235,0.029260214418172836,28.65258026123047,14.186767578125,0.8128175735473633,0.33869999647140503
14,ROIs2017_winter_s2_108_p44,0.029315253719687462,0.02447577752172947,30.658126831054688,20.692800521850586,0.7700225114822388,0.2560441493988037
15,ROIs2017_winter_s2_108_p45,0.02084449492394924,0.018361687660217285,33.62017059326172,18.012474060058594,0.815791130065918,0.2288595736026764
16,ROIs2017_winter_s2_108_p46,0.02555115334689617,0.0213679950684309,31.851789474487305,18.77295684814453,0.7954187393188477,0.259459525346756
17,ROIs2017_winter_s2_108_p47,0.03255072981119156,0.027135776355862617,29.74878692626953,19.077960968017578,0.774483323097229,0.28421226143836975
18,ROIs2017_winter_s2_108_p48,0.03477988764643669,0.028899995610117912,29.17343521118164,19.49778938293457,0.759270191192627,0.2858024835586548
19,ROIs2017_winter_s2_108_p49,0.04178605228662491,0.03086412139236927,27.579374313354492,19.602386474609375,0.7516025900840759,0.3226545453071594
20,ROIs2017_winter_s2_108_p50,0.04182502627372742,0.031505513936281204,27.57127571105957,16.849802017211914,0.7718590497970581,0.3443407118320465
21,ROIs2017_winter_s2_108_p51,0.03647967427968979,0.029789293184876442,28.758981704711914,14.153958320617676,0.8071078062057495,0.3737562894821167
22,ROIs2017_winter_s2_108_p52,0.03739268332719803,0.030390121042728424,28.544265747070312,12.222978591918945,0.8281673789024353,0.40402793884277344
23,ROIs2017_winter_s2_108_p54,0.039597030729055405,0.032999176532030106,28.046749114990234,14.581268310546875,0.7954510450363159,0.37544792890548706
24,ROIs2017_winter_s2_108_p55,0.037681449204683304,0.03106815181672573,28.477449417114258,17.481266021728516,0.7808094620704651,0.3491150140762329
25,ROIs2017_winter_s2_108_p56,0.03831053897738457,0.030612539499998093,28.333635330200195,20.669418334960938,0.7562795877456665,0.31792235374450684
26,ROIs2017_winter_s2_108_p57,0.037046805024147034,0.02993619069457054,28.624984741210938,22.297462463378906,0.7375311851501465,0.29418668150901794
27,ROIs2017_winter_s2_108_p59,0.019669845700263977,0.01403137855231762,34.12398147583008,4.940040111541748,0.9423713088035583,0.3617534935474396
28,ROIs2017_winter_s2_108_p60,0.023929046466946602,0.016106460243463516,32.42149353027344,5.61618185043335,0.923633337020874,0.39628684520721436
29,ROIs2017_winter_s2_108_p61,0.028867214918136597,0.019374269992113113,30.791902542114258,6.508331775665283,0.9040602445602417,0.40308406949043274
30,ROIs2017_winter_s2_108_p62,0.026705363765358925,0.01771421544253826,31.468029022216797,6.472434043884277,0.9148989319801331,0.38574138283729553
31,ROIs2017_winter_s2_108_p63,0.03123175911605358,0.021307630464434624,30.10807228088379,7.536235332489014,0.8920919299125671,0.41039687395095825
32,ROIs2017_winter_s2_108_p64,0.039934225380420685,0.02949029952287674,27.97309684753418,9.356136322021484,0.846885085105896,0.4389171898365021
33,ROIs2017_winter_s2_108_p65,0.03817922994494438,0.02888796105980873,28.36345672607422,8.700053215026855,0.8457802534103394,0.4524073004722595
34,ROIs2017_winter_s2_108_p66,0.03511377424001694,0.026450378820300102,29.090450286865234,8.118072509765625,0.8399308919906616,0.49449416995048523
35,ROIs2017_winter_s2_108_p67,0.034876059740781784,0.025179075077176094,29.149452209472656,8.333442687988281,0.8380969762802124,0.5287436842918396
36,ROIs2017_winter_s2_108_p68,0.0314425528049469,0.02331067994236946,30.049644470214844,8.106904983520508,0.8736967444419861,0.4747812747955322
37,ROIs2017_winter_s2_108_p69,0.033682554960250854,0.025108374655246735,29.451900482177734,9.29971694946289,0.884326159954071,0.4378442168235779
38,ROIs2017_winter_s2_108_p70,0.03425047546625137,0.024279311299324036,29.306669235229492,10.394500732421875,0.8982810974121094,0.40256744623184204
39,ROIs2017_winter_s2_108_p71,0.030803252011537552,0.022297672927379608,30.228069305419922,8.773687362670898,0.9127922058105469,0.34866321086883545
40,ROIs2017_winter_s2_108_p72,0.03410937637090683,0.02721412479877472,29.342525482177734,14.509438514709473,0.8288633823394775,0.2897636294364929
41,ROIs2017_winter_s2_108_p73,0.026331594213843346,0.022147731855511665,31.590457916259766,19.239839553833008,0.7921057939529419,0.24401268362998962
42,ROIs2017_winter_s2_108_p74,0.03125035762786865,0.025987965986132622,30.102901458740234,18.309663772583008,0.7847732305526733,0.272334486246109
43,ROIs2017_winter_s2_108_p75,0.03345683217048645,0.02755827270448208,29.510305404663086,13.99204158782959,0.825498640537262,0.2981952726840973
44,ROIs2017_winter_s2_108_p76,0.030980339273810387,0.02524186670780182,30.17827796936035,10.033266067504883,0.8714582920074463,0.2631009817123413
45,ROIs2017_winter_s2_108_p77,0.030948225408792496,0.025121493265032768,30.187284469604492,9.977585792541504,0.871493935585022,0.2537800371646881
46,ROIs2017_winter_s2_108_p78,0.03906336426734924,0.029643479734659195,28.16460609436035,11.242188453674316,0.846808671951294,0.3148162364959717
47,ROIs2017_winter_s2_108_p79,0.037347305566072464,0.028340542688965797,28.55481719970703,10.390740394592285,0.8645721077919006,0.36567848920822144
48,ROIs2017_winter_s2_108_p80,0.03412006422877312,0.02593403309583664,29.339801788330078,8.796170234680176,0.8915990591049194,0.425595223903656
49,ROIs2017_winter_s2_108_p81,0.03919568657875061,0.030803943052887917,28.135234832763672,7.953501224517822,0.889585018157959,0.46612638235092163
50,ROIs2017_winter_s2_108_p82,0.04848671704530716,0.03961089253425598,26.287546157836914,8.217325210571289,0.8363862037658691,0.5100236535072327
51,ROIs2017_winter_s2_108_p83,0.03894313424825668,0.0321647934615612,28.19137954711914,7.513286113739014,0.8576213717460632,0.47594279050827026
52,ROIs2017_winter_s2_108_p84,0.03645912557840347,0.030280999839305878,28.76387596130371,9.321106910705566,0.8580832481384277,0.4285244345664978
53,ROIs2017_winter_s2_108_p85,0.04089181497693062,0.03387323021888733,27.76727294921875,12.524931907653809,0.8244396448135376,0.3739815950393677
54,ROIs2017_winter_s2_108_p86,0.041738007217645645,0.034375231713056564,27.589366912841797,14.654900550842285,0.7983619570732117,0.3493936359882355
55,ROIs2017_winter_s2_108_p88,0.021791430190205574,0.014785715378820896,33.23428726196289,5.1991190910339355,0.9370018243789673,0.3700951039791107
56,ROIs2017_winter_s2_108_p89,0.022698314860463142,0.01580100879073143,32.880126953125,5.822720050811768,0.9248780012130737,0.3938426971435547
57,ROIs2017_winter_s2_108_p90,0.023299366235733032,0.01641290821135044,32.65311813354492,5.993701457977295,0.9151133298873901,0.3949471712112427
58,ROIs2017_winter_s2_108_p91,0.022108180448412895,0.015415515750646591,33.10894012451172,5.687071323394775,0.9175682067871094,0.40018579363822937
59,ROIs2017_winter_s2_108_p92,0.026354199275374413,0.018015438690781593,31.5830020904541,6.821763038635254,0.9035419225692749,0.4169161319732666
60,ROIs2017_winter_s2_108_p93,0.03370939940214157,0.022783629596233368,29.44498062133789,8.006230354309082,0.8873370885848999,0.40077805519104004
61,ROIs2017_winter_s2_108_p94,0.0319800041615963,0.02245444618165493,29.902429580688477,7.250903606414795,0.8882335424423218,0.43628954887390137
62,ROIs2017_winter_s2_108_p95,0.028042713180184364,0.02099602296948433,31.043598175048828,7.007809638977051,0.8686503171920776,0.488190233707428
63,ROIs2017_winter_s2_108_p96,0.030613671988248825,0.022220224142074585,30.281692504882812,7.69642972946167,0.8476471900939941,0.5212867259979248
64,ROIs2017_winter_s2_108_p97,0.028515154495835304,0.02084210142493248,30.898487091064453,8.312867164611816,0.8813527822494507,0.461380273103714
65,ROIs2017_winter_s2_108_p98,0.02990667149424553,0.02177123911678791,30.484638214111328,9.975946426391602,0.88752681016922,0.4298115372657776
66,ROIs2017_winter_s2_108_p99,0.030901925638318062,0.021665118634700775,30.200288772583008,9.72850227355957,0.8971598148345947,0.399938702583313
67,ROIs2017_winter_s2_108_p100,0.03155941516160965,0.02389170601963997,30.01742172241211,10.425433158874512,0.8803720474243164,0.31507357954978943
68,ROIs2017_winter_s2_108_p101,0.03326069936156273,0.02654171921312809,29.561370849609375,16.842761993408203,0.8031389713287354,0.2717038094997406
69,ROIs2017_winter_s2_108_p102,0.03485957533121109,0.028510240837931633,29.1535587310791,17.247299194335938,0.792310893535614,0.27244365215301514
70,ROIs2017_winter_s2_108_p103,0.036819834262132645,0.03065827302634716,28.678363800048828,11.80487060546875,0.8425899744033813,0.31186676025390625
71,ROIs2017_winter_s2_108_p104,0.03391007333993912,0.02650482766330242,29.3934268951416,8.123390197753906,0.8895020484924316,0.3499264121055603
72,ROIs2017_winter_s2_108_p105,0.030697235837578773,0.022306356579065323,30.25801658630371,6.820425033569336,0.918761134147644,0.2949380576610565
73,ROIs2017_winter_s2_108_p106,0.027458975091576576,0.0199213158339262,31.2263126373291,6.472705364227295,0.9366543889045715,0.24892976880073547
74,ROIs2017_winter_s2_108_p107,0.029340645298361778,0.022130532190203667,30.650606155395508,7.492908954620361,0.9274519681930542,0.3125792443752289
75,ROIs2017_winter_s2_108_p108,0.031578823924064636,0.023597396910190582,30.012083053588867,8.227826118469238,0.9108344316482544,0.37660902738571167
76,ROIs2017_winter_s2_108_p109,0.03991258144378662,0.02993074432015419,27.977802276611328,7.835714340209961,0.8867706656455994,0.4296647012233734
77,ROIs2017_winter_s2_108_p110,0.04724561423063278,0.037902701646089554,26.512771606445312,8.064855575561523,0.8604115843772888,0.4642641544342041
78,ROIs2017_winter_s2_108_p111,0.04794282466173172,0.039685215801000595,26.385528564453125,7.671638488769531,0.8431364893913269,0.4759841561317444
79,ROIs2017_winter_s2_108_p112,0.037952765822410583,0.030630603432655334,28.415130615234375,6.686466693878174,0.8739504218101501,0.45475056767463684
80,ROIs2017_winter_s2_108_p113,0.033108726143836975,0.02557571604847908,29.601152420043945,7.558751106262207,0.8922828435897827,0.42641356587409973
81,ROIs2017_winter_s2_108_p114,0.03863563388586044,0.029200399294495583,28.26024055480957,9.654574394226074,0.8749322891235352,0.4400755763053894
82,ROIs2017_winter_s2_108_p115,0.04291728883981705,0.03072253242135048,27.347354888916016,11.208823204040527,0.8758450150489807,0.44519156217575073
83,ROIs2017_winter_s2_108_p117,0.03131652995944023,0.020114967599511147,30.084529876708984,7.118836879730225,0.9032625555992126,0.4353080987930298
84,ROIs2017_winter_s2_108_p118,0.023464228957891464,0.016703573986887932,32.59187316894531,5.708600044250488,0.9351893663406372,0.3683333396911621
85,ROIs2017_winter_s2_108_p119,0.022749971598386765,0.01660718396306038,32.860382080078125,5.826132774353027,0.9306188821792603,0.3685893416404724
86,ROIs2017_winter_s2_108_p120,0.021671803668141365,0.015394080430269241,33.28209686279297,5.505462646484375,0.92507404088974,0.3921697735786438
87,ROIs2017_winter_s2_108_p121,0.023709215223789215,0.01624245010316372,32.50165557861328,6.237039089202881,0.9131587743759155,0.3987252116203308
88,ROIs2017_winter_s2_108_p122,0.02678688056766987,0.01799185760319233,31.441556930541992,7.047518730163574,0.9038681387901306,0.3915054500102997
89,ROIs2017_winter_s2_108_p123,0.02952616848051548,0.020713752135634422,30.595857620239258,7.4515180587768555,0.892595648765564,0.43929365277290344
90,ROIs2017_winter_s2_108_p124,0.0311152171343565,0.022622719407081604,30.14054298400879,7.799185276031494,0.880082368850708,0.4716168940067291
91,ROIs2017_winter_s2_108_p125,0.02983013726770878,0.02229742519557476,30.50689697265625,7.684346675872803,0.8624967336654663,0.4953926205635071
92,ROIs2017_winter_s2_108_p126,0.03027011826634407,0.022213008254766464,30.379716873168945,8.531742095947266,0.8513625264167786,0.499033659696579
93,ROIs2017_winter_s2_108_p127,0.0336250439286232,0.024515317752957344,29.46674346923828,10.539803504943848,0.8541882038116455,0.47697511315345764
94,ROIs2017_winter_s2_108_p128,0.03167904540896416,0.02384430728852749,29.98455810546875,10.626934051513672,0.8642237186431885,0.3896785378456116
95,ROIs2017_winter_s2_108_p129,0.033963486552238464,0.027153918519616127,29.37975311279297,17.06195068359375,0.8087459206581116,0.29497119784355164
96,ROIs2017_winter_s2_108_p130,0.03477444872260094,0.02827644534409046,29.174795150756836,20.019607543945312,0.7666140794754028,0.2744520902633667
97,ROIs2017_winter_s2_108_p131,0.03829663619399071,0.03127026557922363,28.336788177490234,13.576038360595703,0.8251141905784607,0.2977234125137329
98,ROIs2017_winter_s2_108_p132,0.033832110464572906,0.02532942034304142,29.41341781616211,8.740788459777832,0.895869255065918,0.3522316813468933
99,ROIs2017_winter_s2_108_p133,0.036536525934934616,0.027113551273941994,28.74545669555664,9.123940467834473,0.8854444622993469,0.3856983780860901
100,ROIs2017_winter_s2_108_p134,0.031670697033405304,0.022383594885468483,29.986848831176758,7.323775768280029,0.9154379367828369,0.30760952830314636
101,ROIs2017_winter_s2_108_p135,0.027875343337655067,0.020477579906582832,31.095598220825195,5.906510353088379,0.940058708190918,0.23113137483596802
102,ROIs2017_winter_s2_108_p136,0.02890249714255333,0.021838175132870674,30.781291961669922,6.08653450012207,0.9279767870903015,0.30466821789741516
103,ROIs2017_winter_s2_108_p137,0.029930371791124344,0.021846450865268707,30.477760314941406,7.016146183013916,0.9105208516120911,0.3999221622943878
104,ROIs2017_winter_s2_108_p138,0.04078665003180504,0.03052431531250477,27.789640426635742,8.006389617919922,0.8727099299430847,0.4499802589416504
105,ROIs2017_winter_s2_108_p139,0.04644788056612015,0.036518633365631104,26.660682678222656,8.757137298583984,0.8430299758911133,0.4696059823036194
106,ROIs2017_winter_s2_108_p140,0.038548775017261505,0.03093072958290577,28.279788970947266,7.749115943908691,0.870913028717041,0.43763625621795654
107,ROIs2017_winter_s2_108_p141,0.030547751113772392,0.023689573630690575,30.3004150390625,6.805750846862793,0.9044901132583618,0.40464115142822266
108,ROIs2017_winter_s2_108_p142,0.027605047449469566,0.02021920680999756,31.18023109436035,6.622014045715332,0.9135849475860596,0.4045281410217285
109,ROIs2017_winter_s2_108_p143,0.03040902316570282,0.022303707897663116,30.339950561523438,6.793539524078369,0.9084871411323547,0.4262704849243164
110,ROIs2017_winter_s2_108_p144,0.03301222249865532,0.023154782131314278,29.62650489807129,7.832548141479492,0.9106276035308838,0.4337596595287323
111,ROIs2017_winter_s2_108_p146,0.037019044160842896,0.025670543313026428,28.63149642944336,9.366209030151367,0.8708251714706421,0.4866481125354767
112,ROIs2017_winter_s2_108_p147,0.026131030172109604,0.01921038143336773,31.65686798095703,6.331137180328369,0.9309263229370117,0.3821605443954468
113,ROIs2017_winter_s2_108_p148,0.023623108863830566,0.01756186969578266,32.533260345458984,5.721847057342529,0.9412992596626282,0.3642660677433014
114,ROIs2017_winter_s2_108_p149,0.029019078239798546,0.01851014606654644,30.746328353881836,6.2763447761535645,0.9207113981246948,0.39313164353370667
115,ROIs2017_winter_s2_108_p150,0.03137041628360748,0.019736120477318764,30.069595336914062,6.89079475402832,0.9046554565429688,0.4163394570350647
116,ROIs2017_winter_s2_108_p151,0.03221061825752258,0.02212606556713581,29.84001922607422,7.37844705581665,0.8781142234802246,0.43570488691329956
117,ROIs2017_winter_s2_108_p152,0.03435024991631508,0.024502811953425407,29.281402587890625,8.396397590637207,0.8666247129440308,0.4404100775718689
118,ROIs2017_winter_s2_108_p153,0.03302802890539169,0.02341080643236637,29.622346878051758,8.555122375488281,0.881332516670227,0.42431700229644775
119,ROIs2017_winter_s2_108_p154,0.032321084290742874,0.023294497281312943,29.810279846191406,8.504487037658691,0.8541312217712402,0.48087671399116516
120,ROIs2017_winter_s2_108_p155,0.03217605873942375,0.02314671128988266,29.849346160888672,8.491518020629883,0.8295624256134033,0.5156724452972412
121,ROIs2017_winter_s2_108_p156,0.03828829899430275,0.027704373002052307,28.33867835998535,10.876208305358887,0.8124105334281921,0.4941806197166443
122,ROIs2017_winter_s2_108_p157,0.036628954112529755,0.028773166239261627,28.723508834838867,14.344691276550293,0.8049904108047485,0.3730045557022095
123,ROIs2017_winter_s2_108_p158,0.04073384031653404,0.032422423362731934,27.800893783569336,19.017032623291016,0.7649070620536804,0.3106268644332886
124,ROIs2017_winter_s2_108_p159,0.04335944354534149,0.03509311005473137,27.25832748413086,16.339345932006836,0.7775204181671143,0.34704074263572693
125,ROIs2017_winter_s2_108_p160,0.03494403138756752,0.02634781040251255,29.13254165649414,10.468888282775879,0.8670349717140198,0.34774935245513916
126,ROIs2017_winter_s2_108_p161,0.02945069968700409,0.01989986002445221,30.618087768554688,8.993280410766602,0.9115005731582642,0.3515264391899109
127,ROIs2017_winter_s2_108_p162,0.028596894815564156,0.01929895393550396,30.87362289428711,8.432583808898926,0.9090243577957153,0.3530136048793793
128,ROIs2017_winter_s2_108_p163,0.023661676794290543,0.015563610009849072,32.51908874511719,6.794625282287598,0.9385178089141846,0.28777462244033813
129,ROIs2017_winter_s2_108_p164,0.021000061184167862,0.0148567333817482,33.55558776855469,5.820915699005127,0.9553506374359131,0.22942808270454407
130,ROIs2017_winter_s2_108_p165,0.02771436795592308,0.02097257785499096,31.145898818969727,6.104553699493408,0.927556574344635,0.32072150707244873
131,ROIs2017_winter_s2_108_p166,0.029441263526678085,0.02117072232067585,30.62087059020996,6.934527397155762,0.909174919128418,0.4020872712135315
132,ROIs2017_winter_s2_108_p167,0.034972645342350006,0.02553197182714939,29.125431060791016,8.030635833740234,0.8827641010284424,0.42918485403060913
133,ROIs2017_winter_s2_108_p168,0.03718985244631767,0.028516123071312904,28.591510772705078,9.336514472961426,0.8666180372238159,0.42402395606040955
134,ROIs2017_winter_s2_108_p169,0.0323341079056263,0.024891292676329613,29.80678367614746,8.909554481506348,0.8849804401397705,0.4030476212501526
135,ROIs2017_winter_s2_108_p170,0.030096236616373062,0.02288024313747883,30.42975616455078,7.66664457321167,0.8939265012741089,0.41259706020355225
136,ROIs2017_winter_s2_108_p171,0.027006668969988823,0.019545644521713257,31.370580673217773,6.552028179168701,0.9142250418663025,0.39132073521614075
137,ROIs2017_winter_s2_108_p172,0.024342572316527367,0.017062868922948837,32.27267074584961,6.657027721405029,0.9311355948448181,0.3823986053466797
138,ROIs2017_winter_s2_108_p173,0.025293398648500443,0.01751682162284851,31.939857482910156,7.052629470825195,0.9336912035942078,0.3540058434009552
139,ROIs2017_winter_s2_108_p175,0.035019565373659134,0.02480623498558998,29.113786697387695,8.423064231872559,0.8724410533905029,0.496418833732605
140,ROIs2017_winter_s2_108_p176,0.026147473603487015,0.01922065019607544,31.651405334472656,6.01947546005249,0.922766923904419,0.40159180760383606
141,ROIs2017_winter_s2_108_p177,0.027085870504379272,0.01941993646323681,31.345142364501953,6.4003520011901855,0.9296471476554871,0.3816510736942291
142,ROIs2017_winter_s2_108_p178,0.036412131041288376,0.024377185851335526,28.77507972717285,7.719428539276123,0.9000484943389893,0.37825509905815125
143,ROIs2017_winter_s2_108_p179,0.0384240560233593,0.026672491803765297,28.30793571472168,7.732174396514893,0.8857650756835938,0.38922032713890076
144,ROIs2017_winter_s2_108_p180,0.03588181361556053,0.02605975605547428,28.902511596679688,7.534761905670166,0.8707293272018433,0.4627077579498291
145,ROIs2017_winter_s2_108_p181,0.03516135737299919,0.0251347366720438,29.078689575195312,8.130474090576172,0.8634883165359497,0.4595913887023926
146,ROIs2017_winter_s2_108_p182,0.031866129487752914,0.02233574166893959,29.933414459228516,8.047186851501465,0.8825550675392151,0.4489387273788452
147,ROIs2017_winter_s2_108_p183,0.03564896807074547,0.02541906200349331,28.959062576293945,9.00156021118164,0.8386337757110596,0.5050188302993774
148,ROIs2017_winter_s2_108_p184,0.04320015385746956,0.029355110600590706,27.290294647216797,10.994124412536621,0.8009040951728821,0.5047591924667358
149,ROIs2017_winter_s2_108_p185,0.04307982698082924,0.031933464109897614,27.31452178955078,14.664368629455566,0.7755440473556519,0.4325697422027588
150,ROIs2017_winter_s2_108_p186,0.04271644353866577,0.03392547741532326,27.388097763061523,17.53551483154297,0.7637114524841309,0.356737345457077
151,ROIs2017_winter_s2_108_p187,0.04345981031656265,0.033773910254240036,27.238243103027344,14.958386421203613,0.7868604063987732,0.38537099957466125
152,ROIs2017_winter_s2_108_p188,0.03670807182788849,0.02574145421385765,28.704769134521484,10.305045127868652,0.8583947420120239,0.40113121271133423
153,ROIs2017_winter_s2_108_p189,0.028644956648349762,0.01900969073176384,30.85903549194336,8.562490463256836,0.9094347953796387,0.3482503294944763
154,ROIs2017_winter_s2_108_p190,0.023907693102955818,0.016252195462584496,32.42924499511719,7.469202518463135,0.9336247444152832,0.29649269580841064
155,ROIs2017_winter_s2_108_p191,0.02277717925608158,0.015521547757089138,32.85000228881836,7.2331767082214355,0.9395135641098022,0.2719629108905792
156,ROIs2017_winter_s2_108_p192,0.0201596487313509,0.014227725565433502,33.91033935546875,6.111394882202148,0.950262725353241,0.268144816160202
157,ROIs2017_winter_s2_108_p193,0.018802769482135773,0.013186723925173283,34.51556396484375,5.362408638000488,0.9542734622955322,0.27641287446022034
158,ROIs2017_winter_s2_108_p194,0.02346857264637947,0.016841067001223564,32.590267181396484,6.047802448272705,0.9369389414787292,0.3203010559082031
159,ROIs2017_winter_s2_108_p195,0.025602256879210472,0.018115904182195663,31.834434509277344,7.1929097175598145,0.9194798469543457,0.3735339641571045
160,ROIs2017_winter_s2_108_p196,0.03089502453804016,0.02192997932434082,30.202228546142578,8.062590599060059,0.8979828357696533,0.4150124788284302
161,ROIs2017_winter_s2_108_p197,0.033710185438394547,0.025055432692170143,29.444778442382812,9.15439510345459,0.8882455825805664,0.3972398042678833
162,ROIs2017_winter_s2_108_p198,0.030511021614074707,0.02284018136560917,30.310863494873047,8.68333911895752,0.8869403600692749,0.40293481945991516
163,ROIs2017_winter_s2_108_p199,0.030801352113485336,0.023278897628188133,30.228605270385742,7.670551776885986,0.8834067583084106,0.4098621904850006
164,ROIs2017_winter_s2_108_p200,0.027598997578024864,0.019945919513702393,31.1821346282959,6.917524337768555,0.9106544852256775,0.3770664632320404
165,ROIs2017_winter_s2_108_p201,0.022783420979976654,0.01625855825841427,32.84762191772461,6.296513557434082,0.9414138793945312,0.33896443247795105
166,ROIs2017_winter_s2_108_p202,0.0220839474350214,0.016118763014674187,33.11846923828125,6.25282096862793,0.9519584774971008,0.28271809220314026
167,ROIs2017_winter_s2_108_p204,0.038956381380558014,0.029331928119063377,28.18842887878418,7.614053726196289,0.8441966772079468,0.5272473692893982
168,ROIs2017_winter_s2_108_p205,0.03626641258597374,0.025527067482471466,28.80990982055664,7.70332670211792,0.8783185482025146,0.4804840385913849
169,ROIs2017_winter_s2_108_p206,0.039700698107481,0.027388054877519608,28.02404022216797,9.13998031616211,0.8981421589851379,0.44745996594429016
170,ROIs2017_winter_s2_108_p207,0.03714955970644951,0.026589594781398773,28.60092544555664,8.52104377746582,0.9043183326721191,0.4101752042770386
171,ROIs2017_winter_s2_108_p208,0.035566601902246475,0.026162460446357727,28.97915267944336,7.959523677825928,0.9007052779197693,0.40763625502586365
172,ROIs2017_winter_s2_108_p209,0.03516582027077675,0.025049054995179176,29.077585220336914,8.716926574707031,0.8949232697486877,0.43757182359695435
173,ROIs2017_winter_s2_108_p210,0.03673829138278961,0.0258726067841053,28.697622299194336,9.108760833740234,0.8786488175392151,0.452195405960083
174,ROIs2017_winter_s2_108_p211,0.03813997656106949,0.027244193479418755,28.372392654418945,8.782709121704102,0.8642365336418152,0.4808247983455658
175,ROIs2017_winter_s2_108_p212,0.04192362725734711,0.030542589724063873,27.550823211669922,10.659113883972168,0.8064442276954651,0.5122523307800293
176,ROIs2017_winter_s2_108_p213,0.05388624966144562,0.0395752377808094,25.370441436767578,17.855741500854492,0.7360115647315979,0.4455653727054596
177,ROIs2017_winter_s2_108_p214,0.04521927982568741,0.0348023883998394,26.89352798461914,23.04718780517578,0.7374757528305054,0.29965823888778687
178,ROIs2017_winter_s2_108_p215,0.04484371468424797,0.03587470203638077,26.96596908569336,18.835689544677734,0.7477242946624756,0.34212374687194824
179,ROIs2017_winter_s2_108_p216,0.04086756333708763,0.028860168531537056,27.77242660522461,12.16705322265625,0.8175942301750183,0.4747732877731323
180,ROIs2017_winter_s2_108_p217,0.024939516559243202,0.017359508201479912,32.06224060058594,7.57068395614624,0.9017051458358765,0.3994412422180176
181,ROIs2017_winter_s2_108_p218,0.020681139081716537,0.013985374942421913,33.68851089477539,6.700887680053711,0.9329986572265625,0.2928727865219116
182,ROIs2017_winter_s2_108_p219,0.021497327834367752,0.015132858417928219,33.35231018066406,7.439262866973877,0.9397938847541809,0.2505461573600769
183,ROIs2017_winter_s2_108_p220,0.02122482843697071,0.015323278494179249,33.46311569213867,7.133191108703613,0.9468466639518738,0.23887382447719574
184,ROIs2017_winter_s2_108_p221,0.018471218645572662,0.013576444238424301,34.67008972167969,5.510371685028076,0.9554628133773804,0.2588513493537903
185,ROIs2017_winter_s2_108_p222,0.018667785450816154,0.013470686972141266,34.57814407348633,5.000977039337158,0.9491936564445496,0.3008430600166321
186,ROIs2017_winter_s2_108_p223,0.02350275032222271,0.016818778589367867,32.5776252746582,6.3041253089904785,0.9361995458602905,0.3220996856689453
187,ROIs2017_winter_s2_108_p224,0.024937430396676064,0.017420632764697075,32.062965393066406,6.919346332550049,0.920691967010498,0.37797752022743225
188,ROIs2017_winter_s2_108_p225,0.02586013823747635,0.018180478364229202,31.74738121032715,6.943313121795654,0.9108554124832153,0.4313257336616516
189,ROIs2017_winter_s2_108_p226,0.030445141717791557,0.021776355803012848,30.32964324951172,8.092306137084961,0.8964004516601562,0.42634597420692444
190,ROIs2017_winter_s2_108_p227,0.03427979722619057,0.024939537048339844,29.299238204956055,8.7913179397583,0.8711224794387817,0.4132429361343384
191,ROIs2017_winter_s2_108_p228,0.032642778009176254,0.02437024936079979,29.72425651550293,7.847349643707275,0.8784165978431702,0.40548253059387207
192,ROIs2017_winter_s2_108_p229,0.025847764685750008,0.01885848119854927,31.751541137695312,6.275230884552002,0.9095059633255005,0.40948569774627686
193,ROIs2017_winter_s2_108_p230,0.023937398567795753,0.017112288624048233,32.418460845947266,5.853757381439209,0.9296305179595947,0.3647337555885315
194,ROIs2017_winter_s2_108_p231,0.022421274334192276,0.015953833237290382,32.986793518066406,5.667171478271484,0.9492670297622681,0.31184864044189453
195,ROIs2017_winter_s2_108_p233,0.04955606907606125,0.03822663426399231,26.09806251525879,10.02688980102539,0.8181430697441101,0.5302128791809082
196,ROIs2017_winter_s2_108_p234,0.05041385069489479,0.036483410745859146,25.949003219604492,11.846678733825684,0.8254833817481995,0.503936231136322
197,ROIs2017_winter_s2_108_p235,0.048476893454790115,0.03359176963567734,26.289306640625,12.800618171691895,0.8672261238098145,0.4600972831249237
198,ROIs2017_winter_s2_108_p236,0.039752282202243805,0.027524247765541077,28.012760162353516,10.687287330627441,0.9008469581604004,0.40767496824264526
199,ROIs2017_winter_s2_108_p237,0.034274399280548096,0.024011043831706047,29.30060386657715,8.772045135498047,0.9140316247940063,0.3786139488220215
200,ROIs2017_winter_s2_108_p238,0.03405158966779709,0.02366354875266552,29.35725212097168,9.544319152832031,0.9067703485488892,0.4190791845321655
201,ROIs2017_winter_s2_108_p239,0.03885631263256073,0.027122201398015022,28.210769653320312,10.366796493530273,0.8858644366264343,0.4507023096084595
202,ROIs2017_winter_s2_108_p240,0.04268811643123627,0.03109852783381939,27.39385986328125,10.416715621948242,0.8610234260559082,0.47924262285232544
203,ROIs2017_winter_s2_108_p241,0.041288457810878754,0.030925793573260307,27.683427810668945,11.083765029907227,0.8183109164237976,0.5116457939147949
204,ROIs2017_winter_s2_108_p242,0.047830987721681595,0.036746419966220856,26.405813217163086,16.586517333984375,0.7486131191253662,0.4238313138484955
205,ROIs2017_winter_s2_108_p243,0.048671770840883255,0.03804207965731621,26.25445556640625,23.3187255859375,0.7148751020431519,0.30200836062431335
206,ROIs2017_winter_s2_108_p244,0.04340613633394241,0.03419242054224014,27.248977661132812,17.514301300048828,0.7534481287002563,0.36216840147972107
207,ROIs2017_winter_s2_108_p245,0.03499029576778412,0.02529115416109562,29.121047973632812,9.987492561340332,0.8358573913574219,0.4879875183105469
208,ROIs2017_winter_s2_108_p246,0.02702939882874489,0.019274810329079628,31.36327362060547,7.793566703796387,0.8918593525886536,0.413671612739563
209,ROIs2017_winter_s2_108_p247,0.02213078923523426,0.01570994406938553,33.100059509277344,6.738617420196533,0.9260687828063965,0.31644314527511597
210,ROIs2017_winter_s2_108_p248,0.020416254177689552,0.015007613226771355,33.80047607421875,6.6796875,0.9358359575271606,0.3013284206390381
211,ROIs2017_winter_s2_108_p249,0.017776167020201683,0.012871595099568367,35.003238677978516,6.117975234985352,0.9489701390266418,0.2815645933151245
212,ROIs2017_winter_s2_108_p250,0.01562011893838644,0.011409264989197254,36.126312255859375,5.043526649475098,0.9590438008308411,0.26866617798805237
213,ROIs2017_winter_s2_108_p251,0.017046263441443443,0.012412789277732372,35.36741638183594,5.017552375793457,0.9539231061935425,0.2741333246231079
214,ROIs2017_winter_s2_108_p252,0.022805599495768547,0.016346842050552368,32.839168548583984,6.1569905281066895,0.9458885192871094,0.27439454197883606
215,ROIs2017_winter_s2_108_p253,0.02323930710554123,0.016388490796089172,32.675537109375,6.0795135498046875,0.936023473739624,0.36151039600372314
216,ROIs2017_winter_s2_108_p254,0.027452290058135986,0.01877039298415184,31.228429794311523,6.2303466796875,0.9144867658615112,0.4387816786766052
217,ROIs2017_winter_s2_108_p255,0.03251383826136589,0.02299341931939125,29.758636474609375,7.884374618530273,0.891344428062439,0.4175855815410614
218,ROIs2017_winter_s2_108_p256,0.03620411455631256,0.026570284739136696,28.82484245300293,8.871153831481934,0.8632813692092896,0.43092066049575806
219,ROIs2017_winter_s2_108_p257,0.04084654152393341,0.030154945328831673,27.776893615722656,8.439982414245605,0.8655169010162354,0.437574565410614
220,ROIs2017_winter_s2_108_p258,0.03282332047820091,0.0220562182366848,29.676349639892578,6.587154388427734,0.8889549970626831,0.4653622508049011
221,ROIs2017_winter_s2_108_p259,0.029553206637501717,0.019311849027872086,30.587909698486328,6.326650142669678,0.9013208150863647,0.42570677399635315
222,ROIs2017_winter_s2_108_p260,0.025219999253749847,0.0170106403529644,31.965099334716797,6.209007740020752,0.9326200485229492,0.34747830033302307
223,ROIs2017_winter_s2_108_p262,0.049603212624788284,0.034701474010944366,26.089805603027344,13.421567916870117,0.8606278896331787,0.4185248613357544
224,ROIs2017_winter_s2_108_p263,0.05150987207889557,0.03634098172187805,25.762191772460938,13.996895790100098,0.8548844456672668,0.4403422772884369
225,ROIs2017_winter_s2_108_p264,0.043440159410238266,0.02986086905002594,27.242172241210938,11.713523864746094,0.8886951804161072,0.3985459804534912
226,ROIs2017_winter_s2_108_p265,0.03195108845829964,0.02357141487300396,29.910287857055664,8.239174842834473,0.9189566969871521,0.27236711978912354
227,ROIs2017_winter_s2_108_p266,0.03015422262251377,0.023784279823303223,30.41303825378418,7.805960178375244,0.9196268916130066,0.2669762372970581
228,ROIs2017_winter_s2_108_p267,0.038307614624500275,0.026433005928993225,28.33429718017578,10.420937538146973,0.902161180973053,0.3712656497955322
229,ROIs2017_winter_s2_108_p268,0.035444475710392,0.02441398985683918,29.009029388427734,10.021064758300781,0.9022313356399536,0.40858596563339233
230,ROIs2017_winter_s2_108_p269,0.03446614369750023,0.024149799719452858,29.252147674560547,9.395363807678223,0.8937264680862427,0.4313511550426483
231,ROIs2017_winter_s2_108_p270,0.034043088555336,0.02568877302110195,29.359420776367188,9.251420021057129,0.8529258966445923,0.5166374444961548
232,ROIs2017_winter_s2_108_p271,0.03713085874915123,0.028066761791706085,28.605300903320312,10.575675010681152,0.8036190271377563,0.5281739830970764
233,ROIs2017_winter_s2_108_p272,0.043786175549030304,0.035059090703725815,27.173259735107422,16.435537338256836,0.753446102142334,0.40113016963005066
234,ROIs2017_winter_s2_108_p273,0.04371039941906929,0.035294175148010254,27.188304901123047,19.547504425048828,0.7371242642402649,0.34314289689064026
235,ROIs2017_winter_s2_108_p274,0.035966359078884125,0.028028665110468864,28.88207244873047,12.947458267211914,0.8085330128669739,0.40321773290634155
236,ROIs2017_winter_s2_108_p275,0.029745381325483322,0.022368503734469414,30.53160858154297,8.498910903930664,0.877509355545044,0.40196359157562256
237,ROIs2017_winter_s2_108_p276,0.027056120336055756,0.02048284187912941,31.354690551757812,7.969538688659668,0.912056565284729,0.3322286605834961
238,ROIs2017_winter_s2_108_p277,0.022672750055789948,0.017117386683821678,32.889915466308594,7.224824905395508,0.9282886981964111,0.31696081161499023
239,ROIs2017_winter_s2_108_p278,0.01687881536781788,0.012236090376973152,35.453163146972656,5.897097587585449,0.9458907842636108,0.318048894405365
240,ROIs2017_winter_s2_108_p279,0.014866605401039124,0.010842849500477314,36.555763244628906,5.1118597984313965,0.9610691070556641,0.24515974521636963
241,ROIs2017_winter_s2_108_p280,0.01633499749004841,0.011845143511891365,35.73761749267578,5.286571025848389,0.9636626839637756,0.20459751784801483
242,ROIs2017_winter_s2_108_p281,0.018782714381814003,0.013651419430971146,34.52483367919922,5.5909833908081055,0.9613484144210815,0.23944613337516785
243,ROIs2017_winter_s2_108_p282,0.02247573621571064,0.015223843976855278,32.965721130371094,5.665211200714111,0.9450498819351196,0.3635541498661041
244,ROIs2017_winter_s2_108_p283,0.02976212464272976,0.020350947976112366,30.526721954345703,6.233551502227783,0.9099346399307251,0.4486616253852844
245,ROIs2017_winter_s2_108_p284,0.03228139132261276,0.02284645289182663,29.820955276489258,6.903990745544434,0.8902449607849121,0.4350453317165375
246,ROIs2017_winter_s2_108_p285,0.034844934940338135,0.02577855996787548,29.157207489013672,7.397221088409424,0.8672096729278564,0.4436272084712982
247,ROIs2017_winter_s2_108_p286,0.04761650040745735,0.03602175787091255,26.44485092163086,9.038330078125,0.8233245015144348,0.5198902487754822
248,ROIs2017_winter_s2_108_p287,0.04096987098455429,0.02888251468539238,27.750709533691406,8.327177047729492,0.8459799289703369,0.5267013311386108
249,ROIs2017_winter_s2_108_p288,0.035313647240400314,0.02298871986567974,29.041149139404297,7.519445419311523,0.8745423555374146,0.4559658169746399
250,ROIs2017_winter_s2_108_p289,0.029650874435901642,0.020470160990953445,30.559249877929688,7.254429817199707,0.9110302925109863,0.3549340069293976
251,ROIs2017_winter_s2_108_p291,0.04448946565389633,0.03101491741836071,27.03485679626465,11.898103713989258,0.8885122537612915,0.32054007053375244
252,ROIs2017_winter_s2_108_p292,0.03667277842760086,0.025577420368790627,28.713123321533203,9.663559913635254,0.9167516231536865,0.30494996905326843
253,ROIs2017_winter_s2_108_p293,0.030460363253951073,0.022207576781511307,30.325298309326172,7.477354526519775,0.9356474876403809,0.2852210998535156
254,ROIs2017_winter_s2_108_p294,0.03275315836071968,0.02608843520283699,29.694936752319336,8.489752769470215,0.9162028431892395,0.2541535198688507
255,ROIs2017_winter_s2_108_p295,0.03470521420240402,0.02799174003303051,29.192106246948242,9.0589599609375,0.903006911277771,0.2587737441062927
256,ROIs2017_winter_s2_108_p296,0.03236915543675423,0.024792710319161415,29.797374725341797,8.825249671936035,0.9127795100212097,0.2731131613254547
257,ROIs2017_winter_s2_108_p297,0.029824763536453247,0.021926896646618843,30.508459091186523,8.872862815856934,0.9087116718292236,0.3095828890800476
258,ROIs2017_winter_s2_108_p298,0.029300104826688766,0.021742139011621475,30.662616729736328,8.69464111328125,0.8923864364624023,0.3818473815917969
259,ROIs2017_winter_s2_108_p299,0.03244548663496971,0.0243002250790596,29.77691650390625,9.045368194580078,0.8570647239685059,0.47513875365257263
260,ROIs2017_winter_s2_108_p300,0.03548164665699005,0.026146935299038887,28.999923706054688,9.175407409667969,0.8255959749221802,0.5326215028762817
261,ROIs2017_winter_s2_108_p301,0.04041694849729538,0.030819181352853775,27.868730545043945,12.910527229309082,0.7805271148681641,0.46400997042655945
262,ROIs2017_winter_s2_108_p302,0.04298248142004013,0.03501565381884575,27.334171295166016,21.012964248657227,0.7210212349891663,0.3102453052997589
263,ROIs2017_winter_s2_108_p303,0.04163167625665665,0.03392025828361511,27.611522674560547,18.716333389282227,0.753747284412384,0.3148016333580017
264,ROIs2017_winter_s2_108_p304,0.03186555951833725,0.02458956651389599,29.933568954467773,9.765701293945312,0.8563562631607056,0.4020863175392151
265,ROIs2017_winter_s2_108_p305,0.02694341354072094,0.020538894459605217,31.390949249267578,7.910672664642334,0.9064344167709351,0.36585864424705505
266,ROIs2017_winter_s2_108_p306,0.023148464038968086,0.017321890220046043,32.709556579589844,7.916038513183594,0.9219051003456116,0.343399316072464
267,ROIs2017_winter_s2_108_p307,0.01927645318210125,0.014073611237108707,34.29945755004883,6.7425856590271,0.9379420280456543,0.3149203062057495
268,ROIs2017_winter_s2_108_p308,0.019646508619189262,0.01400770153850317,34.13429260253906,6.723829746246338,0.9504702687263489,0.239797443151474
269,ROIs2017_winter_s2_108_p309,0.02131442353129387,0.015452394261956215,33.42652893066406,7.204590320587158,0.954049825668335,0.1852060854434967
270,ROIs2017_winter_s2_108_p310,0.019197696819901466,0.013939096592366695,34.335018157958984,6.0022687911987305,0.9614356756210327,0.21381321549415588
271,ROIs2017_winter_s2_108_p311,0.02362716943025589,0.015708517283201218,32.531768798828125,5.702748775482178,0.9428472518920898,0.3352232575416565
272,ROIs2017_winter_s2_108_p312,0.028827432543039322,0.020036904141306877,30.80388069152832,6.170600891113281,0.9125772714614868,0.4234952926635742
273,ROIs2017_winter_s2_108_p313,0.030627619475126266,0.021832415834069252,30.277732849121094,6.486073017120361,0.9032154083251953,0.42504605650901794
274,ROIs2017_winter_s2_108_p314,0.03388212248682976,0.024691050872206688,29.40058708190918,7.045709609985352,0.8851768970489502,0.401924192905426
275,ROIs2017_winter_s2_108_p315,0.04781346023082733,0.03650118038058281,26.40899658203125,8.877461433410645,0.8322612047195435,0.4991084337234497
276,ROIs2017_winter_s2_108_p316,0.05467601493000984,0.042109083384275436,25.244064331054688,9.928600311279297,0.8122770190238953,0.5342724323272705
277,ROIs2017_winter_s2_108_p317,0.04369799792766571,0.03063458390533924,27.190771102905273,9.118008613586426,0.8552095890045166,0.4660148620605469
278,ROIs2017_winter_s2_108_p318,0.037573087960481644,0.026209240779280663,28.50246238708496,8.434757232666016,0.8947052955627441,0.3666423559188843
279,ROIs2017_winter_s2_108_p320,0.03495430201292038,0.026074139401316643,29.129989624023438,9.501204490661621,0.8977462649345398,0.3176487386226654
280,ROIs2017_winter_s2_108_p321,0.03312882408499718,0.025162532925605774,29.59588050842285,8.814094543457031,0.914095401763916,0.2767798602581024
281,ROIs2017_winter_s2_108_p322,0.02875532954931259,0.0226738378405571,30.825634002685547,6.791505336761475,0.9358576536178589,0.26578691601753235
282,ROIs2017_winter_s2_108_p323,0.03330926597118378,0.026210037991404533,29.5487003326416,8.294532775878906,0.9130551815032959,0.28037482500076294
283,ROIs2017_winter_s2_108_p324,0.03429306671023369,0.02675940841436386,29.295873641967773,9.387325286865234,0.9022589921951294,0.26280227303504944
284,ROIs2017_winter_s2_108_p325,0.03259638324379921,0.02532830461859703,29.73661231994629,8.970545768737793,0.8988275527954102,0.2729872167110443
285,ROIs2017_winter_s2_108_p326,0.03022150509059429,0.022980401292443275,30.393678665161133,8.698800086975098,0.8913463950157166,0.3349663019180298
286,ROIs2017_winter_s2_108_p327,0.03154604509472847,0.023607350885868073,30.021102905273438,8.762560844421387,0.8701284527778625,0.4138420522212982
287,ROIs2017_winter_s2_108_p328,0.03405684232711792,0.025288568809628487,29.355911254882812,8.821038246154785,0.8358052372932434,0.5177510976791382
288,ROIs2017_winter_s2_108_p329,0.03630140796303749,0.02632295712828636,28.801528930664062,9.039727210998535,0.8167935609817505,0.5700346231460571
289,ROIs2017_winter_s2_108_p330,0.04035710170865059,0.030821911990642548,27.881601333618164,13.533303260803223,0.777549147605896,0.4582379460334778
290,ROIs2017_winter_s2_108_p331,0.04453786462545395,0.035859961062669754,27.025413513183594,19.613037109375,0.7256460189819336,0.32931894063949585
291,ROIs2017_winter_s2_108_p332,0.04298890009522438,0.034127410501241684,27.332874298095703,16.004602432250977,0.7596153616905212,0.37246450781822205
292,ROIs2017_winter_s2_108_p333,0.03265117481350899,0.02428155392408371,29.72202491760254,9.686599731445312,0.8454799652099609,0.4318881630897522
293,ROIs2017_winter_s2_108_p334,0.02503940835595131,0.018502535298466682,32.02751922607422,7.912632465362549,0.8995457887649536,0.3887407183647156
294,ROIs2017_winter_s2_108_p335,0.02083960361778736,0.015363895334303379,33.62221145629883,7.085844993591309,0.9225309491157532,0.3728356957435608
295,ROIs2017_winter_s2_108_p336,0.019451452419161797,0.014207478612661362,34.2209587097168,6.334063529968262,0.9378668069839478,0.3101919889450073
296,ROIs2017_winter_s2_108_p337,0.022548116743564606,0.01628969982266426,32.93779754638672,7.880552291870117,0.9392111301422119,0.23213648796081543
297,ROIs2017_winter_s2_108_p338,0.02650122158229351,0.01966605894267559,31.534683227539062,9.120622634887695,0.9357587099075317,0.20824077725410461
298,ROIs2017_winter_s2_108_p339,0.02398405224084854,0.017525339499115944,32.40155029296875,7.864893913269043,0.9459424018859863,0.22640228271484375
299,ROIs2017_winter_s2_108_p340,0.024693533778190613,0.017008069902658463,32.14833450317383,6.584787845611572,0.9390056133270264,0.29412412643432617
300,ROIs2017_winter_s2_108_p341,0.026801928877830505,0.018187593668699265,31.43667984008789,6.201625347137451,0.9276991486549377,0.3937574326992035
301,ROIs2017_winter_s2_108_p342,0.027165303006768227,0.017991388216614723,31.31970977783203,6.27826452255249,0.9329615831375122,0.3498770594596863
302,ROIs2017_winter_s2_108_p343,0.028581323102116585,0.0188006442040205,30.878353118896484,6.447384357452393,0.9304637312889099,0.34822195768356323
303,ROIs2017_winter_s2_108_p344,0.0381498746573925,0.027147332206368446,28.370136260986328,7.145020008087158,0.8959661722183228,0.4469204545021057
304,ROIs2017_winter_s2_108_p345,0.05209093913435936,0.04122861847281456,25.664758682250977,8.951299667358398,0.8400946259498596,0.4899698793888092
305,ROIs2017_winter_s2_108_p346,0.0504738986492157,0.03876550495624542,25.938663482666016,9.380697250366211,0.8468238115310669,0.47986045479774475
306,ROIs2017_winter_s2_108_p347,0.03882049396634102,0.026932546868920326,28.218780517578125,8.317337989807129,0.8862407803535461,0.44964390993118286
307,ROIs2017_winter_s2_108_p349,0.030100557953119278,0.02215646393597126,30.428508758544922,7.722508430480957,0.9016051888465881,0.34254708886146545
308,ROIs2017_winter_s2_108_p350,0.03213565796613693,0.024689581245183945,29.86025619506836,8.040989875793457,0.9100534319877625,0.3027987480163574
309,ROIs2017_winter_s2_108_p351,0.03034989908337593,0.02383941039443016,30.356855392456055,6.689826965332031,0.9252162575721741,0.30326396226882935
310,ROIs2017_winter_s2_108_p352,0.03297162428498268,0.025484565645456314,29.63719367980957,7.459512233734131,0.9068871140480042,0.3360212445259094
311,ROIs2017_winter_s2_108_p353,0.03467437997460365,0.026972491294145584,29.199827194213867,8.442788124084473,0.8906759023666382,0.32147499918937683
312,ROIs2017_winter_s2_108_p354,0.03484685346484184,0.02567397989332676,29.15673065185547,8.867968559265137,0.877973198890686,0.3251916766166687
313,ROIs2017_winter_s2_108_p355,0.03209414333105087,0.02265203557908535,29.871484756469727,8.695911407470703,0.881433367729187,0.3768489360809326
314,ROIs2017_winter_s2_108_p356,0.03288540989160538,0.024365359917283058,29.659936904907227,8.35120677947998,0.8675823211669922,0.4299415647983551
315,ROIs2017_winter_s2_108_p357,0.034757282584905624,0.025556042790412903,29.17908477783203,8.544246673583984,0.8405404090881348,0.5016281604766846
316,ROIs2017_winter_s2_108_p358,0.03801536187529564,0.02782592549920082,28.40081787109375,10.268506050109863,0.8135584592819214,0.5156533718109131
317,ROIs2017_winter_s2_108_p359,0.04549160599708557,0.03571060299873352,26.841373443603516,16.27971076965332,0.7521167397499084,0.4299641251564026
318,ROIs2017_winter_s2_108_p360,0.046577561646699905,0.03678223118185997,26.636465072631836,16.842960357666016,0.7378417253494263,0.4019920825958252
319,ROIs2017_winter_s2_108_p361,0.039241496473550797,0.029564794152975082,28.12508773803711,10.78508186340332,0.7870657444000244,0.507291316986084
320,ROIs2017_winter_s2_108_p362,0.03581797331571579,0.026650086045265198,28.917980194091797,9.292661666870117,0.8381607532501221,0.45213782787323
321,ROIs2017_winter_s2_108_p363,0.029473289847373962,0.02171919122338295,30.611427307128906,8.667692184448242,0.8952564597129822,0.35915637016296387
322,ROIs2017_winter_s2_108_p364,0.021732311695814133,0.016158131882548332,33.25788116455078,6.489903926849365,0.9240337610244751,0.3346148431301117
323,ROIs2017_winter_s2_108_p365,0.021070634946227074,0.014071865938603878,33.526451110839844,5.641631126403809,0.9323704242706299,0.30574244260787964
324,ROIs2017_winter_s2_108_p366,0.023115288466215134,0.015657644718885422,32.722015380859375,6.702310562133789,0.934343695640564,0.2699684500694275
325,ROIs2017_winter_s2_108_p367,0.026326630264520645,0.019505364820361137,31.59209442138672,9.114917755126953,0.9274969100952148,0.24335169792175293
326,ROIs2017_winter_s2_108_p368,0.027058888226747513,0.01982828788459301,31.353801727294922,9.58165168762207,0.9307344555854797,0.2413502037525177
327,ROIs2017_winter_s2_108_p369,0.023778749629855156,0.016528237611055374,32.476219177246094,7.6572957038879395,0.9447853565216064,0.24854597449302673
328,ROIs2017_winter_s2_108_p370,0.02051001787185669,0.014003199525177479,33.760677337646484,5.88620138168335,0.9561406373977661,0.28027042746543884
329,ROIs2017_winter_s2_108_p371,0.01984315924346447,0.013654002919793129,34.04778289794922,5.398779392242432,0.9589020609855652,0.2805894613265991
330,ROIs2017_winter_s2_108_p372,0.022870412096381187,0.016239888966083527,32.814517974853516,5.853492736816406,0.9540673494338989,0.29486435651779175
331,ROIs2017_winter_s2_108_p373,0.0349893681704998,0.02431449107825756,29.12127685546875,7.884496688842773,0.9204965233802795,0.41462457180023193
332,ROIs2017_winter_s2_108_p374,0.04743093252182007,0.03578069433569908,26.47876739501953,8.654361724853516,0.8751907348632812,0.44642865657806396
333,ROIs2017_winter_s2_108_p375,0.047548890113830566,0.03605383262038231,26.45719337463379,8.3082857131958,0.8668224811553955,0.4603187143802643
334,ROIs2017_winter_s2_108_p376,0.04083311930298805,0.03084288351237774,27.779748916625977,7.45514440536499,0.8702232837677002,0.48242950439453125
335,ROIs2017_winter_s2_108_p378,0.026945529505610466,0.019217809662222862,31.39026641845703,7.044430255889893,0.8998103737831116,0.36704012751579285
336,ROIs2017_winter_s2_108_p379,0.029888076707720757,0.022148549556732178,30.490039825439453,7.056114673614502,0.902105450630188,0.33218833804130554
337,ROIs2017_winter_s2_108_p380,0.03233430162072182,0.02457042969763279,29.806730270385742,7.0928144454956055,0.8929097652435303,0.35152530670166016
338,ROIs2017_winter_s2_108_p381,0.032616566866636276,0.024861769750714302,29.73123550415039,7.0586323738098145,0.8860683441162109,0.3799036145210266
339,ROIs2017_winter_s2_108_p382,0.030109718441963196,0.02249186486005783,30.425865173339844,7.274967193603516,0.8805261850357056,0.3900696635246277
340,ROIs2017_winter_s2_108_p383,0.031630758196115494,0.021880878135561943,29.9978084564209,8.554206848144531,0.8775486946105957,0.38191089034080505
341,ROIs2017_winter_s2_108_p384,0.030216766521334648,0.020658787339925766,30.39504051208496,8.86880874633789,0.8811235427856445,0.400321900844574
342,ROIs2017_winter_s2_108_p385,0.030490092933177948,0.02232811413705349,30.31682586669922,7.9701385498046875,0.8691694736480713,0.4533734917640686
343,ROIs2017_winter_s2_108_p386,0.0334436260163784,0.024792658165097237,29.51373291015625,7.925596237182617,0.8631523847579956,0.470928817987442
344,ROIs2017_winter_s2_108_p387,0.03650476038455963,0.026785477995872498,28.75301170349121,9.96774959564209,0.8378246426582336,0.47749051451683044
345,ROIs2017_winter_s2_108_p388,0.048446789383888245,0.03655857965350151,26.294700622558594,15.671643257141113,0.7617055773735046,0.4381297826766968
346,ROIs2017_winter_s2_108_p389,0.044086210429668427,0.03293934091925621,27.11394500732422,13.769824981689453,0.7634565830230713,0.46396175026893616
347,ROIs2017_winter_s2_108_p390,0.035527363419532776,0.026146642863750458,28.98874282836914,8.751611709594727,0.8181914687156677,0.5368919372558594
348,ROIs2017_winter_s2_108_p391,0.03456377238035202,0.02569473348557949,29.22757911682129,8.881103515625,0.8617392778396606,0.4533095955848694
349,ROIs2017_winter_s2_108_p392,0.027316851541399956,0.01929881051182747,31.27138900756836,8.450702667236328,0.9168899059295654,0.3364063501358032
350,ROIs2017_winter_s2_108_p393,0.02025729976594448,0.014711023308336735,33.868370056152344,5.96639347076416,0.9295065999031067,0.32063382863998413
351,ROIs2017_winter_s2_108_p394,0.020136790350079536,0.013151935301721096,33.920196533203125,5.23495626449585,0.9273383617401123,0.341595321893692
352,ROIs2017_winter_s2_108_p395,0.02053801901638508,0.013381305150687695,33.74882888793945,5.325573444366455,0.9340142011642456,0.3183952271938324
353,ROIs2017_winter_s2_108_p396,0.023195218294858932,0.01695084571838379,32.69203186035156,8.072188377380371,0.9293920993804932,0.2809503972530365
354,ROIs2017_winter_s2_108_p397,0.027542181313037872,0.019869599491357803,31.200031280517578,10.6402006149292,0.9241580963134766,0.26838448643684387
355,ROIs2017_winter_s2_108_p398,0.02224641665816307,0.015208336524665356,33.05480194091797,8.67764949798584,0.9465603828430176,0.2689693868160248
356,ROIs2017_winter_s2_108_p399,0.01791870780289173,0.01239668671041727,34.93386459350586,6.402406692504883,0.9639312028884888,0.23258128762245178
357,ROIs2017_winter_s2_108_p400,0.019258128479123116,0.013814417645335197,34.307716369628906,6.008926868438721,0.9581795930862427,0.25888848304748535
358,ROIs2017_winter_s2_108_p401,0.021028436720371246,0.015488926321268082,33.543861389160156,5.789431571960449,0.9509829878807068,0.29169875383377075
359,ROIs2017_winter_s2_108_p402,0.0367087759077549,0.025473151355981827,28.70460319519043,7.833406925201416,0.9210609197616577,0.3137282729148865
360,ROIs2017_winter_s2_108_p403,0.042922087013721466,0.030482308939099312,27.346384048461914,8.695503234863281,0.897871732711792,0.3468412160873413
361,ROIs2017_winter_s2_108_p404,0.036808304488658905,0.025469401851296425,28.68108558654785,7.701164245605469,0.9103350639343262,0.35924309492111206
362,ROIs2017_winter_s2_108_p405,0.03641822561621666,0.026206297799944878,28.773624420166016,7.362941741943359,0.8976160883903503,0.39971989393234253
363,ROIs2017_winter_s2_108_p407,0.026201190426945686,0.018302680924534798,31.63357925415039,7.552999973297119,0.8983426094055176,0.36742204427719116
364,ROIs2017_winter_s2_108_p408,0.02603548765182495,0.018128884956240654,31.68868637084961,7.143332004547119,0.895746111869812,0.36527854204177856
365,ROIs2017_winter_s2_108_p409,0.028228098526597023,0.019770609214901924,30.98636817932129,7.380066871643066,0.8808088302612305,0.38596946001052856
366,ROIs2017_winter_s2_108_p410,0.02961750701069832,0.021418925374746323,30.56903076171875,7.879700660705566,0.875285267829895,0.409473717212677
367,ROIs2017_winter_s2_108_p411,0.02907969243824482,0.02110891602933407,30.72820472717285,8.330509185791016,0.8682324886322021,0.4375658333301544
368,ROIs2017_winter_s2_108_p412,0.02807540073990822,0.020363831892609596,31.033479690551758,9.254030227661133,0.8713834285736084,0.4334486424922943
369,ROIs2017_winter_s2_108_p413,0.026510173454880714,0.01934635639190674,31.531749725341797,9.139189720153809,0.8768049478530884,0.4290297031402588
370,ROIs2017_winter_s2_108_p414,0.028112446889281273,0.02017081342637539,31.02202606201172,8.196791648864746,0.8545829057693481,0.49517539143562317
371,ROIs2017_winter_s2_108_p415,0.03024749644100666,0.021712400019168854,30.386211395263672,7.624716758728027,0.8581770658493042,0.49758273363113403
372,ROIs2017_winter_s2_108_p416,0.03147510439157486,0.024191994220018387,30.04065704345703,9.667342185974121,0.847469687461853,0.4149324297904968
373,ROIs2017_winter_s2_108_p417,0.0406002514064312,0.03198257088661194,27.82942771911621,13.728763580322266,0.7918131351470947,0.39110565185546875
374,ROIs2017_winter_s2_108_p418,0.03964389115571976,0.029543854296207428,28.036476135253906,11.622662544250488,0.7984740734100342,0.47655150294303894
375,ROIs2017_winter_s2_108_p419,0.03769199922680855,0.027688102796673775,28.475017547607422,9.342133522033691,0.8311983346939087,0.5057191848754883
376,ROIs2017_winter_s2_108_p420,0.038366518914699554,0.02789194881916046,28.320951461791992,9.779644012451172,0.8635531663894653,0.45042502880096436
377,ROIs2017_winter_s2_108_p421,0.03327617049217224,0.024136124178767204,29.557334899902344,8.599654197692871,0.90509033203125,0.33636975288391113
378,ROIs2017_winter_s2_108_p422,0.024904556572437286,0.018483467400074005,32.074424743652344,6.204076290130615,0.9262204170227051,0.296431303024292
379,ROIs2017_winter_s2_108_p423,0.01947883702814579,0.01454466674476862,34.208740234375,5.274896621704102,0.9288671016693115,0.35999342799186707
380,ROIs2017_winter_s2_108_p424,0.01865076646208763,0.01387182716280222,34.58606719970703,5.19840145111084,0.9343223571777344,0.3284800052642822
381,ROIs2017_winter_s2_108_p425,0.020199012011289597,0.014701218344271183,33.89339828491211,6.771524429321289,0.9370859861373901,0.26879197359085083
382,ROIs2017_winter_s2_108_p426,0.029637737199664116,0.019740700721740723,30.563098907470703,10.522383689880371,0.9172335863113403,0.28834760189056396
383,ROIs2017_winter_s2_108_p427,0.029039882123470306,0.018727697432041168,30.74010467529297,10.30167293548584,0.9244133234024048,0.31998127698898315
384,ROIs2017_winter_s2_108_p428,0.021214915439486504,0.014096789993345737,33.4671745300293,7.913624286651611,0.9502624273300171,0.28840532898902893
385,ROIs2017_winter_s2_108_p429,0.020885920152068138,0.014579716138541698,33.602928161621094,7.336507320404053,0.9409288167953491,0.30184221267700195
386,ROIs2017_winter_s2_108_p430,0.019975271075963974,0.014448032714426517,33.99014663696289,6.442765235900879,0.9394506216049194,0.3229544758796692
387,ROIs2017_winter_s2_108_p431,0.028636815026402473,0.02030070126056671,30.861507415771484,6.517038345336914,0.9343311786651611,0.2838701605796814
388,ROIs2017_winter_s2_108_p432,0.030792688950896263,0.0220610573887825,30.231046676635742,6.672595977783203,0.9312001466751099,0.27384722232818604
389,ROIs2017_winter_s2_108_p433,0.02644730545580387,0.019240058958530426,31.552370071411133,7.02039909362793,0.9409301280975342,0.24440424144268036
390,ROIs2017_winter_s2_108_p434,0.027835167944431305,0.020451894029974937,31.108123779296875,6.721709251403809,0.9402066469192505,0.24811258912086487
391,ROIs2017_winter_s2_108_p436,0.024367470294237137,0.017600659281015396,32.263790130615234,8.121331214904785,0.9027139544487,0.4066389501094818
392,ROIs2017_winter_s2_108_p437,0.02441267855465412,0.017634067684412003,32.2476921081543,7.612758159637451,0.903191328048706,0.3828117251396179
393,ROIs2017_winter_s2_108_p438,0.027415666729211807,0.019178170710802078,31.24002456665039,7.7784223556518555,0.8867239952087402,0.3914092481136322
394,ROIs2017_winter_s2_108_p439,0.030997654423117638,0.021317699924111366,30.173423767089844,8.73170280456543,0.8594779372215271,0.43605005741119385
395,ROIs2017_winter_s2_108_p440,0.031278498470783234,0.02183775044977665,30.095083236694336,9.236400604248047,0.8421264886856079,0.47723522782325745
396,ROIs2017_winter_s2_108_p441,0.029363827779889107,0.02124420739710331,30.643747329711914,9.324214935302734,0.8462255597114563,0.47456657886505127
397,ROIs2017_winter_s2_108_p442,0.02776145748794079,0.019985854625701904,31.131153106689453,9.241266250610352,0.8526466488838196,0.4643864035606384
398,ROIs2017_winter_s2_108_p443,0.029911311343312263,0.02116357535123825,30.483291625976562,9.127620697021484,0.8315067291259766,0.51617431640625
399,ROIs2017_winter_s2_108_p444,0.03176066651940346,0.02272363007068634,29.962207794189453,8.35608196258545,0.8361989259719849,0.5152887105941772
400,ROIs2017_winter_s2_108_p445,0.03259468823671341,0.02583257108926773,29.737064361572266,12.181880950927734,0.8222486972808838,0.36062800884246826
401,ROIs2017_winter_s2_108_p446,0.034654200077056885,0.028330707922577858,29.204883575439453,12.654645919799805,0.8139326572418213,0.343974769115448
402,ROIs2017_winter_s2_108_p447,0.033076971769332886,0.024723557755351067,29.609485626220703,8.649998664855957,0.8532373905181885,0.4587123990058899
403,ROIs2017_winter_s2_108_p448,0.0366688147187233,0.026659175753593445,28.71406364440918,9.178213119506836,0.8461200594902039,0.46448034048080444
404,ROIs2017_winter_s2_108_p449,0.03964385390281677,0.02880149520933628,28.036483764648438,9.742539405822754,0.847690224647522,0.47974085807800293
405,ROIs2017_winter_s2_108_p450,0.037929363548755646,0.027872446924448013,28.420488357543945,8.770020484924316,0.8842540383338928,0.3633561432361603
406,ROIs2017_winter_s2_108_p451,0.03166978806257248,0.024245813488960266,29.987096786499023,7.422904014587402,0.9114744663238525,0.3217960596084595
407,ROIs2017_winter_s2_108_p452,0.027656029909849167,0.021119551733136177,31.164203643798828,7.054488658905029,0.9091312885284424,0.37324804067611694
408,ROIs2017_winter_s2_108_p453,0.025575995445251465,0.019129827618598938,31.84334945678711,7.068567276000977,0.916511595249176,0.3455312252044678
409,ROIs2017_winter_s2_108_p454,0.026256145909428596,0.018948033452033997,31.615381240844727,7.438719272613525,0.9243144392967224,0.30057984590530396
410,ROIs2017_winter_s2_108_p455,0.031459610909223557,0.021258698776364326,30.044933319091797,9.969112396240234,0.9099659323692322,0.31930410861968994
411,ROIs2017_winter_s2_108_p456,0.031481266021728516,0.02049294114112854,30.038955688476562,10.939688682556152,0.9076424837112427,0.3504595458507538
412,ROIs2017_winter_s2_108_p457,0.02533138357102871,0.016819123178720474,31.926822662353516,8.855447769165039,0.9298338890075684,0.3388082981109619
413,ROIs2017_winter_s2_108_p458,0.021896321326494217,0.0146748386323452,33.19257736206055,7.68958854675293,0.9290876984596252,0.34322428703308105
414,ROIs2017_winter_s2_108_p459,0.021542996168136597,0.015099423937499523,33.33387756347656,7.579153537750244,0.9340335130691528,0.3216400146484375
415,ROIs2017_winter_s2_108_p460,0.027345962822437286,0.020196471363306046,31.26213836669922,7.70695161819458,0.9321075081825256,0.28933027386665344
416,ROIs2017_winter_s2_108_p461,0.02734416164457798,0.0200303103774786,31.262706756591797,7.7278923988342285,0.9279646277427673,0.3191143274307251
417,ROIs2017_winter_s2_108_p462,0.025524111464619637,0.018588606268167496,31.860984802246094,8.494236946105957,0.935863733291626,0.3000890016555786
418,ROIs2017_winter_s2_108_p463,0.02549630030989647,0.019556565210223198,31.870458602905273,7.194446086883545,0.944506049156189,0.24225710332393646
419,ROIs2017_winter_s2_108_p465,0.028703967109322548,0.020393576472997665,30.84115982055664,8.507556915283203,0.8781306743621826,0.4515018165111542
420,ROIs2017_winter_s2_108_p466,0.029062889516353607,0.021239496767520905,30.733224868774414,8.213085174560547,0.8865242004394531,0.4122060537338257
421,ROIs2017_winter_s2_108_p467,0.028881533071398735,0.02080228365957737,30.787593841552734,8.713215827941895,0.883079469203949,0.4104204773902893
422,ROIs2017_winter_s2_108_p468,0.031032603234052658,0.021484583616256714,30.16363525390625,9.174759864807129,0.8609796762466431,0.44975745677948
423,ROIs2017_winter_s2_108_p469,0.030717529356479645,0.021296745166182518,30.252275466918945,9.141134262084961,0.8441966772079468,0.5050234794616699
424,ROIs2017_winter_s2_108_p470,0.030581718310713768,0.02219184674322605,30.29076385498047,9.944881439208984,0.8288920521736145,0.525558352470398
425,ROIs2017_winter_s2_108_p471,0.02964014559984207,0.021291609853506088,30.562393188476562,9.40028190612793,0.8323674201965332,0.5204476714134216
426,ROIs2017_winter_s2_108_p472,0.02883926033973694,0.020151739940047264,30.800315856933594,8.422398567199707,0.8326919674873352,0.524409294128418
427,ROIs2017_winter_s2_108_p473,0.03624903783202171,0.025404902175068855,28.814071655273438,10.8010892868042,0.8031735420227051,0.5054529905319214
428,ROIs2017_winter_s2_108_p474,0.03558716922998428,0.027835719287395477,28.974132537841797,14.094178199768066,0.798975944519043,0.3733959197998047
429,ROIs2017_winter_s2_108_p475,0.03234618529677391,0.02580546960234642,29.803539276123047,11.535252571105957,0.8289296627044678,0.37526804208755493
430,ROIs2017_winter_s2_108_p476,0.0314030796289444,0.023075295612215996,30.060556411743164,7.434904098510742,0.8654825687408447,0.4481154680252075
431,ROIs2017_winter_s2_108_p477,0.03126844763755798,0.0228774044662714,30.097875595092773,7.518041610717773,0.8776850700378418,0.4301793575286865
432,ROIs2017_winter_s2_108_p478,0.0312868133187294,0.02265831269323826,30.0927734375,7.775997638702393,0.875220775604248,0.4634951949119568
433,ROIs2017_winter_s2_108_p479,0.033811382949352264,0.02477516233921051,29.418739318847656,7.877689361572266,0.8793550729751587,0.44077980518341064
434,ROIs2017_winter_s2_108_p480,0.03299940004944801,0.02465260773897171,29.629878997802734,8.002020835876465,0.8939684629440308,0.38203293085098267
435,ROIs2017_winter_s2_108_p481,0.0311160646378994,0.023167220875620842,30.14030647277832,8.480356216430664,0.8915653228759766,0.3725011348724365
436,ROIs2017_winter_s2_108_p482,0.030394211411476135,0.0220929067581892,30.34418296813965,8.466584205627441,0.8973419666290283,0.35306867957115173
437,ROIs2017_winter_s2_108_p483,0.02947734110057354,0.020851975306868553,30.610233306884766,7.866237640380859,0.9098414182662964,0.35019877552986145
438,ROIs2017_winter_s2_108_p484,0.031158996745944023,0.021938130259513855,30.12833023071289,8.838947296142578,0.9049547910690308,0.3739279508590698
439,ROIs2017_winter_s2_108_p485,0.028315570205450058,0.019234418869018555,30.95949363708496,8.976482391357422,0.9100067615509033,0.3625565767288208
440,ROIs2017_winter_s2_108_p486,0.02397006005048752,0.016003061085939407,32.406620025634766,7.373777866363525,0.9243285655975342,0.3322497606277466
441,ROIs2017_winter_s2_108_p487,0.020229162648320198,0.013885745778679848,33.88044357299805,6.276153087615967,0.9273157715797424,0.3313141465187073
442,ROIs2017_winter_s2_108_p488,0.02206801064312458,0.015864502638578415,33.12473678588867,7.083364486694336,0.9297462701797485,0.3138253092765808
443,ROIs2017_winter_s2_108_p489,0.03123796172440052,0.023578763008117676,30.106346130371094,8.208038330078125,0.9152466058731079,0.3139576315879822
444,ROIs2017_winter_s2_108_p490,0.03319155424833298,0.024800581857562065,29.579448699951172,9.12099838256836,0.90619295835495,0.3441072702407837
445,ROIs2017_winter_s2_108_p491,0.029440296813845634,0.02120463363826275,30.621156692504883,10.06701946258545,0.9192240238189697,0.3053450584411621
446,ROIs2017_winter_s2_108_p492,0.028627993538975716,0.02103673480451107,30.864181518554688,8.099411010742188,0.9319794178009033,0.23436644673347473
447,ROIs2017_winter_s2_108_p494,0.03337756171822548,0.02309385873377323,29.530908584594727,9.823302268981934,0.8329895734786987,0.5116386413574219
448,ROIs2017_winter_s2_108_p495,0.03099154308438301,0.02180383913218975,30.175134658813477,8.723306655883789,0.8488007187843323,0.4923922121524811
449,ROIs2017_winter_s2_108_p496,0.03034956194460392,0.021699681878089905,30.356952667236328,9.780269622802734,0.8591535687446594,0.4518570899963379
450,ROIs2017_winter_s2_108_p497,0.030240416526794434,0.02170030027627945,30.38824462890625,10.189587593078613,0.8644077777862549,0.4530363082885742
451,ROIs2017_winter_s2_108_p498,0.03223840892314911,0.023666677996516228,29.832530975341797,11.344162940979004,0.8410545587539673,0.5455501675605774
452,ROIs2017_winter_s2_108_p499,0.04045973718166351,0.029337109997868538,27.859539031982422,13.444165229797363,0.7935867309570312,0.6066362857818604
453,ROIs2017_winter_s2_108_p500,0.040570177137851715,0.028270507231354713,27.83586311340332,13.311079978942871,0.7749472856521606,0.56847083568573
454,ROIs2017_winter_s2_108_p501,0.04357907548546791,0.031130660325288773,27.214441299438477,14.966246604919434,0.7578110694885254,0.5029910206794739
455,ROIs2017_winter_s2_108_p502,0.05108043551445007,0.038008272647857666,25.83490753173828,18.64611053466797,0.7262789011001587,0.4532319903373718
456,ROIs2017_winter_s2_108_p503,0.04235730320215225,0.03191899508237839,27.46143341064453,15.077529907226562,0.7797805070877075,0.4316942095756531
457,ROIs2017_winter_s2_108_p504,0.029589250683784485,0.02269613742828369,30.577320098876953,9.31726360321045,0.8552978038787842,0.43575090169906616
458,ROIs2017_winter_s2_108_p505,0.029184959828853607,0.02123001217842102,30.696819305419922,7.1871724128723145,0.8731310963630676,0.4423789978027344
459,ROIs2017_winter_s2_108_p506,0.029164666309952736,0.02139836549758911,30.702857971191406,7.21140193939209,0.877971351146698,0.437275767326355
460,ROIs2017_winter_s2_108_p507,0.028553158044815063,0.020398126915097237,30.886917114257812,7.970526218414307,0.8754814267158508,0.47375649213790894
461,ROIs2017_winter_s2_108_p508,0.034659210592508316,0.026346243917942047,29.20362663269043,8.890119552612305,0.8607889413833618,0.4799330532550812
462,ROIs2017_winter_s2_108_p509,0.039611075073480606,0.02891891822218895,28.043668746948242,10.440013885498047,0.8761146068572998,0.4559476375579834
463,ROIs2017_winter_s2_108_p510,0.03826106712222099,0.02690105512738228,28.344858169555664,10.298677444458008,0.8678099513053894,0.4588524103164673
464,ROIs2017_winter_s2_108_p511,0.03361654654145241,0.0232541561126709,29.46893882751465,9.315699577331543,0.8665059804916382,0.41411057114601135
465,ROIs2017_winter_s2_108_p512,0.02769424580037594,0.019290795549750328,31.15220832824707,7.123951435089111,0.8910213708877563,0.4057256579399109
466,ROIs2017_winter_s2_108_p513,0.02807445079088211,0.019989056512713432,31.033775329589844,7.0567307472229,0.9031660556793213,0.4101506471633911
467,ROIs2017_winter_s2_108_p514,0.027700843289494514,0.01950148493051529,31.1501407623291,7.745363235473633,0.9122682809829712,0.3805611729621887
468,ROIs2017_winter_s2_108_p515,0.024408940225839615,0.017237110063433647,32.2490234375,6.819864273071289,0.9139119982719421,0.34406256675720215
469,ROIs2017_winter_s2_108_p516,0.020279567688703537,0.01462507527321577,33.85882568359375,5.5278401374816895,0.9255996942520142,0.31448888778686523
470,ROIs2017_winter_s2_108_p517,0.021252108737826347,0.015830863267183304,33.451961517333984,5.400973320007324,0.9296606779098511,0.3158224821090698
471,ROIs2017_winter_s2_108_p518,0.02832108736038208,0.021543607115745544,30.957801818847656,6.052048206329346,0.9134931564331055,0.3328844904899597
472,ROIs2017_winter_s2_108_p519,0.03228118270635605,0.024020029231905937,29.821012496948242,7.9930100440979,0.9059812426567078,0.3528904914855957
473,ROIs2017_winter_s2_108_p520,0.029062161222100258,0.019850635901093483,30.733442306518555,9.054473876953125,0.9198830127716064,0.323632150888443
474,ROIs2017_winter_s2_108_p521,0.02497284673154354,0.01763763464987278,32.05064010620117,7.031152248382568,0.9402792453765869,0.2521026134490967
475,ROIs2017_winter_s2_108_p523,0.03761216253042221,0.026761267334222794,28.49343490600586,11.10407543182373,0.7985050678253174,0.564132571220398
476,ROIs2017_winter_s2_108_p524,0.03570042550563812,0.024837801232933998,28.946533203125,9.39504623413086,0.8174318075180054,0.5284732580184937
477,ROIs2017_winter_s2_108_p525,0.03378837928175926,0.024418268352746964,29.424652099609375,10.257707595825195,0.8314007520675659,0.5168103575706482
478,ROIs2017_winter_s2_108_p526,0.03178360313177109,0.023642385378479958,29.9559383392334,11.85914421081543,0.8352908492088318,0.4794364869594574
479,ROIs2017_winter_s2_108_p527,0.03592149168252945,0.025733331218361855,28.892915725708008,13.10643196105957,0.8041058778762817,0.5440448522567749
480,ROIs2017_winter_s2_108_p528,0.04285398870706558,0.030081696808338165,27.36017417907715,14.54928970336914,0.7594467401504517,0.5745601654052734
481,ROIs2017_winter_s2_108_p529,0.040594328194856644,0.029897525906562805,27.8306941986084,16.24998664855957,0.7472004890441895,0.4885649085044861
482,ROIs2017_winter_s2_108_p530,0.046792641282081604,0.03573700040578842,26.596450805664062,19.886850357055664,0.7220644950866699,0.44092124700546265
483,ROIs2017_winter_s2_108_p531,0.06240550056099892,0.04631194472312927,24.095544815063477,22.520870208740234,0.6951961517333984,0.5180938839912415
484,ROIs2017_winter_s2_108_p532,0.04518872871994972,0.03212294727563858,26.899396896362305,13.432897567749023,0.7891703844070435,0.5350178480148315
485,ROIs2017_winter_s2_108_p533,0.028597118332982063,0.021245012059807777,30.87355613708496,7.782677173614502,0.8668410181999207,0.47692030668258667
486,ROIs2017_winter_s2_108_p534,0.028962858021259308,0.020763788372278214,30.76317024230957,7.111043930053711,0.8612384796142578,0.4696633815765381
487,ROIs2017_winter_s2_108_p535,0.030673477798700333,0.021853314712643623,30.264739990234375,7.347107887268066,0.8475925326347351,0.48331671953201294
488,ROIs2017_winter_s2_108_p536,0.03050370328128338,0.02122483216226101,30.31294822692871,8.80711841583252,0.8414897918701172,0.5099681615829468
489,ROIs2017_winter_s2_108_p537,0.04617607221007347,0.031386662274599075,26.71166229248047,11.643546104431152,0.7952027916908264,0.5439927577972412
490,ROIs2017_winter_s2_108_p538,0.048584770411252975,0.03247440978884697,26.26999855041504,12.232125282287598,0.832063615322113,0.5231231451034546
491,ROIs2017_winter_s2_108_p539,0.039312589913606644,0.028563790023326874,28.10936737060547,10.41104793548584,0.8442103862762451,0.5229700803756714
492,ROIs2017_winter_s2_108_p540,0.033743955194950104,0.02421751245856285,29.436080932617188,8.950201988220215,0.8379384279251099,0.5184366703033447
493,ROIs2017_winter_s2_108_p541,0.029025550931692123,0.020979881286621094,30.7443904876709,7.809051990509033,0.8593707084655762,0.49448108673095703
494,ROIs2017_winter_s2_108_p542,0.028295008465647697,0.020898183807730675,30.965803146362305,6.661590576171875,0.8892190456390381,0.4449889063835144
495,ROIs2017_winter_s2_108_p543,0.02674897015094757,0.018880490213632584,31.453857421875,7.395412921905518,0.9101358652114868,0.3965475857257843
496,ROIs2017_winter_s2_108_p544,0.02619618922472,0.018839312717318535,31.635238647460938,7.022672176361084,0.8948370218276978,0.3907185196876526
497,ROIs2017_winter_s2_108_p545,0.024707846343517303,0.017830146476626396,32.14330291748047,5.753665447235107,0.9033724069595337,0.3718602657318115
498,ROIs2017_winter_s2_108_p546,0.02670844830572605,0.02033805474638939,31.46702766418457,5.0449604988098145,0.9150359034538269,0.33906346559524536
499,ROIs2017_winter_s2_108_p547,0.029171599075198174,0.022072965279221535,30.700796127319336,5.051874160766602,0.916343629360199,0.33712801337242126
500,ROIs2017_winter_s2_108_p548,0.033115584403276443,0.022913768887519836,29.59935188293457,7.400837421417236,0.9100068807601929,0.41114094853401184
501,ROIs2017_winter_s2_108_p549,0.034776896238327026,0.023411963135004044,29.174184799194336,8.068924903869629,0.9180721640586853,0.390040785074234
502,ROIs2017_winter_s2_108_p550,0.026867320761084557,0.018979884684085846,31.415515899658203,6.0488176345825195,0.9397402405738831,0.2790271043777466
503,ROIs2017_winter_s2_108_p552,0.0383530929684639,0.026896800845861435,28.323991775512695,10.481100082397461,0.7685576677322388,0.6000057458877563
504,ROIs2017_winter_s2_108_p553,0.037929750978946686,0.02646818198263645,28.420400619506836,9.850733757019043,0.7960696220397949,0.5564912557601929
505,ROIs2017_winter_s2_108_p554,0.03427785262465477,0.024605054408311844,29.299728393554688,9.457486152648926,0.8305328488349915,0.5602690577507019
506,ROIs2017_winter_s2_108_p555,0.03148402273654938,0.023112762719392776,30.038196563720703,11.239006042480469,0.822806715965271,0.5268900990486145
507,ROIs2017_winter_s2_108_p556,0.038847919553518295,0.02749914675951004,28.212644577026367,14.3677396774292,0.7793716788291931,0.5131040811538696
508,ROIs2017_winter_s2_108_p557,0.04006939008831978,0.029400771483778954,27.94374656677246,16.31793975830078,0.7601248621940613,0.47461754083633423
509,ROIs2017_winter_s2_108_p558,0.03337222710251808,0.02656075730919838,29.532297134399414,18.273029327392578,0.7747921943664551,0.34598761796951294
510,ROIs2017_winter_s2_108_p559,0.03668070212006569,0.028898589313030243,28.711246490478516,16.232086181640625,0.7739344835281372,0.4009857773780823
511,ROIs2017_winter_s2_108_p560,0.045602407306432724,0.031696077436208725,26.82024383544922,14.139554977416992,0.774834394454956,0.57797771692276
512,ROIs2017_winter_s2_108_p561,0.039072975516319275,0.028138693422079086,28.1624698638916,11.580617904663086,0.7992652058601379,0.6021235585212708
513,ROIs2017_winter_s2_108_p562,0.03504098951816559,0.02522416226565838,29.108474731445312,10.028535842895508,0.8339687585830688,0.5475318431854248
514,ROIs2017_winter_s2_108_p563,0.029187645763158798,0.020902711898088455,30.69601821899414,7.115357875823975,0.8515443801879883,0.4979356825351715
515,ROIs2017_winter_s2_108_p564,0.02916356921195984,0.02049577236175537,30.70318603515625,7.353494167327881,0.8378632068634033,0.5318256616592407
516,ROIs2017_winter_s2_108_p565,0.0314447395503521,0.02181077003479004,30.049039840698242,9.179605484008789,0.8177652955055237,0.538972020149231
517,ROIs2017_winter_s2_108_p566,0.04309923201799393,0.02803814597427845,27.310609817504883,11.446746826171875,0.7818925380706787,0.5857471227645874
518,ROIs2017_winter_s2_108_p567,0.04472331702709198,0.02983744814991951,26.98931884765625,11.876132011413574,0.8084268569946289,0.5799739360809326
519,ROIs2017_winter_s2_108_p568,0.037054989486932755,0.026950236409902573,28.623065948486328,10.637995719909668,0.8274174928665161,0.5576076507568359
520,ROIs2017_winter_s2_108_p569,0.03279256448149681,0.02323148585855961,29.684494018554688,9.036589622497559,0.8276872038841248,0.5443174242973328
521,ROIs2017_winter_s2_108_p570,0.03093794919550419,0.021540803834795952,30.190170288085938,7.932554244995117,0.8393409252166748,0.5330619812011719
522,ROIs2017_winter_s2_108_p571,0.031198915094137192,0.022181350737810135,30.117210388183594,7.12959623336792,0.8531045913696289,0.5171607732772827
523,ROIs2017_winter_s2_108_p572,0.03034334070980549,0.022170210257172585,30.358734130859375,7.235709190368652,0.8743396997451782,0.45200031995773315
524,ROIs2017_winter_s2_108_p573,0.02770511619746685,0.020048875361680984,31.148799896240234,7.446045398712158,0.8843289613723755,0.4225235879421234
525,ROIs2017_winter_s2_108_p574,0.025084028020501137,0.01754043996334076,32.012054443359375,6.641470909118652,0.8901110291481018,0.4231905937194824
526,ROIs2017_winter_s2_108_p575,0.02749336138367653,0.02015962265431881,31.215442657470703,5.867349147796631,0.8937094211578369,0.40242886543273926
527,ROIs2017_winter_s2_108_p576,0.028686117380857468,0.021467480808496475,30.84656524658203,5.204104423522949,0.9064085483551025,0.38175877928733826
528,ROIs2017_winter_s2_108_p577,0.035472262650728226,0.02479027397930622,29.00222396850586,7.497368335723877,0.9056487083435059,0.41259440779685974
529,ROIs2017_winter_s2_108_p578,0.04091258719563484,0.02878509648144245,27.762863159179688,9.489280700683594,0.908652663230896,0.40877097845077515
530,ROIs2017_winter_s2_108_p579,0.03246966749429703,0.02509526163339615,29.770442962646484,7.764619827270508,0.9159691333770752,0.32728585600852966
531,ROIs2017_winter_s2_108_p581,0.03963492810726166,0.028438860550522804,28.038440704345703,11.005833625793457,0.7546441555023193,0.6240182518959045
532,ROIs2017_winter_s2_108_p582,0.03582926467061043,0.025496194139122963,28.91524314880371,10.283218383789062,0.7933071255683899,0.5969058871269226
533,ROIs2017_winter_s2_108_p583,0.03224135562777519,0.022866591811180115,29.83173370361328,8.69027042388916,0.8315545320510864,0.5560368299484253
534,ROIs2017_winter_s2_108_p584,0.03316809982061386,0.023467475548386574,29.585590362548828,9.375871658325195,0.8097395300865173,0.5591510534286499
535,ROIs2017_winter_s2_108_p585,0.03900658339262009,0.02744101732969284,28.177242279052734,12.82578182220459,0.7747341394424438,0.560051679611206
536,ROIs2017_winter_s2_108_p586,0.03952876850962639,0.030164571478962898,28.06173324584961,17.189655303955078,0.7490319013595581,0.43876010179519653
537,ROIs2017_winter_s2_108_p587,0.03784685209393501,0.02995333820581436,28.439407348632812,21.773466110229492,0.7381662726402283,0.3307584226131439
538,ROIs2017_winter_s2_108_p588,0.04296859726309776,0.030810976400971413,27.336977005004883,17.72971534729004,0.7573455572128296,0.4341183006763458
539,ROIs2017_winter_s2_108_p589,0.041576631367206573,0.028160277754068375,27.623014450073242,11.681346893310547,0.7961621880531311,0.5673405528068542
540,ROIs2017_winter_s2_108_p590,0.04031814634799957,0.029402129352092743,27.889991760253906,13.109994888305664,0.7851704359054565,0.6159515380859375
541,ROIs2017_winter_s2_108_p591,0.03693283349275589,0.026852937415242195,28.651748657226562,11.868025779724121,0.8146600723266602,0.586626410484314
542,ROIs2017_winter_s2_108_p592,0.028429005295038223,0.020328253507614136,30.924766540527344,7.466892242431641,0.8607347011566162,0.4848370850086212
543,ROIs2017_winter_s2_108_p593,0.028156554326415062,0.019798465073108673,31.008407592773438,8.127094268798828,0.846718430519104,0.5281323790550232
544,ROIs2017_winter_s2_108_p594,0.032913364470005035,0.023078203201293945,29.652555465698242,9.868776321411133,0.8043265342712402,0.5739028453826904
545,ROIs2017_winter_s2_108_p595,0.03409464284777641,0.024460582062602043,29.346277236938477,10.20831298828125,0.7975502610206604,0.57205730676651
546,ROIs2017_winter_s2_108_p596,0.033924657851457596,0.024901313707232475,29.389690399169922,11.480319023132324,0.8010120391845703,0.5903517007827759
547,ROIs2017_winter_s2_108_p597,0.03584987670183182,0.026331132277846336,28.910247802734375,11.599303245544434,0.7912802696228027,0.5844124555587769
548,ROIs2017_winter_s2_108_p598,0.0397818461060524,0.02722920849919319,28.006303787231445,9.438775062561035,0.7903623580932617,0.546928882598877
549,ROIs2017_winter_s2_108_p599,0.044648054987192154,0.028683306649327278,27.003948211669922,7.96993350982666,0.7914047241210938,0.541213870048523
550,ROIs2017_winter_s2_108_p600,0.04106521233916283,0.027292655780911446,27.730518341064453,8.074999809265137,0.8037996888160706,0.5483911037445068
551,ROIs2017_winter_s2_108_p601,0.03370355814695358,0.024092644453048706,29.446487426757812,8.59594440460205,0.8437004089355469,0.5199868679046631
552,ROIs2017_winter_s2_108_p602,0.03144421800971031,0.02142554335296154,30.049182891845703,7.387929916381836,0.8774709701538086,0.44941246509552
553,ROIs2017_winter_s2_108_p603,0.031314123421907425,0.020059989765286446,30.085193634033203,6.8461503982543945,0.882655918598175,0.4085278809070587
554,ROIs2017_winter_s2_108_p604,0.029290709644556046,0.020075825974345207,30.6653995513916,6.370550632476807,0.879989743232727,0.4358259439468384
555,ROIs2017_winter_s2_108_p605,0.03347817808389664,0.02417478710412979,29.504764556884766,6.0802741050720215,0.8764983415603638,0.45297473669052124
556,ROIs2017_winter_s2_108_p606,0.042154453694820404,0.03093273565173149,27.503131866455078,8.471796989440918,0.8813838958740234,0.44080016016960144
557,ROIs2017_winter_s2_108_p607,0.0474235974252224,0.034708570688962936,26.48011016845703,10.494697570800781,0.8883481621742249,0.435693621635437
558,ROIs2017_winter_s2_108_p608,0.040557071566581726,0.030421381816267967,27.838668823242188,8.877738952636719,0.9033890962600708,0.3827126622200012
559,ROIs2017_winter_s2_108_p610,0.04046328365802765,0.029611380770802498,27.858776092529297,11.73351001739502,0.7696464657783508,0.6411364078521729
560,ROIs2017_winter_s2_108_p611,0.036531705409288406,0.026370063424110413,28.74660301208496,10.629192352294922,0.792691707611084,0.6185948848724365
561,ROIs2017_winter_s2_108_p612,0.04144733399152756,0.02903110906481743,27.650068283081055,13.167529106140137,0.7769249081611633,0.5447248220443726
562,ROIs2017_winter_s2_108_p613,0.046351779252290726,0.03438311815261841,26.678672790527344,17.038253784179688,0.7285085320472717,0.4753030240535736
563,ROIs2017_winter_s2_108_p614,0.041667528450489044,0.032406020909547806,27.604045867919922,17.62651824951172,0.7314415574073792,0.4349434971809387
564,ROIs2017_winter_s2_108_p615,0.037168730050325394,0.029663072898983955,28.59644317626953,19.709131240844727,0.7341213226318359,0.329229474067688
565,ROIs2017_winter_s2_108_p616,0.03522089123725891,0.028673477470874786,29.06399154663086,22.79608154296875,0.7279779314994812,0.2892378866672516
566,ROIs2017_winter_s2_108_p617,0.04170123487710953,0.030573025345802307,27.597023010253906,19.60687828063965,0.7397211790084839,0.3692483901977539
567,ROIs2017_winter_s2_108_p618,0.03917074576020241,0.026738209649920464,28.140764236450195,12.654495239257812,0.7963029146194458,0.4962378740310669
568,ROIs2017_winter_s2_108_p619,0.03731764107942581,0.027597270905971527,28.561716079711914,12.536232948303223,0.8015464544296265,0.5731331706047058
569,ROIs2017_winter_s2_108_p620,0.0358147993683815,0.026112673804163933,28.918750762939453,11.90561580657959,0.8065738677978516,0.55333411693573
570,ROIs2017_winter_s2_108_p621,0.029615268111228943,0.021365202963352203,30.569686889648438,8.579026222229004,0.8507176637649536,0.4876832962036133
571,ROIs2017_winter_s2_108_p622,0.029380738735198975,0.02096855267882347,30.638744354248047,8.605452537536621,0.8487911224365234,0.5138869881629944
572,ROIs2017_winter_s2_108_p623,0.03881159797310829,0.027662012726068497,28.22076988220215,11.24552059173584,0.7757658362388611,0.5846123695373535
573,ROIs2017_winter_s2_108_p624,0.04413377121090889,0.03172427415847778,27.10457992553711,12.13697624206543,0.7403724789619446,0.590339183807373
574,ROIs2017_winter_s2_108_p625,0.040492940694093704,0.029191790148615837,27.852413177490234,11.837696075439453,0.7587308883666992,0.5916174650192261
575,ROIs2017_winter_s2_108_p626,0.036201681941747665,0.02645634301006794,28.82542610168457,10.821356773376465,0.7788238525390625,0.572380542755127
576,ROIs2017_winter_s2_108_p627,0.040090881288051605,0.0270062442868948,27.939088821411133,9.29167652130127,0.7868432998657227,0.5283133387565613
577,ROIs2017_winter_s2_108_p628,0.04706745967268944,0.030092306435108185,26.545583724975586,8.523472785949707,0.7708519101142883,0.5317417979240417
578,ROIs2017_winter_s2_108_p629,0.047905877232551575,0.03149903193116188,26.392223358154297,7.848938465118408,0.7825630903244019,0.5327032208442688
579,ROIs2017_winter_s2_108_p630,0.03790896385908127,0.025305286049842834,28.425161361694336,6.600829124450684,0.8445247411727905,0.4940646290779114
580,ROIs2017_winter_s2_108_p631,0.03333268687129021,0.022570854052901268,29.54259490966797,6.284862518310547,0.8688762187957764,0.44607818126678467
581,ROIs2017_winter_s2_108_p632,0.034209344536066055,0.02168644778430462,29.317108154296875,6.638909816741943,0.8689465522766113,0.41989701986312866
582,ROIs2017_winter_s2_108_p633,0.029586905613541603,0.02020091377198696,30.57801055908203,5.962207794189453,0.8788927793502808,0.4370366036891937
583,ROIs2017_winter_s2_108_p634,0.040922943502664566,0.029708344489336014,27.760662078857422,6.593417644500732,0.8518399000167847,0.49035272002220154
584,ROIs2017_winter_s2_108_p635,0.05474071577191353,0.042751047760248184,25.23379135131836,8.94113540649414,0.8537039160728455,0.46244558691978455
585,ROIs2017_winter_s2_108_p636,0.050702374428510666,0.03786259517073631,25.899433135986328,10.621621131896973,0.8938023447990417,0.4114791750907898
586,ROIs2017_winter_s2_108_p637,0.042046643793582916,0.029843680560588837,27.525375366210938,8.884787559509277,0.9171425104141235,0.3408690094947815
587,ROIs2017_winter_s2_108_p639,0.05684753134846687,0.04230441525578499,24.90576934814453,15.88734245300293,0.7371792197227478,0.616668164730072
588,ROIs2017_winter_s2_108_p640,0.05248574912548065,0.03881547600030899,25.599172592163086,20.322467803955078,0.7270228266716003,0.543770432472229
589,ROIs2017_winter_s2_108_p641,0.04556752368807793,0.03353046253323555,26.826892852783203,21.129976272583008,0.7288763523101807,0.40829628705978394
590,ROIs2017_winter_s2_108_p642,0.04427160695195198,0.03233709931373596,27.077495574951172,22.958192825317383,0.7168415784835815,0.2795715630054474
591,ROIs2017_winter_s2_108_p643,0.03799741342663765,0.029520370066165924,28.40492057800293,24.059995651245117,0.7212085127830505,0.20897138118743896
592,ROIs2017_winter_s2_108_p644,0.030705904588103294,0.026320047676563263,30.25556182861328,23.689619064331055,0.7327858209609985,0.1862974911928177
593,ROIs2017_winter_s2_108_p645,0.028230490162968636,0.02462192252278328,30.985631942749023,22.495075225830078,0.7446126937866211,0.21766582131385803
594,ROIs2017_winter_s2_108_p646,0.0330052375793457,0.026679689064621925,29.62834358215332,20.366199493408203,0.7498382329940796,0.27209025621414185
595,ROIs2017_winter_s2_108_p647,0.03329920396208763,0.025261498987674713,29.55132484436035,14.025490760803223,0.8004022836685181,0.38473883271217346
596,ROIs2017_winter_s2_108_p648,0.03267069160938263,0.02303093671798706,29.716833114624023,10.866520881652832,0.8138923645019531,0.5144281387329102
597,ROIs2017_winter_s2_108_p649,0.03673736751079559,0.02674013003706932,28.697837829589844,12.697759628295898,0.7896997928619385,0.5691027641296387
598,ROIs2017_winter_s2_108_p650,0.0318262055516243,0.02318449504673481,29.944303512573242,10.621371269226074,0.8237341642379761,0.5117133259773254
599,ROIs2017_winter_s2_108_p651,0.029245339334011078,0.020895477384328842,30.67886734008789,8.524801254272461,0.8455027341842651,0.4829382002353668
600,ROIs2017_winter_s2_108_p652,0.03881879523396492,0.027794407680630684,28.219161987304688,11.563072204589844,0.7743071913719177,0.5761135816574097
601,ROIs2017_winter_s2_108_p653,0.043852798640728,0.031188104301691055,27.16005516052246,12.540728569030762,0.7350785732269287,0.6221745610237122
602,ROIs2017_winter_s2_108_p654,0.0412888340651989,0.028340157121419907,27.683349609375,11.07126235961914,0.7636085748672485,0.5936532020568848
603,ROIs2017_winter_s2_108_p655,0.03627292439341545,0.02504708804190159,28.808349609375,9.52955150604248,0.8015540838241577,0.562414288520813
604,ROIs2017_winter_s2_108_p656,0.0375373438000679,0.02673354558646679,28.510730743408203,9.692066192626953,0.8109042048454285,0.5413391590118408
605,ROIs2017_winter_s2_108_p657,0.041779812425374985,0.029048074036836624,27.580671310424805,8.640340805053711,0.7898297309875488,0.532839834690094
606,ROIs2017_winter_s2_108_p658,0.043521419167518616,0.02953420765697956,27.225940704345703,6.815574645996094,0.8030625581741333,0.5098896622657776
607,ROIs2017_winter_s2_108_p659,0.03834320232272148,0.026660101488232613,28.32623291015625,6.115789413452148,0.848820149898529,0.4694438576698303
608,ROIs2017_winter_s2_108_p660,0.03594924136996269,0.023938102647662163,28.886205673217773,6.470118522644043,0.8616057634353638,0.4404870867729187
609,ROIs2017_winter_s2_108_p661,0.03501877933740616,0.022131264209747314,29.11397933959961,6.728959560394287,0.8668841123580933,0.41553884744644165
610,ROIs2017_winter_s2_108_p662,0.028657786548137665,0.019888196140527725,30.855148315429688,6.056613922119141,0.8733469247817993,0.4336460530757904
611,ROIs2017_winter_s2_108_p663,0.03282991051673889,0.022973602637648582,29.674606323242188,6.053589344024658,0.8670570850372314,0.455778032541275
612,ROIs2017_winter_s2_108_p664,0.03784779831767082,0.02788630500435829,28.43918800354004,7.935014724731445,0.8938692808151245,0.3617975413799286
613,ROIs2017_winter_s2_108_p665,0.03325992450118065,0.02306012064218521,29.561574935913086,8.438241004943848,0.933052659034729,0.2442644089460373
614,ROIs2017_winter_s2_108_p666,0.02630884200334549,0.01805737428367138,31.597965240478516,7.593293190002441,0.9414775371551514,0.24976637959480286
615,ROIs2017_winter_s2_108_p668,0.07476699352264404,0.05678631737828255,22.525802612304688,29.920019149780273,0.6350364685058594,0.5104275941848755
616,ROIs2017_winter_s2_108_p669,0.05288223549723625,0.039692576974630356,25.53380584716797,26.988100051879883,0.6853017807006836,0.4160707890987396
617,ROIs2017_winter_s2_108_p670,0.03724526986479759,0.02926894836127758,28.578577041625977,24.44687843322754,0.723827600479126,0.2958560585975647
618,ROIs2017_winter_s2_108_p671,0.032248642295598984,0.026676570996642113,29.82977294921875,23.97048568725586,0.7326004505157471,0.2004392147064209
619,ROIs2017_winter_s2_108_p672,0.03185850381851196,0.026914648711681366,29.93549346923828,24.874488830566406,0.7329952716827393,0.1616663634777069
620,ROIs2017_winter_s2_108_p673,0.03251216933131218,0.027574816718697548,29.75908088684082,25.048547744750977,0.7225925326347351,0.18895801901817322
621,ROIs2017_winter_s2_108_p674,0.03184032440185547,0.027213850989937782,29.94045066833496,24.57972526550293,0.7219504117965698,0.21748873591423035
622,ROIs2017_winter_s2_108_p675,0.03457627445459366,0.028365857899188995,29.224435806274414,23.63584327697754,0.7193487882614136,0.23539701104164124
623,ROIs2017_winter_s2_108_p676,0.036841604858636856,0.029131848365068436,28.673229217529297,18.881319046020508,0.7450398802757263,0.3173794150352478
624,ROIs2017_winter_s2_108_p677,0.03556961193680763,0.026633476838469505,28.97842025756836,13.508105278015137,0.7719727754592896,0.4532325863838196
625,ROIs2017_winter_s2_108_p678,0.03692251443862915,0.027196098119020462,28.6541748046875,13.891497611999512,0.7793039083480835,0.5606741905212402
626,ROIs2017_winter_s2_108_p679,0.034676443785429,0.025674715638160706,29.199310302734375,12.816091537475586,0.79940265417099,0.5586327314376831
627,ROIs2017_winter_s2_108_p680,0.030054807662963867,0.021943198516964912,30.441720962524414,10.517251014709473,0.8204476833343506,0.4957301914691925
628,ROIs2017_winter_s2_108_p681,0.03299114108085632,0.023935511708259583,29.63205337524414,10.887747764587402,0.7939982414245605,0.5419372916221619
629,ROIs2017_winter_s2_108_p682,0.033848874270915985,0.024069814011454582,29.409114837646484,10.297568321228027,0.7848408222198486,0.575922966003418
630,ROIs2017_winter_s2_108_p683,0.03736310824751854,0.025616498664021492,28.55113983154297,8.979642868041992,0.8029847145080566,0.5538924336433411
631,ROIs2017_winter_s2_108_p684,0.04524953290820122,0.03304020315408707,26.887720108032227,10.43049144744873,0.8114123344421387,0.5206045508384705
632,ROIs2017_winter_s2_108_p685,0.04443936422467232,0.03235723450779915,27.04464340209961,12.111345291137695,0.8352265357971191,0.5147781372070312
633,ROIs2017_winter_s2_108_p686,0.04225843399763107,0.030212320387363434,27.481731414794922,9.774103164672852,0.8319728374481201,0.47962984442710876
634,ROIs2017_winter_s2_108_p687,0.03972337394952774,0.028604837134480476,28.01907730102539,6.982652187347412,0.8251595497131348,0.49251076579093933
635,ROIs2017_winter_s2_108_p688,0.037197284400463104,0.02550743706524372,28.58977508544922,6.7191338539123535,0.833819568157196,0.49659159779548645
636,ROIs2017_winter_s2_108_p689,0.04139139503240585,0.026036405935883522,27.661800384521484,7.263436794281006,0.8371034860610962,0.4688098430633545
637,ROIs2017_winter_s2_108_p690,0.037196915596723557,0.02342022955417633,28.589860916137695,7.532999038696289,0.8651567697525024,0.420526921749115
638,ROIs2017_winter_s2_108_p691,0.027508728206157684,0.01921071857213974,31.210590362548828,7.152953147888184,0.8814985752105713,0.41543734073638916
639,ROIs2017_winter_s2_108_p692,0.024133535102009773,0.016992952674627304,32.34757995605469,6.669403076171875,0.8916854858398438,0.39129534363746643
640,ROIs2017_winter_s2_108_p693,0.026292584836483,0.019192948937416077,31.603334426879883,7.117271900177002,0.9142395853996277,0.31845957040786743
641,ROIs2017_winter_s2_108_p694,0.02162543125450611,0.015453262254595757,33.30070495605469,8.223506927490234,0.9391241073608398,0.2328912913799286
642,ROIs2017_winter_s2_108_p695,0.024094024673104286,0.016536053270101547,32.36181640625,7.658787727355957,0.9384101629257202,0.25352275371551514
643,ROIs2017_winter_s2_108_p697,0.05406242236495018,0.04185642674565315,25.342090606689453,30.780590057373047,0.6565006375312805,0.34374380111694336
644,ROIs2017_winter_s2_108_p698,0.03673722967505455,0.02909781038761139,28.697872161865234,24.393112182617188,0.7236037850379944,0.30647769570350647
645,ROIs2017_winter_s2_108_p699,0.03575887531042099,0.028406281024217606,28.93232536315918,24.625394821166992,0.7262312173843384,0.26818275451660156
646,ROIs2017_winter_s2_108_p700,0.03266364336013794,0.02700965479016304,29.718706130981445,24.6445255279541,0.7390336990356445,0.23641437292099
647,ROIs2017_winter_s2_108_p701,0.06674288213253021,0.054251059889793396,23.511903762817383,38.12379837036133,0.5837916731834412,0.37706905603408813
648,ROIs2017_winter_s2_108_p702,0.04118133336305618,0.03394710645079613,27.70599365234375,29.397005081176758,0.6877081990242004,0.2713749408721924
649,ROIs2017_winter_s2_108_p703,0.04185807704925537,0.033845238387584686,27.564414978027344,29.30682373046875,0.6942054033279419,0.23564106225967407
650,ROIs2017_winter_s2_108_p704,0.040136728435754776,0.03255535289645195,27.929161071777344,28.5787410736084,0.7001118659973145,0.2445429265499115
651,ROIs2017_winter_s2_108_p705,0.03711546212434769,0.0301786120980978,28.608903884887695,24.577783584594727,0.7024029493331909,0.24758508801460266
652,ROIs2017_winter_s2_108_p706,0.04026741907000542,0.03244876489043236,27.900924682617188,21.742170333862305,0.707676887512207,0.3145996034145355
653,ROIs2017_winter_s2_108_p707,0.040324755012989044,0.032132409512996674,27.888565063476562,19.48106575012207,0.731376051902771,0.402444988489151
654,ROIs2017_winter_s2_108_p708,0.036446649581193924,0.028066584840416908,28.766849517822266,15.70640754699707,0.7708992958068848,0.46832603216171265
655,ROIs2017_winter_s2_108_p709,0.030645698308944702,0.022800950333476067,30.27260971069336,11.982670783996582,0.8104206323623657,0.490013062953949
656,ROIs2017_winter_s2_108_p710,0.032772213220596313,0.024130618199706078,29.689884185791016,11.533149719238281,0.800780177116394,0.5419878959655762
657,ROIs2017_winter_s2_108_p711,0.03748563304543495,0.027616284787654877,28.522703170776367,11.260396003723145,0.7942432165145874,0.5990957021713257
658,ROIs2017_winter_s2_108_p712,0.04255049675703049,0.03060479462146759,27.42190933227539,10.574589729309082,0.8146352767944336,0.5903106927871704
659,ROIs2017_winter_s2_108_p713,0.04728827625513077,0.03390703350305557,26.504932403564453,12.357414245605469,0.8297106027603149,0.5440831780433655
660,ROIs2017_winter_s2_108_p714,0.0422506146132946,0.02912921831011772,27.483339309692383,11.519301414489746,0.8589290976524353,0.4894791841506958
661,ROIs2017_winter_s2_108_p715,0.03929596021771431,0.02693285420536995,28.1130428314209,9.988595962524414,0.8715111613273621,0.4545172452926636
662,ROIs2017_winter_s2_108_p716,0.03763680160045624,0.026694469153881073,28.487747192382812,8.107709884643555,0.8535066246986389,0.47792327404022217
663,ROIs2017_winter_s2_108_p717,0.03707265481352806,0.025970445945858955,28.618927001953125,7.262948989868164,0.8436434268951416,0.5015480518341064
664,ROIs2017_winter_s2_108_p718,0.04398253560066223,0.031013552099466324,27.134395599365234,8.937084197998047,0.8343421220779419,0.4619525671005249
665,ROIs2017_winter_s2_108_p719,0.041353583335876465,0.029620103538036346,27.669736862182617,9.82660961151123,0.8651837706565857,0.3869856595993042
666,ROIs2017_winter_s2_108_p720,0.031272679567337036,0.023326585069298744,30.096698760986328,8.606974601745605,0.8964316844940186,0.34475553035736084
667,ROIs2017_winter_s2_108_p721,0.025059569627046585,0.018170012161135674,32.02052688598633,7.274810314178467,0.9016251564025879,0.35697585344314575
668,ROIs2017_winter_s2_108_p722,0.023431997746229172,0.016915734857320786,32.60381317138672,6.932703018188477,0.9100379943847656,0.3325696587562561
669,ROIs2017_winter_s2_108_p723,0.023336466401815414,0.016833394765853882,32.63929748535156,7.076305866241455,0.9209265112876892,0.295377254486084
670,ROIs2017_winter_s2_108_p724,0.027466489002108574,0.01917194575071335,31.22393798828125,7.685197830200195,0.9209247827529907,0.2734510004520416
671,ROIs2017_winter_s2_108_p726,0.048278119415044785,0.037537556141614914,26.324995040893555,29.071552276611328,0.6706295013427734,0.31330209970474243
672,ROIs2017_winter_s2_108_p727,0.03851256147027016,0.030509445816278458,28.287952423095703,25.48918914794922,0.7087867856025696,0.2613571286201477
673,ROIs2017_winter_s2_108_p728,0.03910531476140022,0.031250160187482834,28.155284881591797,26.603822708129883,0.7054961919784546,0.2432212084531784
674,ROIs2017_winter_s2_108_p729,0.06571154296398163,0.05313343554735184,23.647167205810547,37.17453384399414,0.5887466669082642,0.34287595748901367
675,ROIs2017_winter_s2_108_p730,0.05684969946742058,0.04589775949716568,24.905437469482422,34.65652084350586,0.6198490858078003,0.3270530700683594
676,ROIs2017_winter_s2_108_p731,0.06098509207367897,0.049338869750499725,24.29552459716797,36.46105194091797,0.6074397563934326,0.3374847173690796
677,ROIs2017_winter_s2_108_p732,0.12138599157333374,0.1022970899939537,18.31662940979004,49.98082733154297,0.45587319135665894,0.3910789489746094
678,ROIs2017_winter_s2_108_p733,0.12864695489406586,0.10885652899742126,17.81201171875,50.98576736450195,0.4458959698677063,0.3876257538795471
679,ROIs2017_winter_s2_108_p734,0.04570198059082031,0.03785983473062515,26.801300048828125,31.595367431640625,0.6580901145935059,0.31817626953125
680,ROIs2017_winter_s2_108_p735,0.03363165259361267,0.028384873643517494,29.465036392211914,25.354228973388672,0.7085235714912415,0.18890485167503357
681,ROIs2017_winter_s2_108_p736,0.03514404222369194,0.02892424538731575,29.082965850830078,23.99964714050293,0.7094180583953857,0.25132009387016296
682,ROIs2017_winter_s2_108_p737,0.03702779486775398,0.030401693657040596,28.629444122314453,21.223209381103516,0.7253904342651367,0.3132423758506775
683,ROIs2017_winter_s2_108_p738,0.03501599282026291,0.028229715302586555,29.114673614501953,17.07553482055664,0.7606398463249207,0.3464938998222351
684,ROIs2017_winter_s2_108_p739,0.0337655134499073,0.025715315714478493,29.430532455444336,13.007895469665527,0.7855269312858582,0.44720351696014404
685,ROIs2017_winter_s2_108_p740,0.03647097200155258,0.026797449216246605,28.76105308532715,11.067510604858398,0.793264627456665,0.5858298540115356
686,ROIs2017_winter_s2_108_p741,0.046263691037893295,0.034640464931726456,26.695194244384766,10.365557670593262,0.7847479581832886,0.5973519086837769
687,ROIs2017_winter_s2_108_p742,0.04426766559481621,0.03174205869436264,27.07826805114746,11.541534423828125,0.8036354184150696,0.5729308724403381
688,ROIs2017_winter_s2_108_p743,0.04008091241121292,0.027941402047872543,27.941247940063477,11.64405345916748,0.8348431587219238,0.5021337270736694
689,ROIs2017_winter_s2_108_p744,0.03458968922495842,0.023771461099386215,29.221067428588867,9.120266914367676,0.8834043145179749,0.41347482800483704
690,ROIs2017_winter_s2_108_p745,0.030837567523121834,0.021541867405176163,30.218399047851562,6.139967441558838,0.9064210057258606,0.4271407723426819
691,ROIs2017_winter_s2_108_p746,0.03318433091044426,0.025019550696015358,29.58133888244629,7.027312278747559,0.8908500671386719,0.4543427526950836
692,ROIs2017_winter_s2_108_p747,0.0370827279984951,0.026952728629112244,28.61656951904297,10.493254661560059,0.8808642625808716,0.4068755507469177
693,ROIs2017_winter_s2_108_p748,0.03970734030008316,0.02765987627208233,28.022584915161133,12.574070930480957,0.8877816796302795,0.3731052875518799
694,ROIs2017_winter_s2_108_p749,0.036055807024240494,0.025683466345071793,28.860496520996094,11.794942855834961,0.8980090022087097,0.335499107837677
695,ROIs2017_winter_s2_108_p750,0.027415292337536812,0.020379258319735527,31.240140914916992,7.531474590301514,0.9059023261070251,0.35039445757865906
696,ROIs2017_winter_s2_108_p751,0.02320663444697857,0.016923582181334496,32.6877555847168,6.259187698364258,0.9034960865974426,0.39784327149391174
697,ROIs2017_winter_s2_108_p752,0.02530989609658718,0.01737099327147007,31.934192657470703,6.226543426513672,0.8976840972900391,0.39841634035110474
698,ROIs2017_winter_s2_108_p753,0.02820628136396408,0.019555602222681046,30.993083953857422,6.478607177734375,0.9081969857215881,0.34266889095306396
699,ROIs2017_winter_s2_108_p755,0.03414364159107208,0.028007889166474342,29.333803176879883,24.568973541259766,0.7213258743286133,0.1980431228876114
700,ROIs2017_winter_s2_108_p756,0.033687517046928406,0.027807483449578285,29.450618743896484,24.62480354309082,0.7197684049606323,0.190391406416893
701,ROIs2017_winter_s2_108_p757,0.03220502287149429,0.02710677683353424,29.841529846191406,24.67029571533203,0.7248595952987671,0.15441589057445526
702,ROIs2017_winter_s2_108_p758,0.03163186088204384,0.026839299127459526,29.99750518798828,24.877962112426758,0.7286373376846313,0.15974506735801697
703,ROIs2017_winter_s2_108_p759,0.032304298132658005,0.027136383578181267,29.814794540405273,24.79396629333496,0.7234745025634766,0.15760387480258942
704,ROIs2017_winter_s2_108_p760,0.034772757440805435,0.029152438044548035,29.175216674804688,26.424741744995117,0.7095960378646851,0.20252282917499542
705,ROIs2017_winter_s2_108_p761,0.07133606821298599,0.05824757367372513,22.93381690979004,40.07658767700195,0.5710979700088501,0.3721877336502075
706,ROIs2017_winter_s2_108_p762,0.12968266010284424,0.10985587537288666,17.74236297607422,50.97075653076172,0.4425284266471863,0.3829571008682251
707,ROIs2017_winter_s2_108_p763,0.12209584563970566,0.10361696034669876,18.26598358154297,50.22261428833008,0.4438152313232422,0.4430045485496521
708,ROIs2017_winter_s2_108_p764,0.034550298005342484,0.029169581830501556,29.23096466064453,26.049654006958008,0.695807695388794,0.17536336183547974
709,ROIs2017_winter_s2_108_p765,0.031028643250465393,0.026496199890971184,30.16474151611328,24.017030715942383,0.7120654582977295,0.2349986582994461
710,ROIs2017_winter_s2_108_p766,0.02934839203953743,0.025167319923639297,30.6483154296875,22.94377899169922,0.7251224517822266,0.22591468691825867
711,ROIs2017_winter_s2_108_p767,0.030430912971496582,0.025654010474681854,30.33370018005371,21.41299819946289,0.7320791482925415,0.23283258080482483
712,ROIs2017_winter_s2_108_p768,0.0352388434112072,0.02873658761382103,29.059566497802734,17.38438606262207,0.7529065608978271,0.30262768268585205
713,ROIs2017_winter_s2_108_p769,0.03256288543343544,0.02402256615459919,29.745542526245117,11.531819343566895,0.7991006374359131,0.48684754967689514
714,ROIs2017_winter_s2_108_p770,0.03892790153622627,0.028470585122704506,28.194780349731445,11.069028854370117,0.7808964252471924,0.6052606701850891
715,ROIs2017_winter_s2_108_p771,0.040855590254068375,0.02973290905356407,27.77497100830078,11.750235557556152,0.7791699767112732,0.5980321764945984
716,ROIs2017_winter_s2_108_p772,0.0365796834230423,0.02583209052681923,28.735200881958008,10.703428268432617,0.8305349946022034,0.5259823203086853
717,ROIs2017_winter_s2_108_p773,0.026816146448254585,0.018217934295535088,31.43207359313965,6.717001914978027,0.9111751317977905,0.4014045000076294
718,ROIs2017_winter_s2_108_p774,0.02513382025063038,0.018034037202596664,31.994829177856445,4.480567455291748,0.9362651705741882,0.4009312093257904
719,ROIs2017_winter_s2_108_p775,0.030614467337727547,0.022697018459439278,30.28146743774414,6.469494342803955,0.8957331776618958,0.43200555443763733
720,ROIs2017_winter_s2_108_p776,0.031597062945365906,0.02175254561007023,30.00706672668457,9.267719268798828,0.8975385427474976,0.3668152987957001
721,ROIs2017_winter_s2_108_p777,0.03264487534761429,0.021815244108438492,29.72370147705078,10.568093299865723,0.9162132740020752,0.32595646381378174
722,ROIs2017_winter_s2_108_p778,0.03669106587767601,0.024301741272211075,28.70879364013672,11.335734367370605,0.8970181941986084,0.3362727463245392
723,ROIs2017_winter_s2_108_p779,0.029865145683288574,0.019950661808252335,30.496707916259766,8.212030410766602,0.9071945548057556,0.3425976037979126
724,ROIs2017_winter_s2_108_p780,0.023626912385225296,0.017529306933283806,32.5318603515625,5.092873573303223,0.9062159061431885,0.3847988545894623
725,ROIs2017_winter_s2_108_p781,0.025072526186704636,0.017177904024720192,32.01603698730469,5.459079742431641,0.8948675394058228,0.39745914936065674
726,ROIs2017_winter_s2_108_p782,0.026681479066610336,0.017961082980036736,31.475801467895508,5.594038009643555,0.895928144454956,0.36499834060668945
727,ROIs2017_winter_s2_108_p784,0.03370733559131622,0.028140468522906303,29.445512771606445,24.765653610229492,0.7119920253753662,0.181378573179245
728,ROIs2017_winter_s2_108_p785,0.03353681042790413,0.028205830603837967,29.489564895629883,25.17052459716797,0.7104588747024536,0.1868022233247757
729,ROIs2017_winter_s2_108_p786,0.034032419323921204,0.028750106692314148,29.362144470214844,25.801143646240234,0.7038242220878601,0.1934477686882019
730,ROIs2017_winter_s2_108_p787,0.03373483568429947,0.028575345873832703,29.43842887878418,25.999786376953125,0.7064316272735596,0.1605391800403595
731,ROIs2017_winter_s2_108_p788,0.034039922058582306,0.02848384529352188,29.3602294921875,26.070959091186523,0.7151793241500854,0.15841174125671387
732,ROIs2017_winter_s2_108_p789,0.03359720855951309,0.02851538360118866,29.473936080932617,25.888671875,0.7079559564590454,0.18016883730888367
733,ROIs2017_winter_s2_108_p790,0.03631669655442238,0.03052845411002636,28.797874450683594,27.108232498168945,0.6945721507072449,0.2201680988073349
734,ROIs2017_winter_s2_108_p791,0.09526802599430084,0.0786089226603508,20.421056747436523,45.03185272216797,0.501105785369873,0.42864516377449036
735,ROIs2017_winter_s2_108_p792,0.12107614427804947,0.10248995572328568,18.338829040527344,49.86256408691406,0.4470407962799072,0.42717522382736206
736,ROIs2017_winter_s2_108_p793,0.03521905839443207,0.0297478586435318,29.06444549560547,26.83167266845703,0.690498948097229,0.18276703357696533
737,ROIs2017_winter_s2_108_p794,0.0322294719517231,0.027424758300185204,29.834938049316406,24.699527740478516,0.7048521041870117,0.21912407875061035
738,ROIs2017_winter_s2_108_p795,0.0303815770894289,0.02592713199555874,30.347795486450195,23.46863555908203,0.7164854407310486,0.2193697690963745
739,ROIs2017_winter_s2_108_p796,0.026883970946073532,0.02301965467631817,31.410131454467773,20.98223304748535,0.7365261316299438,0.21889683604240417
740,ROIs2017_winter_s2_108_p797,0.03185799717903137,0.026354555040597916,29.935630798339844,19.552980422973633,0.7399605512619019,0.22465582191944122
741,ROIs2017_winter_s2_108_p798,0.037335582077503204,0.02904553711414337,28.557540893554688,14.761198043823242,0.7719218134880066,0.37591809034347534
742,ROIs2017_winter_s2_108_p799,0.03467341884970665,0.024671340361237526,29.2000675201416,10.878691673278809,0.80281662940979,0.5459616184234619
743,ROIs2017_winter_s2_108_p800,0.035816729068756104,0.026292188093066216,28.918283462524414,11.364139556884766,0.8032324910163879,0.5581235289573669
744,ROIs2017_winter_s2_108_p801,0.041407741606235504,0.024180201813578606,27.658370971679688,9.384187698364258,0.8296610116958618,0.5534146428108215
745,ROIs2017_winter_s2_108_p802,0.038625556975603104,0.020089847967028618,28.26250457763672,6.284877777099609,0.8699183464050293,0.5008246898651123
746,ROIs2017_winter_s2_108_p803,0.02925005927681923,0.020957576110959053,30.677467346191406,5.912765979766846,0.8846102356910706,0.47233185172080994
747,ROIs2017_winter_s2_108_p804,0.0293719619512558,0.02135717123746872,30.641342163085938,6.691819667816162,0.8677705526351929,0.4797029197216034
748,ROIs2017_winter_s2_108_p805,0.027196809649467468,0.019551342353224754,31.309640884399414,7.507238388061523,0.8890247344970703,0.3856011927127838
749,ROIs2017_winter_s2_108_p806,0.023503603413701057,0.016499241814017296,32.57731246948242,8.204285621643066,0.9317883253097534,0.3179110288619995
750,ROIs2017_winter_s2_108_p807,0.027585521340370178,0.017560292035341263,31.18637466430664,7.7800750732421875,0.9195268750190735,0.33259397745132446
751,ROIs2017_winter_s2_108_p808,0.02677808329463005,0.016936028376221657,31.444412231445312,6.270780086517334,0.9088104963302612,0.33979395031929016
752,ROIs2017_winter_s2_108_p809,0.023691771551966667,0.016745800152420998,32.50804901123047,4.942399024963379,0.9003455638885498,0.35986632108688354
753,ROIs2017_winter_s2_108_p810,0.02496912144124508,0.017546972259879112,32.05193328857422,5.437049388885498,0.8872730731964111,0.3872137665748596
754,ROIs2017_winter_s2_108_p811,0.02600654773414135,0.018818560987710953,31.698345184326172,5.571078300476074,0.8890618085861206,0.3609587550163269
755,ROIs2017_winter_s2_108_p813,0.03594184294342995,0.029746783897280693,28.88799476623535,25.764366149902344,0.6993865966796875,0.22307197749614716
756,ROIs2017_winter_s2_108_p814,0.03483777120709419,0.029231971129775047,29.158992767333984,25.921796798706055,0.6987758874893188,0.2083350121974945
757,ROIs2017_winter_s2_108_p815,0.03534872457385063,0.029672183096408844,29.03252601623535,26.40259552001953,0.6938439011573792,0.21392321586608887
758,ROIs2017_winter_s2_108_p816,0.03623222932219505,0.03037138283252716,28.818099975585938,27.08543586730957,0.6942182779312134,0.19920065999031067
759,ROIs2017_winter_s2_108_p817,0.038228824734687805,0.03165338560938835,28.352182388305664,28.13968849182129,0.6963410377502441,0.1913260519504547
760,ROIs2017_winter_s2_108_p818,0.03311466798186302,0.028138579800724983,29.599592208862305,25.682830810546875,0.7112094163894653,0.17776110768318176
761,ROIs2017_winter_s2_108_p819,0.035935137420892715,0.030044136568903923,28.889616012573242,26.723169326782227,0.6980515718460083,0.2109324336051941
762,ROIs2017_winter_s2_108_p820,0.06513852626085281,0.05289393290877342,23.723241806030273,37.910430908203125,0.5853539705276489,0.3876263499259949
763,ROIs2017_winter_s2_108_p821,0.1083100214600563,0.09112552553415298,19.30662727355957,48.01092529296875,0.4675016701221466,0.42562422156333923
764,ROIs2017_winter_s2_108_p822,0.041622359305620193,0.03351389244198799,27.613466262817383,27.177946090698242,0.6886427402496338,0.23176376521587372
765,ROIs2017_winter_s2_108_p823,0.03872332721948624,0.03208697959780693,28.24054718017578,23.788719177246094,0.6994701623916626,0.25318947434425354
766,ROIs2017_winter_s2_108_p824,0.033997904509305954,0.028075085952878,29.370956420898438,23.883525848388672,0.7055782079696655,0.23621124029159546
767,ROIs2017_winter_s2_108_p825,0.02697201445698738,0.02310384064912796,31.381731033325195,21.19474983215332,0.7319909334182739,0.20740659534931183
768,ROIs2017_winter_s2_108_p826,0.02610590122640133,0.02241203933954239,31.66522789001465,20.29104995727539,0.7398363351821899,0.19823384284973145
769,ROIs2017_winter_s2_108_p827,0.0371146984398365,0.029500512406229973,28.60908317565918,19.053192138671875,0.7404420375823975,0.24243377149105072
770,ROIs2017_winter_s2_108_p828,0.037445317953825,0.028685731813311577,28.53204917907715,14.235784530639648,0.786208987236023,0.3819776475429535
771,ROIs2017_winter_s2_108_p829,0.03283150866627693,0.023536158725619316,29.674184799194336,9.921183586120605,0.8296828269958496,0.47577786445617676
772,ROIs2017_winter_s2_108_p830,0.04192451015114784,0.02374286763370037,27.550642013549805,8.358726501464844,0.8275300860404968,0.510055661201477
773,ROIs2017_winter_s2_108_p831,0.044616829603910446,0.025555972009897232,27.010025024414062,7.785447120666504,0.8146520853042603,0.5466323494911194
774,ROIs2017_winter_s2_108_p832,0.035820867866277695,0.024215029552578926,28.91727638244629,7.866064548492432,0.8067657947540283,0.5618805885314941
775,ROIs2017_winter_s2_108_p833,0.03565554693341255,0.024613307788968086,28.957460403442383,7.914091110229492,0.8162413835525513,0.5339800119400024
776,ROIs2017_winter_s2_108_p834,0.035401277244091034,0.025179877877235413,29.019622802734375,7.434410572052002,0.8411070704460144,0.4661068022251129
777,ROIs2017_winter_s2_108_p835,0.032027535140514374,0.023463979363441467,29.889530181884766,7.002570629119873,0.8787796497344971,0.4311544895172119
778,ROIs2017_winter_s2_108_p836,0.0300934799015522,0.02043258026242256,30.43054962158203,5.84336519241333,0.8935900926589966,0.4165189564228058
779,ROIs2017_winter_s2_108_p837,0.02887914329767227,0.019324766471982002,30.788314819335938,5.424870491027832,0.8836072683334351,0.40112125873565674
780,ROIs2017_winter_s2_108_p838,0.035660356283187866,0.024292483925819397,28.956287384033203,6.215428352355957,0.8610512018203735,0.40674200654029846
781,ROIs2017_winter_s2_108_p839,0.04583699628710747,0.030731793493032455,26.775676727294922,6.7629547119140625,0.8327510356903076,0.4467654824256897
782,ROIs2017_winter_s2_108_p840,0.06248323246836662,0.03991264849901199,24.08473014831543,7.875380039215088,0.8113324046134949,0.4551754593849182
