index,sample_id,RMSE,MAE,PSNR,SAM,SSIM,LPIPS
0,ROIs2017_winter_s2_63_p30,0.05597841739654541,0.035807885229587555,25.039588928222656,9.601007461547852,0.8092484474182129,0.5093123316764832
1,ROIs2017_winter_s2_63_p31,0.05096399784088135,0.03308439254760742,25.854732513427734,8.770090103149414,0.8365340232849121,0.48164263367652893
2,ROIs2017_winter_s2_63_p32,0.04604295268654823,0.030462410300970078,26.736736297607422,8.394577026367188,0.8458957076072693,0.47655147314071655
3,ROIs2017_winter_s2_63_p33,0.044303108006715775,0.029613472521305084,27.07131576538086,8.727920532226562,0.858065664768219,0.451866090297699
4,ROIs2017_winter_s2_63_p34,0.035600416362285614,0.024508044123649597,28.97089958190918,8.251077651977539,0.9073739051818848,0.3733903765678406
5,ROIs2017_winter_s2_63_p35,0.032900843769311905,0.022900406271219254,29.655858993530273,8.460847854614258,0.9163987636566162,0.35161292552948
6,ROIs2017_winter_s2_63_p36,0.030077587813138962,0.02104889042675495,30.43514060974121,8.465864181518555,0.9266223907470703,0.33698123693466187
7,ROIs2017_winter_s2_63_p37,0.03288627415895462,0.022483013570308685,29.65970802307129,8.099905967712402,0.9198865294456482,0.37284278869628906
8,ROIs2017_winter_s2_63_p38,0.03927759453654289,0.02614317089319229,28.117103576660156,8.428671836853027,0.8937346935272217,0.39782261848449707
9,ROIs2017_winter_s2_63_p39,0.0524558387696743,0.03462071344256401,25.604124069213867,10.756645202636719,0.8417746424674988,0.44570761919021606
10,ROIs2017_winter_s2_63_p40,0.055425044149160385,0.036591120064258575,25.12588119506836,10.969204902648926,0.8314082026481628,0.4839957356452942
11,ROIs2017_winter_s2_63_p41,0.0643082708120346,0.042276911437511444,23.83466339111328,12.7064790725708,0.8248462677001953,0.4615238308906555
12,ROIs2017_winter_s2_63_p42,0.06808977574110031,0.044557783752679825,23.338363647460938,13.324767112731934,0.8234750032424927,0.44156068563461304
13,ROIs2017_winter_s2_63_p43,0.059392187744379044,0.038116455078125,24.525415420532227,10.646100997924805,0.8335747122764587,0.43156784772872925
14,ROIs2017_winter_s2_63_p44,0.05919371172785759,0.038458168506622314,24.55449104309082,11.8956937789917,0.832003116607666,0.419793039560318
15,ROIs2017_winter_s2_63_p45,0.06101705878973007,0.03962912783026695,24.290973663330078,13.019989013671875,0.8065450191497803,0.4458838403224945
16,ROIs2017_winter_s2_63_p46,0.06197024881839752,0.03944018483161926,24.15633773803711,11.216141700744629,0.7855008840560913,0.48520469665527344
17,ROIs2017_winter_s2_63_p47,0.06113697588443756,0.03829960152506828,24.2739200592041,10.83183765411377,0.7943599820137024,0.48836347460746765
18,ROIs2017_winter_s2_63_p48,0.059707798063755035,0.0381670705974102,24.479379653930664,11.866964340209961,0.8152689337730408,0.4841594696044922
19,ROIs2017_winter_s2_63_p49,0.06114475429058075,0.039899613708257675,24.27281951904297,14.29083251953125,0.829581618309021,0.4494974613189697
20,ROIs2017_winter_s2_63_p50,0.05378032103180885,0.036493152379989624,25.38753318786621,13.042120933532715,0.8323549628257751,0.4352339208126068
21,ROIs2017_winter_s2_63_p51,0.06194710358977318,0.04043255373835564,24.15958023071289,12.441186904907227,0.8043195009231567,0.47157421708106995
22,ROIs2017_winter_s2_63_p52,0.06172187998890877,0.03912975266575813,24.19121742248535,11.420855522155762,0.8060861229896545,0.48758384585380554
23,ROIs2017_winter_s2_63_p53,0.05949203297495842,0.03828725963830948,24.510822296142578,11.426570892333984,0.8074620366096497,0.48867589235305786
24,ROIs2017_winter_s2_63_p54,0.06047298386693001,0.039280571043491364,24.368772506713867,11.813392639160156,0.7941876649856567,0.4927798807621002
25,ROIs2017_winter_s2_63_p55,0.0682264044880867,0.04524696618318558,23.320951461791992,13.503986358642578,0.7778013348579407,0.48496514558792114
26,ROIs2017_winter_s2_63_p56,0.07446408271789551,0.049975283443927765,22.561063766479492,15.270498275756836,0.7731389999389648,0.46783483028411865
27,ROIs2017_winter_s2_63_p57,0.06767414510250092,0.04538261890411377,23.391544342041016,14.538408279418945,0.7801581621170044,0.46964362263679504
28,ROIs2017_winter_s2_63_p59,0.05552927777171135,0.035991355776786804,25.109560012817383,9.866580963134766,0.8038430213928223,0.5226820707321167
29,ROIs2017_winter_s2_63_p60,0.05229649692773819,0.03387454152107239,25.63054847717285,9.349950790405273,0.8344544172286987,0.48124802112579346
30,ROIs2017_winter_s2_63_p61,0.04335642233490944,0.028433775529265404,27.25893211364746,8.576220512390137,0.853325605392456,0.4934624433517456
31,ROIs2017_winter_s2_63_p62,0.04798710718750954,0.03157920017838478,26.37750816345215,9.858793258666992,0.8505135178565979,0.48297253251075745
32,ROIs2017_winter_s2_63_p63,0.04986092075705528,0.03277302160859108,26.044795989990234,10.644610404968262,0.8739398717880249,0.39976808428764343
33,ROIs2017_winter_s2_63_p64,0.03287188708782196,0.022811509668827057,29.66350746154785,8.39242172241211,0.9147803783416748,0.364982008934021
34,ROIs2017_winter_s2_63_p65,0.036808162927627563,0.024873292073607445,28.681116104125977,8.405848503112793,0.9052243828773499,0.38172438740730286
35,ROIs2017_winter_s2_63_p66,0.041012804955244064,0.02745172567665577,27.74161148071289,8.524510383605957,0.8948440551757812,0.3885806202888489
36,ROIs2017_winter_s2_63_p67,0.04159164801239967,0.027934977784752846,27.619876861572266,9.329737663269043,0.8850525617599487,0.3799574375152588
37,ROIs2017_winter_s2_63_p68,0.051157135516405106,0.03367679938673973,25.821874618530273,10.330669403076172,0.8547040224075317,0.4228154718875885
38,ROIs2017_winter_s2_63_p69,0.0563376359641552,0.03697506710886955,24.984027862548828,11.26705551147461,0.8469583988189697,0.44537118077278137
39,ROIs2017_winter_s2_63_p70,0.062481410801410675,0.040655460208654404,24.084985733032227,12.608575820922852,0.8496148586273193,0.4122549295425415
40,ROIs2017_winter_s2_63_p71,0.06054672598838806,0.038699522614479065,24.358186721801758,10.292375564575195,0.8472608327865601,0.43044114112854004
41,ROIs2017_winter_s2_63_p72,0.05864069238305092,0.036955177783966064,24.636018753051758,9.610095977783203,0.8407845497131348,0.4565103054046631
42,ROIs2017_winter_s2_63_p73,0.06130848452448845,0.040028128772974014,24.249589920043945,12.01505184173584,0.8218586444854736,0.4489619731903076
43,ROIs2017_winter_s2_63_p74,0.0642232671380043,0.040805425494909286,23.84615135192871,12.891861915588379,0.7983869910240173,0.45646169781684875
44,ROIs2017_winter_s2_63_p75,0.06408508867025375,0.04042598232626915,23.86486053466797,11.52830696105957,0.7834329605102539,0.48895132541656494
45,ROIs2017_winter_s2_63_p76,0.056716907769441605,0.03653750568628311,24.925748825073242,10.854310035705566,0.796352744102478,0.4793153405189514
46,ROIs2017_winter_s2_63_p77,0.05664273723959923,0.03633755072951317,24.937114715576172,12.056159019470215,0.815754771232605,0.4717947542667389
47,ROIs2017_winter_s2_63_p78,0.058713648468256,0.038067687302827835,24.62521743774414,13.314101219177246,0.8288973569869995,0.44527456164360046
48,ROIs2017_winter_s2_63_p79,0.0625138208270073,0.040099479258060455,24.080482482910156,12.922041893005371,0.8143539428710938,0.47493526339530945
49,ROIs2017_winter_s2_63_p80,0.06468310952186584,0.04032313451170921,23.784183502197266,11.456154823303223,0.7954292893409729,0.4901493489742279
50,ROIs2017_winter_s2_63_p81,0.06400109827518463,0.04030173644423485,23.876251220703125,11.177321434020996,0.7882333397865295,0.4942864775657654
51,ROIs2017_winter_s2_63_p82,0.06205373629927635,0.04024228826165199,24.144641876220703,11.327075958251953,0.7866307497024536,0.49195602536201477
52,ROIs2017_winter_s2_63_p83,0.0639437735080719,0.04199100658297539,23.884033203125,11.694746971130371,0.7813094258308411,0.49700456857681274
53,ROIs2017_winter_s2_63_p84,0.062224987894296646,0.040256600826978683,24.120704650878906,11.533905982971191,0.7852844595909119,0.49577564001083374
54,ROIs2017_winter_s2_63_p85,0.06234636902809143,0.03940211981534958,24.103776931762695,11.89021110534668,0.7914323806762695,0.4679547846317291
55,ROIs2017_winter_s2_63_p86,0.061857543885707855,0.03951939940452576,24.172149658203125,12.57649040222168,0.7953940629959106,0.466629296541214
56,ROIs2017_winter_s2_63_p88,0.051709163933992386,0.03380914404988289,25.728649139404297,11.32686710357666,0.8039448261260986,0.5139803886413574
57,ROIs2017_winter_s2_63_p89,0.05077415332198143,0.03291253373026848,25.887147903442383,10.531259536743164,0.8389896154403687,0.472639262676239
58,ROIs2017_winter_s2_63_p90,0.04531540721654892,0.029536588117480278,26.875080108642578,8.943822860717773,0.8616121411323547,0.4634900987148285
59,ROIs2017_winter_s2_63_p91,0.05336427316069603,0.03447931632399559,25.454988479614258,10.756964683532715,0.8455899953842163,0.4682302474975586
60,ROIs2017_winter_s2_63_p92,0.0551435723900795,0.03560766205191612,25.170101165771484,11.947311401367188,0.8566814064979553,0.41895121335983276
61,ROIs2017_winter_s2_63_p93,0.03428227826952934,0.023525839671492577,29.298608779907227,8.523517608642578,0.9137101173400879,0.3750278651714325
62,ROIs2017_winter_s2_63_p94,0.043547336012125015,0.02852826938033104,27.220767974853516,8.907726287841797,0.8896027207374573,0.38808271288871765
63,ROIs2017_winter_s2_63_p95,0.05012255907058716,0.0323166660964489,25.99933433532715,9.552962303161621,0.8611301183700562,0.41017574071884155
64,ROIs2017_winter_s2_63_p96,0.05176597461104393,0.03378802910447121,25.7191104888916,10.719525337219238,0.8558099269866943,0.4054202139377594
65,ROIs2017_winter_s2_63_p97,0.05587589368224144,0.03632437065243721,25.05550765991211,11.471414566040039,0.8304396867752075,0.4689444899559021
66,ROIs2017_winter_s2_63_p98,0.06259226053953171,0.0400967076420784,24.06958770751953,12.969314575195312,0.8177483081817627,0.4617244601249695
67,ROIs2017_winter_s2_63_p99,0.062491726130247116,0.0401054285466671,24.08354949951172,12.791377067565918,0.8362264037132263,0.4133378267288208
68,ROIs2017_winter_s2_63_p100,0.058127813041210175,0.03715763986110687,24.712322235107422,11.075113296508789,0.8400195837020874,0.440986305475235
69,ROIs2017_winter_s2_63_p101,0.0611361488699913,0.03944958373904228,24.27404022216797,12.066899299621582,0.8195472955703735,0.467563271522522
70,ROIs2017_winter_s2_63_p102,0.059341609477996826,0.03856128454208374,24.532814025878906,12.72520637512207,0.8083476424217224,0.4727467894554138
71,ROIs2017_winter_s2_63_p103,0.0597781240940094,0.037394795566797256,24.46915626525879,12.26662540435791,0.802760124206543,0.47860080003738403
72,ROIs2017_winter_s2_63_p104,0.058114077895879745,0.03657368943095207,24.714374542236328,11.444890022277832,0.8064048886299133,0.501024067401886
73,ROIs2017_winter_s2_63_p105,0.05645691230893135,0.0369560606777668,24.96565818786621,11.545831680297852,0.8009545803070068,0.48397088050842285
74,ROIs2017_winter_s2_63_p106,0.0630001574754715,0.040647029876708984,24.013168334960938,13.559890747070312,0.8037799596786499,0.4624573886394501
75,ROIs2017_winter_s2_63_p107,0.06165817007422447,0.03986993804574013,24.20018768310547,13.127724647521973,0.8239157795906067,0.45454704761505127
76,ROIs2017_winter_s2_63_p108,0.06076793000102043,0.03903445228934288,24.32651138305664,11.956995010375977,0.8179731369018555,0.4656967222690582
77,ROIs2017_winter_s2_63_p109,0.0614798478782177,0.0392032228410244,24.225345611572266,11.5563383102417,0.8010731935501099,0.46458566188812256
78,ROIs2017_winter_s2_63_p110,0.05833350121974945,0.03842921555042267,24.681640625,11.018091201782227,0.7950736284255981,0.496444433927536
79,ROIs2017_winter_s2_63_p111,0.05777199566364288,0.038646433502435684,24.765653610229492,11.2406005859375,0.7967623472213745,0.5125483870506287
80,ROIs2017_winter_s2_63_p112,0.061605311930179596,0.04057616740465164,24.207637786865234,12.141243934631348,0.7941043972969055,0.49230968952178955
81,ROIs2017_winter_s2_63_p113,0.06017718091607094,0.03937400132417679,24.41136360168457,12.229036331176758,0.7994016408920288,0.4774463474750519
82,ROIs2017_winter_s2_63_p114,0.05751705542206764,0.036647193133831024,24.804067611694336,11.708990097045898,0.8074577450752258,0.457020103931427
83,ROIs2017_winter_s2_63_p115,0.06010471284389496,0.0376855693757534,24.421829223632812,11.860330581665039,0.8022864460945129,0.475891649723053
84,ROIs2017_winter_s2_63_p117,0.04668259620666504,0.03001878410577774,26.616899490356445,10.559240341186523,0.823165774345398,0.5001917481422424
85,ROIs2017_winter_s2_63_p118,0.05204570293426514,0.033250171691179276,25.672304153442383,11.211353302001953,0.8335427641868591,0.46393585205078125
86,ROIs2017_winter_s2_63_p119,0.053230803459882736,0.03490801900625229,25.476741790771484,11.080376625061035,0.8315731287002563,0.4631180465221405
87,ROIs2017_winter_s2_63_p120,0.0571829155087471,0.03791523724794388,24.854677200317383,12.190231323242188,0.8201606869697571,0.45342376828193665
88,ROIs2017_winter_s2_63_p121,0.0588846355676651,0.03858659043908119,24.599960327148438,13.538107872009277,0.8243963718414307,0.4185624420642853
89,ROIs2017_winter_s2_63_p122,0.04246747866272926,0.028900228440761566,27.43886947631836,10.97297191619873,0.8798123598098755,0.38238704204559326
90,ROIs2017_winter_s2_63_p123,0.048123445361852646,0.03175865486264229,26.352867126464844,10.915731430053711,0.8763440847396851,0.3903137743473053
91,ROIs2017_winter_s2_63_p124,0.054498475044965744,0.03548255190253258,25.272314071655273,11.275385856628418,0.8507320880889893,0.41023626923561096
92,ROIs2017_winter_s2_63_p125,0.05342135578393936,0.03515728935599327,25.445701599121094,11.452898025512695,0.8532865643501282,0.40069371461868286
93,ROIs2017_winter_s2_63_p126,0.06182262301445007,0.03976606950163841,24.177053451538086,13.580958366394043,0.8189859390258789,0.45340481400489807
94,ROIs2017_winter_s2_63_p127,0.06744298338890076,0.04293043911457062,23.4212646484375,14.573891639709473,0.7959023714065552,0.4569380581378937
95,ROIs2017_winter_s2_63_p128,0.06541997194290161,0.04178557172417641,23.685794830322266,13.939864158630371,0.8039670586585999,0.4222428500652313
96,ROIs2017_winter_s2_63_p129,0.060392286628484726,0.039156049489974976,24.38037109375,13.369179725646973,0.813430666923523,0.42987361550331116
97,ROIs2017_winter_s2_63_p130,0.06304338574409485,0.04117095470428467,24.00720977783203,13.931396484375,0.801925778388977,0.4623417556285858
98,ROIs2017_winter_s2_63_p131,0.06309090554714203,0.04109553247690201,24.00066375732422,12.672906875610352,0.7914248108863831,0.47934114933013916
99,ROIs2017_winter_s2_63_p132,0.05826200917363167,0.03756963461637497,24.692291259765625,11.734975814819336,0.7948723435401917,0.49640151858329773
100,ROIs2017_winter_s2_63_p133,0.0570221021771431,0.03720443695783615,24.879135131835938,12.479511260986328,0.799006462097168,0.4811908006668091
101,ROIs2017_winter_s2_63_p134,0.06320952624082565,0.04111731797456741,23.984352111816406,13.510273933410645,0.7901195287704468,0.4596850574016571
102,ROIs2017_winter_s2_63_p135,0.05950068309903145,0.039094701409339905,24.509563446044922,12.779621124267578,0.8077181577682495,0.43892309069633484
103,ROIs2017_winter_s2_63_p136,0.052731506526470184,0.034893929958343506,25.558595657348633,11.712114334106445,0.8424993753433228,0.42377597093582153
104,ROIs2017_winter_s2_63_p137,0.05524027347564697,0.036373503506183624,25.154884338378906,12.114205360412598,0.8460497260093689,0.44071441888809204
105,ROIs2017_winter_s2_63_p138,0.05720853805541992,0.03767026960849762,24.850784301757812,12.111144065856934,0.8221503496170044,0.4704076945781708
106,ROIs2017_winter_s2_63_p139,0.052898310124874115,0.035903967916965485,25.531166076660156,11.011561393737793,0.8181357979774475,0.5034756064414978
107,ROIs2017_winter_s2_63_p140,0.05485718697309494,0.03639565780758858,25.215330123901367,11.546378135681152,0.8200953006744385,0.5162995457649231
108,ROIs2017_winter_s2_63_p141,0.0599045567214489,0.03961838409304619,24.450801849365234,12.887639999389648,0.8068934082984924,0.4928452968597412
109,ROIs2017_winter_s2_63_p142,0.05795425921678543,0.03808968514204025,24.738292694091797,12.686286926269531,0.8073554039001465,0.4607665538787842
110,ROIs2017_winter_s2_63_p143,0.05363977327942848,0.03456372395157814,25.410261154174805,11.219727516174316,0.8092893362045288,0.4674631357192993
111,ROIs2017_winter_s2_63_p144,0.05565173923969269,0.035350631922483444,25.09042739868164,10.937713623046875,0.8042005300521851,0.47576704621315
112,ROIs2017_winter_s2_63_p146,0.0393122173845768,0.026233412325382233,28.109451293945312,8.910837173461914,0.837821900844574,0.512108325958252
113,ROIs2017_winter_s2_63_p147,0.04940279945731163,0.03206806629896164,26.124969482421875,10.061946868896484,0.8336358070373535,0.4919210970401764
114,ROIs2017_winter_s2_63_p148,0.0573369525372982,0.03930780291557312,24.831310272216797,11.734722137451172,0.8112457990646362,0.4992517828941345
115,ROIs2017_winter_s2_63_p149,0.06043727323412895,0.04139384254813194,24.373903274536133,12.723583221435547,0.7975539565086365,0.49112045764923096
116,ROIs2017_winter_s2_63_p150,0.06176477670669556,0.04154722020030022,24.185182571411133,13.438798904418945,0.7938576340675354,0.4580029249191284
117,ROIs2017_winter_s2_63_p151,0.058826468884944916,0.039343349635601044,24.608545303344727,13.680360794067383,0.8210391998291016,0.41767650842666626
118,ROIs2017_winter_s2_63_p152,0.054217733442783356,0.036034971475601196,25.31717300415039,12.664649963378906,0.8493918180465698,0.4168417453765869
119,ROIs2017_winter_s2_63_p153,0.05576672405004501,0.03696102276444435,25.072498321533203,12.339570999145508,0.8340515494346619,0.4256523847579956
120,ROIs2017_winter_s2_63_p154,0.0562579445540905,0.037316981703042984,24.996322631835938,11.90402603149414,0.842713475227356,0.41358232498168945
121,ROIs2017_winter_s2_63_p155,0.06622633337974548,0.04264424741268158,23.57938575744629,14.325289726257324,0.8276312947273254,0.40535101294517517
122,ROIs2017_winter_s2_63_p156,0.07084960490465164,0.045491211116313934,22.99325180053711,15.305899620056152,0.815201997756958,0.4029693007469177
123,ROIs2017_winter_s2_63_p157,0.06616922467947006,0.04302012920379639,23.586881637573242,14.26829719543457,0.8170324563980103,0.40386104583740234
124,ROIs2017_winter_s2_63_p158,0.06417740136384964,0.04215875640511513,23.852357864379883,14.56428337097168,0.8164530396461487,0.4190996289253235
125,ROIs2017_winter_s2_63_p159,0.06822261214256287,0.044851675629615784,23.321434020996094,14.894876480102539,0.8132579326629639,0.4587392210960388
126,ROIs2017_winter_s2_63_p160,0.06622328609228134,0.04365008696913719,23.57978630065918,12.864977836608887,0.8049218654632568,0.4838629364967346
127,ROIs2017_winter_s2_63_p161,0.06222067400813103,0.042058177292346954,24.121305465698242,11.89501667022705,0.7885825634002686,0.5003924369812012
128,ROIs2017_winter_s2_63_p162,0.06491385400295258,0.04256865009665489,23.753252029418945,13.534421920776367,0.78877192735672,0.4743119776248932
129,ROIs2017_winter_s2_63_p163,0.06095759570598602,0.040050964802503586,24.29944610595703,13.30837631225586,0.8067452311515808,0.4544103741645813
130,ROIs2017_winter_s2_63_p164,0.048968732357025146,0.033425718545913696,26.201622009277344,10.921306610107422,0.8251041769981384,0.4568574130535126
131,ROIs2017_winter_s2_63_p165,0.0454525500535965,0.031039239838719368,26.848834991455078,10.477502822875977,0.8365672826766968,0.44994330406188965
132,ROIs2017_winter_s2_63_p166,0.0462728813290596,0.031060703098773956,26.693470001220703,11.068473815917969,0.845137357711792,0.4512738287448883
133,ROIs2017_winter_s2_63_p167,0.05312297120690346,0.03517760708928108,25.494354248046875,12.197341918945312,0.8365854024887085,0.4662056267261505
134,ROIs2017_winter_s2_63_p168,0.05679553374648094,0.03775874897837639,24.913715362548828,13.091983795166016,0.8361013531684875,0.4601132869720459
135,ROIs2017_winter_s2_63_p169,0.05761143937706947,0.03801116347312927,24.789827346801758,12.729055404663086,0.827745795249939,0.47034043073654175
136,ROIs2017_winter_s2_63_p170,0.05726394057273865,0.037582531571388245,24.842376708984375,12.244317054748535,0.823343813419342,0.45892971754074097
137,ROIs2017_winter_s2_63_p171,0.053044091910123825,0.03468566760420799,25.507261276245117,11.415853500366211,0.8348721265792847,0.4437302052974701
138,ROIs2017_winter_s2_63_p172,0.0515127032995224,0.033686451613903046,25.761714935302734,10.523691177368164,0.8198451995849609,0.4730108380317688
139,ROIs2017_winter_s2_63_p173,0.0572543703019619,0.03687437251210213,24.843828201293945,11.24392032623291,0.7975432872772217,0.47953614592552185
140,ROIs2017_winter_s2_63_p175,0.045694492757320404,0.030527735128998756,26.802722930908203,9.655579566955566,0.8102266788482666,0.5401955246925354
141,ROIs2017_winter_s2_63_p176,0.048635195940732956,0.03331897407770157,26.260988235473633,9.334359169006348,0.8253875970840454,0.5196517109870911
142,ROIs2017_winter_s2_63_p177,0.05274263769388199,0.03684926778078079,25.556764602661133,10.300539016723633,0.8136831521987915,0.5256659388542175
143,ROIs2017_winter_s2_63_p178,0.05743248015642166,0.038338977843523026,24.816848754882812,10.934477806091309,0.7987561225891113,0.5130385160446167
144,ROIs2017_winter_s2_63_p179,0.06069035828113556,0.03988721966743469,24.33760643005371,10.999022483825684,0.7916020154953003,0.521403431892395
145,ROIs2017_winter_s2_63_p180,0.06288128346204758,0.04103250801563263,24.029571533203125,12.985269546508789,0.811619758605957,0.4914013743400574
146,ROIs2017_winter_s2_63_p181,0.057292062789201736,0.03805050998926163,24.838111877441406,12.316947937011719,0.8385882377624512,0.44802233576774597
147,ROIs2017_winter_s2_63_p182,0.06163312867283821,0.040185995399951935,24.203716278076172,12.631195068359375,0.8146240711212158,0.46890509128570557
148,ROIs2017_winter_s2_63_p183,0.060625676065683365,0.03917348384857178,24.34686851501465,11.716711044311523,0.8190862536430359,0.4640130400657654
149,ROIs2017_winter_s2_63_p184,0.054017432034015656,0.03521853685379028,25.349321365356445,11.300670623779297,0.8555573225021362,0.38660353422164917
150,ROIs2017_winter_s2_63_p185,0.05188222602009773,0.0342855341732502,25.699630737304688,12.247051239013672,0.8795123100280762,0.32443132996559143
151,ROIs2017_winter_s2_63_p186,0.049887899309396744,0.03332359716296196,26.040096282958984,11.903864860534668,0.8738293051719666,0.3579184412956238
152,ROIs2017_winter_s2_63_p187,0.050817009061574936,0.034115999937057495,25.879819869995117,11.72838020324707,0.8509854078292847,0.412609338760376
153,ROIs2017_winter_s2_63_p188,0.05699055641889572,0.038231030106544495,24.883941650390625,11.934383392333984,0.8304639458656311,0.44176846742630005
154,ROIs2017_winter_s2_63_p189,0.06086195260286331,0.04005822166800499,24.31308364868164,12.577581405639648,0.8261420130729675,0.46259674429893494
155,ROIs2017_winter_s2_63_p190,0.06049515679478645,0.0396873876452446,24.365589141845703,12.47645092010498,0.8129933476448059,0.4781659245491028
156,ROIs2017_winter_s2_63_p191,0.0600651316344738,0.03962702304124832,24.42755126953125,12.996944427490234,0.8070104122161865,0.46504008769989014
157,ROIs2017_winter_s2_63_p192,0.04766151309013367,0.03304942324757576,26.436643600463867,11.118432998657227,0.8295762538909912,0.46741825342178345
158,ROIs2017_winter_s2_63_p193,0.04564788565039635,0.031715717166662216,26.811588287353516,10.142333984375,0.8311499357223511,0.4847392439842224
159,ROIs2017_winter_s2_63_p194,0.048215191811323166,0.03250911086797714,26.336322784423828,10.189203262329102,0.816664457321167,0.4839933514595032
160,ROIs2017_winter_s2_63_p195,0.04993642866611481,0.03244398161768913,26.03165054321289,10.722555160522461,0.81209796667099,0.48576247692108154
161,ROIs2017_winter_s2_63_p196,0.053219426423311234,0.03473557531833649,25.478595733642578,12.23605728149414,0.8298597931861877,0.45822209119796753
162,ROIs2017_winter_s2_63_p197,0.05876491218805313,0.038974691182374954,24.617637634277344,13.638508796691895,0.8361156582832336,0.4345112442970276
163,ROIs2017_winter_s2_63_p198,0.058731809258461,0.038727737963199615,24.622533798217773,13.15764331817627,0.8273286819458008,0.4480106234550476
164,ROIs2017_winter_s2_63_p199,0.05642618611454964,0.03720952570438385,24.970386505126953,12.599337577819824,0.8338860869407654,0.43247663974761963
165,ROIs2017_winter_s2_63_p200,0.04926205053925514,0.032914597541093826,26.149751663208008,11.543701171875,0.8676533102989197,0.39241713285446167
166,ROIs2017_winter_s2_63_p201,0.05554544925689697,0.036390520632267,25.107030868530273,12.366900444030762,0.8483097553253174,0.41193047165870667
167,ROIs2017_winter_s2_63_p202,0.06061235070228577,0.03941366821527481,24.34877586364746,12.704351425170898,0.8106406927108765,0.4556579887866974
168,ROIs2017_winter_s2_63_p204,0.04816482588648796,0.03231050446629524,26.345401763916016,10.06263542175293,0.8044496178627014,0.5477588772773743
169,ROIs2017_winter_s2_63_p205,0.051065098494291306,0.034354597330093384,25.83751678466797,10.319063186645508,0.8054500222206116,0.5377475619316101
170,ROIs2017_winter_s2_63_p206,0.05148584023118019,0.03426001965999603,25.76624298095703,9.881028175354004,0.8001470565795898,0.5385409593582153
171,ROIs2017_winter_s2_63_p207,0.05602596327662468,0.03656112030148506,25.032215118408203,10.083246231079102,0.7950963973999023,0.5468032360076904
172,ROIs2017_winter_s2_63_p208,0.06005498766899109,0.039051689207553864,24.429018020629883,10.645523071289062,0.7946356534957886,0.5345540046691895
173,ROIs2017_winter_s2_63_p209,0.055814847350120544,0.036026451736688614,25.065006256103516,10.667707443237305,0.8181356191635132,0.49726009368896484
174,ROIs2017_winter_s2_63_p210,0.04973474517464638,0.032651446759700775,26.066801071166992,10.19701099395752,0.846450924873352,0.4496220648288727
175,ROIs2017_winter_s2_63_p211,0.054431237280368805,0.03523095324635506,25.283035278320312,10.904251098632812,0.83124840259552,0.47028857469558716
176,ROIs2017_winter_s2_63_p212,0.05528629198670387,0.0358252227306366,25.14764976501465,10.425013542175293,0.8282098174095154,0.468018114566803
177,ROIs2017_winter_s2_63_p213,0.0505598708987236,0.0330146886408329,25.92388153076172,10.404179573059082,0.8640273809432983,0.38530975580215454
178,ROIs2017_winter_s2_63_p214,0.045508138835430145,0.03024294413626194,26.838218688964844,11.071307182312012,0.8909507989883423,0.3387153446674347
179,ROIs2017_winter_s2_63_p215,0.0533522367477417,0.03507141023874283,25.456947326660156,11.377963066101074,0.8438488841056824,0.4377669095993042
180,ROIs2017_winter_s2_63_p216,0.053813472390174866,0.03563123196363449,25.382179260253906,10.73586654663086,0.825463593006134,0.47222378849983215
181,ROIs2017_winter_s2_63_p217,0.056879300624132156,0.0367363803088665,24.900915145874023,10.373724937438965,0.821021318435669,0.4680047929286957
182,ROIs2017_winter_s2_63_p218,0.058942679315805435,0.038079168647527695,24.59140396118164,11.33450698852539,0.8211046457290649,0.48054924607276917
183,ROIs2017_winter_s2_63_p219,0.058829400688409805,0.03875640034675598,24.608112335205078,12.310413360595703,0.8124674558639526,0.47049158811569214
184,ROIs2017_winter_s2_63_p220,0.05906588211655617,0.039194829761981964,24.573266983032227,12.710439682006836,0.8066378235816956,0.4775823950767517
185,ROIs2017_winter_s2_63_p221,0.05415135994553566,0.036203574389219284,25.32781410217285,11.847859382629395,0.8169686794281006,0.4836406707763672
186,ROIs2017_winter_s2_63_p222,0.05002600699663162,0.03366899862885475,26.016084671020508,10.51607894897461,0.8187943696975708,0.4980602264404297
187,ROIs2017_winter_s2_63_p223,0.05048647150397301,0.0338250957429409,25.936500549316406,10.521833419799805,0.8074377179145813,0.49769556522369385
188,ROIs2017_winter_s2_63_p224,0.050777554512023926,0.03355662152171135,25.886564254760742,10.76744270324707,0.8109930157661438,0.48792028427124023
189,ROIs2017_winter_s2_63_p225,0.057169560343027115,0.03683058172464371,24.85670280456543,12.265179634094238,0.8249897956848145,0.45580968260765076
190,ROIs2017_winter_s2_63_p226,0.05994785949587822,0.0394151471555233,24.44452476501465,13.019887924194336,0.8356983661651611,0.435972660779953
191,ROIs2017_winter_s2_63_p227,0.05790935456752777,0.038223858922719955,24.745027542114258,12.901366233825684,0.839401364326477,0.4357101321220398
192,ROIs2017_winter_s2_63_p228,0.051735490560531616,0.034842800348997116,25.72422981262207,11.686546325683594,0.8528691530227661,0.4253627061843872
193,ROIs2017_winter_s2_63_p229,0.04683992266654968,0.032024577260017395,26.587677001953125,11.061643600463867,0.8677698969841003,0.40360015630722046
194,ROIs2017_winter_s2_63_p230,0.04809224233031273,0.03224167972803116,26.35849952697754,11.153621673583984,0.8686860799789429,0.37902337312698364
195,ROIs2017_winter_s2_63_p231,0.06036677584052086,0.039302535355091095,24.38404083251953,12.488561630249023,0.818740963935852,0.45467570424079895
196,ROIs2017_winter_s2_63_p233,0.050024572759866714,0.03360684961080551,26.016332626342773,10.356785774230957,0.8075826168060303,0.54018235206604
197,ROIs2017_winter_s2_63_p234,0.0548354908823967,0.03735458478331566,25.218765258789062,10.90400505065918,0.8056950569152832,0.5322005748748779
198,ROIs2017_winter_s2_63_p235,0.05710172280669212,0.038568802177906036,24.86701774597168,10.742483139038086,0.7963200807571411,0.5295883417129517
199,ROIs2017_winter_s2_63_p236,0.057712018489837646,0.03872312605381012,24.774675369262695,10.767989158630371,0.7865511178970337,0.5403017997741699
200,ROIs2017_winter_s2_63_p237,0.05812515690922737,0.038787320256233215,24.712717056274414,10.897125244140625,0.7982975244522095,0.5250808000564575
201,ROIs2017_winter_s2_63_p238,0.05479096248745918,0.035215504467487335,25.225820541381836,10.07240104675293,0.818884015083313,0.49393343925476074
202,ROIs2017_winter_s2_63_p239,0.04823724925518036,0.031062420457601547,26.33234977722168,9.413614273071289,0.8360898494720459,0.4800841808319092
203,ROIs2017_winter_s2_63_p240,0.047275520861148834,0.030816400423645973,26.507272720336914,9.411711692810059,0.846542239189148,0.46594369411468506
204,ROIs2017_winter_s2_63_p241,0.04842877760529518,0.0312405563890934,26.297931671142578,9.02966022491455,0.8569422364234924,0.4386902153491974
205,ROIs2017_winter_s2_63_p242,0.04345729202032089,0.028361046686768532,27.238746643066406,8.92835807800293,0.8882085084915161,0.38264787197113037
206,ROIs2017_winter_s2_63_p243,0.03711346164345741,0.025145400315523148,28.609371185302734,9.107616424560547,0.9055583477020264,0.3486078083515167
207,ROIs2017_winter_s2_63_p244,0.05021391808986664,0.03331349417567253,25.983516693115234,10.329936027526855,0.8471387028694153,0.45310330390930176
208,ROIs2017_winter_s2_63_p245,0.054996591061353683,0.03655252605676651,25.193286895751953,10.739729881286621,0.824914276599884,0.4944078028202057
209,ROIs2017_winter_s2_63_p246,0.056737251579761505,0.03617722913622856,24.92263412475586,10.47883415222168,0.8247871398925781,0.48496896028518677
210,ROIs2017_winter_s2_63_p247,0.05536937713623047,0.035104505717754364,25.134605407714844,10.439678192138672,0.8233634829521179,0.49633902311325073
211,ROIs2017_winter_s2_63_p248,0.05690482258796692,0.03759065642952919,24.89702033996582,11.50305461883545,0.8061918020248413,0.48388606309890747
212,ROIs2017_winter_s2_63_p249,0.05869561806321144,0.04008699953556061,24.627885818481445,12.19849967956543,0.7969262599945068,0.4779284596443176
213,ROIs2017_winter_s2_63_p250,0.053644005209207535,0.03643929585814476,25.409576416015625,11.491499900817871,0.8096847534179688,0.47867172956466675
214,ROIs2017_winter_s2_63_p251,0.05140809342265129,0.03475186973810196,25.77937126159668,10.529801368713379,0.8125907182693481,0.48554542660713196
215,ROIs2017_winter_s2_63_p252,0.05440512299537659,0.03679678961634636,25.287206649780273,11.118534088134766,0.7953697443008423,0.4968140721321106
216,ROIs2017_winter_s2_63_p253,0.05438865348696709,0.036655958741903305,25.289836883544922,11.190997123718262,0.8071045279502869,0.4858887791633606
217,ROIs2017_winter_s2_63_p254,0.054994191974401474,0.03636391460895538,25.19366455078125,11.827598571777344,0.8269592523574829,0.46649372577667236
218,ROIs2017_winter_s2_63_p255,0.052261240780353546,0.035851944237947464,25.63640785217285,11.821769714355469,0.8341594338417053,0.4513983726501465
219,ROIs2017_winter_s2_63_p256,0.0435173474252224,0.03038923814892769,27.22675323486328,11.1846342086792,0.8554028868675232,0.44100552797317505
220,ROIs2017_winter_s2_63_p257,0.041712913662195206,0.02919936366379261,27.594589233398438,10.700268745422363,0.8642098903656006,0.4355463981628418
221,ROIs2017_winter_s2_63_p258,0.048548415303230286,0.033034034073352814,26.276500701904297,10.37565803527832,0.8496114015579224,0.4424284100532532
222,ROIs2017_winter_s2_63_p259,0.049100037664175034,0.032532114535570145,26.178363800048828,9.654024124145508,0.8512438535690308,0.4394160509109497
223,ROIs2017_winter_s2_63_p260,0.055670805275440216,0.03611469641327858,25.087451934814453,11.505014419555664,0.8361757397651672,0.4429595470428467
224,ROIs2017_winter_s2_63_p262,0.04888726398348808,0.03306179493665695,26.21608543395996,10.265499114990234,0.8011119365692139,0.5535242557525635
225,ROIs2017_winter_s2_63_p263,0.05025403946638107,0.034078799188137054,25.976579666137695,10.03435230255127,0.8184766173362732,0.5371918082237244
226,ROIs2017_winter_s2_63_p264,0.05222870409488678,0.03482929989695549,25.641815185546875,10.046393394470215,0.8253108263015747,0.508641242980957
227,ROIs2017_winter_s2_63_p265,0.05576295033097267,0.03690549358725548,25.07308578491211,10.402085304260254,0.8044565320014954,0.5072603225708008
228,ROIs2017_winter_s2_63_p266,0.0602661669254303,0.039962563663721085,24.398527145385742,11.108991622924805,0.7973686456680298,0.4995872676372528
229,ROIs2017_winter_s2_63_p267,0.05987418815493584,0.039416082203388214,24.45520782470703,10.901810646057129,0.8065406680107117,0.5034669637680054
230,ROIs2017_winter_s2_63_p268,0.053965020924806595,0.03503641486167908,25.35775375366211,9.92075252532959,0.8213352560997009,0.5130643844604492
231,ROIs2017_winter_s2_63_p269,0.05141975358128548,0.033205028623342514,25.777400970458984,9.834681510925293,0.8356269001960754,0.48592203855514526
232,ROIs2017_winter_s2_63_p270,0.04868360981345177,0.03147933632135391,26.252344131469727,9.653454780578613,0.8552611470222473,0.44800856709480286
233,ROIs2017_winter_s2_63_p271,0.04463287442922592,0.0294394139200449,27.00690269470215,9.860952377319336,0.8686535954475403,0.4262026846408844
234,ROIs2017_winter_s2_63_p272,0.04767579585313797,0.03045523725450039,26.434040069580078,9.725543975830078,0.8680202960968018,0.42096468806266785
235,ROIs2017_winter_s2_63_p273,0.05229617655277252,0.03398401290178299,25.630603790283203,9.741899490356445,0.8443844318389893,0.46424853801727295
236,ROIs2017_winter_s2_63_p274,0.048560887575149536,0.03289354592561722,26.274269104003906,9.700617790222168,0.8409278988838196,0.4816651940345764
237,ROIs2017_winter_s2_63_p275,0.04862077906727791,0.032361287623643875,26.263561248779297,9.91042709350586,0.8412435054779053,0.4799096882343292
238,ROIs2017_winter_s2_63_p276,0.05202310532331467,0.03382581099867821,25.676074981689453,10.153481483459473,0.8326699733734131,0.47573304176330566
239,ROIs2017_winter_s2_63_p277,0.053972385823726654,0.035334065556526184,25.356569290161133,10.740562438964844,0.8124343156814575,0.4822615385055542
240,ROIs2017_winter_s2_63_p278,0.057087335735559464,0.03819786757230759,24.869205474853516,11.71845817565918,0.7948977947235107,0.48899853229522705
241,ROIs2017_winter_s2_63_p279,0.05832383781671524,0.038988303393125534,24.68307876586914,11.66539478302002,0.7877898216247559,0.4935570955276489
242,ROIs2017_winter_s2_63_p280,0.056807924062013626,0.038750406354665756,24.911821365356445,11.171944618225098,0.7841655015945435,0.48908039927482605
243,ROIs2017_winter_s2_63_p281,0.058995507657527924,0.04124459996819496,24.583621978759766,11.372991561889648,0.7838823795318604,0.4836508333683014
244,ROIs2017_winter_s2_63_p282,0.056675948202610016,0.03878580778837204,24.932024002075195,11.360663414001465,0.8013412952423096,0.4684489965438843
245,ROIs2017_winter_s2_63_p283,0.048896245658397675,0.03449242562055588,26.214488983154297,11.086654663085938,0.8104764819145203,0.47669702768325806
246,ROIs2017_winter_s2_63_p284,0.0518159344792366,0.036406099796295166,25.71073341369629,11.601694107055664,0.8096036911010742,0.4689168334007263
247,ROIs2017_winter_s2_63_p285,0.05027057230472565,0.03369169309735298,25.973724365234375,12.047405242919922,0.823196291923523,0.4642094671726227
248,ROIs2017_winter_s2_63_p286,0.047969892621040344,0.032464660704135895,26.380624771118164,12.615126609802246,0.8278065919876099,0.4807173013687134
249,ROIs2017_winter_s2_63_p287,0.053582921624183655,0.035898491740226746,25.41947364807129,11.477499961853027,0.8231127262115479,0.4845387935638428
250,ROIs2017_winter_s2_63_p288,0.053776901215314865,0.03566260635852814,25.388084411621094,10.624629974365234,0.8310644626617432,0.47472211718559265
251,ROIs2017_winter_s2_63_p289,0.04577258974313736,0.03104066289961338,26.78788948059082,10.14404296875,0.8609228134155273,0.42772161960601807
252,ROIs2017_winter_s2_63_p291,0.04678148031234741,0.03172746300697327,26.598520278930664,10.059728622436523,0.8095827698707581,0.528803288936615
253,ROIs2017_winter_s2_63_p292,0.046295300126075745,0.030892150476574898,26.68926239013672,9.386570930480957,0.8256186246871948,0.52736496925354
254,ROIs2017_winter_s2_63_p293,0.047617994248867035,0.03130222484469414,26.444580078125,9.440573692321777,0.8514742255210876,0.5016745328903198
255,ROIs2017_winter_s2_63_p294,0.05058492347598076,0.03217366710305214,25.919578552246094,9.594451904296875,0.8482782244682312,0.4837210774421692
256,ROIs2017_winter_s2_63_p295,0.05588391423225403,0.035637617111206055,25.054264068603516,10.147170066833496,0.8177247643470764,0.4949432611465454
257,ROIs2017_winter_s2_63_p296,0.061407603323459625,0.039017654955387115,24.235557556152344,10.80421257019043,0.7950835227966309,0.5081990957260132
258,ROIs2017_winter_s2_63_p297,0.05870438367128372,0.03745231777429581,24.626588821411133,10.540197372436523,0.8082233667373657,0.49789565801620483
259,ROIs2017_winter_s2_63_p298,0.05734122917056084,0.03647490218281746,24.83066177368164,10.528761863708496,0.8190869092941284,0.4735637903213501
260,ROIs2017_winter_s2_63_p299,0.06099281832575798,0.03849931061267853,24.29442596435547,11.228014945983887,0.8090120553970337,0.4711902439594269
261,ROIs2017_winter_s2_63_p300,0.062107447534799576,0.03933198004961014,24.137126922607422,11.60840129852295,0.8047696352005005,0.4774281978607178
262,ROIs2017_winter_s2_63_p301,0.06029153987765312,0.037850990891456604,24.394872665405273,10.595733642578125,0.8162143230438232,0.48039132356643677
263,ROIs2017_winter_s2_63_p302,0.05775858089327812,0.03639736771583557,24.767669677734375,10.27669620513916,0.8167942762374878,0.48939526081085205
264,ROIs2017_winter_s2_63_p303,0.05209832638502121,0.03388064727187157,25.66352653503418,10.444993019104004,0.8217699527740479,0.4970279932022095
265,ROIs2017_winter_s2_63_p304,0.05231812968850136,0.03413859009742737,25.626955032348633,10.820441246032715,0.8220985531806946,0.4903770387172699
266,ROIs2017_winter_s2_63_p305,0.05620104819536209,0.03704320639371872,25.00511360168457,11.173575401306152,0.8152230381965637,0.4837493896484375
267,ROIs2017_winter_s2_63_p306,0.054690584540367126,0.03654531016945839,25.241748809814453,11.015876770019531,0.8136431574821472,0.48008227348327637
268,ROIs2017_winter_s2_63_p307,0.056032270193099976,0.03761204704642296,25.031238555908203,11.628560066223145,0.7978181838989258,0.47766709327697754
269,ROIs2017_winter_s2_63_p308,0.05835585296154022,0.03862723335623741,24.67831039428711,11.465353965759277,0.7856282591819763,0.48483967781066895
270,ROIs2017_winter_s2_63_p309,0.05905412510037422,0.03926469758152962,24.574995040893555,11.08623218536377,0.776201605796814,0.49701815843582153
271,ROIs2017_winter_s2_63_p310,0.06027701497077942,0.04098086431622505,24.39696502685547,11.394330024719238,0.7850587368011475,0.49818944931030273
272,ROIs2017_winter_s2_63_p311,0.053844042122364044,0.03729797527194023,25.377246856689453,11.209845542907715,0.7970229387283325,0.48127150535583496
273,ROIs2017_winter_s2_63_p312,0.05099526047706604,0.03527149185538292,25.849403381347656,11.689143180847168,0.800570547580719,0.485586017370224
274,ROIs2017_winter_s2_63_p313,0.05070727318525314,0.034656476229429245,25.89859390258789,11.527212142944336,0.807952880859375,0.4724525213241577
275,ROIs2017_winter_s2_63_p314,0.04952096566557884,0.03344380110502243,26.104219436645508,11.285164833068848,0.807711660861969,0.47072672843933105
276,ROIs2017_winter_s2_63_p315,0.048698119819164276,0.032785430550575256,26.249755859375,11.98956298828125,0.8083820343017578,0.4872681200504303
277,ROIs2017_winter_s2_63_p316,0.05502110719680786,0.036227840930223465,25.189414978027344,12.9529447555542,0.8124116659164429,0.4903915524482727
278,ROIs2017_winter_s2_63_p317,0.06001337245106697,0.038684047758579254,24.435039520263672,12.45131778717041,0.8070968985557556,0.4921950399875641
279,ROIs2017_winter_s2_63_p318,0.05643220245838165,0.036502331495285034,24.96946144104004,11.359195709228516,0.8174387812614441,0.47744864225387573
280,ROIs2017_winter_s2_63_p320,0.045332860201597214,0.03036341816186905,26.87173843383789,9.672198295593262,0.8265402317047119,0.5114893317222595
281,ROIs2017_winter_s2_63_p321,0.04854952171444893,0.032224953174591064,26.27630043029785,9.776039123535156,0.816921591758728,0.5102558732032776
282,ROIs2017_winter_s2_63_p322,0.051306769251823425,0.033726029098033905,25.796506881713867,10.213972091674805,0.8328235745429993,0.4898650050163269
283,ROIs2017_winter_s2_63_p323,0.042533617466688156,0.027655936777591705,27.42535400390625,9.112824440002441,0.8775837421417236,0.43280184268951416
284,ROIs2017_winter_s2_63_p324,0.04835249111056328,0.030708076432347298,26.31162452697754,9.605960845947266,0.8455777764320374,0.4728944003582001
285,ROIs2017_winter_s2_63_p325,0.056007541716098785,0.03485148772597313,25.035072326660156,10.303472518920898,0.8094160556793213,0.495525062084198
286,ROIs2017_winter_s2_63_p326,0.057823680341243744,0.0364154651761055,24.757884979248047,10.573030471801758,0.800617516040802,0.4939447343349457
287,ROIs2017_winter_s2_63_p327,0.05646207183599472,0.035894691944122314,24.96486473083496,10.250107765197754,0.8044990301132202,0.49417710304260254
288,ROIs2017_winter_s2_63_p328,0.06212419271469116,0.03876414895057678,24.13478660583496,10.60012435913086,0.7888247966766357,0.5003589391708374
289,ROIs2017_winter_s2_63_p329,0.06604433804750443,0.04106878489255905,23.603288650512695,10.751898765563965,0.7847986221313477,0.4960772395133972
290,ROIs2017_winter_s2_63_p330,0.06287987530231476,0.03982441499829292,24.029767990112305,11.108750343322754,0.806282639503479,0.48981615900993347
291,ROIs2017_winter_s2_63_p331,0.05850590765476227,0.03738909959793091,24.656007766723633,11.730209350585938,0.8160061836242676,0.49043476581573486
292,ROIs2017_winter_s2_63_p332,0.057596541941165924,0.03713422641158104,24.792072296142578,12.230555534362793,0.811221182346344,0.48628735542297363
293,ROIs2017_winter_s2_63_p333,0.06003962457180023,0.039188411086797714,24.43124008178711,12.742218017578125,0.7986302971839905,0.4884938895702362
294,ROIs2017_winter_s2_63_p334,0.0595850870013237,0.03894216567277908,24.497249603271484,12.034842491149902,0.796984076499939,0.48825594782829285
295,ROIs2017_winter_s2_63_p335,0.05892903357744217,0.03848157078027725,24.593414306640625,12.117712020874023,0.8086752891540527,0.4748990535736084
296,ROIs2017_winter_s2_63_p336,0.05759749934077263,0.03834183141589165,24.791927337646484,12.086343765258789,0.8031899929046631,0.4873253107070923
297,ROIs2017_winter_s2_63_p337,0.05592240393161774,0.03764810785651207,25.04828453063965,11.23871898651123,0.7967434525489807,0.48751410841941833
298,ROIs2017_winter_s2_63_p338,0.05577387288212776,0.0368218794465065,25.07138442993164,10.923295974731445,0.7974984645843506,0.49409255385398865
299,ROIs2017_winter_s2_63_p339,0.05368337407708168,0.03549157828092575,25.4032039642334,10.743551254272461,0.8043259382247925,0.49871665239334106
300,ROIs2017_winter_s2_63_p340,0.05034491792321205,0.03426111117005348,25.960886001586914,10.784767150878906,0.808387279510498,0.494360089302063
301,ROIs2017_winter_s2_63_p341,0.04955961927771568,0.03439430147409439,26.097440719604492,10.987546920776367,0.8110769391059875,0.48289406299591064
302,ROIs2017_winter_s2_63_p342,0.0501517578959465,0.034388113766908646,25.994277954101562,11.41503620147705,0.8104139566421509,0.4737279713153839
303,ROIs2017_winter_s2_63_p343,0.053235169500112534,0.03612375631928444,25.476028442382812,11.985284805297852,0.8019230365753174,0.4762214422225952
304,ROIs2017_winter_s2_63_p344,0.05425122380256653,0.03705907240509987,25.311811447143555,11.707701683044434,0.7967801094055176,0.4761500358581543
305,ROIs2017_winter_s2_63_p345,0.05700259655714035,0.03730616718530655,24.88210678100586,11.842668533325195,0.7922892570495605,0.4829697012901306
306,ROIs2017_winter_s2_63_p346,0.06411954015493393,0.04052072390913963,23.860191345214844,12.095909118652344,0.7814985513687134,0.49420273303985596
307,ROIs2017_winter_s2_63_p347,0.06608613580465317,0.04150868579745293,23.597793579101562,11.839159965515137,0.7952935695648193,0.49457821249961853
308,ROIs2017_winter_s2_63_p349,0.045343540608882904,0.029997512698173523,26.869693756103516,9.41674518585205,0.8264474272727966,0.513466477394104
309,ROIs2017_winter_s2_63_p350,0.05011122673749924,0.03330539911985397,26.001300811767578,10.340301513671875,0.8130565881729126,0.5134677290916443
310,ROIs2017_winter_s2_63_p351,0.050810858607292175,0.0336574912071228,25.880870819091797,10.50760555267334,0.8167771100997925,0.5077496767044067
311,ROIs2017_winter_s2_63_p352,0.04775245860219002,0.03098354861140251,26.420085906982422,9.296416282653809,0.8507522344589233,0.4484102725982666
312,ROIs2017_winter_s2_63_p353,0.04410487413406372,0.028048671782016754,27.11026954650879,8.635815620422363,0.8716303706169128,0.4429486393928528
313,ROIs2017_winter_s2_63_p354,0.04881763085722923,0.03134496137499809,26.228466033935547,9.503836631774902,0.8344982266426086,0.4836450219154358
314,ROIs2017_winter_s2_63_p355,0.05598271265625954,0.03640694543719292,25.038921356201172,10.68411922454834,0.8058860301971436,0.5016109347343445
315,ROIs2017_winter_s2_63_p356,0.05853072553873062,0.037628572434186935,24.652320861816406,10.880435943603516,0.7963175773620605,0.5057605504989624
316,ROIs2017_winter_s2_63_p357,0.06304129213094711,0.0395510196685791,24.00749969482422,10.707684516906738,0.7820303440093994,0.4991299510002136
317,ROIs2017_winter_s2_63_p358,0.06365574896335602,0.040138520300388336,23.923246383666992,10.830697059631348,0.782631516456604,0.5006336569786072
318,ROIs2017_winter_s2_63_p359,0.059469275176525116,0.03817607834935188,24.514148712158203,11.772698402404785,0.8070787191390991,0.4858548045158386
319,ROIs2017_winter_s2_63_p360,0.05805915221571922,0.0375051274895668,24.72258758544922,12.352378845214844,0.8219397664070129,0.48293688893318176
320,ROIs2017_winter_s2_63_p361,0.05674208700656891,0.037196528166532516,24.921894073486328,12.042899131774902,0.8224674463272095,0.48174506425857544
321,ROIs2017_winter_s2_63_p362,0.05931178480386734,0.03917517140507698,24.537181854248047,12.404799461364746,0.8042616844177246,0.4800863564014435
322,ROIs2017_winter_s2_63_p363,0.056810181587934494,0.037130217999219894,24.911476135253906,11.0546236038208,0.7981858253479004,0.49034544825553894
323,ROIs2017_winter_s2_63_p364,0.057051077485084534,0.037114549428224564,24.874725341796875,11.1759614944458,0.8023940324783325,0.4904642105102539
324,ROIs2017_winter_s2_63_p365,0.05554347485303879,0.036679841578006744,25.107341766357422,11.148946762084961,0.7967008352279663,0.48884570598602295
325,ROIs2017_winter_s2_63_p366,0.05403849855065346,0.03617092967033386,25.345935821533203,11.042683601379395,0.7936039566993713,0.49132251739501953
326,ROIs2017_winter_s2_63_p367,0.053838491439819336,0.03522546589374542,25.378143310546875,10.82282829284668,0.8105895519256592,0.48826542496681213
327,ROIs2017_winter_s2_63_p368,0.05422297120094299,0.03534357249736786,25.316333770751953,10.797872543334961,0.8164387941360474,0.4851919710636139
328,ROIs2017_winter_s2_63_p369,0.05285242199897766,0.03529511019587517,25.53870391845703,11.245328903198242,0.8103892803192139,0.4914054870605469
329,ROIs2017_winter_s2_63_p370,0.049116428941488266,0.03317081183195114,26.175464630126953,10.914243698120117,0.8158723711967468,0.4967091977596283
330,ROIs2017_winter_s2_63_p371,0.052777864038944244,0.036368478089571,25.550966262817383,11.68588638305664,0.8035033345222473,0.504161536693573
331,ROIs2017_winter_s2_63_p372,0.05809926241636276,0.039939023554325104,24.71658706665039,12.6234130859375,0.7973818778991699,0.4847736954689026
332,ROIs2017_winter_s2_63_p373,0.057296279817819595,0.03859279304742813,24.83747100830078,12.371621131896973,0.8012421131134033,0.4751383662223816
333,ROIs2017_winter_s2_63_p374,0.056071937084198,0.03665108233690262,25.025089263916016,11.394742012023926,0.789664626121521,0.49274110794067383
334,ROIs2017_winter_s2_63_p375,0.06254275143146515,0.040450941771268845,24.076461791992188,12.69568920135498,0.7796144485473633,0.5057706832885742
335,ROIs2017_winter_s2_63_p376,0.0654468759894371,0.04186258837580681,23.682222366333008,13.134081840515137,0.7987509369850159,0.47822150588035583
336,ROIs2017_winter_s2_63_p378,0.043775349855422974,0.02866263873875141,27.1754093170166,9.194180488586426,0.8336418867111206,0.5128280520439148
337,ROIs2017_winter_s2_63_p379,0.046269506216049194,0.03035571053624153,26.69410514831543,9.755630493164062,0.8348495960235596,0.5090695023536682
338,ROIs2017_winter_s2_63_p380,0.044959064573049545,0.029951395466923714,26.943655014038086,9.529187202453613,0.832750678062439,0.49547863006591797
339,ROIs2017_winter_s2_63_p381,0.04684046655893326,0.030530128628015518,26.58757781982422,9.163687705993652,0.8346177339553833,0.4896659255027771
340,ROIs2017_winter_s2_63_p382,0.04657668247818947,0.029970817267894745,26.636629104614258,8.868291854858398,0.8526197075843811,0.44723808765411377
341,ROIs2017_winter_s2_63_p383,0.047316912561655045,0.03057912364602089,26.49967384338379,9.350098609924316,0.8523139953613281,0.44580528140068054
342,ROIs2017_winter_s2_63_p384,0.05506928265094757,0.03546692058444023,25.181812286376953,10.609884262084961,0.8243750929832458,0.4695008099079132
343,ROIs2017_winter_s2_63_p385,0.057779476046562195,0.03722221776843071,24.764528274536133,10.706353187561035,0.8051607608795166,0.49638277292251587
344,ROIs2017_winter_s2_63_p386,0.06252031773328781,0.040321845561265945,24.079578399658203,10.958008766174316,0.7816778421401978,0.5007554292678833
345,ROIs2017_winter_s2_63_p387,0.061023954302072525,0.03944171592593193,24.289993286132812,10.760300636291504,0.7839243412017822,0.5010188221931458
346,ROIs2017_winter_s2_63_p388,0.05720300227403641,0.0372684970498085,24.85162353515625,11.439831733703613,0.8037246465682983,0.4803982079029083
347,ROIs2017_winter_s2_63_p389,0.05899948626756668,0.03801605477929115,24.583036422729492,12.264678001403809,0.8115018606185913,0.4782286286354065
348,ROIs2017_winter_s2_63_p390,0.05668891966342926,0.03666163608431816,24.930038452148438,11.97439193725586,0.816807746887207,0.48476046323776245
349,ROIs2017_winter_s2_63_p391,0.05368776619434357,0.03543652221560478,25.40249252319336,11.27855396270752,0.815648078918457,0.4862949848175049
350,ROIs2017_winter_s2_63_p392,0.05210517346858978,0.034003566950559616,25.662384033203125,10.5700101852417,0.8160902261734009,0.4882575571537018
351,ROIs2017_winter_s2_63_p393,0.05385411158204079,0.03489380702376366,25.37562370300293,11.04185676574707,0.8057036399841309,0.49544599652290344
352,ROIs2017_winter_s2_63_p394,0.05401133745908737,0.0355202741920948,25.35030174255371,11.27840518951416,0.80176842212677,0.48368820548057556
353,ROIs2017_winter_s2_63_p395,0.05242912471294403,0.034975286573171616,25.608549118041992,11.423714637756348,0.806136965751648,0.47153380513191223
354,ROIs2017_winter_s2_63_p396,0.056885018944740295,0.03777938336133957,24.900043487548828,11.714333534240723,0.8047881126403809,0.46785208582878113
355,ROIs2017_winter_s2_63_p397,0.05740334838628769,0.0387236624956131,24.82125473022461,11.587968826293945,0.8101894855499268,0.4617026746273041
356,ROIs2017_winter_s2_63_p398,0.05453344061970711,0.037636756896972656,25.266742706298828,11.501992225646973,0.8041065335273743,0.48675480484962463
357,ROIs2017_winter_s2_63_p399,0.050631020218133926,0.03400350362062454,25.911666870117188,11.107213020324707,0.8046258091926575,0.5082283020019531
358,ROIs2017_winter_s2_63_p400,0.05202935263514519,0.03489374741911888,25.675031661987305,11.466192245483398,0.8059269189834595,0.5011606216430664
359,ROIs2017_winter_s2_63_p401,0.056426823139190674,0.038551799952983856,24.970287322998047,12.566218376159668,0.7962977886199951,0.48105156421661377
360,ROIs2017_winter_s2_63_p402,0.056583963334560394,0.0388878732919693,24.946134567260742,12.973969459533691,0.7979671359062195,0.4839445948600769
361,ROIs2017_winter_s2_63_p403,0.053831156343221664,0.03629066422581673,25.37932586669922,11.943133354187012,0.8033857941627502,0.48659151792526245
362,ROIs2017_winter_s2_63_p404,0.056616585701704025,0.037283461540937424,24.94112777709961,13.319056510925293,0.8027428388595581,0.49609342217445374
363,ROIs2017_winter_s2_63_p405,0.05568552762269974,0.036998599767684937,25.085153579711914,13.48125171661377,0.8154388666152954,0.4728694260120392
364,ROIs2017_winter_s2_63_p407,0.040866632014513016,0.026561815291643143,27.772621154785156,8.893014907836914,0.8489186763763428,0.48024505376815796
365,ROIs2017_winter_s2_63_p408,0.04441963881254196,0.028659239411354065,27.04850196838379,9.198042869567871,0.8489554524421692,0.48368027806282043
366,ROIs2017_winter_s2_63_p409,0.04471132531762123,0.029306458309292793,26.991649627685547,9.27215576171875,0.8454387784004211,0.48108288645744324
367,ROIs2017_winter_s2_63_p410,0.046056780964136124,0.0302035640925169,26.734130859375,9.388949394226074,0.8252527117729187,0.49683618545532227
368,ROIs2017_winter_s2_63_p411,0.04978959634900093,0.032605718821287155,26.057228088378906,9.781143188476562,0.8281087279319763,0.4792691171169281
369,ROIs2017_winter_s2_63_p412,0.04637066647410393,0.03025137260556221,26.675132751464844,9.471264839172363,0.8708443641662598,0.4038918614387512
370,ROIs2017_winter_s2_63_p413,0.046143583953380585,0.02968735247850418,26.717775344848633,9.252706527709961,0.865837812423706,0.4145815372467041
371,ROIs2017_winter_s2_63_p414,0.049400899559259415,0.03204616159200668,26.12530517578125,9.364327430725098,0.8380340337753296,0.4570404291152954
372,ROIs2017_winter_s2_63_p415,0.05903486907482147,0.038910653442144394,24.577829360961914,11.938413619995117,0.7974518537521362,0.4606238305568695
373,ROIs2017_winter_s2_63_p416,0.06710498034954071,0.044041529297828674,23.464906692504883,13.666260719299316,0.7684776782989502,0.4855814576148987
374,ROIs2017_winter_s2_63_p417,0.06317345052957535,0.041014160960912704,23.989307403564453,12.757153511047363,0.7883145213127136,0.4839717745780945
375,ROIs2017_winter_s2_63_p418,0.05866994708776474,0.03775531426072121,24.631689071655273,11.543611526489258,0.8063589334487915,0.47151118516921997
376,ROIs2017_winter_s2_63_p419,0.06035185977816582,0.039151258766651154,24.386186599731445,12.261664390563965,0.803636908531189,0.4891986846923828
377,ROIs2017_winter_s2_63_p420,0.0588199645280838,0.03908462077379227,24.60950469970703,12.723259925842285,0.8073394298553467,0.48229795694351196
378,ROIs2017_winter_s2_63_p421,0.05372576043009758,0.03559030219912529,25.39634895324707,11.772798538208008,0.8200497627258301,0.48860782384872437
379,ROIs2017_winter_s2_63_p422,0.056984927505254745,0.03774186968803406,24.88479995727539,12.790940284729004,0.8158490657806396,0.4860723316669464
380,ROIs2017_winter_s2_63_p423,0.062164630740880966,0.041410427540540695,24.129133224487305,13.01890754699707,0.8051431775093079,0.46814456582069397
381,ROIs2017_winter_s2_63_p424,0.05909396708011627,0.03982272744178772,24.569137573242188,11.998717308044434,0.8046886920928955,0.45631274580955505
382,ROIs2017_winter_s2_63_p425,0.060912154614925385,0.040740400552749634,24.305919647216797,12.208009719848633,0.7946600914001465,0.45921963453292847
383,ROIs2017_winter_s2_63_p426,0.060655493289232254,0.04082517698407173,24.34259796142578,12.149106979370117,0.7925618886947632,0.4690801501274109
384,ROIs2017_winter_s2_63_p427,0.05623986944556236,0.03815912827849388,24.999113082885742,11.52397632598877,0.7984280586242676,0.4804167151451111
385,ROIs2017_winter_s2_63_p428,0.05357479304075241,0.03629482164978981,25.420791625976562,11.710807800292969,0.7946000099182129,0.5055374503135681
386,ROIs2017_winter_s2_63_p429,0.05319822207093239,0.03512528911232948,25.482059478759766,11.541935920715332,0.8072223663330078,0.49329403042793274
387,ROIs2017_winter_s2_63_p430,0.05523928254842758,0.037059761583805084,25.155040740966797,12.062702178955078,0.8014137744903564,0.4858361482620239
388,ROIs2017_winter_s2_63_p431,0.054788533598184586,0.03811744600534439,25.22620964050293,12.94311237335205,0.802855372428894,0.5005550384521484
389,ROIs2017_winter_s2_63_p432,0.05508852005004883,0.0371619313955307,25.17877769470215,13.225889205932617,0.820269763469696,0.4840306043624878
390,ROIs2017_winter_s2_63_p433,0.05629061535000801,0.03764723986387253,24.99127960205078,13.636533737182617,0.8085449934005737,0.489946186542511
391,ROIs2017_winter_s2_63_p434,0.05579356849193573,0.03743745759129524,25.06831932067871,12.932559967041016,0.8160460591316223,0.48518887162208557
392,ROIs2017_winter_s2_63_p436,0.039815504103899,0.02663961797952652,27.99895477294922,8.430630683898926,0.8605842590332031,0.4551158845424652
393,ROIs2017_winter_s2_63_p437,0.04517265781760216,0.029321987181901932,26.90248680114746,9.00464153289795,0.8502618074417114,0.47689059376716614
394,ROIs2017_winter_s2_63_p438,0.04768022149801254,0.030933596193790436,26.433237075805664,9.595126152038574,0.8411253690719604,0.48684850335121155
395,ROIs2017_winter_s2_63_p439,0.04783643037080765,0.030979923903942108,26.404823303222656,9.491890907287598,0.8270643353462219,0.5038546323776245
396,ROIs2017_winter_s2_63_p440,0.052079055458307266,0.03374072164297104,25.666736602783203,10.186924934387207,0.8251869678497314,0.4875224232673645
397,ROIs2017_winter_s2_63_p441,0.049697380512952805,0.03229174017906189,26.07332992553711,10.413790702819824,0.8598301410675049,0.4327223300933838
398,ROIs2017_winter_s2_63_p442,0.04227781295776367,0.027518002316355705,27.477750778198242,8.695985794067383,0.8854835033416748,0.411192923784256
399,ROIs2017_winter_s2_63_p443,0.041316818445920944,0.027836814522743225,27.677461624145508,9.054363250732422,0.8752340078353882,0.40473034977912903
400,ROIs2017_winter_s2_63_p444,0.0508292131125927,0.03359401971101761,25.87773323059082,12.034424781799316,0.8349859714508057,0.41903701424598694
401,ROIs2017_winter_s2_63_p445,0.0644107535481453,0.0410517193377018,23.82083511352539,14.061806678771973,0.7955940961837769,0.4613161087036133
402,ROIs2017_winter_s2_63_p446,0.06325114518404007,0.04079868271946907,23.978633880615234,12.8491792678833,0.7974303960800171,0.4760890305042267
403,ROIs2017_winter_s2_63_p447,0.06205318868160248,0.040112946182489395,24.144718170166016,11.87419319152832,0.8011778593063354,0.4683448076248169
404,ROIs2017_winter_s2_63_p448,0.0631185919046402,0.04077700898051262,23.99685287475586,12.083276748657227,0.7970243692398071,0.49510931968688965
405,ROIs2017_winter_s2_63_p449,0.06085425242781639,0.040233466774225235,24.31418228149414,12.836773872375488,0.8065650463104248,0.4797731637954712
406,ROIs2017_winter_s2_63_p450,0.05812681466341019,0.03841258957982063,24.71247100830078,13.078035354614258,0.823264479637146,0.47206181287765503
407,ROIs2017_winter_s2_63_p451,0.061094969511032104,0.04065689072012901,24.279891967773438,13.951982498168945,0.8252530097961426,0.46397238969802856
408,ROIs2017_winter_s2_63_p452,0.06096647307276726,0.04096971079707146,24.298179626464844,13.234951972961426,0.8168386816978455,0.4713355302810669
409,ROIs2017_winter_s2_63_p453,0.05909205228090286,0.03953150659799576,24.56941795349121,11.8729887008667,0.7976614236831665,0.4805598855018616
410,ROIs2017_winter_s2_63_p454,0.0585489347577095,0.03885899856686592,24.649621963500977,11.426050186157227,0.7901253700256348,0.48121464252471924
411,ROIs2017_winter_s2_63_p455,0.05977313593029976,0.039101649075746536,24.469881057739258,11.27358341217041,0.7924379110336304,0.4850348234176636
412,ROIs2017_winter_s2_63_p456,0.0610518753528595,0.0401264987885952,24.286020278930664,11.519590377807617,0.7868600487709045,0.4832313060760498
413,ROIs2017_winter_s2_63_p457,0.05834576487541199,0.03939055651426315,24.679813385009766,12.095831871032715,0.7832080125808716,0.4937991201877594
414,ROIs2017_winter_s2_63_p458,0.05727653577923775,0.038066841661930084,24.840465545654297,11.859084129333496,0.788731575012207,0.4911436438560486
415,ROIs2017_winter_s2_63_p459,0.05849162116646767,0.0385260283946991,24.658126831054688,11.735284805297852,0.78929603099823,0.4917050898075104
416,ROIs2017_winter_s2_63_p460,0.05689237639307976,0.038709111511707306,24.89891815185547,12.411145210266113,0.8102191686630249,0.4971029460430145
417,ROIs2017_winter_s2_63_p461,0.05739977955818176,0.038635801523923874,24.821796417236328,13.34034252166748,0.8164069652557373,0.4887341260910034
418,ROIs2017_winter_s2_63_p462,0.05856270343065262,0.0391765832901001,24.6475772857666,12.95182991027832,0.7997657656669617,0.47855913639068604
419,ROIs2017_winter_s2_63_p463,0.05660196393728256,0.037918925285339355,24.943370819091797,12.270561218261719,0.8115150332450867,0.4871038794517517
420,ROIs2017_winter_s2_63_p465,0.040729548782110214,0.028323853388428688,27.801809310913086,8.633185386657715,0.8604466915130615,0.4591917097568512
421,ROIs2017_winter_s2_63_p466,0.046340543776750565,0.030844854190945625,26.680776596069336,9.249345779418945,0.8491548895835876,0.46500834822654724
422,ROIs2017_winter_s2_63_p467,0.04763898625969887,0.030403219163417816,26.440752029418945,9.38521671295166,0.836122989654541,0.47893548011779785
423,ROIs2017_winter_s2_63_p468,0.04548745974898338,0.029696796089410782,26.842166900634766,9.391246795654297,0.8466389775276184,0.4638863801956177
424,ROIs2017_winter_s2_63_p469,0.05007646977901459,0.032740503549575806,26.007326126098633,10.358798027038574,0.8477247953414917,0.4495680630207062
425,ROIs2017_winter_s2_63_p470,0.04937870800495148,0.03164824843406677,26.12920570373535,10.110783576965332,0.8602136373519897,0.44159868359565735
426,ROIs2017_winter_s2_63_p471,0.04351632669568062,0.027613522484898567,27.226959228515625,8.507698059082031,0.882453203201294,0.4215780198574066
427,ROIs2017_winter_s2_63_p472,0.04559526592493057,0.030176473781466484,26.821605682373047,9.958002090454102,0.8615404367446899,0.4129091799259186
428,ROIs2017_winter_s2_63_p473,0.04558686912059784,0.030827898532152176,26.823205947875977,11.199307441711426,0.8541766405105591,0.42083773016929626
429,ROIs2017_winter_s2_63_p474,0.05077527463436127,0.03356834128499031,25.88695526123047,11.14572811126709,0.8435369729995728,0.45300668478012085
430,ROIs2017_winter_s2_63_p475,0.052041538059711456,0.03403833508491516,25.672998428344727,10.6161470413208,0.8354614973068237,0.4769769310951233
431,ROIs2017_winter_s2_63_p476,0.058708012104034424,0.03796553239226341,24.626052856445312,11.18527603149414,0.8177194595336914,0.4942655563354492
432,ROIs2017_winter_s2_63_p477,0.057614054530858994,0.03681696206331253,24.789430618286133,10.933521270751953,0.8105047941207886,0.497193843126297
433,ROIs2017_winter_s2_63_p478,0.06060780584812164,0.03860969468951225,24.349430084228516,11.484786987304688,0.8070765137672424,0.4813879728317261
434,ROIs2017_winter_s2_63_p479,0.06335726380348206,0.04101983457803726,23.96407127380371,12.871347427368164,0.8206695318222046,0.4700670838356018
435,ROIs2017_winter_s2_63_p480,0.0598079152405262,0.03941737487912178,24.464826583862305,13.135336875915527,0.8404340744018555,0.4650565981864929
436,ROIs2017_winter_s2_63_p481,0.05609121173620224,0.037164703011512756,25.022104263305664,12.002677917480469,0.8424509763717651,0.4581848084926605
437,ROIs2017_winter_s2_63_p482,0.0577523410320282,0.037602003663778305,24.76860809326172,11.49930191040039,0.8177284002304077,0.4750330150127411
438,ROIs2017_winter_s2_63_p483,0.055951401591300964,0.036854784935712814,25.04378318786621,10.95512866973877,0.8036199808120728,0.4869511127471924
439,ROIs2017_winter_s2_63_p484,0.05693303793668747,0.03716474771499634,24.89271354675293,10.683481216430664,0.8032584190368652,0.48445940017700195
440,ROIs2017_winter_s2_63_p485,0.05981284752488136,0.03890228271484375,24.464111328125,11.197765350341797,0.7903192043304443,0.478748619556427
441,ROIs2017_winter_s2_63_p486,0.05775098130106926,0.038987670093774796,24.76881217956543,11.72994327545166,0.7918068170547485,0.478847861289978
442,ROIs2017_winter_s2_63_p487,0.05708228424191475,0.03862014412879944,24.86997413635254,11.892108917236328,0.7939822673797607,0.4918452501296997
443,ROIs2017_winter_s2_63_p488,0.056831493973731995,0.03774847462773323,24.908218383789062,11.601932525634766,0.7945632934570312,0.500083327293396
444,ROIs2017_winter_s2_63_p489,0.056661102920770645,0.03789333626627922,24.934301376342773,11.942337989807129,0.8021224141120911,0.5062124729156494
445,ROIs2017_winter_s2_63_p490,0.0539177767932415,0.03648185357451439,25.365360260009766,11.829385757446289,0.8040347099304199,0.4981631338596344
446,ROIs2017_winter_s2_63_p491,0.05511627346277237,0.037086375057697296,25.17440414428711,11.858095169067383,0.7961336374282837,0.5050526857376099
447,ROIs2017_winter_s2_63_p492,0.05507950484752655,0.03660780191421509,25.180198669433594,11.733255386352539,0.8029333353042603,0.49079474806785583
448,ROIs2017_winter_s2_63_p494,0.04476824775338173,0.030631117522716522,26.98059844970703,9.572656631469727,0.8371551036834717,0.4854716360569
449,ROIs2017_winter_s2_63_p495,0.04934142157435417,0.033006057143211365,26.135766983032227,10.033714294433594,0.8291453123092651,0.4743897020816803
450,ROIs2017_winter_s2_63_p496,0.04787741228938103,0.03124484047293663,26.397388458251953,10.309478759765625,0.8323571085929871,0.4633776545524597
451,ROIs2017_winter_s2_63_p497,0.045610588043928146,0.030456529930233955,26.818687438964844,11.013391494750977,0.8522079586982727,0.4281254708766937
452,ROIs2017_winter_s2_63_p498,0.04712484031915665,0.031375374644994736,26.535003662109375,10.612785339355469,0.858360767364502,0.42331165075302124
453,ROIs2017_winter_s2_63_p499,0.043825455009937286,0.028510773554444313,27.16547203063965,8.929041862487793,0.8705898523330688,0.4327908754348755
454,ROIs2017_winter_s2_63_p500,0.04535956680774689,0.029506679624319077,26.866622924804688,8.822283744812012,0.8790127038955688,0.41915184259414673
455,ROIs2017_winter_s2_63_p501,0.05561269819736481,0.03685861825942993,25.096521377563477,11.715826034545898,0.8444457054138184,0.4278981685638428
456,ROIs2017_winter_s2_63_p502,0.0562707744538784,0.03748461231589317,24.994342803955078,12.785700798034668,0.8264862298965454,0.43697166442871094
457,ROIs2017_winter_s2_63_p503,0.053115617483854294,0.0351189561188221,25.49555778503418,11.66497802734375,0.8239840269088745,0.4710102379322052
458,ROIs2017_winter_s2_63_p504,0.055109668523073196,0.035799380391836166,25.175445556640625,10.826642036437988,0.8250268697738647,0.4787566661834717
459,ROIs2017_winter_s2_63_p505,0.05643054470419884,0.03616427630186081,24.969715118408203,10.534236907958984,0.8281098008155823,0.4814067482948303
460,ROIs2017_winter_s2_63_p506,0.05228286609053612,0.03339787572622299,25.6328125,10.108382225036621,0.8254715800285339,0.49321526288986206
461,ROIs2017_winter_s2_63_p507,0.057562921196222305,0.036821573972702026,24.797143936157227,10.753317832946777,0.8021160364151001,0.4910598695278168
462,ROIs2017_winter_s2_63_p508,0.06142999976873398,0.03960331901907921,24.232389450073242,12.324150085449219,0.8116182088851929,0.4763672649860382
463,ROIs2017_winter_s2_63_p509,0.054969411343336105,0.0366162471473217,25.197580337524414,12.794575691223145,0.8451316356658936,0.42000794410705566
464,ROIs2017_winter_s2_63_p510,0.05414319410920143,0.03621557727456093,25.32912254333496,12.43147087097168,0.8611753582954407,0.4011925458908081
465,ROIs2017_winter_s2_63_p511,0.06360828876495361,0.04166629537940025,23.92972755432129,13.16427993774414,0.8376441597938538,0.4141331911087036
466,ROIs2017_winter_s2_63_p512,0.06257764995098114,0.04174460470676422,24.07161521911621,12.3896484375,0.8097434043884277,0.43237870931625366
467,ROIs2017_winter_s2_63_p513,0.06056947633624077,0.041427209973335266,24.354923248291016,11.793068885803223,0.79222172498703,0.4609406590461731
468,ROIs2017_winter_s2_63_p514,0.059447817504405975,0.04029073193669319,24.517284393310547,11.985461235046387,0.8028380870819092,0.467049241065979
469,ROIs2017_winter_s2_63_p515,0.05802663043141365,0.03979887068271637,24.727455139160156,12.145829200744629,0.8141251802444458,0.4588690400123596
470,ROIs2017_winter_s2_63_p516,0.05624939873814583,0.03811325505375862,24.997644424438477,12.124090194702148,0.8137680292129517,0.4830271005630493
471,ROIs2017_winter_s2_63_p517,0.053836602717638016,0.03566243126988411,25.378448486328125,12.505952835083008,0.8180792331695557,0.502694845199585
472,ROIs2017_winter_s2_63_p518,0.05170473828911781,0.03461751714348793,25.729393005371094,11.828217506408691,0.8067083358764648,0.5066400170326233
473,ROIs2017_winter_s2_63_p519,0.04945894330739975,0.03379996493458748,26.115102767944336,11.404590606689453,0.8068697452545166,0.5009353756904602
474,ROIs2017_winter_s2_63_p520,0.051221854984760284,0.03509620949625969,25.810894012451172,12.166180610656738,0.808167040348053,0.5007005929946899
475,ROIs2017_winter_s2_63_p521,0.05518826097249985,0.036871667951345444,25.163066864013672,11.887224197387695,0.7926747798919678,0.49152886867523193
476,ROIs2017_winter_s2_63_p523,0.04981826990842819,0.03297284245491028,26.052227020263672,10.129018783569336,0.8340871334075928,0.47398218512535095
477,ROIs2017_winter_s2_63_p524,0.049153171479701996,0.03286435455083847,26.168968200683594,9.752906799316406,0.8386915326118469,0.46713417768478394
478,ROIs2017_winter_s2_63_p525,0.05089534446597099,0.03382646292448044,25.86644172668457,11.490593910217285,0.8272789716720581,0.47792571783065796
479,ROIs2017_winter_s2_63_p526,0.05177916958928108,0.03423139452934265,25.71689796447754,12.406428337097168,0.8364543914794922,0.4602002501487732
480,ROIs2017_winter_s2_63_p527,0.04888433218002319,0.03195401281118393,26.21660614013672,9.771638870239258,0.8582292795181274,0.4439716637134552
481,ROIs2017_winter_s2_63_p528,0.04577392339706421,0.029994502663612366,26.787635803222656,8.952021598815918,0.8615918159484863,0.4311370849609375
482,ROIs2017_winter_s2_63_p529,0.0503029003739357,0.033967338502407074,25.968141555786133,10.351913452148438,0.8622837066650391,0.4096706807613373
483,ROIs2017_winter_s2_63_p530,0.05538206920027733,0.03745940700173378,25.132617950439453,11.858813285827637,0.8462729454040527,0.4222029149532318
484,ROIs2017_winter_s2_63_p531,0.05536261573433876,0.03619992360472679,25.135669708251953,11.255827903747559,0.8248236179351807,0.4429997503757477
485,ROIs2017_winter_s2_63_p532,0.055623963475227356,0.0363035723567009,25.09476089477539,10.705204963684082,0.8085128664970398,0.4763457179069519
486,ROIs2017_winter_s2_63_p533,0.057560235261917114,0.037524379789829254,24.797550201416016,10.845758438110352,0.8124169707298279,0.4694691300392151
487,ROIs2017_winter_s2_63_p534,0.05654288828372955,0.03680606186389923,24.95244026184082,11.111913681030273,0.8325714468955994,0.4443618953227997
488,ROIs2017_winter_s2_63_p535,0.05762825906276703,0.03707987442612648,24.78729248046875,11.290801048278809,0.8300379514694214,0.4699007272720337
489,ROIs2017_winter_s2_63_p536,0.05568421259522438,0.03576748073101044,25.085357666015625,10.737544059753418,0.8077317476272583,0.48409605026245117
490,ROIs2017_winter_s2_63_p537,0.054479461163282394,0.03550417348742485,25.275344848632812,11.373491287231445,0.8082570433616638,0.48120713233947754
491,ROIs2017_winter_s2_63_p538,0.054110337048769,0.03605135902762413,25.334394454956055,12.33231258392334,0.8255296945571899,0.4686196446418762
492,ROIs2017_winter_s2_63_p539,0.052871402353048325,0.03569488599896431,25.535585403442383,12.469529151916504,0.8393928408622742,0.45017188787460327
493,ROIs2017_winter_s2_63_p540,0.05163140594959259,0.03522397577762604,25.741722106933594,11.7562837600708,0.8573609590530396,0.4353013038635254
494,ROIs2017_winter_s2_63_p541,0.05811844766139984,0.04055372625589371,24.713722229003906,12.229970932006836,0.8232266902923584,0.4380398392677307
495,ROIs2017_winter_s2_63_p542,0.060364898294210434,0.04220914840698242,24.38431167602539,12.207817077636719,0.7890939712524414,0.46644890308380127
496,ROIs2017_winter_s2_63_p543,0.05521637946367264,0.03791208565235138,25.15864372253418,11.612825393676758,0.8033097386360168,0.4774647355079651
497,ROIs2017_winter_s2_63_p544,0.05672026798129082,0.03858895227313042,24.925233840942383,11.728965759277344,0.8145526647567749,0.4793362319469452
498,ROIs2017_winter_s2_63_p545,0.056969743221998215,0.03826691582798958,24.887113571166992,12.150506973266602,0.8104573488235474,0.4875921905040741
499,ROIs2017_winter_s2_63_p546,0.05274411290884018,0.03550180047750473,25.556522369384766,12.425844192504883,0.8111917972564697,0.48903775215148926
500,ROIs2017_winter_s2_63_p547,0.04980822652578354,0.03456468507647514,26.053979873657227,11.911491394042969,0.8015175461769104,0.5074098110198975
501,ROIs2017_winter_s2_63_p548,0.05148140341043472,0.036612242460250854,25.766992568969727,12.083805084228516,0.7962695956230164,0.5159958004951477
502,ROIs2017_winter_s2_63_p549,0.05833922326564789,0.04181686043739319,24.680788040161133,13.334259986877441,0.7904534935951233,0.49731943011283875
503,ROIs2017_winter_s2_63_p550,0.059084028005599976,0.04098937287926674,24.57059669494629,13.122200012207031,0.7920623421669006,0.48209232091903687
504,ROIs2017_winter_s2_63_p552,0.049735985696315765,0.032127685844898224,26.066587448120117,9.511395454406738,0.837934672832489,0.4913547933101654
505,ROIs2017_winter_s2_63_p553,0.04743539169430733,0.031260184943675995,26.477949142456055,9.485882759094238,0.859965443611145,0.4509188234806061
506,ROIs2017_winter_s2_63_p554,0.05692572146654129,0.037885379046201706,24.893829345703125,12.544739723205566,0.8285244703292847,0.4582212269306183
507,ROIs2017_winter_s2_63_p555,0.05795354023575783,0.03809260204434395,24.738399505615234,13.004857063293457,0.8363224267959595,0.4485568404197693
508,ROIs2017_winter_s2_63_p556,0.055465131998062134,0.0361640565097332,25.119600296020508,11.15605640411377,0.8558322191238403,0.4098924994468689
509,ROIs2017_winter_s2_63_p557,0.05694974586367607,0.03743221238255501,24.890165328979492,11.700445175170898,0.8419686555862427,0.41270577907562256
510,ROIs2017_winter_s2_63_p558,0.05689862370491028,0.038052428513765335,24.897966384887695,12.175508499145508,0.8470885753631592,0.4136044979095459
511,ROIs2017_winter_s2_63_p559,0.0530620738863945,0.036163654178380966,25.504318237304688,11.023014068603516,0.8504796624183655,0.42521920800209045
512,ROIs2017_winter_s2_63_p560,0.04807288199663162,0.03218892589211464,26.361997604370117,9.546073913574219,0.842832088470459,0.4488877058029175
513,ROIs2017_winter_s2_63_p561,0.04969661682844162,0.03243386745452881,26.073463439941406,9.627029418945312,0.8338587880134583,0.4561161398887634
514,ROIs2017_winter_s2_63_p562,0.05155457183718681,0.03365363925695419,25.754657745361328,10.132989883422852,0.8346279859542847,0.4434463381767273
515,ROIs2017_winter_s2_63_p563,0.05014323070645332,0.03325822204351425,25.99575424194336,10.38380241394043,0.844730019569397,0.44597259163856506
516,ROIs2017_winter_s2_63_p564,0.051191315054893494,0.03340499475598335,25.816076278686523,10.402083396911621,0.8488547205924988,0.44797033071517944
517,ROIs2017_winter_s2_63_p565,0.054985255002975464,0.03589272499084473,25.1950740814209,10.931038856506348,0.824844241142273,0.4634249806404114
518,ROIs2017_winter_s2_63_p566,0.05445197597146034,0.03599952161312103,25.279727935791016,11.272401809692383,0.8115900158882141,0.4760773181915283
519,ROIs2017_winter_s2_63_p567,0.05357658490538597,0.03525529429316521,25.42049789428711,11.34408187866211,0.8116452693939209,0.4879864454269409
520,ROIs2017_winter_s2_63_p568,0.05387251451611519,0.03546195104718208,25.372655868530273,11.294950485229492,0.8252784013748169,0.48030978441238403
521,ROIs2017_winter_s2_63_p569,0.05196906626224518,0.034473080188035965,25.685102462768555,11.097890853881836,0.8417123556137085,0.49304020404815674
522,ROIs2017_winter_s2_63_p570,0.056165874004364014,0.03772956505417824,25.010549545288086,11.91836166381836,0.8225792050361633,0.49034249782562256
523,ROIs2017_winter_s2_63_p571,0.05708612874150276,0.038720082491636276,24.869388580322266,12.13538646697998,0.802029013633728,0.4994311034679413
524,ROIs2017_winter_s2_63_p572,0.0510806106030941,0.03464421257376671,25.834880828857422,10.980392456054688,0.8039535284042358,0.49144187569618225
525,ROIs2017_winter_s2_63_p573,0.052635662257671356,0.03506290540099144,25.574398040771484,11.07329273223877,0.8059505224227905,0.48663055896759033
526,ROIs2017_winter_s2_63_p574,0.058383759111166,0.03857840970158577,24.67416000366211,12.556601524353027,0.794922947883606,0.48899513483047485
527,ROIs2017_winter_s2_63_p575,0.05652719736099243,0.038288310170173645,24.954853057861328,13.041558265686035,0.796685516834259,0.49347326159477234
528,ROIs2017_winter_s2_63_p576,0.05464775860309601,0.038351766765117645,25.248554229736328,12.940589904785156,0.8040204048156738,0.5065039396286011
529,ROIs2017_winter_s2_63_p577,0.0583404004573822,0.04139008745551109,24.680612564086914,12.811022758483887,0.7929648160934448,0.5034200549125671
530,ROIs2017_winter_s2_63_p578,0.06496468931436539,0.04614198952913284,23.7464542388916,13.70781421661377,0.7841418981552124,0.4930019676685333
531,ROIs2017_winter_s2_63_p579,0.06147501617670059,0.043305084109306335,24.226028442382812,13.420425415039062,0.7975045442581177,0.4835697412490845
532,ROIs2017_winter_s2_63_p581,0.047854259610176086,0.031075719743967056,26.401588439941406,9.936188697814941,0.8250558376312256,0.5110994577407837
533,ROIs2017_winter_s2_63_p582,0.04521080106496811,0.02954145148396492,26.895158767700195,9.470108032226562,0.856951117515564,0.45486199855804443
534,ROIs2017_winter_s2_63_p583,0.04952080547809601,0.03304297477006912,26.104248046875,10.358445167541504,0.8561036586761475,0.4351043999195099
535,ROIs2017_winter_s2_63_p584,0.0503125824034214,0.03361271694302559,25.966468811035156,11.025585174560547,0.8651638031005859,0.40619975328445435
536,ROIs2017_winter_s2_63_p585,0.04849284514784813,0.032299432903528214,26.286447525024414,11.448945045471191,0.8774435520172119,0.35313934087753296
537,ROIs2017_winter_s2_63_p586,0.056720901280641556,0.03793427348136902,24.92513656616211,13.138925552368164,0.8567250967025757,0.37016546726226807
538,ROIs2017_winter_s2_63_p587,0.05997155234217644,0.03964194282889366,24.44109344482422,13.570281982421875,0.848847508430481,0.40153518319129944
539,ROIs2017_winter_s2_63_p588,0.052957188338041306,0.035130228847265244,25.521503448486328,11.628738403320312,0.8563680052757263,0.40458235144615173
540,ROIs2017_winter_s2_63_p589,0.047110091894865036,0.03157075494527817,26.537721633911133,9.834242820739746,0.8512276411056519,0.4312180280685425
541,ROIs2017_winter_s2_63_p590,0.04350045323371887,0.028838498517870903,27.230127334594727,9.18646240234375,0.8627046346664429,0.41402673721313477
542,ROIs2017_winter_s2_63_p591,0.046478018164634705,0.03051646798849106,26.655046463012695,9.528020858764648,0.8604927062988281,0.41500037908554077
543,ROIs2017_winter_s2_63_p592,0.046701010316610336,0.030590416863560677,26.613473892211914,9.50002384185791,0.8440425395965576,0.4452582001686096
544,ROIs2017_winter_s2_63_p593,0.04346349462866783,0.029124818742275238,27.23750877380371,9.255416870117188,0.8462584614753723,0.4561697840690613
545,ROIs2017_winter_s2_63_p594,0.0490189790725708,0.03339526802301407,26.19271469116211,10.232337951660156,0.825196385383606,0.4667452573776245
546,ROIs2017_winter_s2_63_p595,0.05265194922685623,0.03555692732334137,25.57171058654785,11.249414443969727,0.8121892213821411,0.49052923917770386
547,ROIs2017_winter_s2_63_p596,0.0566256120800972,0.03725684806704521,24.939743041992188,11.561052322387695,0.8071753978729248,0.49128782749176025
548,ROIs2017_winter_s2_63_p597,0.058829959481954575,0.038770146667957306,24.608030319213867,11.454784393310547,0.8166478872299194,0.4749097228050232
549,ROIs2017_winter_s2_63_p598,0.05698627978563309,0.037659741938114166,24.884593963623047,11.85007095336914,0.8332854509353638,0.4703634977340698
550,ROIs2017_winter_s2_63_p599,0.05587936192750931,0.03686686232686043,25.05497169494629,12.22869873046875,0.8254203200340271,0.4684605598449707
551,ROIs2017_winter_s2_63_p600,0.05592939257621765,0.037345461547374725,25.047199249267578,12.061012268066406,0.8172807097434998,0.4812414050102234
552,ROIs2017_winter_s2_63_p601,0.054548002779483795,0.03679146245121956,25.264423370361328,11.725785255432129,0.816511332988739,0.492143839597702
553,ROIs2017_winter_s2_63_p602,0.05734803527593613,0.0390058234333992,24.829631805419922,12.236457824707031,0.8053803443908691,0.49389922618865967
554,ROIs2017_winter_s2_63_p603,0.05941269174218178,0.04033232480287552,24.522417068481445,13.190557479858398,0.7925750017166138,0.48664259910583496
555,ROIs2017_winter_s2_63_p604,0.05765318498015404,0.03874503821134567,24.783533096313477,13.190937042236328,0.7928123474121094,0.48662474751472473
556,ROIs2017_winter_s2_63_p605,0.05782296136021614,0.03945112228393555,24.75799560546875,12.90506649017334,0.7965807914733887,0.49067455530166626
557,ROIs2017_winter_s2_63_p606,0.0587313175201416,0.040357161313295364,24.622604370117188,12.353386878967285,0.7874971032142639,0.501806914806366
558,ROIs2017_winter_s2_63_p607,0.06511519104242325,0.04420125484466553,23.72635269165039,13.812235832214355,0.7929485440254211,0.48761117458343506
559,ROIs2017_winter_s2_63_p608,0.06911987066268921,0.047606706619262695,23.207942962646484,15.064092636108398,0.8024451732635498,0.4797830283641815
560,ROIs2017_winter_s2_63_p610,0.04921523481607437,0.03279019892215729,26.158008575439453,10.207598686218262,0.8252983689308167,0.5119302868843079
561,ROIs2017_winter_s2_63_p611,0.0476217120885849,0.030875759199261665,26.44390106201172,9.779980659484863,0.8425592184066772,0.4834824502468109
562,ROIs2017_winter_s2_63_p612,0.04122639074921608,0.027787141501903534,27.696495056152344,8.71790599822998,0.872625470161438,0.43656861782073975
563,ROIs2017_winter_s2_63_p613,0.039085954427719116,0.02632608823478222,28.159587860107422,8.698710441589355,0.8938435316085815,0.3973265290260315
564,ROIs2017_winter_s2_63_p614,0.04209534823894501,0.028510255739092827,27.515317916870117,10.017294883728027,0.8979473114013672,0.35612159967422485
565,ROIs2017_winter_s2_63_p615,0.05042881518602371,0.03419096767902374,25.946426391601562,12.143001556396484,0.8787170648574829,0.3662659525871277
566,ROIs2017_winter_s2_63_p616,0.06124206632375717,0.04140106588602066,24.259004592895508,13.76585865020752,0.8470367193222046,0.38541069626808167
567,ROIs2017_winter_s2_63_p617,0.06272627413272858,0.041858870536088943,24.051010131835938,13.724089622497559,0.8326945900917053,0.3963596820831299
568,ROIs2017_winter_s2_63_p618,0.05550123751163483,0.036615803837776184,25.11394691467285,11.994869232177734,0.8357723951339722,0.4248599410057068
569,ROIs2017_winter_s2_63_p619,0.047868359833955765,0.03158837556838989,26.399028778076172,10.036344528198242,0.8507359027862549,0.4172671437263489
570,ROIs2017_winter_s2_63_p620,0.05118294805288315,0.0325164794921875,25.817493438720703,9.785799026489258,0.8407261371612549,0.4154699742794037
571,ROIs2017_winter_s2_63_p621,0.05063069611787796,0.03207007795572281,25.91172218322754,9.76612377166748,0.8285900354385376,0.4362861216068268
572,ROIs2017_winter_s2_63_p622,0.047438912093639374,0.0316334068775177,26.477306365966797,10.0595121383667,0.8323895931243896,0.4503366947174072
573,ROIs2017_winter_s2_63_p623,0.04977244511246681,0.03415212407708168,26.06022071838379,10.57040023803711,0.8120667934417725,0.48548343777656555
574,ROIs2017_winter_s2_63_p624,0.05088528245687485,0.03459368273615837,25.8681583404541,10.677979469299316,0.8031165599822998,0.4985687732696533
575,ROIs2017_winter_s2_63_p625,0.05372953042387962,0.036055367439985275,25.39573860168457,11.27520751953125,0.8120987415313721,0.4860609173774719
576,ROIs2017_winter_s2_63_p626,0.05643715709447861,0.03793510049581528,24.968698501586914,11.91884708404541,0.8128015995025635,0.466602623462677
577,ROIs2017_winter_s2_63_p627,0.05637136101722717,0.03830074518918991,24.97882843017578,12.441404342651367,0.8166841268539429,0.4608072340488434
578,ROIs2017_winter_s2_63_p628,0.05659501254558563,0.03850013017654419,24.944438934326172,13.175935745239258,0.8178173303604126,0.46535393595695496
579,ROIs2017_winter_s2_63_p629,0.05733845755457878,0.039036691188812256,24.83108139038086,13.032679557800293,0.8100055456161499,0.47411343455314636
580,ROIs2017_winter_s2_63_p630,0.06102592498064041,0.04114934429526329,24.28971290588379,13.37295150756836,0.8060223460197449,0.4827004373073578
581,ROIs2017_winter_s2_63_p631,0.06078008934855461,0.041516728699207306,24.32477569580078,13.210766792297363,0.8020569086074829,0.48076993227005005
582,ROIs2017_winter_s2_63_p632,0.05612485110759735,0.03850797563791275,25.016897201538086,12.998748779296875,0.804476797580719,0.47636497020721436
583,ROIs2017_winter_s2_63_p633,0.056106068193912506,0.03776714205741882,25.01980209350586,12.588523864746094,0.7855507135391235,0.4873419404029846
584,ROIs2017_winter_s2_63_p634,0.055397797375917435,0.03774038702249527,25.130149841308594,11.659795761108398,0.7664257884025574,0.5075091123580933
585,ROIs2017_winter_s2_63_p635,0.05484312027692795,0.03767639026045799,25.21755599975586,11.961854934692383,0.7763919830322266,0.49219876527786255
586,ROIs2017_winter_s2_63_p636,0.05704892426729202,0.03950312361121178,24.875051498413086,12.623941421508789,0.7913243174552917,0.47781217098236084
587,ROIs2017_winter_s2_63_p637,0.05989856272935867,0.04241557419300079,24.45167350769043,13.359539031982422,0.8094596862792969,0.4429696202278137
588,ROIs2017_winter_s2_63_p639,0.04882664605975151,0.032497722655534744,26.22686195373535,10.005733489990234,0.8347148895263672,0.5064098834991455
589,ROIs2017_winter_s2_63_p640,0.05008614808320999,0.03271688520908356,26.00564956665039,9.879030227661133,0.8350074291229248,0.4841386377811432
590,ROIs2017_winter_s2_63_p641,0.046130046248435974,0.030652619898319244,26.72032356262207,9.394827842712402,0.8627947568893433,0.42898187041282654
591,ROIs2017_winter_s2_63_p642,0.039416685700416565,0.02639303356409073,28.086397171020508,8.917448043823242,0.8970897793769836,0.3921264410018921
592,ROIs2017_winter_s2_63_p643,0.03687133640050888,0.025175567716360092,28.66622543334961,9.011344909667969,0.907296895980835,0.3649427890777588
593,ROIs2017_winter_s2_63_p644,0.047543175518512726,0.032110750675201416,26.458236694335938,10.61424446105957,0.8767995834350586,0.3877895176410675
594,ROIs2017_winter_s2_63_p645,0.0590219609439373,0.040194071829319,24.579727172851562,12.506114959716797,0.8349624872207642,0.4183333218097687
595,ROIs2017_winter_s2_63_p646,0.06184299662709236,0.041407257318496704,24.174190521240234,13.102743148803711,0.817946195602417,0.4297586679458618
596,ROIs2017_winter_s2_63_p647,0.05674823001027107,0.03741777688264847,24.920955657958984,11.76621150970459,0.8193986415863037,0.458257794380188
597,ROIs2017_winter_s2_63_p648,0.05124136433005333,0.033973921090364456,25.807586669921875,10.441296577453613,0.8254309892654419,0.45306435227394104
598,ROIs2017_winter_s2_63_p649,0.05450500547885895,0.03520801663398743,25.271272659301758,10.77115249633789,0.8179857134819031,0.4459742307662964
599,ROIs2017_winter_s2_63_p650,0.054739419370889664,0.03576551377773285,25.23399543762207,10.95322036743164,0.8188906908035278,0.46036115288734436
600,ROIs2017_winter_s2_63_p651,0.05000632628798485,0.03400888666510582,26.019500732421875,10.904486656188965,0.820124089717865,0.45975232124328613
601,ROIs2017_winter_s2_63_p652,0.05048473924398422,0.03431662172079086,25.936798095703125,10.970478057861328,0.8087238073348999,0.5083432197570801
602,ROIs2017_winter_s2_63_p653,0.05484824255108833,0.03706590086221695,25.216747283935547,11.277251243591309,0.7943195104598999,0.5016720294952393
603,ROIs2017_winter_s2_63_p654,0.059362344443798065,0.03970346972346306,24.529781341552734,12.811859130859375,0.8064903020858765,0.46483114361763
604,ROIs2017_winter_s2_63_p655,0.056794311851263046,0.038361482322216034,24.913902282714844,13.09167766571045,0.8206683397293091,0.45510751008987427
605,ROIs2017_winter_s2_63_p656,0.05526125431060791,0.03766358643770218,25.151586532592773,13.118664741516113,0.8148845434188843,0.46193671226501465
606,ROIs2017_winter_s2_63_p657,0.05774734914302826,0.03909742087125778,24.76936149597168,14.126447677612305,0.8103593587875366,0.46374213695526123
607,ROIs2017_winter_s2_63_p658,0.06016065925359726,0.040341395884752274,24.413747787475586,13.886350631713867,0.7954347133636475,0.4782384932041168
608,ROIs2017_winter_s2_63_p659,0.06057354435324669,0.0402301661670208,24.354341506958008,13.00766658782959,0.7882907390594482,0.48808467388153076
609,ROIs2017_winter_s2_63_p660,0.057416412979364395,0.038675714284181595,24.819278717041016,12.203861236572266,0.7917991280555725,0.48987317085266113
610,ROIs2017_winter_s2_63_p661,0.05462062358856201,0.03670815750956535,25.25286865234375,12.09269905090332,0.7976169586181641,0.4964432716369629
611,ROIs2017_winter_s2_63_p662,0.057002145797014236,0.03795892000198364,24.882179260253906,12.273736953735352,0.7799631357192993,0.5125344395637512
612,ROIs2017_winter_s2_63_p663,0.05796828866004944,0.03921911492943764,24.736190795898438,11.923150062561035,0.7635108828544617,0.5053173303604126
613,ROIs2017_winter_s2_63_p664,0.0594390332698822,0.04060329124331474,24.518566131591797,12.624391555786133,0.7730166912078857,0.48404034972190857
614,ROIs2017_winter_s2_63_p665,0.06234484165906906,0.04392877221107483,24.103992462158203,12.94794750213623,0.7792890071868896,0.49108996987342834
615,ROIs2017_winter_s2_63_p666,0.06325062364339828,0.045893192291259766,23.97870635986328,13.126582145690918,0.7864112257957458,0.4640289843082428
616,ROIs2017_winter_s2_63_p668,0.047541141510009766,0.03130236268043518,26.458608627319336,9.665699005126953,0.838667631149292,0.5037517547607422
617,ROIs2017_winter_s2_63_p669,0.049610793590545654,0.032483067363500595,26.088478088378906,9.659687995910645,0.8467112183570862,0.46816062927246094
618,ROIs2017_winter_s2_63_p670,0.04672656208276749,0.031216813251376152,26.60872459411621,9.588476181030273,0.8681427240371704,0.4225194454193115
619,ROIs2017_winter_s2_63_p671,0.044488172978162766,0.029693247750401497,27.035110473632812,9.496345520019531,0.8784434795379639,0.41006070375442505
620,ROIs2017_winter_s2_63_p672,0.042516425251960754,0.028606263920664787,27.428865432739258,9.059091567993164,0.8822536468505859,0.4092724919319153
621,ROIs2017_winter_s2_63_p673,0.04795593395829201,0.03164901211857796,26.383153915405273,9.743619918823242,0.8526997566223145,0.42466843128204346
622,ROIs2017_winter_s2_63_p674,0.04974079877138138,0.0331919863820076,26.065746307373047,10.638861656188965,0.8228775858879089,0.45888862013816833
623,ROIs2017_winter_s2_63_p675,0.04748260974884033,0.031876057386398315,26.469308853149414,10.615035057067871,0.8256422281265259,0.47509652376174927
624,ROIs2017_winter_s2_63_p676,0.050040725618600845,0.03306100517511368,26.01352882385254,10.297489166259766,0.8268274068832397,0.48907166719436646
625,ROIs2017_winter_s2_63_p677,0.051487505435943604,0.03447434678673744,25.765962600708008,10.537522315979004,0.8166796565055847,0.4743824005126953
626,ROIs2017_winter_s2_63_p678,0.050681762397289276,0.03438436985015869,25.90296745300293,10.90407657623291,0.812839686870575,0.47985905408859253
627,ROIs2017_winter_s2_63_p679,0.049973905086517334,0.03429093956947327,26.02513313293457,10.926301956176758,0.8216029405593872,0.49825018644332886
628,ROIs2017_winter_s2_63_p680,0.05181649327278137,0.035314470529556274,25.71063995361328,11.433711051940918,0.8181893825531006,0.4944961369037628
629,ROIs2017_winter_s2_63_p681,0.05245999991893768,0.035422660410404205,25.603435516357422,11.196562767028809,0.8069702982902527,0.5053927898406982
630,ROIs2017_winter_s2_63_p682,0.05712170526385307,0.03871256113052368,24.863977432250977,11.707249641418457,0.7942838668823242,0.5107392072677612
631,ROIs2017_winter_s2_63_p683,0.06604024767875671,0.04436519742012024,23.603824615478516,14.240188598632812,0.8006172180175781,0.4692143201828003
632,ROIs2017_winter_s2_63_p684,0.06377237290143967,0.04305972531437874,23.9073486328125,14.626431465148926,0.8143019676208496,0.44435247778892517
633,ROIs2017_winter_s2_63_p685,0.05813216790556908,0.03937027230858803,24.711668014526367,13.775346755981445,0.8277629613876343,0.4357790946960449
634,ROIs2017_winter_s2_63_p686,0.06341724842786789,0.043470997363328934,23.955852508544922,14.472118377685547,0.8211511969566345,0.44114404916763306
635,ROIs2017_winter_s2_63_p687,0.06200950965285301,0.04298765957355499,24.150833129882812,13.011127471923828,0.7974628210067749,0.4686858057975769
636,ROIs2017_winter_s2_63_p688,0.05670526996254921,0.038264766335487366,24.927532196044922,11.762913703918457,0.7984719276428223,0.49192383885383606
637,ROIs2017_winter_s2_63_p689,0.058466289192438126,0.03892954811453819,24.661888122558594,12.36093807220459,0.8053734302520752,0.488337904214859
638,ROIs2017_winter_s2_63_p690,0.05749789997935295,0.03847866877913475,24.806961059570312,11.779729843139648,0.7889838218688965,0.5006828308105469
639,ROIs2017_winter_s2_63_p691,0.054961737245321274,0.03804955631494522,25.19879150390625,11.26212215423584,0.7731205224990845,0.5171278715133667
640,ROIs2017_winter_s2_63_p692,0.05734708532691002,0.040031686425209045,24.82977294921875,11.595527648925781,0.7764055132865906,0.5127442479133606
641,ROIs2017_winter_s2_63_p693,0.06467041373252869,0.0461481474339962,23.785886764526367,12.664393424987793,0.7866426706314087,0.49425628781318665
642,ROIs2017_winter_s2_63_p694,0.06770320236682892,0.04949265345931053,23.3878173828125,13.560495376586914,0.7881075143814087,0.4764770567417145
643,ROIs2017_winter_s2_63_p695,0.06463108211755753,0.04845232516527176,23.79117202758789,13.835053443908691,0.7703691720962524,0.48107582330703735
644,ROIs2017_winter_s2_63_p697,0.04704694077372551,0.031383901834487915,26.549373626708984,10.115915298461914,0.8389768600463867,0.49686872959136963
645,ROIs2017_winter_s2_63_p698,0.04724303260445595,0.031181074678897858,26.51324462890625,9.860039710998535,0.8425379991531372,0.47266608476638794
646,ROIs2017_winter_s2_63_p699,0.04351673647761345,0.029341919347643852,27.22687530517578,8.969547271728516,0.8642305731773376,0.43021082878112793
647,ROIs2017_winter_s2_63_p700,0.043649956583976746,0.02909867651760578,27.20032501220703,8.825027465820312,0.8618466854095459,0.43020787835121155
648,ROIs2017_winter_s2_63_p701,0.04545008763670921,0.03032565489411354,26.849306106567383,8.973340034484863,0.8530734181404114,0.44113630056381226
649,ROIs2017_winter_s2_63_p702,0.0497283935546875,0.0330180749297142,26.067913055419922,9.886147499084473,0.8294867277145386,0.4555895924568176
650,ROIs2017_winter_s2_63_p703,0.04812704771757126,0.03212377429008484,26.352216720581055,10.519604682922363,0.8110195994377136,0.4732658267021179
651,ROIs2017_winter_s2_63_p704,0.04811083525419235,0.03246729448437691,26.35514259338379,10.729230880737305,0.8143190145492554,0.46738162636756897
652,ROIs2017_winter_s2_63_p705,0.0541703961789608,0.03591937944293022,25.32476234436035,11.394315719604492,0.8153975605964661,0.46949321031570435
653,ROIs2017_winter_s2_63_p706,0.055201586335897446,0.03656277060508728,25.160968780517578,11.579961776733398,0.8048104047775269,0.46978068351745605
654,ROIs2017_winter_s2_63_p707,0.055273015052080154,0.03640684857964516,25.149736404418945,11.46939754486084,0.8015429973602295,0.4785378575325012
655,ROIs2017_winter_s2_63_p708,0.05559266358613968,0.03725363314151764,25.09964942932129,11.674256324768066,0.8172727823257446,0.48401573300361633
656,ROIs2017_winter_s2_63_p709,0.056276727467775345,0.03830062597990036,24.993423461914062,12.121234893798828,0.8155315518379211,0.49430668354034424
657,ROIs2017_winter_s2_63_p710,0.05932583659887314,0.039762139320373535,24.53512191772461,12.63457202911377,0.8007684350013733,0.4902743399143219
658,ROIs2017_winter_s2_63_p711,0.06286706030368805,0.04216694086790085,24.031536102294922,13.040298461914062,0.7982860803604126,0.48606276512145996
659,ROIs2017_winter_s2_63_p712,0.06352872401475906,0.04297724366188049,23.94059944152832,13.990283012390137,0.8056057095527649,0.45755448937416077
660,ROIs2017_winter_s2_63_p713,0.05900619924068451,0.04054448381066322,24.582046508789062,14.154584884643555,0.8074370622634888,0.44631829857826233
661,ROIs2017_winter_s2_63_p714,0.05891793593764305,0.04012773558497429,24.595050811767578,14.146422386169434,0.8177440166473389,0.4475388824939728
662,ROIs2017_winter_s2_63_p715,0.06405097246170044,0.04496782645583153,23.86948585510254,13.755929946899414,0.8150167465209961,0.4419218599796295
663,ROIs2017_winter_s2_63_p716,0.06748681515455246,0.04628251865506172,23.415620803833008,13.6882963180542,0.8013801574707031,0.4667133688926697
664,ROIs2017_winter_s2_63_p717,0.06140756607055664,0.04076837748289108,24.235563278198242,12.801095962524414,0.7977123856544495,0.4899197220802307
665,ROIs2017_winter_s2_63_p718,0.05995655804872513,0.04048231244087219,24.443265914916992,12.18790054321289,0.7948827743530273,0.4987071752548218
666,ROIs2017_winter_s2_63_p719,0.06011514365673065,0.04179254174232483,24.420320510864258,11.782573699951172,0.7748196721076965,0.5083922147750854
667,ROIs2017_winter_s2_63_p720,0.06436767429113388,0.045427292585372925,23.826644897460938,12.451895713806152,0.7673166990280151,0.48891758918762207
668,ROIs2017_winter_s2_63_p721,0.06927221268415451,0.04914794862270355,23.188819885253906,13.424169540405273,0.7791305184364319,0.46608155965805054
669,ROIs2017_winter_s2_63_p722,0.06957381963729858,0.04875999689102173,23.15108299255371,13.997367858886719,0.8039172887802124,0.4606465995311737
670,ROIs2017_winter_s2_63_p723,0.06852512806653976,0.04830068349838257,23.283004760742188,14.701713562011719,0.8048990964889526,0.45246991515159607
671,ROIs2017_winter_s2_63_p724,0.06546393036842346,0.0468863919377327,23.67995834350586,13.788684844970703,0.7898970246315002,0.4829694926738739
672,ROIs2017_winter_s2_63_p726,0.03804013133049011,0.026295611634850502,28.395158767700195,8.78030014038086,0.8682637214660645,0.4779769480228424
673,ROIs2017_winter_s2_63_p727,0.041288554668426514,0.028261428698897362,27.683408737182617,9.241315841674805,0.8442635536193848,0.49542468786239624
674,ROIs2017_winter_s2_63_p728,0.043268028646707535,0.029079560190439224,27.27665901184082,9.088479995727539,0.8364800214767456,0.48301124572753906
675,ROIs2017_winter_s2_63_p729,0.04542725533246994,0.030540840700268745,26.85367202758789,9.505998611450195,0.8441534638404846,0.468095064163208
676,ROIs2017_winter_s2_63_p730,0.048612210899591446,0.0331452414393425,26.265090942382812,10.078252792358398,0.8403971195220947,0.4579654335975647
677,ROIs2017_winter_s2_63_p731,0.05339459702372551,0.03603099286556244,25.450056076049805,11.059350967407227,0.8160048723220825,0.47624295949935913
678,ROIs2017_winter_s2_63_p732,0.05389723926782608,0.03556877374649048,25.368669509887695,11.215452194213867,0.8062339425086975,0.47099319100379944
679,ROIs2017_winter_s2_63_p733,0.057617153972387314,0.03803689777851105,24.78896713256836,11.841996192932129,0.8015944361686707,0.4548250138759613
680,ROIs2017_winter_s2_63_p734,0.06273486465215683,0.04120500385761261,24.049819946289062,13.148181915283203,0.7974299192428589,0.4570988714694977
681,ROIs2017_winter_s2_63_p735,0.05955488234758377,0.03935561701655388,24.501651763916016,12.210409164428711,0.7925666570663452,0.4828007221221924
682,ROIs2017_winter_s2_63_p736,0.06011650711297989,0.039389047771692276,24.42012596130371,11.98443603515625,0.7951170206069946,0.4821664094924927
683,ROIs2017_winter_s2_63_p737,0.06240773946046829,0.04197273030877113,24.095232009887695,12.863314628601074,0.8084514737129211,0.45237576961517334
684,ROIs2017_winter_s2_63_p738,0.06311530619859695,0.04288177564740181,23.99730682373047,13.427963256835938,0.805465579032898,0.46024757623672485
685,ROIs2017_winter_s2_63_p739,0.06822928786277771,0.045611292123794556,23.32058334350586,15.014730453491211,0.7908601760864258,0.46710944175720215
686,ROIs2017_winter_s2_63_p740,0.07168669998645782,0.04787011817097664,22.891231536865234,16.058202743530273,0.7936557531356812,0.45390981435775757
687,ROIs2017_winter_s2_63_p741,0.06842867285013199,0.046043943613767624,23.295238494873047,15.480599403381348,0.820544958114624,0.43206852674484253
688,ROIs2017_winter_s2_63_p742,0.06912855803966522,0.04651707038283348,23.20684814453125,15.783995628356934,0.8219233155250549,0.4129357933998108
689,ROIs2017_winter_s2_63_p743,0.07142683118581772,0.048654913902282715,22.922773361206055,15.594158172607422,0.8010006546974182,0.4441901445388794
690,ROIs2017_winter_s2_63_p744,0.06993212550878525,0.04711761698126793,23.106464385986328,14.549306869506836,0.8071554899215698,0.45875680446624756
691,ROIs2017_winter_s2_63_p745,0.06488294154405594,0.042454794049263,23.75739097595215,13.700429916381836,0.8215327262878418,0.4545581042766571
692,ROIs2017_winter_s2_63_p746,0.060703523457050323,0.03916454315185547,24.335723876953125,12.958403587341309,0.8172727823257446,0.46965211629867554
693,ROIs2017_winter_s2_63_p747,0.05898367241024971,0.03830361366271973,24.585363388061523,12.37392807006836,0.8026907444000244,0.4935794174671173
694,ROIs2017_winter_s2_63_p748,0.0656755268573761,0.04361233487725258,23.651927947998047,13.204277992248535,0.7857558131217957,0.49301499128341675
695,ROIs2017_winter_s2_63_p749,0.06892682611942291,0.04814409464597702,23.23223304748535,13.960430145263672,0.7840610146522522,0.4930075407028198
696,ROIs2017_winter_s2_63_p750,0.07261204719543457,0.05182622745633125,22.779827117919922,14.782796859741211,0.7954407334327698,0.47221070528030396
697,ROIs2017_winter_s2_63_p751,0.06937328726053238,0.04854241758584976,23.17615509033203,15.014498710632324,0.798747718334198,0.4723486006259918
698,ROIs2017_winter_s2_63_p752,0.05854348838329315,0.041793935000896454,24.65043067932129,13.46489143371582,0.79680335521698,0.4779658615589142
699,ROIs2017_winter_s2_63_p753,0.054914336651563644,0.039802927523851395,25.206287384033203,12.282550811767578,0.8048545122146606,0.5035365223884583
700,ROIs2017_winter_s2_63_p755,0.03431285545229912,0.024338053539395332,29.290864944458008,7.611075401306152,0.8747836947441101,0.48911309242248535
701,ROIs2017_winter_s2_63_p756,0.04105261713266373,0.02809895947575569,27.733182907104492,8.882201194763184,0.8442642688751221,0.5048490166664124
702,ROIs2017_winter_s2_63_p757,0.0471067875623703,0.03158446401357651,26.538331985473633,9.963031768798828,0.8229430913925171,0.5044786930084229
703,ROIs2017_winter_s2_63_p758,0.05124774947762489,0.03431573510169983,25.80650520324707,10.785697937011719,0.8306033611297607,0.48390617966651917
704,ROIs2017_winter_s2_63_p759,0.051708925515413284,0.03526739776134491,25.72869110107422,11.219852447509766,0.8396369814872742,0.47287431359291077
705,ROIs2017_winter_s2_63_p760,0.056258831173181534,0.03719577565789223,24.996185302734375,12.394608497619629,0.8179274797439575,0.48173028230667114
706,ROIs2017_winter_s2_63_p761,0.05890635773539543,0.03825453668832779,24.596757888793945,12.02645492553711,0.8049519062042236,0.4764670729637146
707,ROIs2017_winter_s2_63_p762,0.05843408778309822,0.038549840450286865,24.666675567626953,11.863494873046875,0.8140286207199097,0.47574299573898315
708,ROIs2017_winter_s2_63_p763,0.06078210100531578,0.03998984396457672,24.324485778808594,13.203181266784668,0.8257220983505249,0.4652916193008423
709,ROIs2017_winter_s2_63_p764,0.05823807790875435,0.03801146149635315,24.69586181640625,12.414864540100098,0.8270286321640015,0.4511210322380066
710,ROIs2017_winter_s2_63_p765,0.057910725474357605,0.03768527880311012,24.74481964111328,12.015365600585938,0.8279045820236206,0.45510420203208923
711,ROIs2017_winter_s2_63_p766,0.06421323865652084,0.042322225868701935,23.84750747680664,13.87256908416748,0.8266386985778809,0.4431527256965637
712,ROIs2017_winter_s2_63_p767,0.06924699991941452,0.046101316809654236,23.19198226928711,15.45195484161377,0.8152717351913452,0.4372520446777344
713,ROIs2017_winter_s2_63_p768,0.06983363628387451,0.04724128544330597,23.11870765686035,15.683070182800293,0.8120299577713013,0.41508060693740845
714,ROIs2017_winter_s2_63_p769,0.0722733736038208,0.04946793243288994,22.8204345703125,15.711856842041016,0.8184330463409424,0.40757909417152405
715,ROIs2017_winter_s2_63_p770,0.07084238529205322,0.048073992133140564,22.994136810302734,15.573188781738281,0.8377577662467957,0.4080631732940674
716,ROIs2017_winter_s2_63_p771,0.067971371114254,0.0459088571369648,23.35348129272461,14.066143989562988,0.8225224018096924,0.4278452396392822
717,ROIs2017_winter_s2_63_p772,0.0690903440117836,0.04519274830818176,23.211652755737305,13.471001625061035,0.8062126636505127,0.4706229865550995
718,ROIs2017_winter_s2_63_p773,0.06165574863553047,0.03913621976971626,24.200531005859375,12.448793411254883,0.8320001363754272,0.4401814341545105
719,ROIs2017_winter_s2_63_p774,0.0500623919069767,0.03307352215051651,26.009767532348633,11.222352027893066,0.8679112195968628,0.3733364939689636
720,ROIs2017_winter_s2_63_p775,0.04042445868253708,0.02853362075984478,27.867116928100586,10.361895561218262,0.8922296166419983,0.3779715895652771
721,ROIs2017_winter_s2_63_p776,0.048824209719896317,0.034256547689437866,26.227294921875,10.882379531860352,0.8380044102668762,0.4430594742298126
722,ROIs2017_winter_s2_63_p777,0.05416131764650345,0.03810817748308182,25.326215744018555,11.774853706359863,0.8008105754852295,0.4792390763759613
723,ROIs2017_winter_s2_63_p778,0.05392288416624069,0.03818190097808838,25.364540100097656,12.33005142211914,0.8056864738464355,0.4968694746494293
724,ROIs2017_winter_s2_63_p779,0.05302181839942932,0.038156263530254364,25.510906219482422,12.518908500671387,0.8341188430786133,0.4699765741825104
725,ROIs2017_winter_s2_63_p780,0.05275679752230644,0.03823131322860718,25.554431915283203,12.384864807128906,0.8369648456573486,0.4448256492614746
726,ROIs2017_winter_s2_63_p781,0.048985473811626434,0.03571940213441849,26.198654174804688,11.958121299743652,0.8342427611351013,0.453313946723938
727,ROIs2017_winter_s2_63_p782,0.04638899117708206,0.03383658453822136,26.67169952392578,12.317499160766602,0.8384604454040527,0.47834789752960205
728,ROIs2017_winter_s2_63_p784,0.035769473761320114,0.025614432990550995,28.92974853515625,7.945359706878662,0.856831967830658,0.5318964719772339
729,ROIs2017_winter_s2_63_p785,0.041483402252197266,0.028565682470798492,27.642513275146484,9.042146682739258,0.8389280438423157,0.5270417928695679
730,ROIs2017_winter_s2_63_p786,0.04734001308679581,0.03211790323257446,26.495433807373047,10.149076461791992,0.8281651735305786,0.5122398138046265
731,ROIs2017_winter_s2_63_p787,0.04993173107504845,0.033635348081588745,26.032468795776367,10.178417205810547,0.8300175666809082,0.48506322503089905
732,ROIs2017_winter_s2_63_p788,0.052220821380615234,0.034586429595947266,25.64312744140625,10.896316528320312,0.829043447971344,0.4776347279548645
733,ROIs2017_winter_s2_63_p789,0.05838099867105484,0.03749057278037071,24.674570083618164,12.92737865447998,0.8158106803894043,0.4805973172187805
734,ROIs2017_winter_s2_63_p790,0.06647048890590668,0.04312880337238312,23.54742431640625,14.16438102722168,0.7998706698417664,0.4716360867023468
735,ROIs2017_winter_s2_63_p791,0.06742148846387863,0.04399159178137779,23.424034118652344,14.856383323669434,0.8103697299957275,0.45237109065055847
736,ROIs2017_winter_s2_63_p792,0.06900940835475922,0.04496704041957855,23.221834182739258,15.930296897888184,0.8282949328422546,0.42003634572029114
737,ROIs2017_winter_s2_63_p793,0.06691208481788635,0.043675705790519714,23.489910125732422,15.498258590698242,0.8344985246658325,0.3799586892127991
738,ROIs2017_winter_s2_63_p794,0.06719924509525299,0.04413064941763878,23.452713012695312,15.235175132751465,0.8343973159790039,0.3934839963912964
739,ROIs2017_winter_s2_63_p795,0.06329171359539032,0.042453594505786896,23.973064422607422,14.765372276306152,0.842871367931366,0.41596519947052
740,ROIs2017_winter_s2_63_p796,0.057602107524871826,0.03911899775266647,24.79123306274414,13.994629859924316,0.8396602869033813,0.4082660675048828
741,ROIs2017_winter_s2_63_p797,0.0622202567756176,0.04226264730095863,24.121362686157227,14.308168411254883,0.8321330547332764,0.4182443618774414
742,ROIs2017_winter_s2_63_p798,0.06600335240364075,0.04471847042441368,23.608680725097656,13.678510665893555,0.8241913318634033,0.422806978225708
743,ROIs2017_winter_s2_63_p799,0.061851244419813156,0.041864264756441116,24.173032760620117,12.344281196594238,0.8149274587631226,0.46063661575317383
744,ROIs2017_winter_s2_63_p800,0.053994785994291306,0.036424972116947174,25.352964401245117,11.030905723571777,0.8103172779083252,0.4837479293346405
745,ROIs2017_winter_s2_63_p801,0.04604410007596016,0.030465420335531235,26.736522674560547,10.179326057434082,0.8314862251281738,0.46933436393737793
746,ROIs2017_winter_s2_63_p802,0.04185650497674942,0.027562066912651062,27.564743041992188,9.526753425598145,0.864559531211853,0.40943849086761475
747,ROIs2017_winter_s2_63_p803,0.037139516323804855,0.025920694693922997,28.603275299072266,9.697296142578125,0.9054948687553406,0.3438493013381958
748,ROIs2017_winter_s2_63_p804,0.04346664994955063,0.03046175092458725,27.23687744140625,11.04061222076416,0.8773766756057739,0.38299107551574707
749,ROIs2017_winter_s2_63_p805,0.05329246073961258,0.03677496314048767,25.466686248779297,11.515799522399902,0.8084791898727417,0.4699825048446655
750,ROIs2017_winter_s2_63_p806,0.05476700887084007,0.03919030725955963,25.22962188720703,12.048498153686523,0.7918466329574585,0.48967769742012024
751,ROIs2017_winter_s2_63_p807,0.05695893615484238,0.04036543518304825,24.888763427734375,13.394437789916992,0.8218753337860107,0.4834967255592346
752,ROIs2017_winter_s2_63_p808,0.05361863225698471,0.03843979164958,25.413686752319336,13.358668327331543,0.8558817505836487,0.44444310665130615
753,ROIs2017_winter_s2_63_p809,0.04609224945306778,0.03384386748075485,26.72744369506836,12.515251159667969,0.87794029712677,0.4270198345184326
754,ROIs2017_winter_s2_63_p810,0.039868470281362534,0.029691971838474274,27.987407684326172,12.23155689239502,0.8793141841888428,0.42568522691726685
755,ROIs2017_winter_s2_63_p811,0.041465334594249725,0.03144713118672371,27.646297454833984,12.866576194763184,0.851951003074646,0.4532657861709595
756,ROIs2017_winter_s2_63_p813,0.03550657257437706,0.025960134342312813,28.993825912475586,7.900545120239258,0.8461300134658813,0.5324768424034119
757,ROIs2017_winter_s2_63_p814,0.03889660909771919,0.027859149500727654,28.201766967773438,8.633045196533203,0.8370716571807861,0.5335065722465515
758,ROIs2017_winter_s2_63_p815,0.04233443737030029,0.02916726842522621,27.46612548828125,9.393197059631348,0.8426544666290283,0.5208300352096558
759,ROIs2017_winter_s2_63_p816,0.0444742888212204,0.030230257660150528,27.03782081604004,9.671608924865723,0.8387488126754761,0.512852668762207
760,ROIs2017_winter_s2_63_p817,0.05458259582519531,0.035625115036964417,25.25891876220703,11.595893859863281,0.8163512945175171,0.4888363778591156
761,ROIs2017_winter_s2_63_p818,0.06616900861263275,0.04265384376049042,23.58690643310547,14.734872817993164,0.8107730746269226,0.4624125063419342
762,ROIs2017_winter_s2_63_p819,0.06914650648832321,0.04489915072917938,23.2045955657959,15.371376991271973,0.819878339767456,0.4431536793708801
763,ROIs2017_winter_s2_63_p820,0.06228134036064148,0.041037995368242264,24.112842559814453,14.576208114624023,0.8315368890762329,0.40530088543891907
764,ROIs2017_winter_s2_63_p821,0.05249740928411484,0.03640376776456833,25.597244262695312,13.564620018005371,0.8497332334518433,0.37714216113090515
765,ROIs2017_winter_s2_63_p822,0.05448014289140701,0.03802543878555298,25.27523422241211,14.25130844116211,0.8548010587692261,0.38222700357437134
766,ROIs2017_winter_s2_63_p823,0.06578455120325089,0.04508344084024429,23.637521743774414,15.732720375061035,0.8423858880996704,0.39283517003059387
767,ROIs2017_winter_s2_63_p824,0.06722382456064224,0.04648091271519661,23.449535369873047,15.583331108093262,0.8369826674461365,0.4125298857688904
768,ROIs2017_winter_s2_63_p825,0.06569401174783707,0.044598497450351715,23.649484634399414,15.72978687286377,0.8226615190505981,0.42870044708251953
769,ROIs2017_winter_s2_63_p826,0.06338895857334137,0.04223127290606499,23.959728240966797,15.165827751159668,0.8183043003082275,0.4519880414009094
770,ROIs2017_winter_s2_63_p827,0.05828559771180153,0.03924426808953285,24.68877601623535,12.827864646911621,0.804375410079956,0.4572967290878296
771,ROIs2017_winter_s2_63_p828,0.056377120316028595,0.037818487733602524,24.977943420410156,11.462651252746582,0.8029865622520447,0.46458834409713745
772,ROIs2017_winter_s2_63_p829,0.061489250510931015,0.04041218012571335,24.224014282226562,12.458209037780762,0.8180266618728638,0.4553588032722473
773,ROIs2017_winter_s2_63_p830,0.05363668501377106,0.03459116071462631,25.410762786865234,11.179919242858887,0.8518638610839844,0.41200265288352966
774,ROIs2017_winter_s2_63_p831,0.030276861041784286,0.021386325359344482,30.377784729003906,8.098390579223633,0.9209344983100891,0.34200745820999146
775,ROIs2017_winter_s2_63_p832,0.033689238131046295,0.024289021268486977,29.450176239013672,9.564908027648926,0.9104106426239014,0.34912556409835815
776,ROIs2017_winter_s2_63_p833,0.046961672604084015,0.032954104244709015,26.56513023376465,11.535810470581055,0.853715717792511,0.39776843786239624
777,ROIs2017_winter_s2_63_p834,0.05856593698263168,0.040002141147851944,24.6471004486084,13.225911140441895,0.7959660291671753,0.49224796891212463
778,ROIs2017_winter_s2_63_p835,0.05505393445491791,0.04025798663496971,25.184232711791992,12.919639587402344,0.7974827289581299,0.5072879195213318
779,ROIs2017_winter_s2_63_p836,0.0556400902569294,0.0411929152905941,25.092243194580078,12.987442016601562,0.8117241859436035,0.4992731511592865
780,ROIs2017_winter_s2_63_p837,0.0512416772544384,0.03793993592262268,25.807533264160156,12.53398323059082,0.8274295330047607,0.4910915195941925
781,ROIs2017_winter_s2_63_p838,0.04614553973078728,0.034619227051734924,26.717405319213867,12.707016944885254,0.8388592004776001,0.4778364300727844
782,ROIs2017_winter_s2_63_p839,0.044865041971206665,0.0335429310798645,26.96183967590332,13.271061897277832,0.8318306803703308,0.47884401679039
783,ROIs2017_winter_s2_63_p840,0.0463847815990448,0.034609485417604446,26.672489166259766,13.801334381103516,0.8261750340461731,0.47172683477401733
784,ROIs2017_winter_s2_108_p30,0.03796364367008209,0.02633722499012947,28.412643432617188,10.822382926940918,0.907619833946228,0.38070690631866455
785,ROIs2017_winter_s2_108_p31,0.04434125870466232,0.030878277495503426,27.063838958740234,14.211430549621582,0.8804162740707397,0.40756773948669434
786,ROIs2017_winter_s2_108_p32,0.04862234368920326,0.03354291617870331,26.263282775878906,14.645464897155762,0.8618664741516113,0.4095705449581146
787,ROIs2017_winter_s2_108_p33,0.05073582008481026,0.03483998030424118,25.893705368041992,13.604677200317383,0.8630193471908569,0.40923023223876953
788,ROIs2017_winter_s2_108_p34,0.044092655181884766,0.03032696060836315,27.1126766204834,11.129802703857422,0.8522828817367554,0.45461538434028625
789,ROIs2017_winter_s2_108_p35,0.0386311337351799,0.02680976130068302,28.26125144958496,9.284682273864746,0.8404073119163513,0.5026686191558838
790,ROIs2017_winter_s2_108_p36,0.03780864179134369,0.02633672207593918,28.448179244995117,9.501090049743652,0.8435531854629517,0.5308724641799927
791,ROIs2017_winter_s2_108_p37,0.03568870574235916,0.024637101218104362,28.949384689331055,9.943720817565918,0.8491666316986084,0.506865382194519
792,ROIs2017_winter_s2_108_p38,0.037238698452711105,0.02589273639023304,28.580110549926758,10.637046813964844,0.8613617420196533,0.4941548705101013
793,ROIs2017_winter_s2_108_p39,0.03562037646770477,0.024764662608504295,28.96603012084961,9.820059776306152,0.8726921081542969,0.4895007014274597
794,ROIs2017_winter_s2_108_p40,0.037314947694540024,0.02624349482357502,28.56234359741211,10.635050773620605,0.8807774782180786,0.4478430151939392
795,ROIs2017_winter_s2_108_p41,0.04431182146072388,0.0323147289454937,27.06960678100586,12.49300765991211,0.8945075273513794,0.38824138045310974
796,ROIs2017_winter_s2_108_p42,0.04217907413840294,0.030554717406630516,27.498058319091797,11.56281566619873,0.8920162320137024,0.3903172016143799
797,ROIs2017_winter_s2_108_p43,0.027184046804904938,0.01923545077443123,31.313716888427734,10.888282775878906,0.8806328773498535,0.29813164472579956
798,ROIs2017_winter_s2_108_p44,0.015276594087481499,0.011131126433610916,36.3194694519043,10.031410217285156,0.9134317636489868,0.11670947819948196
799,ROIs2017_winter_s2_108_p45,0.009847980923950672,0.00860824715346098,40.133056640625,8.687625885009766,0.9246392846107483,0.04831323027610779
800,ROIs2017_winter_s2_108_p46,0.013548375107347965,0.010306796990334988,37.36225509643555,9.515850067138672,0.9287222623825073,0.09780463576316833
801,ROIs2017_winter_s2_108_p47,0.01850968413054943,0.013208458200097084,34.65201950073242,10.678171157836914,0.9138943552970886,0.15542608499526978
802,ROIs2017_winter_s2_108_p48,0.0209975503385067,0.014002887532114983,33.5566291809082,10.795449256896973,0.9041153788566589,0.15312793850898743
803,ROIs2017_winter_s2_108_p49,0.03457185998558998,0.01853710226714611,29.225547790527344,11.46078872680664,0.8767250180244446,0.1908581405878067
804,ROIs2017_winter_s2_108_p50,0.03587400168180466,0.021046586334705353,28.904401779174805,11.728446006774902,0.8520060181617737,0.30937615036964417
805,ROIs2017_winter_s2_108_p51,0.025104880332946777,0.017851369455456734,32.00483703613281,10.583230972290039,0.8688978552818298,0.35215461254119873
806,ROIs2017_winter_s2_108_p52,0.024260977283120155,0.017469720914959908,32.30183410644531,9.562154769897461,0.8921576738357544,0.3602381944656372
807,ROIs2017_winter_s2_108_p54,0.02419317699968815,0.017997771501541138,32.326141357421875,11.51682186126709,0.8676242828369141,0.32382047176361084
808,ROIs2017_winter_s2_108_p55,0.02360748127102852,0.016227681189775467,32.53900909423828,11.487021446228027,0.886836051940918,0.26012277603149414
809,ROIs2017_winter_s2_108_p56,0.02580178715288639,0.016990412026643753,31.767004013061523,13.030742645263672,0.8789084553718567,0.21857720613479614
810,ROIs2017_winter_s2_108_p57,0.022712914273142815,0.014938903041183949,32.874542236328125,12.453727722167969,0.8933829069137573,0.17635975778102875
811,ROIs2017_winter_s2_108_p59,0.03489193320274353,0.02491840161383152,29.14550018310547,11.176013946533203,0.9257068634033203,0.37796616554260254
812,ROIs2017_winter_s2_108_p60,0.03621191158890724,0.025752857327461243,28.822973251342773,11.39726448059082,0.907639741897583,0.4187217950820923
813,ROIs2017_winter_s2_108_p61,0.04113522171974182,0.028469985350966454,27.715723037719727,11.978604316711426,0.8887780904769897,0.40533897280693054
814,ROIs2017_winter_s2_108_p62,0.04340888932347298,0.02974560670554638,27.248428344726562,12.660337448120117,0.8947081565856934,0.3926527500152588
815,ROIs2017_winter_s2_108_p63,0.04395853728055954,0.02998574823141098,27.139137268066406,12.179130554199219,0.8800287246704102,0.41103512048721313
816,ROIs2017_winter_s2_108_p64,0.04378724843263626,0.030462048947811127,27.173049926757812,11.178653717041016,0.8487504720687866,0.437397301197052
817,ROIs2017_winter_s2_108_p65,0.03713135048747063,0.025650564581155777,28.605186462402344,9.696276664733887,0.8606746792793274,0.4563341438770294
818,ROIs2017_winter_s2_108_p66,0.032954294234514236,0.022848619148135185,29.641759872436523,8.820354461669922,0.8595844507217407,0.4974839687347412
819,ROIs2017_winter_s2_108_p67,0.032460056245326996,0.02272774651646614,29.77301597595215,8.778121948242188,0.8543540835380554,0.5311422944068909
820,ROIs2017_winter_s2_108_p68,0.03122137300670147,0.021927809342741966,30.110960006713867,8.588248252868652,0.8754498958587646,0.4791383147239685
821,ROIs2017_winter_s2_108_p69,0.037747785449028015,0.026601018384099007,28.46217155456543,10.442307472229004,0.880911111831665,0.43309348821640015
822,ROIs2017_winter_s2_108_p70,0.04711587354540825,0.03428424149751663,26.53665542602539,12.693225860595703,0.8781458735466003,0.3919914662837982
823,ROIs2017_winter_s2_108_p71,0.03886788338422775,0.02781536802649498,28.208181381225586,10.885101318359375,0.90058434009552,0.34335559606552124
824,ROIs2017_winter_s2_108_p72,0.024180999025702477,0.01649114117026329,32.33051681518555,9.59758186340332,0.9213621616363525,0.23411959409713745
825,ROIs2017_winter_s2_108_p73,0.01405919436365366,0.0102236932143569,37.04079055786133,9.262507438659668,0.9299094080924988,0.11088593304157257
826,ROIs2017_winter_s2_108_p74,0.018548298627138138,0.012868897058069706,34.63391876220703,9.691795349121094,0.9262570738792419,0.15091300010681152
827,ROIs2017_winter_s2_108_p75,0.02137884870171547,0.015356265939772129,33.40031433105469,9.957448959350586,0.9165195226669312,0.23562967777252197
828,ROIs2017_winter_s2_108_p76,0.023897068575024605,0.017541131004691124,32.433109283447266,9.550703048706055,0.9137916564941406,0.2620142698287964
829,ROIs2017_winter_s2_108_p77,0.024255862459540367,0.017775414511561394,32.30366516113281,9.294234275817871,0.9126067161560059,0.23450596630573273
830,ROIs2017_winter_s2_108_p78,0.035015545785427094,0.02184150367975235,29.114782333374023,9.912391662597656,0.8849638104438782,0.3196001648902893
831,ROIs2017_winter_s2_108_p79,0.035301320254802704,0.022654620930552483,29.04418182373047,9.475767135620117,0.8764771223068237,0.41753721237182617
832,ROIs2017_winter_s2_108_p80,0.031009720638394356,0.021413125097751617,30.170042037963867,8.495548248291016,0.8936910629272461,0.45975610613822937
833,ROIs2017_winter_s2_108_p81,0.02846960350871086,0.02060685306787491,30.912370681762695,7.591930866241455,0.9221425652503967,0.4556250274181366
834,ROIs2017_winter_s2_108_p82,0.021734017878770828,0.01622794009745121,33.257198333740234,5.904620170593262,0.9394217729568481,0.45527753233909607
835,ROIs2017_winter_s2_108_p83,0.02586672455072403,0.01855394057929516,31.74517059326172,7.080615997314453,0.9244213104248047,0.4449429512023926
836,ROIs2017_winter_s2_108_p84,0.029531069099903107,0.021073877811431885,30.594417572021484,9.367749214172363,0.8936712741851807,0.4100227952003479
837,ROIs2017_winter_s2_108_p85,0.03571951016783714,0.025908714160323143,28.941890716552734,12.187278747558594,0.8577072620391846,0.3704507350921631
838,ROIs2017_winter_s2_108_p86,0.0357985720038414,0.025410795584321022,28.922687530517578,12.047334671020508,0.8582049012184143,0.3174576163291931
839,ROIs2017_winter_s2_108_p88,0.03407527878880501,0.024209408089518547,29.351211547851562,10.586888313293457,0.9294649362564087,0.40782779455184937
840,ROIs2017_winter_s2_108_p89,0.036431897431612015,0.02570750005543232,28.770366668701172,11.055448532104492,0.9163646697998047,0.40931436419487
841,ROIs2017_winter_s2_108_p90,0.03808523342013359,0.026738710701465607,28.38486671447754,11.534616470336914,0.9002628326416016,0.39882373809814453
842,ROIs2017_winter_s2_108_p91,0.039322711527347565,0.027786726132035255,28.107131958007812,12.240102767944336,0.8984308838844299,0.40451979637145996
843,ROIs2017_winter_s2_108_p92,0.04105105251073837,0.02856699377298355,27.7335147857666,12.146683692932129,0.88957279920578,0.4128985106945038
844,ROIs2017_winter_s2_108_p93,0.04008868709206581,0.027394231408834457,27.939563751220703,11.416718482971191,0.8891321420669556,0.3873625099658966
845,ROIs2017_winter_s2_108_p94,0.03509533405303955,0.02406565099954605,29.095012664794922,9.742412567138672,0.8937824964523315,0.4138351082801819
846,ROIs2017_winter_s2_108_p95,0.03477464243769646,0.024366013705730438,29.174747467041016,9.319557189941406,0.8676682710647583,0.50439453125
847,ROIs2017_winter_s2_108_p96,0.03494997322559357,0.024852678179740906,29.131061553955078,9.373093605041504,0.854323148727417,0.5288052558898926
848,ROIs2017_winter_s2_108_p97,0.03501691296696663,0.02469484694302082,29.114444732666016,9.661901473999023,0.87540602684021,0.4606342315673828
849,ROIs2017_winter_s2_108_p98,0.04011543095111847,0.028196189552545547,27.93377113342285,11.265945434570312,0.8751022815704346,0.4250701665878296
850,ROIs2017_winter_s2_108_p99,0.04337615147233009,0.03050854429602623,27.254980087280273,11.983945846557617,0.8807731866836548,0.39026033878326416
851,ROIs2017_winter_s2_108_p100,0.025470934808254242,0.017636803910136223,31.87910270690918,9.216263771057129,0.9201122522354126,0.2904181480407715
852,ROIs2017_winter_s2_108_p101,0.02209012769162655,0.014720974490046501,33.11603546142578,9.9931001663208,0.9120365381240845,0.2070302963256836
853,ROIs2017_winter_s2_108_p102,0.02286667563021183,0.01574520394206047,32.81593704223633,10.430758476257324,0.9071108102798462,0.1979268342256546
854,ROIs2017_winter_s2_108_p103,0.027794186025857925,0.0205204077064991,31.120922088623047,9.925549507141113,0.9015108942985535,0.2943294048309326
855,ROIs2017_winter_s2_108_p104,0.029472006484866142,0.021236753091216087,30.611804962158203,8.839237213134766,0.9100035429000854,0.35929298400878906
856,ROIs2017_winter_s2_108_p105,0.0330236479640007,0.02369225025177002,29.623498916625977,8.86349868774414,0.916733980178833,0.32314980030059814
857,ROIs2017_winter_s2_108_p106,0.02967161498963833,0.021524980664253235,30.553176879882812,8.144336700439453,0.9364386796951294,0.2873571515083313
858,ROIs2017_winter_s2_108_p107,0.02942746691405773,0.021168027073144913,30.624942779541016,8.55276107788086,0.9296363592147827,0.34880736470222473
859,ROIs2017_winter_s2_108_p108,0.027901174500584602,0.019467804580926895,31.087549209594727,7.753037929534912,0.9152089357376099,0.40840181708335876
860,ROIs2017_winter_s2_108_p109,0.03287927806377411,0.02295086719095707,29.661556243896484,8.184477806091309,0.8961529731750488,0.4413960874080658
861,ROIs2017_winter_s2_108_p110,0.027532819658517838,0.019497372210025787,31.202985763549805,6.852339744567871,0.9148497581481934,0.43910378217697144
862,ROIs2017_winter_s2_108_p111,0.022972824051976204,0.016826266422867775,32.77571105957031,5.975883483886719,0.935287594795227,0.42507874965667725
863,ROIs2017_winter_s2_108_p112,0.026340261101722717,0.018857702612876892,31.587600708007812,7.0524420738220215,0.9350787401199341,0.4129997789859772
864,ROIs2017_winter_s2_108_p113,0.035860612988471985,0.0249143298715353,28.90764617919922,10.290487289428711,0.9089115858078003,0.4048425853252411
865,ROIs2017_winter_s2_108_p114,0.044358085840940475,0.031053327023983,27.060546875,12.991292953491211,0.8817653656005859,0.40635207295417786
866,ROIs2017_winter_s2_108_p115,0.0507579930126667,0.03611856326460838,25.889911651611328,14.13897705078125,0.8703204393386841,0.39783400297164917
867,ROIs2017_winter_s2_108_p117,0.04156922176480293,0.029029496014118195,27.624561309814453,12.909472465515137,0.8958441019058228,0.4416711926460266
868,ROIs2017_winter_s2_108_p118,0.04116766154766083,0.029086362570524216,27.708877563476562,12.659614562988281,0.9221509099006653,0.38034528493881226
869,ROIs2017_winter_s2_108_p119,0.039019349962472916,0.02779003232717514,28.174400329589844,12.168669700622559,0.9188909530639648,0.3639797568321228
870,ROIs2017_winter_s2_108_p120,0.03977767005562782,0.028196271508932114,28.007213592529297,12.349981307983398,0.906775951385498,0.41179153323173523
871,ROIs2017_winter_s2_108_p121,0.03791213408112526,0.026910746470093727,28.424436569213867,11.748659133911133,0.8992495536804199,0.40043342113494873
872,ROIs2017_winter_s2_108_p122,0.03685719519853592,0.02610810287296772,28.6695556640625,11.373786926269531,0.9023295640945435,0.38089776039123535
873,ROIs2017_winter_s2_108_p123,0.03699755296111107,0.02576662413775921,28.63654136657715,10.790688514709473,0.8959077596664429,0.41286805272102356
874,ROIs2017_winter_s2_108_p124,0.039538994431495667,0.027611950412392616,28.059490203857422,10.978202819824219,0.8788111209869385,0.4512123465538025
875,ROIs2017_winter_s2_108_p125,0.03961004316806793,0.027833497151732445,28.043895721435547,10.840465545654297,0.8603883385658264,0.4944499433040619
876,ROIs2017_winter_s2_108_p126,0.03818317875266075,0.026757875457406044,28.362558364868164,10.569689750671387,0.8552024364471436,0.49613505601882935
877,ROIs2017_winter_s2_108_p127,0.037536606192588806,0.026253197342157364,28.510902404785156,10.709773063659668,0.8665024042129517,0.459968239068985
878,ROIs2017_winter_s2_108_p128,0.03265892341732979,0.023001138120889664,29.71996307373047,10.27595329284668,0.88344407081604,0.37302619218826294
879,ROIs2017_winter_s2_108_p129,0.021958181634545326,0.01520069781690836,33.16807174682617,10.3696928024292,0.911949872970581,0.21068155765533447
880,ROIs2017_winter_s2_108_p130,0.022304769605398178,0.015235724858939648,33.03204345703125,11.377482414245605,0.8939398527145386,0.16705258190631866
881,ROIs2017_winter_s2_108_p131,0.027926506474614143,0.02041485346853733,31.079666137695312,10.914440155029297,0.8924838900566101,0.263308048248291
882,ROIs2017_winter_s2_108_p132,0.03830386698246002,0.027563132345676422,28.33514976501465,10.780272483825684,0.8958007097244263,0.36276891827583313
883,ROIs2017_winter_s2_108_p133,0.04161255061626434,0.030126288533210754,27.61551284790039,11.089200973510742,0.8828340172767639,0.4037945568561554
884,ROIs2017_winter_s2_108_p134,0.03459221497178078,0.02467053383588791,29.22043228149414,9.502694129943848,0.9138515591621399,0.3255772590637207
885,ROIs2017_winter_s2_108_p135,0.025118371471762657,0.016968704760074615,32.00016784667969,6.249715328216553,0.9464379549026489,0.27206170558929443
886,ROIs2017_winter_s2_108_p136,0.028080781921744347,0.020164651796221733,31.031816482543945,7.544511318206787,0.9296845197677612,0.3445110321044922
887,ROIs2017_winter_s2_108_p137,0.029775701463222504,0.0208828654140234,30.522762298583984,7.935591697692871,0.905758261680603,0.4245186746120453
888,ROIs2017_winter_s2_108_p138,0.03504731506109238,0.024457914754748344,29.106904983520508,8.680861473083496,0.8862836956977844,0.445966899394989
889,ROIs2017_winter_s2_108_p139,0.028942683711647987,0.020095957443118095,30.769224166870117,7.527649402618408,0.8946655988693237,0.4448588490486145
890,ROIs2017_winter_s2_108_p140,0.028323160484433174,0.019403496757149696,30.95716667175293,7.386580944061279,0.9089888334274292,0.4265339970588684
891,ROIs2017_winter_s2_108_p141,0.0313880480825901,0.021651899442076683,30.064714431762695,8.576465606689453,0.9181442856788635,0.40443873405456543
892,ROIs2017_winter_s2_108_p142,0.035427674651145935,0.024738973006606102,29.013147354125977,10.50803279876709,0.916473388671875,0.39337146282196045
893,ROIs2017_winter_s2_108_p143,0.03853701427578926,0.02711302414536476,28.282440185546875,11.739828109741211,0.9100254774093628,0.3939596712589264
894,ROIs2017_winter_s2_108_p144,0.04754416272044182,0.03336600586771965,26.45805549621582,14.176681518554688,0.8998947739601135,0.3870694637298584
895,ROIs2017_winter_s2_108_p146,0.045017533004283905,0.0317637100815773,26.93236541748047,13.449569702148438,0.8618806600570679,0.4715932309627533
896,ROIs2017_winter_s2_108_p147,0.04443373903632164,0.031247194856405258,27.045743942260742,13.116790771484375,0.9150716066360474,0.37279635667800903
897,ROIs2017_winter_s2_108_p148,0.04261915013194084,0.030217809602618217,27.40790367126465,13.137140274047852,0.9272016286849976,0.35135799646377563
898,ROIs2017_winter_s2_108_p149,0.04071522876620293,0.028698066249489784,27.80486297607422,13.271994590759277,0.9148997664451599,0.40118610858917236
899,ROIs2017_winter_s2_108_p150,0.03956332430243492,0.027980031445622444,28.05414390563965,12.867347717285156,0.904944896697998,0.410687655210495
900,ROIs2017_winter_s2_108_p151,0.03478328883647919,0.0245241466909647,29.172588348388672,10.798800468444824,0.8893651366233826,0.42841899394989014
901,ROIs2017_winter_s2_108_p152,0.0363057479262352,0.024983445182442665,28.800491333007812,10.70382308959961,0.879094123840332,0.42463719844818115
902,ROIs2017_winter_s2_108_p153,0.038496796041727066,0.02620348148047924,28.2915096282959,11.182319641113281,0.8884450793266296,0.39788714051246643
903,ROIs2017_winter_s2_108_p154,0.03817056491971016,0.02610655128955841,28.365428924560547,10.776650428771973,0.8570749759674072,0.4792337715625763
904,ROIs2017_winter_s2_108_p155,0.036385517567396164,0.025367118418216705,28.781429290771484,10.258169174194336,0.8419179916381836,0.5305184125900269
905,ROIs2017_winter_s2_108_p156,0.031817350536584854,0.02257688157260418,29.946720123291016,10.041653633117676,0.8556474447250366,0.4905281066894531
906,ROIs2017_winter_s2_108_p157,0.029184143990278244,0.021517643705010414,30.697059631347656,12.408902168273926,0.8437528610229492,0.36676257848739624
907,ROIs2017_winter_s2_108_p158,0.027721619233489037,0.019253117963671684,31.14362907409668,12.840672492980957,0.8618051409721375,0.256233274936676
908,ROIs2017_winter_s2_108_p159,0.031190162524580956,0.02198377251625061,30.119647979736328,11.966755867004395,0.8665611147880554,0.3063082695007324
909,ROIs2017_winter_s2_108_p160,0.03059382550418377,0.021570682525634766,30.287324905395508,10.19639778137207,0.9003311395645142,0.35632866621017456
910,ROIs2017_winter_s2_108_p161,0.04686887934803963,0.03297644481062889,26.58230972290039,13.176891326904297,0.8884278535842896,0.37604522705078125
911,ROIs2017_winter_s2_108_p162,0.04057542234659195,0.02850595861673355,27.834739685058594,11.418519973754883,0.8935766220092773,0.3902871012687683
912,ROIs2017_winter_s2_108_p163,0.031946707516908646,0.022423183545470238,29.911479949951172,9.860458374023438,0.9272438883781433,0.32655438780784607
913,ROIs2017_winter_s2_108_p164,0.022150492295622826,0.015485894866287708,33.09233093261719,7.169127941131592,0.9562085866928101,0.2657981514930725
914,ROIs2017_winter_s2_108_p165,0.02795342728495598,0.020076308399438858,31.071298599243164,8.018325805664062,0.924100935459137,0.3534896969795227
915,ROIs2017_winter_s2_108_p166,0.03402480110526085,0.023842275142669678,29.36408805847168,8.692545890808105,0.8902621865272522,0.43793290853500366
916,ROIs2017_winter_s2_108_p167,0.036380939185619354,0.025569815188646317,28.782522201538086,9.47736644744873,0.8858698606491089,0.4229958653450012
917,ROIs2017_winter_s2_108_p168,0.033985741436481476,0.023389918729662895,29.374065399169922,9.0443696975708,0.8832635879516602,0.4197801351547241
918,ROIs2017_winter_s2_108_p169,0.0338180847465992,0.023041103035211563,29.417020797729492,8.891504287719727,0.8863751888275146,0.4205798804759979
919,ROIs2017_winter_s2_108_p170,0.0349700041115284,0.023897528648376465,29.126087188720703,9.136183738708496,0.8938052654266357,0.4162095785140991
920,ROIs2017_winter_s2_108_p171,0.03750769421458244,0.02597796358168125,28.51759147644043,10.550078392028809,0.9116907715797424,0.38457342982292175
921,ROIs2017_winter_s2_108_p172,0.043673478066921234,0.030726199969649315,27.195646286010742,13.032867431640625,0.913168728351593,0.37570568919181824
922,ROIs2017_winter_s2_108_p173,0.046875279396772385,0.03271216154098511,26.58112335205078,13.801843643188477,0.9072732925415039,0.3601171374320984
923,ROIs2017_winter_s2_108_p175,0.04215773940086365,0.029950963333249092,27.502452850341797,12.394804000854492,0.8633612990379333,0.4827951192855835
924,ROIs2017_winter_s2_108_p176,0.04072801023721695,0.028664080426096916,27.802139282226562,11.87290096282959,0.9079058170318604,0.41310763359069824
925,ROIs2017_winter_s2_108_p177,0.0437103733420372,0.03090587630867958,27.188310623168945,13.582937240600586,0.9165738821029663,0.3766055703163147
926,ROIs2017_winter_s2_108_p178,0.0419127456843853,0.02947879396378994,27.55307960510254,13.871923446655273,0.9071327447891235,0.3767411410808563
927,ROIs2017_winter_s2_108_p179,0.03660304471850395,0.025547092780470848,28.729656219482422,12.01640510559082,0.9059140682220459,0.38045257329940796
928,ROIs2017_winter_s2_108_p180,0.0368281826376915,0.02591719664633274,28.676395416259766,11.43305492401123,0.8842338919639587,0.44214576482772827
929,ROIs2017_winter_s2_108_p181,0.03722591698169708,0.025593696162104607,28.583091735839844,11.057920455932617,0.8737051486968994,0.4370743930339813
930,ROIs2017_winter_s2_108_p182,0.033682841807603836,0.022891201078891754,29.451826095581055,9.875826835632324,0.8907544612884521,0.42269766330718994
931,ROIs2017_winter_s2_108_p183,0.0356975719332695,0.024422382935881615,28.947227478027344,9.999821662902832,0.8613923192024231,0.49960029125213623
932,ROIs2017_winter_s2_108_p184,0.037393730133771896,0.026299940422177315,28.544025421142578,11.848642349243164,0.8307164907455444,0.516304075717926
933,ROIs2017_winter_s2_108_p185,0.0336558073759079,0.024929791688919067,29.458799362182617,14.267850875854492,0.8086572289466858,0.4379706084728241
934,ROIs2017_winter_s2_108_p186,0.03369990736246109,0.025615332648158073,29.447425842285156,16.020631790161133,0.7999028563499451,0.35448455810546875
935,ROIs2017_winter_s2_108_p187,0.0381978303194046,0.028060147538781166,28.35922622680664,14.61074447631836,0.8155549764633179,0.3956785798072815
936,ROIs2017_winter_s2_108_p188,0.040139347314834595,0.02714380994439125,27.92859649658203,12.239161491394043,0.8622955083847046,0.40459898114204407
937,ROIs2017_winter_s2_108_p189,0.042380623519420624,0.029141321778297424,27.456653594970703,12.193435668945312,0.8888278007507324,0.3566027283668518
938,ROIs2017_winter_s2_108_p190,0.03592078760266304,0.025163430720567703,28.893085479736328,10.886422157287598,0.9191321134567261,0.3115372061729431
939,ROIs2017_winter_s2_108_p191,0.03105298988521099,0.021860972046852112,30.15793228149414,9.589447021484375,0.9306254386901855,0.30142828822135925
940,ROIs2017_winter_s2_108_p192,0.025276493281126022,0.017887363210320473,31.945663452148438,8.161260604858398,0.945502758026123,0.3110294044017792
941,ROIs2017_winter_s2_108_p193,0.02492017298936844,0.01786513440310955,32.0689811706543,8.143638610839844,0.945871114730835,0.31189584732055664
942,ROIs2017_winter_s2_108_p194,0.02866009995341301,0.02031514048576355,30.854446411132812,8.782721519470215,0.9247416853904724,0.3322524130344391
943,ROIs2017_winter_s2_108_p195,0.038988444954156876,0.026665721088647842,28.18128204345703,10.784331321716309,0.8893105983734131,0.4012274146080017
944,ROIs2017_winter_s2_108_p196,0.039065152406692505,0.027151985093951225,28.164213180541992,10.534066200256348,0.892096757888794,0.41201090812683105
945,ROIs2017_winter_s2_108_p197,0.0375867635011673,0.02619374729692936,28.49930191040039,9.988956451416016,0.8920940160751343,0.38820356130599976
946,ROIs2017_winter_s2_108_p198,0.03309086337685585,0.023012354969978333,29.605838775634766,8.583813667297363,0.8867489099502563,0.41756531596183777
947,ROIs2017_winter_s2_108_p199,0.035835009068250656,0.024798935279250145,28.913850784301758,9.051152229309082,0.8808931708335876,0.4175216257572174
948,ROIs2017_winter_s2_108_p200,0.037091612815856934,0.02576226368546486,28.614486694335938,10.265493392944336,0.9053924083709717,0.378990113735199
949,ROIs2017_winter_s2_108_p201,0.03699399158358574,0.026125473901629448,28.637374877929688,11.071073532104492,0.9247757792472839,0.360501229763031
950,ROIs2017_winter_s2_108_p202,0.031005768105387688,0.022249754518270493,30.17115020751953,10.147733688354492,0.9425015449523926,0.3095482587814331
951,ROIs2017_winter_s2_108_p204,0.03429567813873291,0.024599406868219376,29.29521369934082,10.190387725830078,0.861486554145813,0.5122694373130798
952,ROIs2017_winter_s2_108_p205,0.04067472741007805,0.028784092515707016,27.813508987426758,12.141798973083496,0.8744561076164246,0.4862942695617676
953,ROIs2017_winter_s2_108_p206,0.04599134624004364,0.03245416656136513,26.746479034423828,13.826191902160645,0.8923278450965881,0.4370102286338806
954,ROIs2017_winter_s2_108_p207,0.04641354829072952,0.03293857350945473,26.66710662841797,14.840180397033691,0.9030115008354187,0.40049561858177185
955,ROIs2017_winter_s2_108_p208,0.04443446546792984,0.031481776386499405,27.045602798461914,14.172459602355957,0.9038814306259155,0.3934406638145447
956,ROIs2017_winter_s2_108_p209,0.04813243821263313,0.033837296068668365,26.35124397277832,14.188769340515137,0.8883697986602783,0.4219837188720703
957,ROIs2017_winter_s2_108_p210,0.04787968099117279,0.03331654518842697,26.396976470947266,13.800737380981445,0.8744221329689026,0.42565807700157166
958,ROIs2017_winter_s2_108_p211,0.039000995457172394,0.026790279895067215,28.178485870361328,11.408833503723145,0.8742793798446655,0.4569905698299408
959,ROIs2017_winter_s2_108_p212,0.036750610917806625,0.02568514086306095,28.69470977783203,11.26159954071045,0.8439586162567139,0.5066959857940674
960,ROIs2017_winter_s2_108_p213,0.04084359109401703,0.030953919515013695,27.77752113342285,17.834026336669922,0.7768862247467041,0.42711228132247925
961,ROIs2017_winter_s2_108_p214,0.030324023216962814,0.024431413039565086,30.36426544189453,19.33194351196289,0.7889770865440369,0.23644550144672394
962,ROIs2017_winter_s2_108_p215,0.03503789007663727,0.026988670229911804,29.109241485595703,17.907562255859375,0.7829484939575195,0.31721657514572144
963,ROIs2017_winter_s2_108_p216,0.03890583664178848,0.026822838932275772,28.19970703125,13.04967975616455,0.8343245983123779,0.4777217209339142
964,ROIs2017_winter_s2_108_p217,0.035365235060453415,0.024094073101878166,29.028470993041992,10.219921112060547,0.8815418481826782,0.4338605999946594
965,ROIs2017_winter_s2_108_p218,0.029463278129696846,0.020419437438249588,30.614377975463867,9.20300006866455,0.9169377088546753,0.33801043033599854
966,ROIs2017_winter_s2_108_p219,0.02846541628241539,0.020019207149744034,30.91364860534668,9.30518913269043,0.9341800808906555,0.2991882562637329
967,ROIs2017_winter_s2_108_p220,0.0304311141371727,0.021473867818713188,30.33364486694336,9.962732315063477,0.9388967752456665,0.27545326948165894
968,ROIs2017_winter_s2_108_p221,0.025982195511460304,0.018643323332071304,31.706483840942383,8.438847541809082,0.9479786157608032,0.29408586025238037
969,ROIs2017_winter_s2_108_p222,0.025409970432519913,0.01829325035214424,31.899917602539062,8.003819465637207,0.9385460615158081,0.34757930040359497
970,ROIs2017_winter_s2_108_p223,0.02700796350836754,0.019205505028367043,31.370162963867188,8.49433422088623,0.9254605770111084,0.3548215925693512
971,ROIs2017_winter_s2_108_p224,0.04126370698213577,0.028082439675927162,27.688634872436523,12.163541793823242,0.8913614749908447,0.40186604857444763
972,ROIs2017_winter_s2_108_p225,0.037449389696121216,0.025488777086138725,28.531108856201172,10.428600311279297,0.9009526968002319,0.4136083126068115
973,ROIs2017_winter_s2_108_p226,0.0349104143679142,0.023463623598217964,29.140899658203125,9.306646347045898,0.8967953324317932,0.4047631025314331
974,ROIs2017_winter_s2_108_p227,0.037407286465168,0.025513507425785065,28.540878295898438,9.68570327758789,0.8760559558868408,0.4197614789009094
975,ROIs2017_winter_s2_108_p228,0.03720402717590332,0.025544488802552223,28.58820152282715,9.910253524780273,0.8823493123054504,0.4110396206378937
976,ROIs2017_winter_s2_108_p229,0.03564561903476715,0.024751072749495506,28.959877014160156,9.900834083557129,0.9001042246818542,0.40369004011154175
977,ROIs2017_winter_s2_108_p230,0.030273400247097015,0.021437428891658783,30.37877655029297,8.543989181518555,0.9195660948753357,0.39156845211982727
978,ROIs2017_winter_s2_108_p231,0.029949557036161423,0.02144700102508068,30.472192764282227,9.08297061920166,0.9412093162536621,0.33357328176498413
979,ROIs2017_winter_s2_108_p233,0.03979559615254402,0.028613192960619926,28.003299713134766,11.402400016784668,0.8486141562461853,0.5063126087188721
980,ROIs2017_winter_s2_108_p234,0.049084849655628204,0.035054996609687805,26.181049346923828,13.99535083770752,0.8306821584701538,0.5141191482543945
981,ROIs2017_winter_s2_108_p235,0.05498039722442627,0.03873535618185997,25.195842742919922,15.691712379455566,0.8565043210983276,0.45057129859924316
982,ROIs2017_winter_s2_108_p236,0.05287586897611618,0.03710153326392174,25.534849166870117,15.30407428741455,0.8815659284591675,0.39353057742118835
983,ROIs2017_winter_s2_108_p237,0.048673637211322784,0.03458058834075928,26.25412368774414,13.664992332458496,0.8960037231445312,0.37746793031692505
984,ROIs2017_winter_s2_108_p238,0.05098754167556763,0.0359477698802948,25.850717544555664,14.05081844329834,0.8900264501571655,0.40537652373313904
985,ROIs2017_winter_s2_108_p239,0.05169140547513962,0.03626096248626709,25.73163604736328,14.619714736938477,0.8780158758163452,0.4096844494342804
986,ROIs2017_winter_s2_108_p240,0.045450903475284576,0.0320165678858757,26.849151611328125,13.560670852661133,0.8731305599212646,0.43399694561958313
987,ROIs2017_winter_s2_108_p241,0.03847276791930199,0.027492083609104156,28.296932220458984,12.361138343811035,0.838683009147644,0.5024493336677551
988,ROIs2017_winter_s2_108_p242,0.037731435149908066,0.02871357649564743,28.46593475341797,17.144189834594727,0.7713920474052429,0.42110228538513184
989,ROIs2017_winter_s2_108_p243,0.032189611345529556,0.026320816949009895,29.845685958862305,20.69139289855957,0.760500431060791,0.2331770360469818
990,ROIs2017_winter_s2_108_p244,0.03626437857747078,0.028109705075621605,28.810396194458008,18.495746612548828,0.7661499381065369,0.34475165605545044
991,ROIs2017_winter_s2_108_p245,0.03262682631611824,0.022617382928729057,29.728506088256836,10.21472454071045,0.8452913761138916,0.5221418142318726
992,ROIs2017_winter_s2_108_p246,0.034287627786397934,0.02356318198144436,29.29725456237793,9.976170539855957,0.8762194514274597,0.4496006667613983
993,ROIs2017_winter_s2_108_p247,0.03161522373557091,0.021954510360956192,30.002077102661133,9.646577835083008,0.9086295366287231,0.35903042554855347
994,ROIs2017_winter_s2_108_p248,0.030032744631171227,0.02106107771396637,30.448101043701172,9.498205184936523,0.9213093519210815,0.34154021739959717
995,ROIs2017_winter_s2_108_p249,0.028059810400009155,0.019767368212342262,31.038305282592773,9.319594383239746,0.9338101744651794,0.32296669483184814
996,ROIs2017_winter_s2_108_p250,0.02241203375160694,0.016230063512921333,32.99037551879883,7.6309309005737305,0.9508799910545349,0.29854750633239746
997,ROIs2017_winter_s2_108_p251,0.022852549329400063,0.01650713011622429,32.82130813598633,7.6648101806640625,0.9456683397293091,0.31975871324539185
998,ROIs2017_winter_s2_108_p252,0.026194287464022636,0.018736446276307106,31.635868072509766,8.413113594055176,0.9362204074859619,0.32006052136421204
999,ROIs2017_winter_s2_108_p253,0.039259571582078934,0.027212942019104958,28.121089935302734,11.600314140319824,0.9084008932113647,0.39205202460289
1000,ROIs2017_winter_s2_108_p254,0.037977300584316254,0.025993531569838524,28.40951919555664,10.639544486999512,0.9053936004638672,0.427598237991333
1001,ROIs2017_winter_s2_108_p255,0.032492537051439285,0.021247122436761856,29.764328002929688,8.531347274780273,0.8986589908599854,0.419350802898407
1002,ROIs2017_winter_s2_108_p256,0.03208310157060623,0.021056557074189186,29.874473571777344,8.664026260375977,0.8890743255615234,0.4327224791049957
1003,ROIs2017_winter_s2_108_p257,0.033114735037088394,0.022593365982174873,29.59957504272461,8.752884864807129,0.8910302519798279,0.4358406960964203
1004,ROIs2017_winter_s2_108_p258,0.03518354147672653,0.024789584800601006,29.073209762573242,9.690879821777344,0.8842002153396606,0.4452529847621918
1005,ROIs2017_winter_s2_108_p259,0.03436358645558357,0.024083305150270462,29.278030395507812,9.19751262664795,0.8875848054885864,0.44760861992836
1006,ROIs2017_winter_s2_108_p260,0.03518768027424812,0.02474336139857769,29.072187423706055,10.31801700592041,0.9177120923995972,0.3521484136581421
1007,ROIs2017_winter_s2_108_p262,0.05793340131640434,0.04110173135995865,24.74142074584961,15.897917747497559,0.8437442183494568,0.4099094569683075
1008,ROIs2017_winter_s2_108_p263,0.06232745945453644,0.04456837475299835,24.10641098022461,16.704076766967773,0.8360564112663269,0.43703025579452515
1009,ROIs2017_winter_s2_108_p264,0.0585024394094944,0.04124245047569275,24.65652084350586,15.806099891662598,0.8604573607444763,0.4014679789543152
1010,ROIs2017_winter_s2_108_p265,0.04875602200627327,0.03453168645501137,26.23943519592285,13.464319229125977,0.8870301246643066,0.32522106170654297
1011,ROIs2017_winter_s2_108_p266,0.03401638939976692,0.02496599406003952,29.366235733032227,10.439749717712402,0.9223849177360535,0.2997874617576599
1012,ROIs2017_winter_s2_108_p267,0.05053890123963356,0.03634142875671387,25.9274845123291,13.344030380249023,0.8825689554214478,0.38057035207748413
1013,ROIs2017_winter_s2_108_p268,0.05340348556637764,0.0380035899579525,25.448610305786133,14.461737632751465,0.8821386694908142,0.39614155888557434
1014,ROIs2017_winter_s2_108_p269,0.049807727336883545,0.03551085665822029,26.054065704345703,14.467487335205078,0.8828623294830322,0.41368919610977173
1015,ROIs2017_winter_s2_108_p270,0.041354864835739136,0.02977604791522026,27.66946792602539,12.680882453918457,0.8514381647109985,0.4961176812648773
1016,ROIs2017_winter_s2_108_p271,0.032420311123132706,0.023393088951706886,29.78365707397461,11.178248405456543,0.8211688995361328,0.5392510890960693
1017,ROIs2017_winter_s2_108_p272,0.03483933210372925,0.027025802060961723,29.158607482910156,17.381778717041016,0.7660609483718872,0.40118730068206787
1018,ROIs2017_winter_s2_108_p273,0.03424917161464691,0.027132544666528702,29.30699920654297,19.43874740600586,0.7580828666687012,0.32765501737594604
1019,ROIs2017_winter_s2_108_p274,0.03451032564043999,0.025633009150624275,29.24102020263672,14.957292556762695,0.8023802638053894,0.4336705207824707
1020,ROIs2017_winter_s2_108_p275,0.03112257644534111,0.022014595568180084,30.13848876953125,9.907947540283203,0.8753846287727356,0.43805235624313354
1021,ROIs2017_winter_s2_108_p276,0.041363425552845,0.029335368424654007,27.66767120361328,11.964001655578613,0.8881615400314331,0.3670475482940674
1022,ROIs2017_winter_s2_108_p277,0.03304138779640198,0.023471392691135406,29.61883544921875,10.254459381103516,0.9145044684410095,0.3574114143848419
1023,ROIs2017_winter_s2_108_p278,0.02524569258093834,0.01799551583826542,31.956253051757812,8.527639389038086,0.9335880279541016,0.35060811042785645
1024,ROIs2017_winter_s2_108_p279,0.022521335631608963,0.016437241807579994,32.948116302490234,8.010380744934082,0.9519443511962891,0.2588966190814972
1025,ROIs2017_winter_s2_108_p280,0.02512711100280285,0.01815774105489254,31.997148513793945,8.69398307800293,0.9544032216072083,0.22276151180267334
1026,ROIs2017_winter_s2_108_p281,0.02770346961915493,0.019776497036218643,31.14931869506836,9.07458209991455,0.9505594372749329,0.2842305600643158
1027,ROIs2017_winter_s2_108_p282,0.04262181371450424,0.029799075797200203,27.40736198425293,12.281625747680664,0.9197173714637756,0.3860974907875061
1028,ROIs2017_winter_s2_108_p283,0.04073714464902878,0.028013993054628372,27.800188064575195,11.44129753112793,0.9034303426742554,0.4216957986354828
1029,ROIs2017_winter_s2_108_p284,0.03512141481041908,0.023310959339141846,29.088558197021484,9.00974178314209,0.8962770700454712,0.4389668107032776
1030,ROIs2017_winter_s2_108_p285,0.030039964243769646,0.02027423121035099,30.446012496948242,7.990228176116943,0.8896752595901489,0.45860472321510315
1031,ROIs2017_winter_s2_108_p286,0.03062174841761589,0.02109423093497753,30.279399871826172,7.9296770095825195,0.8754568099975586,0.4929816722869873
1032,ROIs2017_winter_s2_108_p287,0.037006549537181854,0.025837618857622147,28.634429931640625,9.492673873901367,0.8534020185470581,0.5038963556289673
1033,ROIs2017_winter_s2_108_p288,0.04155807942152023,0.028738560155034065,27.62689208984375,10.746416091918945,0.8600246906280518,0.465548574924469
1034,ROIs2017_winter_s2_108_p289,0.0384182371199131,0.026539849117398262,28.30925178527832,10.928722381591797,0.8973531126976013,0.377726286649704
1035,ROIs2017_winter_s2_108_p291,0.05203519016504288,0.03542130067944527,25.674057006835938,13.936726570129395,0.8811935186386108,0.30296820402145386
1036,ROIs2017_winter_s2_108_p292,0.04860363155603409,0.03357654809951782,26.26662826538086,12.807533264160156,0.8978133797645569,0.30719122290611267
1037,ROIs2017_winter_s2_108_p293,0.04515296220779419,0.03186793252825737,26.90627670288086,11.833949089050293,0.9092718362808228,0.3133581280708313
1038,ROIs2017_winter_s2_108_p294,0.03522719815373421,0.026303155347704887,29.06243896484375,10.475361824035645,0.9209736585617065,0.28990527987480164
1039,ROIs2017_winter_s2_108_p295,0.03559606149792671,0.026737429201602936,28.971960067749023,10.818550109863281,0.9130202531814575,0.3011719286441803
1040,ROIs2017_winter_s2_108_p296,0.03881728649139404,0.029038336127996445,28.219497680664062,11.048190116882324,0.9082013368606567,0.3240051865577698
1041,ROIs2017_winter_s2_108_p297,0.04291674494743347,0.03174485266208649,27.34746742248535,12.504196166992188,0.8875126242637634,0.375040203332901
1042,ROIs2017_winter_s2_108_p298,0.04361556097865105,0.031998418271541595,27.207172393798828,12.91246509552002,0.8682531714439392,0.43185487389564514
1043,ROIs2017_winter_s2_108_p299,0.04174445942044258,0.030322642996907234,27.588024139404297,12.211461067199707,0.8443293571472168,0.5104526877403259
1044,ROIs2017_winter_s2_108_p300,0.03726525232195854,0.026478970423340797,28.57392120361328,11.183637619018555,0.8212044835090637,0.5720013380050659
1045,ROIs2017_winter_s2_108_p301,0.036683082580566406,0.02673793025314808,28.71068572998047,14.399051666259766,0.7798622250556946,0.502078652381897
1046,ROIs2017_winter_s2_108_p302,0.03169172257184982,0.025410445407032967,29.981082916259766,19.550308227539062,0.7556347846984863,0.29798346757888794
1047,ROIs2017_winter_s2_108_p303,0.03293341025710106,0.025707222521305084,29.647266387939453,18.54239845275879,0.7703639268875122,0.3054697513580322
1048,ROIs2017_winter_s2_108_p304,0.032855529338121414,0.023944908753037453,29.66783332824707,12.120133399963379,0.8478391170501709,0.4437377452850342
1049,ROIs2017_winter_s2_108_p305,0.041093859821558,0.02920028194785118,27.72446060180664,12.158827781677246,0.8790423274040222,0.41149798035621643
1050,ROIs2017_winter_s2_108_p306,0.034086327999830246,0.024570433422923088,29.34839630126953,10.929655075073242,0.9048522114753723,0.3752139210700989
1051,ROIs2017_winter_s2_108_p307,0.03101152367889881,0.02236226573586464,30.169536590576172,10.10643482208252,0.9201401472091675,0.3534057140350342
1052,ROIs2017_winter_s2_108_p308,0.0343778096139431,0.02468537911772728,29.27443504333496,10.90198802947998,0.9323058128356934,0.28781312704086304
1053,ROIs2017_winter_s2_108_p309,0.03575827553868294,0.02565736509859562,28.93246841430664,11.51491641998291,0.9400010108947754,0.2255648374557495
1054,ROIs2017_winter_s2_108_p310,0.03338136896491051,0.02392129972577095,29.529916763305664,10.485921859741211,0.9471542239189148,0.2589978277683258
1055,ROIs2017_winter_s2_108_p311,0.041353628039360046,0.029047884047031403,27.669727325439453,11.486795425415039,0.9147158861160278,0.3803647458553314
1056,ROIs2017_winter_s2_108_p312,0.04187706485390663,0.02900637686252594,27.56047821044922,11.28377914428711,0.897974967956543,0.41311749815940857
1057,ROIs2017_winter_s2_108_p313,0.03783462569117546,0.025961505249142647,28.44221305847168,10.230612754821777,0.898688793182373,0.4203764796257019
1058,ROIs2017_winter_s2_108_p314,0.034444667398929596,0.023591522127389908,29.25756072998047,9.236109733581543,0.8896082639694214,0.4400530755519867
1059,ROIs2017_winter_s2_108_p315,0.03275905176997185,0.02236388809978962,29.693374633789062,8.303276062011719,0.8691440224647522,0.49495017528533936
1060,ROIs2017_winter_s2_108_p316,0.03714586794376373,0.026003874838352203,28.601789474487305,9.389567375183105,0.8445925116539001,0.5266062617301941
1061,ROIs2017_winter_s2_108_p317,0.045950766652822495,0.03193264082074165,26.754146575927734,11.966318130493164,0.8488394021987915,0.47550755739212036
1062,ROIs2017_winter_s2_108_p318,0.04477008804678917,0.030964966863393784,26.980239868164062,11.808046340942383,0.8850148916244507,0.3737577497959137
1063,ROIs2017_winter_s2_108_p320,0.02950705960392952,0.019985731691122055,30.601482391357422,8.950313568115234,0.9325276613235474,0.2949894070625305
1064,ROIs2017_winter_s2_108_p321,0.02838888019323349,0.019189486280083656,30.93703269958496,8.450118064880371,0.9486395120620728,0.2566772401332855
1065,ROIs2017_winter_s2_108_p322,0.0297551266849041,0.02139298804104328,30.528764724731445,8.682732582092285,0.9440125226974487,0.2888967990875244
1066,ROIs2017_winter_s2_108_p323,0.037065379321575165,0.027496103197336197,28.62063217163086,10.27749252319336,0.915035605430603,0.3170958459377289
1067,ROIs2017_winter_s2_108_p324,0.04144981876015663,0.03080211766064167,27.649545669555664,11.76367473602295,0.8981680274009705,0.30543652176856995
1068,ROIs2017_winter_s2_108_p325,0.041506096720695496,0.031307172030210495,27.63776397705078,12.008111953735352,0.8856479525566101,0.33382153511047363
1069,ROIs2017_winter_s2_108_p326,0.04132641479372978,0.03108065575361252,27.675447463989258,12.397394180297852,0.8705255389213562,0.40271496772766113
1070,ROIs2017_winter_s2_108_p327,0.04195652902126312,0.03139035776257515,27.544010162353516,12.373239517211914,0.8458139300346375,0.46965301036834717
1071,ROIs2017_winter_s2_108_p328,0.046478986740112305,0.03401831537485123,26.654869079589844,13.033599853515625,0.8020049333572388,0.5701909065246582
1072,ROIs2017_winter_s2_108_p329,0.039196573197841644,0.027826914563775063,28.135040283203125,11.684497833251953,0.807024359703064,0.5986819863319397
1073,ROIs2017_winter_s2_108_p330,0.03738903999328613,0.027426205575466156,28.545114517211914,15.745908737182617,0.7690674066543579,0.4855530560016632
1074,ROIs2017_winter_s2_108_p331,0.03590225428342819,0.02832329459488392,28.897567749023438,20.241851806640625,0.7402809858322144,0.3323515057563782
1075,ROIs2017_winter_s2_108_p332,0.03648258000612259,0.0277719683945179,28.758289337158203,17.789674758911133,0.7646617889404297,0.38502633571624756
1076,ROIs2017_winter_s2_108_p333,0.03250773623585701,0.0232277512550354,29.760265350341797,11.342611312866211,0.8393255472183228,0.4705609679222107
1077,ROIs2017_winter_s2_108_p334,0.038763679563999176,0.027209585532546043,28.231502532958984,11.868919372558594,0.8656631708145142,0.4536438584327698
1078,ROIs2017_winter_s2_108_p335,0.029509318992495537,0.02119225077331066,30.60081672668457,9.714071273803711,0.9048207998275757,0.41107216477394104
1079,ROIs2017_winter_s2_108_p336,0.0303571205586195,0.021964270621538162,30.35478973388672,9.750184059143066,0.9207350611686707,0.36766040325164795
1080,ROIs2017_winter_s2_108_p337,0.03954557701945305,0.028658950701355934,28.058042526245117,11.780926704406738,0.9176299571990967,0.31223630905151367
1081,ROIs2017_winter_s2_108_p338,0.03835708275437355,0.027986034750938416,28.323089599609375,11.936376571655273,0.9290134310722351,0.2705175578594208
1082,ROIs2017_winter_s2_108_p339,0.03780794143676758,0.027461661025881767,28.448341369628906,11.501677513122559,0.9325213432312012,0.2598921060562134
1083,ROIs2017_winter_s2_108_p340,0.04196209833025932,0.02997593767940998,27.542858123779297,11.20348072052002,0.907533586025238,0.32874926924705505
1084,ROIs2017_winter_s2_108_p341,0.04129459336400032,0.029019009321928024,27.6821346282959,10.925847053527832,0.9036142826080322,0.39954614639282227
1085,ROIs2017_winter_s2_108_p342,0.039243124425411224,0.02752125822007656,28.12472915649414,11.101163864135742,0.9169313907623291,0.38354337215423584
1086,ROIs2017_winter_s2_108_p343,0.038267359137535095,0.026653189212083817,28.34343147277832,11.083598136901855,0.9157018065452576,0.3931625485420227
1087,ROIs2017_winter_s2_108_p344,0.03710535541176796,0.026056606322526932,28.611268997192383,10.387982368469238,0.9007033109664917,0.43699488043785095
1088,ROIs2017_winter_s2_108_p345,0.03522934392094612,0.025134986266493797,29.06191062927246,8.940868377685547,0.8773918747901917,0.4786536991596222
1089,ROIs2017_winter_s2_108_p346,0.039934080094099045,0.02756587415933609,27.973127365112305,10.415164947509766,0.8616809248924255,0.4818040728569031
1090,ROIs2017_winter_s2_108_p347,0.04228011891245842,0.02860322967171669,27.477275848388672,10.866582870483398,0.8780513405799866,0.43975794315338135
1091,ROIs2017_winter_s2_108_p349,0.025438975542783737,0.0176957119256258,31.8900089263916,8.30695915222168,0.9194463491439819,0.3743504285812378
1092,ROIs2017_winter_s2_108_p350,0.026830410584807396,0.01854509487748146,31.427452087402344,8.153090476989746,0.9393181800842285,0.31006643176078796
1093,ROIs2017_winter_s2_108_p351,0.02964840829372406,0.021324750036001205,30.559974670410156,8.641802787780762,0.9376816749572754,0.3307499885559082
1094,ROIs2017_winter_s2_108_p352,0.0373757928609848,0.02743498794734478,28.54819107055664,10.182162284851074,0.9074901342391968,0.37283310294151306
1095,ROIs2017_winter_s2_108_p353,0.04158155620098114,0.0309092216193676,27.621984481811523,11.314101219177246,0.8818396329879761,0.3678779602050781
1096,ROIs2017_winter_s2_108_p354,0.04769023507833481,0.035810686647892,26.43140983581543,13.205021858215332,0.8433783054351807,0.40996551513671875
1097,ROIs2017_winter_s2_108_p355,0.04351077228784561,0.03206239268183708,27.228065490722656,12.446167945861816,0.8476802706718445,0.4693443179130554
1098,ROIs2017_winter_s2_108_p356,0.03892037644982338,0.028525665402412415,28.19645881652832,10.75790786743164,0.8428841829299927,0.5138480067253113
1099,ROIs2017_winter_s2_108_p357,0.04505348950624466,0.032690465450286865,26.925430297851562,12.262072563171387,0.8021838665008545,0.6011749505996704
1100,ROIs2017_winter_s2_108_p358,0.039917100220918655,0.02845357544720173,27.97681999206543,13.166983604431152,0.8110212087631226,0.5843602418899536
1101,ROIs2017_winter_s2_108_p359,0.0427984744310379,0.03192319720983505,27.371435165405273,19.088523864746094,0.7534282207489014,0.4503099322319031
1102,ROIs2017_winter_s2_108_p360,0.042412955313920975,0.032123398035764694,27.450029373168945,19.518739700317383,0.7414641380310059,0.4204782247543335
1103,ROIs2017_winter_s2_108_p361,0.03584732487797737,0.02571522444486618,28.910865783691406,12.09107494354248,0.8000184297561646,0.5272785425186157
1104,ROIs2017_winter_s2_108_p362,0.04725605249404907,0.033537883311510086,26.51085090637207,13.500722885131836,0.817473292350769,0.5076073408126831
1105,ROIs2017_winter_s2_108_p363,0.044031571596860886,0.031186813488602638,27.124717712402344,12.815874099731445,0.8648367524147034,0.4297216236591339
1106,ROIs2017_winter_s2_108_p364,0.02928099036216736,0.021019097417593002,30.668285369873047,8.986780166625977,0.9106993675231934,0.38784289360046387
1107,ROIs2017_winter_s2_108_p365,0.027205439284443855,0.018497172743082047,31.306886672973633,8.092928886413574,0.9217182397842407,0.3705710172653198
1108,ROIs2017_winter_s2_108_p366,0.03690413758158684,0.025572363287210464,28.65850067138672,10.603906631469727,0.9120011925697327,0.3293061852455139
1109,ROIs2017_winter_s2_108_p367,0.039082542061805725,0.028547007590532303,28.16034507751465,11.827234268188477,0.9157760143280029,0.2919010519981384
1110,ROIs2017_winter_s2_108_p368,0.03786800801753998,0.027867285534739494,28.434553146362305,11.857778549194336,0.9235706329345703,0.29058748483657837
1111,ROIs2017_winter_s2_108_p369,0.038243163377046585,0.027746714651584625,28.348922729492188,11.143501281738281,0.9242184162139893,0.2774679362773895
1112,ROIs2017_winter_s2_108_p370,0.03512066602706909,0.02532491832971573,29.088747024536133,9.991801261901855,0.9348222017288208,0.29538434743881226
1113,ROIs2017_winter_s2_108_p371,0.03389931842684746,0.024608390405774117,29.396181106567383,9.699607849121094,0.9415802955627441,0.29737091064453125
1114,ROIs2017_winter_s2_108_p372,0.03706895187497139,0.026675136759877205,28.619794845581055,10.649469375610352,0.9343318939208984,0.33676013350486755
1115,ROIs2017_winter_s2_108_p373,0.046198416501283646,0.0325554758310318,26.70745849609375,13.231603622436523,0.9082152247428894,0.38730642199516296
1116,ROIs2017_winter_s2_108_p374,0.04255126789212227,0.030644303187727928,27.421751022338867,11.104125022888184,0.8879895210266113,0.4119892418384552
1117,ROIs2017_winter_s2_108_p375,0.038719695061445236,0.027308717370033264,28.241363525390625,9.856855392456055,0.8797271251678467,0.46379518508911133
1118,ROIs2017_winter_s2_108_p376,0.0349859856069088,0.0242148470133543,29.122119903564453,8.720107078552246,0.8712862133979797,0.5065981149673462
1119,ROIs2017_winter_s2_108_p378,0.027005771175026894,0.019233068451285362,31.370868682861328,8.111513137817383,0.897476315498352,0.4322925806045532
1120,ROIs2017_winter_s2_108_p379,0.03304031863808632,0.023713819682598114,29.619117736816406,9.367701530456543,0.8990098834037781,0.3898865282535553
1121,ROIs2017_winter_s2_108_p380,0.03698839247226715,0.026855798438191414,28.638690948486328,10.510421752929688,0.8856292963027954,0.40132296085357666
1122,ROIs2017_winter_s2_108_p381,0.03825248032808304,0.028398413211107254,28.34680938720703,10.523963928222656,0.8738579750061035,0.4543280005455017
1123,ROIs2017_winter_s2_108_p382,0.0421796552836895,0.031814612448215485,27.497940063476562,11.391780853271484,0.8434628248214722,0.48587894439697266
1124,ROIs2017_winter_s2_108_p383,0.04534228891134262,0.033879995346069336,26.869930267333984,12.792379379272461,0.8278812170028687,0.498362272977829
1125,ROIs2017_winter_s2_108_p384,0.04333270713686943,0.0319831520318985,27.263683319091797,12.571900367736816,0.8349055051803589,0.517735481262207
1126,ROIs2017_winter_s2_108_p385,0.03808462992310524,0.028091127052903175,28.385007858276367,10.619646072387695,0.8374119997024536,0.5399612188339233
1127,ROIs2017_winter_s2_108_p386,0.04003378376364708,0.02933032065629959,27.95146942138672,11.085233688354492,0.834182858467102,0.5763190984725952
1128,ROIs2017_winter_s2_108_p387,0.03902434930205345,0.02832542173564434,28.17328643798828,13.445148468017578,0.8252971172332764,0.559881865978241
1129,ROIs2017_winter_s2_108_p388,0.04569742828607559,0.03327430039644241,26.802165985107422,18.600500106811523,0.7659841775894165,0.47701942920684814
1130,ROIs2017_winter_s2_108_p389,0.04236280173063278,0.030459288507699966,27.460308074951172,16.07676887512207,0.7694584131240845,0.49720388650894165
1131,ROIs2017_winter_s2_108_p390,0.03862476348876953,0.027341851964592934,28.262683868408203,11.063213348388672,0.8223394155502319,0.5572987198829651
1132,ROIs2017_winter_s2_108_p391,0.04452507942914963,0.031742505729198456,27.027908325195312,12.583001136779785,0.8535763025283813,0.4790968596935272
1133,ROIs2017_winter_s2_108_p392,0.04094797745347023,0.029584545642137527,27.755352020263672,11.464678764343262,0.898064374923706,0.3824716806411743
1134,ROIs2017_winter_s2_108_p393,0.028337575495243073,0.020512379705905914,30.952747344970703,8.60161304473877,0.9188016653060913,0.36125099658966064
1135,ROIs2017_winter_s2_108_p394,0.02429165318608284,0.016139084473252296,32.29085922241211,7.121596813201904,0.9170181751251221,0.37819579243659973
1136,ROIs2017_winter_s2_108_p395,0.027150576934218407,0.018078159540891647,31.324417114257812,7.7949042320251465,0.9199737906455994,0.34795600175857544
1137,ROIs2017_winter_s2_108_p396,0.038047850131988525,0.027418119832873344,28.39339828491211,11.275665283203125,0.9074022173881531,0.3342019319534302
1138,ROIs2017_winter_s2_108_p397,0.03882034495472908,0.028792645782232285,28.218812942504883,12.4442777633667,0.916898250579834,0.33832019567489624
1139,ROIs2017_winter_s2_108_p398,0.03481978550553322,0.02566416747868061,29.163476943969727,11.368302345275879,0.932512104511261,0.3105742931365967
1140,ROIs2017_winter_s2_108_p399,0.029466724023222923,0.021682824939489365,30.61336326599121,9.601542472839355,0.9516260623931885,0.2526780366897583
1141,ROIs2017_winter_s2_108_p400,0.02836446836590767,0.020831091329455376,30.944507598876953,9.101815223693848,0.9495227336883545,0.2912139892578125
1142,ROIs2017_winter_s2_108_p401,0.029457861557602882,0.021527020260691643,30.615976333618164,9.268051147460938,0.942703366279602,0.32826143503189087
1143,ROIs2017_winter_s2_108_p402,0.04381493851542473,0.031649716198444366,27.167556762695312,11.644150733947754,0.9030236005783081,0.3569785952568054
1144,ROIs2017_winter_s2_108_p403,0.04821059852838516,0.03467965126037598,26.33715057373047,12.195075035095215,0.885643720626831,0.3720574378967285
1145,ROIs2017_winter_s2_108_p404,0.04631830379366875,0.03251025825738907,26.684947967529297,12.231158256530762,0.8929328918457031,0.39232462644577026
1146,ROIs2017_winter_s2_108_p405,0.043310485780239105,0.03023453801870346,27.268138885498047,11.489765167236328,0.8781530857086182,0.43863537907600403
1147,ROIs2017_winter_s2_108_p407,0.03087533451616764,0.02250487171113491,30.207765579223633,9.096697807312012,0.8841433525085449,0.4532267153263092
1148,ROIs2017_winter_s2_108_p408,0.0322268083691597,0.02357017993927002,29.83565330505371,9.159314155578613,0.880484938621521,0.4501737356185913
1149,ROIs2017_winter_s2_108_p409,0.03740405663847923,0.027455762028694153,28.5416259765625,10.588129997253418,0.8512664437294006,0.4836370646953583
1150,ROIs2017_winter_s2_108_p410,0.04046036675572395,0.030058665201067924,27.859403610229492,11.56767463684082,0.8410981893539429,0.5168569684028625
1151,ROIs2017_winter_s2_108_p411,0.04073512181639671,0.03051474504172802,27.80061912536621,12.15717601776123,0.8281804323196411,0.5247741937637329
1152,ROIs2017_winter_s2_108_p412,0.04191778227686882,0.03154117241501808,27.552034378051758,13.321084022521973,0.8248944282531738,0.5269189476966858
1153,ROIs2017_winter_s2_108_p413,0.04353909194469452,0.03266502916812897,27.222414016723633,13.178671836853027,0.8290987610816956,0.523033082485199
1154,ROIs2017_winter_s2_108_p414,0.04913555085659027,0.036367129534482956,26.17208480834961,14.249077796936035,0.7982863783836365,0.5886433124542236
1155,ROIs2017_winter_s2_108_p415,0.04559433087706566,0.03322696313261986,26.82178497314453,12.833104133605957,0.8165432214736938,0.583372175693512
1156,ROIs2017_winter_s2_108_p416,0.028778497129678726,0.021043876186013222,30.81863784790039,10.309091567993164,0.8458079099655151,0.4669013023376465
1157,ROIs2017_winter_s2_108_p417,0.036102045327425,0.027064865455031395,28.849363327026367,15.561376571655273,0.7885788679122925,0.44065719842910767
1158,ROIs2017_winter_s2_108_p418,0.03705386817455292,0.02654166892170906,28.623329162597656,13.20212459564209,0.8010684251785278,0.5253954529762268
1159,ROIs2017_winter_s2_108_p419,0.039714694023132324,0.027621330693364143,28.020977020263672,11.628936767578125,0.8381545543670654,0.5380110740661621
1160,ROIs2017_winter_s2_108_p420,0.04303320497274399,0.030405506491661072,27.323925018310547,12.399456977844238,0.8685201406478882,0.4638407230377197
1161,ROIs2017_winter_s2_108_p421,0.038014717400074005,0.027544565498828888,28.400964736938477,10.985544204711914,0.9046630859375,0.3723564147949219
1162,ROIs2017_winter_s2_108_p422,0.028098199516534805,0.02010153792798519,31.026430130004883,8.08914852142334,0.9234669208526611,0.35654014348983765
1163,ROIs2017_winter_s2_108_p423,0.02402035892009735,0.017032116651535034,32.38841247558594,7.213188171386719,0.9185338020324707,0.39194077253341675
1164,ROIs2017_winter_s2_108_p424,0.023608585819602013,0.016663674265146255,32.53860092163086,7.126389503479004,0.9232745170593262,0.36178821325302124
1165,ROIs2017_winter_s2_108_p425,0.032974112778902054,0.023511990904808044,29.636539459228516,10.109997749328613,0.9184577465057373,0.31833988428115845
1166,ROIs2017_winter_s2_108_p426,0.03952915221452713,0.0288370531052351,28.06165313720703,12.529752731323242,0.9066522121429443,0.344542920589447
1167,ROIs2017_winter_s2_108_p427,0.03648920729756355,0.027048932388424873,28.756711959838867,12.188225746154785,0.913923442363739,0.3630083203315735
1168,ROIs2017_winter_s2_108_p428,0.029630810022354126,0.02255082130432129,30.565128326416016,10.58126449584961,0.9385684728622437,0.3240533471107483
1169,ROIs2017_winter_s2_108_p429,0.02804029919207096,0.021011555567383766,31.044347763061523,9.534435272216797,0.931498646736145,0.3494790196418762
1170,ROIs2017_winter_s2_108_p430,0.026984941214323044,0.02001376450061798,31.37757110595703,9.00874137878418,0.9306880235671997,0.35934537649154663
1171,ROIs2017_winter_s2_108_p431,0.02933536097407341,0.020687606185674667,30.652172088623047,7.953510761260986,0.9343773126602173,0.3224082887172699
1172,ROIs2017_winter_s2_108_p432,0.03236577659845352,0.023285381495952606,29.798280715942383,8.543598175048828,0.930066704750061,0.3034694790840149
1173,ROIs2017_winter_s2_108_p433,0.03311529383063316,0.024115843698382378,29.599428176879883,9.968415260314941,0.9349842071533203,0.280056893825531
1174,ROIs2017_winter_s2_108_p434,0.034414079040288925,0.024877486750483513,29.26527976989746,10.131817817687988,0.9325779676437378,0.27448606491088867
1175,ROIs2017_winter_s2_108_p436,0.029301846399903297,0.021387577056884766,30.662099838256836,9.509581565856934,0.8812752962112427,0.5095670223236084
1176,ROIs2017_winter_s2_108_p437,0.027885733172297478,0.020412316545844078,31.09235954284668,8.66848373413086,0.8923505544662476,0.4731583893299103
1177,ROIs2017_winter_s2_108_p438,0.03681493550539017,0.026803191751241684,28.679521560668945,10.885260581970215,0.8594367504119873,0.4860118627548218
1178,ROIs2017_winter_s2_108_p439,0.04347005859017372,0.030876589938998222,27.236194610595703,12.780998229980469,0.8229328989982605,0.5208463668823242
1179,ROIs2017_winter_s2_108_p440,0.04290793091058731,0.030990110710263252,27.349246978759766,13.94876480102539,0.8024978637695312,0.5556012392044067
1180,ROIs2017_winter_s2_108_p441,0.040721893310546875,0.03021925315260887,27.803442001342773,13.967585563659668,0.8026748895645142,0.5552359819412231
1181,ROIs2017_winter_s2_108_p442,0.04280778020620346,0.03156755492091179,27.369544982910156,14.099106788635254,0.8030393123626709,0.5590499639511108
1182,ROIs2017_winter_s2_108_p443,0.04917169734835625,0.03584801033139229,26.16569709777832,15.601517677307129,0.7826796770095825,0.5969138145446777
1183,ROIs2017_winter_s2_108_p444,0.041620541363954544,0.029712554067373276,27.613847732543945,12.805681228637695,0.807044267654419,0.5828227996826172
1184,ROIs2017_winter_s2_108_p445,0.029835622757673264,0.022255251184105873,30.50529670715332,12.376749992370605,0.8287397623062134,0.3762247562408447
1185,ROIs2017_winter_s2_108_p446,0.031115302816033363,0.02386815845966339,30.140522003173828,13.3042631149292,0.8187485337257385,0.3645111620426178
1186,ROIs2017_winter_s2_108_p447,0.03466806933283806,0.024529362097382545,29.20140838623047,10.969480514526367,0.8412362933158875,0.5270549058914185
1187,ROIs2017_winter_s2_108_p448,0.0392717570066452,0.02741266041994095,28.118392944335938,11.61186408996582,0.8417881727218628,0.5338453054428101
1188,ROIs2017_winter_s2_108_p449,0.04474795237183571,0.0315919890999794,26.98453712463379,12.734728813171387,0.8459451198577881,0.4954987168312073
1189,ROIs2017_winter_s2_108_p450,0.040162280201911926,0.028557242825627327,27.923633575439453,11.204080581665039,0.8878706693649292,0.39141935110092163
1190,ROIs2017_winter_s2_108_p451,0.03161579370498657,0.022394714877009392,30.00191879272461,8.345643043518066,0.9126896262168884,0.37934595346450806
1191,ROIs2017_winter_s2_108_p452,0.033517025411129,0.023950990289449692,29.49468994140625,9.264970779418945,0.8964650630950928,0.4133143424987793
1192,ROIs2017_winter_s2_108_p453,0.03650275990366936,0.025800660252571106,28.75348663330078,10.252789497375488,0.8983007669448853,0.3920031189918518
1193,ROIs2017_winter_s2_108_p454,0.038038235157728195,0.027072347700595856,28.395593643188477,10.706156730651855,0.9078202247619629,0.3592379689216614
1194,ROIs2017_winter_s2_108_p455,0.037268344312906265,0.027142956852912903,28.573200225830078,11.411452293395996,0.9049906730651855,0.37216633558273315
1195,ROIs2017_winter_s2_108_p456,0.0356290265917778,0.026928437873721123,28.963924407958984,12.164285659790039,0.9000510573387146,0.4086819291114807
1196,ROIs2017_winter_s2_108_p457,0.03158767893910408,0.024448350071907043,30.009647369384766,11.05035400390625,0.9166935086250305,0.40263819694519043
1197,ROIs2017_winter_s2_108_p458,0.029163479804992676,0.022159423679113388,30.70321273803711,9.764095306396484,0.9148337841033936,0.3967386484146118
1198,ROIs2017_winter_s2_108_p459,0.02953234873712063,0.022064782679080963,30.59404182434082,9.991222381591797,0.9220806360244751,0.3666210174560547
1199,ROIs2017_winter_s2_108_p460,0.03133976832032204,0.023148532956838608,30.07808494567871,9.610175132751465,0.9301722049713135,0.33711209893226624
1200,ROIs2017_winter_s2_108_p461,0.033122215420007706,0.02465730533003807,29.597614288330078,10.258703231811523,0.9242975115776062,0.36366307735443115
1201,ROIs2017_winter_s2_108_p462,0.034426603466272354,0.02583985961973667,29.262115478515625,11.271038055419922,0.9312009811401367,0.33467721939086914
1202,ROIs2017_winter_s2_108_p463,0.03338739275932312,0.024366196244955063,29.528350830078125,10.333255767822266,0.9415016770362854,0.2597258687019348
1203,ROIs2017_winter_s2_108_p465,0.0344763807952404,0.02528330124914646,29.249568939208984,12.150067329406738,0.8409490585327148,0.5642116665840149
1204,ROIs2017_winter_s2_108_p466,0.03125084936618805,0.022916670888662338,30.102764129638672,9.803180694580078,0.8677144646644592,0.49834972620010376
1205,ROIs2017_winter_s2_108_p467,0.03662452474236488,0.026194224134087563,28.724559783935547,12.019230842590332,0.851815402507782,0.4981089234352112
1206,ROIs2017_winter_s2_108_p468,0.040354128926992416,0.028067002072930336,27.882240295410156,12.9203519821167,0.8284836411476135,0.5208680629730225
1207,ROIs2017_winter_s2_108_p469,0.042323727160692215,0.030595051124691963,27.468320846557617,14.394457817077637,0.8060896992683411,0.5763992071151733
1208,ROIs2017_winter_s2_108_p470,0.04474370926618576,0.03344644606113434,26.985361099243164,15.93820858001709,0.7880233526229858,0.5897326469421387
1209,ROIs2017_winter_s2_108_p471,0.04397771880030632,0.03248174116015434,27.135345458984375,15.350619316101074,0.7890132069587708,0.5954583883285522
1210,ROIs2017_winter_s2_108_p472,0.04247395694255829,0.030847953632473946,27.437545776367188,14.265016555786133,0.7942075729370117,0.5968859195709229
1211,ROIs2017_winter_s2_108_p473,0.03824346885085106,0.02713695541024208,28.34885597229004,13.680072784423828,0.7914313077926636,0.5387645959854126
1212,ROIs2017_winter_s2_108_p474,0.0323152169585228,0.02396862953901291,29.811859130859375,13.865776062011719,0.811638593673706,0.3406522870063782
1213,ROIs2017_winter_s2_108_p475,0.030898164957761765,0.022660383954644203,30.20134735107422,11.615166664123535,0.8377929925918579,0.37703263759613037
1214,ROIs2017_winter_s2_108_p476,0.04092526435852051,0.02911459654569626,27.76017189025879,10.922026634216309,0.8334701061248779,0.5395275354385376
1215,ROIs2017_winter_s2_108_p477,0.03917444124817848,0.0279514379799366,28.139944076538086,10.821796417236328,0.8509666919708252,0.5326651334762573
1216,ROIs2017_winter_s2_108_p478,0.03896674886345863,0.027599381282925606,28.186119079589844,10.777593612670898,0.8575701713562012,0.5237079858779907
1217,ROIs2017_winter_s2_108_p479,0.03773888573050499,0.027005160227417946,28.46422004699707,10.208370208740234,0.8779916763305664,0.46795058250427246
1218,ROIs2017_winter_s2_108_p480,0.03666313737630844,0.02608627825975418,28.715408325195312,10.16784954071045,0.8918396234512329,0.42521071434020996
1219,ROIs2017_winter_s2_108_p481,0.033850621432065964,0.023865705356001854,29.408666610717773,9.412891387939453,0.8891730904579163,0.40498754382133484
1220,ROIs2017_winter_s2_108_p482,0.040291450917720795,0.028946174308657646,27.89574432373047,10.70559024810791,0.8833503127098083,0.4081915616989136
1221,ROIs2017_winter_s2_108_p483,0.04127614572644234,0.030077053233981133,27.686016082763672,10.757329940795898,0.8909934759140015,0.40188655257225037
1222,ROIs2017_winter_s2_108_p484,0.037242237478494644,0.027667339891195297,28.57928466796875,10.524236679077148,0.8967828750610352,0.4176635146141052
1223,ROIs2017_winter_s2_108_p485,0.031549762934446335,0.02396426349878311,30.020076751708984,10.403356552124023,0.9057289361953735,0.42252489924430847
1224,ROIs2017_winter_s2_108_p486,0.032565850764513016,0.024522626772522926,29.7447509765625,10.032981872558594,0.908369779586792,0.40857869386672974
1225,ROIs2017_winter_s2_108_p487,0.0315837599337101,0.023405730724334717,30.010723114013672,9.37231731414795,0.9066007137298584,0.39937731623649597
1226,ROIs2017_winter_s2_108_p488,0.030701182782649994,0.022806063294410706,30.256898880004883,9.472471237182617,0.9177893400192261,0.3792392611503601
1227,ROIs2017_winter_s2_108_p489,0.0313585102558136,0.02340625412762165,30.072891235351562,8.885493278503418,0.9187760353088379,0.36384105682373047
1228,ROIs2017_winter_s2_108_p490,0.03377690538764,0.025259139016270638,29.42760467529297,9.836100578308105,0.9096839427947998,0.39398032426834106
1229,ROIs2017_winter_s2_108_p491,0.04029545560479164,0.030081886798143387,27.894878387451172,12.823623657226562,0.9113548994064331,0.3605179786682129
1230,ROIs2017_winter_s2_108_p492,0.03909969702363014,0.028414148837327957,28.156532287597656,11.622294425964355,0.9235517978668213,0.2777979373931885
1231,ROIs2017_winter_s2_108_p494,0.048158641904592514,0.036535944789648056,26.346515655517578,16.995067596435547,0.7827430963516235,0.5908307433128357
1232,ROIs2017_winter_s2_108_p495,0.0418020524084568,0.0310794897377491,27.576047897338867,14.223350524902344,0.8023172616958618,0.5767029523849487
1233,ROIs2017_winter_s2_108_p496,0.036173637956380844,0.025806359946727753,28.832157135009766,12.799209594726562,0.8349780440330505,0.5179135799407959
1234,ROIs2017_winter_s2_108_p497,0.03817863389849663,0.027259312570095062,28.36359214782715,13.763795852661133,0.8388111591339111,0.5230429172515869
1235,ROIs2017_winter_s2_108_p498,0.0492095984518528,0.036907270550727844,26.15900230407715,17.612918853759766,0.8072148561477661,0.5846937298774719
1236,ROIs2017_winter_s2_108_p499,0.05324887856841087,0.03998604789376259,25.473793029785156,18.647510528564453,0.7722175121307373,0.6060618162155151
1237,ROIs2017_winter_s2_108_p500,0.048415422439575195,0.036093857139348984,26.30032730102539,18.376018524169922,0.7552576661109924,0.5902565121650696
1238,ROIs2017_winter_s2_108_p501,0.04158494994044304,0.030750898644328117,27.62127685546875,17.610563278198242,0.756281316280365,0.5143170356750488
1239,ROIs2017_winter_s2_108_p502,0.04506951570510864,0.033595357090234756,26.92234230041504,19.90232276916504,0.7375366687774658,0.4241057336330414
1240,ROIs2017_winter_s2_108_p503,0.04205014929175377,0.030544616281986237,27.52465057373047,17.2412166595459,0.7803177833557129,0.41159355640411377
1241,ROIs2017_winter_s2_108_p504,0.03359188511967659,0.02365059219300747,29.475311279296875,11.09029483795166,0.8484350442886353,0.4699757397174835
1242,ROIs2017_winter_s2_108_p505,0.03833431005477905,0.02786790207028389,28.3282470703125,10.162548065185547,0.8445969223976135,0.5255403518676758
1243,ROIs2017_winter_s2_108_p506,0.03359379991889,0.024574005976319313,29.47481918334961,9.004368782043457,0.8629623651504517,0.51973557472229
1244,ROIs2017_winter_s2_108_p507,0.03930569067597389,0.028148256242275238,28.11089324951172,11.39337158203125,0.8474770784378052,0.5473456382751465
1245,ROIs2017_winter_s2_108_p508,0.04562465101480484,0.03333650901913643,26.816009521484375,13.295693397521973,0.8458420038223267,0.5093237161636353
1246,ROIs2017_winter_s2_108_p509,0.04995151236653328,0.03635435551404953,26.02902603149414,13.446158409118652,0.8640989065170288,0.44897425174713135
1247,ROIs2017_winter_s2_108_p510,0.0503290593624115,0.03635989502072334,25.963626861572266,13.25249195098877,0.8503329157829285,0.4690268933773041
1248,ROIs2017_winter_s2_108_p511,0.04574285075068474,0.03334248065948486,26.793535232543945,12.191046714782715,0.8432006239891052,0.473876953125
1249,ROIs2017_winter_s2_108_p512,0.03922220319509506,0.02841825969517231,28.12936019897461,10.631641387939453,0.8675878643989563,0.4662818908691406
1250,ROIs2017_winter_s2_108_p513,0.03455037623643875,0.025183584541082382,29.230945587158203,9.604413986206055,0.8951342105865479,0.44375771284103394
1251,ROIs2017_winter_s2_108_p514,0.03288458287715912,0.02427191287279129,29.660152435302734,9.693126678466797,0.9092684388160706,0.4220361113548279
1252,ROIs2017_winter_s2_108_p515,0.033938463777303696,0.025020623579621315,29.386157989501953,9.61772632598877,0.8963363170623779,0.4281855821609497
1253,ROIs2017_winter_s2_108_p516,0.03159685060381889,0.023309338837862015,30.007123947143555,9.15392017364502,0.9052902460098267,0.3938027620315552
1254,ROIs2017_winter_s2_108_p517,0.028063572943210602,0.020821494981646538,31.037141799926758,8.109082221984863,0.9214398860931396,0.38000866770744324
1255,ROIs2017_winter_s2_108_p518,0.031903814524412155,0.02359948307275772,29.92314910888672,8.090598106384277,0.9076895713806152,0.395235151052475
1256,ROIs2017_winter_s2_108_p519,0.035337772220373154,0.02596522867679596,29.03521728515625,9.484016418457031,0.8999068737030029,0.41324102878570557
1257,ROIs2017_winter_s2_108_p520,0.041266463696956635,0.03004925325512886,27.68805503845215,12.274657249450684,0.9029988050460815,0.38121870160102844
1258,ROIs2017_winter_s2_108_p521,0.03889657184481621,0.02796325646340847,28.201772689819336,11.685696601867676,0.9249818325042725,0.29705944657325745
1259,ROIs2017_winter_s2_108_p523,0.052216894924640656,0.039590392261743546,25.643779754638672,17.39093780517578,0.7644939422607422,0.6089156866073608
1260,ROIs2017_winter_s2_108_p524,0.04490816220641136,0.03355111926794052,26.9534969329834,14.008719444274902,0.7829676270484924,0.5914101600646973
1261,ROIs2017_winter_s2_108_p525,0.03676367551088333,0.026739362627267838,28.69162368774414,12.64538288116455,0.8203574419021606,0.5622153282165527
1262,ROIs2017_winter_s2_108_p526,0.034244246780872345,0.024571415036916733,29.308250427246094,13.291058540344238,0.8341649174690247,0.511741578578949
1263,ROIs2017_winter_s2_108_p527,0.041174646466970444,0.029508285224437714,27.7074031829834,15.606245040893555,0.7981021404266357,0.5557717084884644
1264,ROIs2017_winter_s2_108_p528,0.04656990244984627,0.0337660014629364,26.637895584106445,17.319005966186523,0.7543702125549316,0.5675526261329651
1265,ROIs2017_winter_s2_108_p529,0.03920414298772812,0.028432443737983704,28.13336181640625,17.144384384155273,0.7531979084014893,0.4590121805667877
1266,ROIs2017_winter_s2_108_p530,0.03736504912376404,0.02870008535683155,28.550689697265625,19.07431411743164,0.74619060754776,0.3917814791202545
1267,ROIs2017_winter_s2_108_p531,0.04776648432016373,0.03599358722567558,26.41753387451172,20.904773712158203,0.7287575006484985,0.45876339077949524
1268,ROIs2017_winter_s2_108_p532,0.04938378557562828,0.035483863204717636,26.128313064575195,17.779155731201172,0.7807986736297607,0.5470573902130127
1269,ROIs2017_winter_s2_108_p533,0.044334545731544495,0.0321686677634716,27.065155029296875,12.846467971801758,0.8307164907455444,0.5460561513900757
1270,ROIs2017_winter_s2_108_p534,0.04116140305995941,0.030504759401082993,27.71019744873047,10.444235801696777,0.8312411308288574,0.5408486127853394
1271,ROIs2017_winter_s2_108_p535,0.04040537029504776,0.029881156980991364,27.871219635009766,10.196390151977539,0.8172394633293152,0.564742922782898
1272,ROIs2017_winter_s2_108_p536,0.04420978203415871,0.03217954561114311,27.08963394165039,12.95202350616455,0.7977897524833679,0.5865466594696045
1273,ROIs2017_winter_s2_108_p537,0.054953768849372864,0.038328107446432114,25.200050354003906,16.060977935791016,0.7812835574150085,0.560205340385437
1274,ROIs2017_winter_s2_108_p538,0.05468246713280678,0.0379071906208992,25.243038177490234,14.852112770080566,0.8245742321014404,0.5085198283195496
1275,ROIs2017_winter_s2_108_p539,0.04815923050045967,0.03503077104687691,26.34640884399414,14.096006393432617,0.8341878056526184,0.542475163936615
1276,ROIs2017_winter_s2_108_p540,0.045077238231897354,0.03285333514213562,26.920854568481445,13.361316680908203,0.8199405670166016,0.5667438507080078
1277,ROIs2017_winter_s2_108_p541,0.04194112494587898,0.030476469546556473,27.547199249267578,12.353230476379395,0.8303752541542053,0.5495786666870117
1278,ROIs2017_winter_s2_108_p542,0.0361902192234993,0.026317410171031952,28.82817840576172,10.06606388092041,0.8776493072509766,0.4750114679336548
1279,ROIs2017_winter_s2_108_p543,0.03902417793869972,0.028277430683374405,28.173324584960938,10.540972709655762,0.8939893245697021,0.434661865234375
1280,ROIs2017_winter_s2_108_p544,0.03849092125892639,0.028184767812490463,28.292835235595703,10.641031265258789,0.8623353838920593,0.46765872836112976
1281,ROIs2017_winter_s2_108_p545,0.03530295565724373,0.025779036805033684,29.043779373168945,9.421318054199219,0.8703174591064453,0.46567562222480774
1282,ROIs2017_winter_s2_108_p546,0.028998518362641335,0.02139507420361042,30.752485275268555,7.006201267242432,0.9115897417068481,0.4046735167503357
1283,ROIs2017_winter_s2_108_p547,0.032538652420043945,0.023885412141680717,29.75200843811035,7.305065631866455,0.9079607725143433,0.40199077129364014
1284,ROIs2017_winter_s2_108_p548,0.04065387696027756,0.029172010719776154,27.81795883178711,9.402921676635742,0.8928059935569763,0.4283452332019806
1285,ROIs2017_winter_s2_108_p549,0.047021105885505676,0.033388394862413406,26.55414390563965,11.83820629119873,0.9022914171218872,0.39818793535232544
1286,ROIs2017_winter_s2_108_p550,0.039509933441877365,0.027769217267632484,28.065874099731445,11.344758987426758,0.9276174306869507,0.3517802655696869
1287,ROIs2017_winter_s2_108_p552,0.04891572520136833,0.036662306636571884,26.211030960083008,15.857762336730957,0.7466397285461426,0.6158428192138672
1288,ROIs2017_winter_s2_108_p553,0.04646929353475571,0.03491681069135666,26.656681060791016,14.750283241271973,0.7671372294425964,0.6001719832420349
1289,ROIs2017_winter_s2_108_p554,0.03810838237404823,0.028322724625468254,28.37959098815918,12.6614351272583,0.8120851516723633,0.5882123708724976
1290,ROIs2017_winter_s2_108_p555,0.03241093084216118,0.02318618632853031,29.786169052124023,12.617044448852539,0.8220483064651489,0.5490463376045227
1291,ROIs2017_winter_s2_108_p556,0.04394106566905975,0.031904615461826324,27.142589569091797,17.72061538696289,0.7701404094696045,0.5471982955932617
1292,ROIs2017_winter_s2_108_p557,0.042979322373867035,0.031429875642061234,27.334808349609375,18.8277530670166,0.7544924020767212,0.48342034220695496
1293,ROIs2017_winter_s2_108_p558,0.029686931520700455,0.02246934175491333,30.548694610595703,17.03960609436035,0.7987065315246582,0.3298476040363312
1294,ROIs2017_winter_s2_108_p559,0.03482270613312721,0.02629319578409195,29.162752151489258,17.04627227783203,0.7787818908691406,0.40350356698036194
1295,ROIs2017_winter_s2_108_p560,0.04645964875817299,0.03381643444299698,26.658479690551758,16.833354949951172,0.771685004234314,0.5704939365386963
1296,ROIs2017_winter_s2_108_p561,0.04926292970776558,0.036334432661533356,26.149595260620117,16.22537612915039,0.7865534424781799,0.5798250436782837
1297,ROIs2017_winter_s2_108_p562,0.04731263965368271,0.03454013913869858,26.500455856323242,14.357498168945312,0.8129949569702148,0.5583705902099609
1298,ROIs2017_winter_s2_108_p563,0.04013596847653389,0.029315656051039696,27.9293270111084,10.69167423248291,0.8247079849243164,0.5523965358734131
1299,ROIs2017_winter_s2_108_p564,0.04178992658853531,0.030565403401851654,27.578567504882812,11.264398574829102,0.8052428364753723,0.5925185084342957
1300,ROIs2017_winter_s2_108_p565,0.04479365050792694,0.03249328210949898,26.975669860839844,13.58627700805664,0.7783238887786865,0.6048694849014282
1301,ROIs2017_winter_s2_108_p566,0.05269017443060875,0.03620253875851631,25.565406799316406,15.800007820129395,0.7589964866638184,0.6047034859657288
1302,ROIs2017_winter_s2_108_p567,0.05379672721028328,0.03716230019927025,25.384883880615234,15.994712829589844,0.793485164642334,0.5796085000038147
1303,ROIs2017_winter_s2_108_p568,0.047596946358680725,0.03480486944317818,26.44841957092285,14.784955024719238,0.8108787536621094,0.5861817598342896
1304,ROIs2017_winter_s2_108_p569,0.04528038576245308,0.03325708955526352,26.881797790527344,13.673965454101562,0.7992208003997803,0.6057957410812378
1305,ROIs2017_winter_s2_108_p570,0.042014505714178085,0.030752766877412796,27.53201675415039,12.410239219665527,0.8023046851158142,0.6011333465576172
1306,ROIs2017_winter_s2_108_p571,0.037323419004678726,0.027101123705506325,28.560373306274414,10.164066314697266,0.8348004817962646,0.5485045313835144
1307,ROIs2017_winter_s2_108_p572,0.03865281492471695,0.028159376233816147,28.256378173828125,10.737196922302246,0.8520666360855103,0.5121008157730103
1308,ROIs2017_winter_s2_108_p573,0.0374264121055603,0.027658486738801003,28.536436080932617,10.514368057250977,0.8518199920654297,0.5064874887466431
1309,ROIs2017_winter_s2_108_p574,0.03735608980059624,0.027421338483691216,28.552772521972656,9.973877906799316,0.8486943244934082,0.5171029567718506
1310,ROIs2017_winter_s2_108_p575,0.036094747483730316,0.026331081986427307,28.851123809814453,8.62873649597168,0.8677195906639099,0.4932876527309418
1311,ROIs2017_winter_s2_108_p576,0.035624466836452484,0.025965526700019836,28.96503257751465,7.720673084259033,0.8795483708381653,0.46808135509490967
1312,ROIs2017_winter_s2_108_p577,0.04083452746272087,0.028549911454319954,27.779449462890625,8.83056926727295,0.888039231300354,0.4184521734714508
1313,ROIs2017_winter_s2_108_p578,0.04614514485001564,0.03194456547498703,26.717479705810547,11.913252830505371,0.8987254500389099,0.3841780424118042
1314,ROIs2017_winter_s2_108_p579,0.03714415058493614,0.025311613455414772,28.602191925048828,11.317940711975098,0.9206933975219727,0.3603687584400177
1315,ROIs2017_winter_s2_108_p581,0.04932674765586853,0.037084851413965225,26.138351440429688,16.508777618408203,0.7422045469284058,0.6166837215423584
1316,ROIs2017_winter_s2_108_p582,0.048320259898900986,0.03656803444027901,26.317415237426758,16.481563568115234,0.7687573432922363,0.6177256107330322
1317,ROIs2017_winter_s2_108_p583,0.03686528652906418,0.02741563692688942,28.667648315429688,12.501827239990234,0.8034430742263794,0.6108440160751343
1318,ROIs2017_winter_s2_108_p584,0.03874271735548973,0.029076389968395233,28.23619842529297,13.743419647216797,0.782288134098053,0.6057115793228149
1319,ROIs2017_winter_s2_108_p585,0.04787299409508705,0.0362820103764534,26.398189544677734,18.403844833374023,0.7505910992622375,0.5958687663078308
1320,ROIs2017_winter_s2_108_p586,0.041591059416532516,0.031472232192754745,27.6200008392334,19.601728439331055,0.7442765235900879,0.4556662440299988
1321,ROIs2017_winter_s2_108_p587,0.03368964046239853,0.02570268325507641,29.4500732421875,20.20264434814453,0.7651492357254028,0.32620707154273987
1322,ROIs2017_winter_s2_108_p588,0.04495932161808014,0.03240589052438736,26.943605422973633,20.17276954650879,0.745975136756897,0.45872846245765686
1323,ROIs2017_winter_s2_108_p589,0.05035582184791565,0.036128316074609756,25.959007263183594,16.098350524902344,0.7781452536582947,0.5859847068786621
1324,ROIs2017_winter_s2_108_p590,0.05017141252756119,0.03761088848114014,25.99087142944336,17.198049545288086,0.7712351083755493,0.6026957631111145
1325,ROIs2017_winter_s2_108_p591,0.04732438176870346,0.0348934680223465,26.498302459716797,15.2969970703125,0.7958047389984131,0.5684702396392822
1326,ROIs2017_winter_s2_108_p592,0.03749461844563484,0.027473149821162224,28.52062225341797,10.496238708496094,0.8307894468307495,0.5530183911323547
1327,ROIs2017_winter_s2_108_p593,0.04046085476875305,0.029591577127575874,27.859298706054688,11.854615211486816,0.8125950694084167,0.5885922908782959
1328,ROIs2017_winter_s2_108_p594,0.04447830095887184,0.032233234494924545,27.037036895751953,14.152620315551758,0.7755143046379089,0.6020224690437317
1329,ROIs2017_winter_s2_108_p595,0.04455670714378357,0.03235233575105667,27.021739959716797,14.306941986083984,0.7681941986083984,0.5997170209884644
1330,ROIs2017_winter_s2_108_p596,0.043592825531959534,0.03198584169149399,27.211700439453125,14.67027759552002,0.777706503868103,0.6036280393600464
1331,ROIs2017_winter_s2_108_p597,0.043501466512680054,0.03232733532786369,27.229921340942383,14.572298049926758,0.7706938982009888,0.5935256481170654
1332,ROIs2017_winter_s2_108_p598,0.04525987431406975,0.0329669788479805,26.88573455810547,13.404767990112305,0.759843647480011,0.6014596223831177
1333,ROIs2017_winter_s2_108_p599,0.04702281206846237,0.03323471546173096,26.553829193115234,11.638611793518066,0.7572668194770813,0.6252126097679138
1334,ROIs2017_winter_s2_108_p600,0.04903146252036095,0.03517261892557144,26.190505981445312,12.367584228515625,0.7762227058410645,0.6063005924224854
1335,ROIs2017_winter_s2_108_p601,0.043485093861818314,0.03140413016080856,27.233192443847656,12.515532493591309,0.8154114484786987,0.570791482925415
1336,ROIs2017_winter_s2_108_p602,0.037714242935180664,0.02701578475534916,28.469894409179688,10.325379371643066,0.8422720432281494,0.5348702669143677
1337,ROIs2017_winter_s2_108_p603,0.0362703800201416,0.025430727750062943,28.808958053588867,8.94714641571045,0.85442054271698,0.4886164367198944
1338,ROIs2017_winter_s2_108_p604,0.038028180599212646,0.027248529717326164,28.39788818359375,9.008624076843262,0.8433983325958252,0.5348619222640991
1339,ROIs2017_winter_s2_108_p605,0.03849528357386589,0.027951253578066826,28.291851043701172,8.379679679870605,0.8521511554718018,0.5364508628845215
1340,ROIs2017_winter_s2_108_p606,0.04160882160067558,0.029717881232500076,27.61629295349121,8.952583312988281,0.8697549104690552,0.47751930356025696
1341,ROIs2017_winter_s2_108_p607,0.04356493428349495,0.03077741339802742,27.21725845336914,10.568446159362793,0.8881221413612366,0.4332842230796814
1342,ROIs2017_winter_s2_108_p608,0.04139551892876625,0.028860898688435555,27.660934448242188,11.162566184997559,0.8995863199234009,0.3865108788013458
1343,ROIs2017_winter_s2_108_p610,0.04916859045624733,0.037964705377817154,26.16624641418457,17.626712799072266,0.7615929841995239,0.6304763555526733
1344,ROIs2017_winter_s2_108_p611,0.04792363569140434,0.036816615611314774,26.389005661010742,17.62763786315918,0.7743141055107117,0.6215991973876953
1345,ROIs2017_winter_s2_108_p612,0.04846065491437912,0.035892244428396225,26.292213439941406,19.10042381286621,0.7550244331359863,0.5588961839675903
1346,ROIs2017_winter_s2_108_p613,0.04945695400238037,0.036868978291749954,26.115453720092773,20.600839614868164,0.7157855033874512,0.48273196816444397
1347,ROIs2017_winter_s2_108_p614,0.03984018415212631,0.030019985511898994,27.993574142456055,17.750001907348633,0.7436645030975342,0.41294851899147034
1348,ROIs2017_winter_s2_108_p615,0.027693122625350952,0.020099757239222527,31.152563095092773,14.198565483093262,0.8193585872650146,0.27786070108413696
1349,ROIs2017_winter_s2_108_p616,0.022991087287664413,0.016675759106874466,32.7688102722168,14.707304000854492,0.8494576215744019,0.22054634988307953
1350,ROIs2017_winter_s2_108_p617,0.036315370351076126,0.024298135191202164,28.79819107055664,16.70819854736328,0.7940683960914612,0.35003721714019775
1351,ROIs2017_winter_s2_108_p618,0.04423687607049942,0.030756639316678047,27.08431053161621,15.4636812210083,0.7851871252059937,0.5376062393188477
1352,ROIs2017_winter_s2_108_p619,0.05065957084298134,0.03776699677109718,25.906770706176758,17.33761215209961,0.7772371768951416,0.6023000478744507
1353,ROIs2017_winter_s2_108_p620,0.047213003039360046,0.034632135182619095,26.518766403198242,15.631160736083984,0.7795023918151855,0.5744297504425049
1354,ROIs2017_winter_s2_108_p621,0.03946937620639801,0.028864843770861626,28.074796676635742,11.597612380981445,0.8157809972763062,0.5587460398674011
1355,ROIs2017_winter_s2_108_p622,0.04084143415093422,0.030075587332248688,27.77798080444336,12.186062812805176,0.8146743178367615,0.5839896202087402
1356,ROIs2017_winter_s2_108_p623,0.047909926623106,0.035032689571380615,26.391490936279297,15.08981704711914,0.7546786665916443,0.6058213710784912
1357,ROIs2017_winter_s2_108_p624,0.05187433958053589,0.03762279823422432,25.70094871520996,16.04359245300293,0.723983883857727,0.5989242792129517
1358,ROIs2017_winter_s2_108_p625,0.048590287566185,0.035363808274269104,26.269012451171875,15.405051231384277,0.7405550479888916,0.6066535115242004
1359,ROIs2017_winter_s2_108_p626,0.04440022632479668,0.03285731375217438,27.052297592163086,14.33564567565918,0.7541790008544922,0.6063435077667236
1360,ROIs2017_winter_s2_108_p627,0.04519079998135567,0.03254013881087303,26.899002075195312,13.093507766723633,0.7560213804244995,0.5909705758094788
1361,ROIs2017_winter_s2_108_p628,0.04842424392700195,0.03404805809259415,26.298744201660156,11.770960807800293,0.7445876002311707,0.6054471731185913
1362,ROIs2017_winter_s2_108_p629,0.04968882352113724,0.03452068567276001,26.074827194213867,11.36328411102295,0.7658364772796631,0.6006947755813599
1363,ROIs2017_winter_s2_108_p630,0.04125251621007919,0.027791941538453102,27.69099235534668,9.748303413391113,0.8296922445297241,0.5406923294067383
1364,ROIs2017_winter_s2_108_p631,0.03622039780020714,0.024745052680373192,28.82093620300293,8.85843563079834,0.8440583944320679,0.5070822238922119
1365,ROIs2017_winter_s2_108_p632,0.03676348179578781,0.024863220751285553,28.691669464111328,8.461904525756836,0.8413733243942261,0.5015610456466675
1366,ROIs2017_winter_s2_108_p633,0.032482631504535675,0.022872047498822212,29.76697540283203,7.440557479858398,0.8632748126983643,0.5184412002563477
1367,ROIs2017_winter_s2_108_p634,0.04071473702788353,0.029861891642212868,27.804967880249023,8.800837516784668,0.839352548122406,0.5692914724349976
1368,ROIs2017_winter_s2_108_p635,0.04757963865995407,0.035270806401968,26.45157814025879,9.926841735839844,0.8531230688095093,0.5218733549118042
1369,ROIs2017_winter_s2_108_p636,0.05371470004320145,0.03903045877814293,25.39813804626465,11.466338157653809,0.8822076916694641,0.4213244318962097
1370,ROIs2017_winter_s2_108_p637,0.05379652976989746,0.038648571819067,25.38491439819336,12.177770614624023,0.8906373977661133,0.3534064292907715
1371,ROIs2017_winter_s2_108_p639,0.05907584726810455,0.04454760625958443,24.571800231933594,21.82418441772461,0.7379552125930786,0.5986553430557251
1372,ROIs2017_winter_s2_108_p640,0.04936685785651207,0.037637706845998764,26.131290435791016,22.284141540527344,0.7293636798858643,0.5126087069511414
1373,ROIs2017_winter_s2_108_p641,0.037212587893009186,0.025448566302657127,28.586200714111328,16.88234519958496,0.7816159725189209,0.36061835289001465
1374,ROIs2017_winter_s2_108_p642,0.03662097454071045,0.02229643240571022,28.72540283203125,15.835119247436523,0.8058671951293945,0.22848032414913177
1375,ROIs2017_winter_s2_108_p643,0.02587064355611801,0.017002318054437637,31.743854522705078,14.923974990844727,0.8302128314971924,0.14377461373806
1376,ROIs2017_winter_s2_108_p644,0.01544492319226265,0.012930897064507008,36.22428512573242,13.3653564453125,0.8666036128997803,0.08367053419351578
1377,ROIs2017_winter_s2_108_p645,0.014729313552379608,0.012424860149621964,36.636348724365234,12.76363754272461,0.8770655989646912,0.08473626524209976
1378,ROIs2017_winter_s2_108_p646,0.02124069631099701,0.014909185469150543,33.456626892089844,12.201810836791992,0.8780702352523804,0.2090088129043579
1379,ROIs2017_winter_s2_108_p647,0.03180832415819168,0.02232617698609829,29.94918441772461,13.299373626708984,0.8299446702003479,0.43099096417427063
1380,ROIs2017_winter_s2_108_p648,0.039874713867902756,0.028581587597727776,27.98604965209961,14.075629234313965,0.7928451299667358,0.565880298614502
1381,ROIs2017_winter_s2_108_p649,0.050592899322509766,0.037230733782052994,25.9182071685791,17.118499755859375,0.7594095468521118,0.5891596078872681
1382,ROIs2017_winter_s2_108_p650,0.047415830194950104,0.0347934365272522,26.48153305053711,14.94040298461914,0.7828449010848999,0.5887278318405151
1383,ROIs2017_winter_s2_108_p651,0.04245413467288017,0.03117411956191063,27.441600799560547,12.733839988708496,0.8051537275314331,0.5780926942825317
1384,ROIs2017_winter_s2_108_p652,0.0491793192923069,0.03616349771618843,26.164350509643555,15.744460105895996,0.7492982149124146,0.6071116924285889
1385,ROIs2017_winter_s2_108_p653,0.05299495905637741,0.03863592445850372,25.515308380126953,16.676910400390625,0.7172752618789673,0.6195156574249268
1386,ROIs2017_winter_s2_108_p654,0.05168629437685013,0.03698490187525749,25.73249053955078,15.564635276794434,0.7408185005187988,0.6093039512634277
1387,ROIs2017_winter_s2_108_p655,0.04754188284277916,0.034207459539175034,26.458473205566406,13.9751558303833,0.7779620885848999,0.6010026931762695
1388,ROIs2017_winter_s2_108_p656,0.048612356185913086,0.03544469177722931,26.26506805419922,14.132904052734375,0.7873951196670532,0.5851683020591736
1389,ROIs2017_winter_s2_108_p657,0.04723191633820534,0.034077804535627365,26.515291213989258,12.47101879119873,0.7701724767684937,0.5824228525161743
1390,ROIs2017_winter_s2_108_p658,0.045075587928295135,0.0313388891518116,26.921173095703125,10.214694023132324,0.7877355813980103,0.5764193534851074
1391,ROIs2017_winter_s2_108_p659,0.03980111703276634,0.02701343595981598,28.002094268798828,9.16554069519043,0.8271552324295044,0.539269208908081
1392,ROIs2017_winter_s2_108_p660,0.0388486385345459,0.026294918730854988,28.212486267089844,9.661322593688965,0.8304235935211182,0.5140740275382996
1393,ROIs2017_winter_s2_108_p661,0.03748752176761627,0.025123650208115578,28.522266387939453,8.974946975708008,0.8431142568588257,0.49494317173957825
1394,ROIs2017_winter_s2_108_p662,0.02996600605547428,0.020754976198077202,30.467422485351562,7.082508087158203,0.864571213722229,0.49320167303085327
1395,ROIs2017_winter_s2_108_p663,0.04262103512883186,0.03142070025205612,27.407522201538086,9.69501781463623,0.8275737166404724,0.5563095808029175
1396,ROIs2017_winter_s2_108_p664,0.05439326539635658,0.039343077689409256,25.289098739624023,12.687204360961914,0.8498384952545166,0.4305999279022217
1397,ROIs2017_winter_s2_108_p665,0.05777832865715027,0.04090314358472824,24.764699935913086,13.644708633422852,0.895691990852356,0.28123921155929565
1398,ROIs2017_winter_s2_108_p666,0.050472039729356766,0.0364302396774292,25.938983917236328,11.996685981750488,0.9054660797119141,0.2645477056503296
1399,ROIs2017_winter_s2_108_p668,0.03976815938949585,0.030713137239217758,28.00929069519043,20.520111083984375,0.7370933294296265,0.38524341583251953
1400,ROIs2017_winter_s2_108_p669,0.02866525575518608,0.02038217894732952,30.852882385253906,16.284151077270508,0.8198603391647339,0.30831801891326904
1401,ROIs2017_winter_s2_108_p670,0.020148681476712227,0.01537509448826313,33.91506576538086,14.823763847351074,0.846595048904419,0.22494663298130035
1402,ROIs2017_winter_s2_108_p671,0.01777568645775318,0.014641109853982925,35.00347137451172,14.90023136138916,0.8370375037193298,0.139359250664711
1403,ROIs2017_winter_s2_108_p672,0.016881512477993965,0.014289183542132378,35.45177459716797,15.20004940032959,0.8456857800483704,0.08728468418121338
1404,ROIs2017_winter_s2_108_p673,0.016006501391530037,0.01326452661305666,35.9140739440918,14.203371047973633,0.8654032945632935,0.09308646619319916
1405,ROIs2017_winter_s2_108_p674,0.01601221226155758,0.012907707132399082,35.910972595214844,13.618987083435059,0.8750161528587341,0.10178150236606598
1406,ROIs2017_winter_s2_108_p675,0.019353754818439484,0.014050698839128017,34.26469421386719,13.207602500915527,0.8762943744659424,0.1401718556880951
1407,ROIs2017_winter_s2_108_p676,0.028119411319494247,0.019561586901545525,31.01987648010254,12.944291114807129,0.8350816965103149,0.2888563573360443
1408,ROIs2017_winter_s2_108_p677,0.035906095057725906,0.025209631770849228,28.896636962890625,13.637506484985352,0.7883584499359131,0.48388466238975525
1409,ROIs2017_winter_s2_108_p678,0.04625963419675827,0.03410477936267853,26.69595718383789,17.507354736328125,0.7537947297096252,0.5827817916870117
1410,ROIs2017_winter_s2_108_p679,0.04846039041876793,0.035653483122587204,26.29226303100586,16.59256935119629,0.7651474475860596,0.5903353095054626
1411,ROIs2017_winter_s2_108_p680,0.044559769332408905,0.032645415514707565,27.021141052246094,14.579228401184082,0.7792305946350098,0.5733721256256104
1412,ROIs2017_winter_s2_108_p681,0.04419354349374771,0.032433051615953445,27.092823028564453,14.880294799804688,0.7614611387252808,0.5762733221054077
1413,ROIs2017_winter_s2_108_p682,0.044980667531490326,0.032803457230329514,26.939483642578125,14.69961166381836,0.7568026781082153,0.6056547164916992
1414,ROIs2017_winter_s2_108_p683,0.04683006554841995,0.03316761925816536,26.589506149291992,13.096192359924316,0.778048038482666,0.5940290093421936
1415,ROIs2017_winter_s2_108_p684,0.052950505167245865,0.038507819175720215,25.522598266601562,14.852259635925293,0.8004581928253174,0.549875020980835
1416,ROIs2017_winter_s2_108_p685,0.052667368203401566,0.03850623965263367,25.569168090820312,14.946475982666016,0.825263261795044,0.514508843421936
1417,ROIs2017_winter_s2_108_p686,0.04894552752375603,0.03510186821222305,26.20574188232422,12.415099143981934,0.8210433721542358,0.5116140842437744
1418,ROIs2017_winter_s2_108_p687,0.042380739003419876,0.030039982870221138,27.456628799438477,9.98278522491455,0.8174641132354736,0.536790132522583
1419,ROIs2017_winter_s2_108_p688,0.03924645110964775,0.027054769918322563,28.123992919921875,9.166210174560547,0.8123766183853149,0.5583111047744751
1420,ROIs2017_winter_s2_108_p689,0.04470019042491913,0.02960367500782013,26.993812561035156,10.280003547668457,0.8013652563095093,0.544491171836853
1421,ROIs2017_winter_s2_108_p690,0.0408937931060791,0.027388863265514374,27.76685333251953,9.888327598571777,0.8381671905517578,0.5078190565109253
1422,ROIs2017_winter_s2_108_p691,0.03218688815832138,0.023213479667901993,29.846420288085938,8.61788272857666,0.8609673380851746,0.4840331971645355
1423,ROIs2017_winter_s2_108_p692,0.03408020734786987,0.025079989805817604,29.349956512451172,9.174460411071777,0.8622964024543762,0.4759256839752197
1424,ROIs2017_winter_s2_108_p693,0.04711844027042389,0.034242261201143265,26.536182403564453,12.607632637023926,0.8680449724197388,0.3918706774711609
1425,ROIs2017_winter_s2_108_p694,0.051813602447509766,0.037441104650497437,25.711124420166016,13.65031909942627,0.8990958333015442,0.26197558641433716
1426,ROIs2017_winter_s2_108_p695,0.047137532383203506,0.03434991464018822,26.532665252685547,11.490530967712402,0.9011091589927673,0.2650262713432312
1427,ROIs2017_winter_s2_108_p697,0.020876076072454453,0.016476409509778023,33.60702133178711,17.220624923706055,0.8445513844490051,0.2155795395374298
1428,ROIs2017_winter_s2_108_p698,0.020672110840678215,0.01618454046547413,33.69230270385742,16.022735595703125,0.830510139465332,0.23090848326683044
1429,ROIs2017_winter_s2_108_p699,0.020201029255986214,0.016213884577155113,33.89252853393555,16.234132766723633,0.8235086798667908,0.19644609093666077
1430,ROIs2017_winter_s2_108_p700,0.017790939658880234,0.015017416328191757,34.99602508544922,15.860800743103027,0.8328937888145447,0.1449185609817505
1431,ROIs2017_winter_s2_108_p701,0.01913631707429886,0.016198452562093735,34.36283493041992,17.760046005249023,0.8273164629936218,0.09273049235343933
1432,ROIs2017_winter_s2_108_p702,0.018971983343362808,0.015656091272830963,34.437744140625,17.620426177978516,0.8437715768814087,0.08401129394769669
1433,ROIs2017_winter_s2_108_p703,0.01961369439959526,0.015488989651203156,34.14881134033203,17.498046875,0.8611396551132202,0.09188704192638397
1434,ROIs2017_winter_s2_108_p704,0.019742978736758232,0.01523537840694189,34.09174728393555,17.137529373168945,0.8649634122848511,0.10504673421382904
1435,ROIs2017_winter_s2_108_p705,0.021873516961932182,0.01605154201388359,33.201629638671875,15.134791374206543,0.845305860042572,0.16775581240653992
1436,ROIs2017_winter_s2_108_p706,0.030120933428406715,0.022389357909560204,30.422632217407227,16.28949737548828,0.7893470525741577,0.2825181782245636
1437,ROIs2017_winter_s2_108_p707,0.035465169697999954,0.026945408433675766,29.00396156311035,17.460514068603516,0.7601026892662048,0.3996565639972687
1438,ROIs2017_winter_s2_108_p708,0.03600529581308365,0.026227394118905067,28.87267303466797,15.080073356628418,0.7852112054824829,0.4969615936279297
1439,ROIs2017_winter_s2_108_p709,0.03217657655477524,0.02315005473792553,29.849205017089844,11.937372207641602,0.8026261329650879,0.531585693359375
1440,ROIs2017_winter_s2_108_p710,0.04033606871962547,0.02966218627989292,27.886131286621094,14.30983829498291,0.7750771045684814,0.5665006637573242
1441,ROIs2017_winter_s2_108_p711,0.04721582308411598,0.034781958907842636,26.51824951171875,15.828158378601074,0.7770494222640991,0.586949348449707
1442,ROIs2017_winter_s2_108_p712,0.049258194863796234,0.03519073501229286,26.150428771972656,13.947144508361816,0.805894672870636,0.5658516883850098
1443,ROIs2017_winter_s2_108_p713,0.05025656148791313,0.03606246039271355,25.976144790649414,14.009103775024414,0.8274888396263123,0.5123389959335327
1444,ROIs2017_winter_s2_108_p714,0.050840824842453,0.0367095023393631,25.875749588012695,14.173446655273438,0.8487600088119507,0.48101550340652466
1445,ROIs2017_winter_s2_108_p715,0.04934714734554291,0.035522639751434326,26.1347599029541,12.530996322631836,0.85662841796875,0.491412490606308
1446,ROIs2017_winter_s2_108_p716,0.04306447505950928,0.030569834634661674,27.31761932373047,10.475085258483887,0.8521168231964111,0.5059669613838196
1447,ROIs2017_winter_s2_108_p717,0.0396241620182991,0.02764984779059887,28.040800094604492,9.310007095336914,0.8403205871582031,0.53557288646698
1448,ROIs2017_winter_s2_108_p718,0.04765353351831436,0.03334931656718254,26.438098907470703,11.628286361694336,0.8171310424804688,0.5136273503303528
1449,ROIs2017_winter_s2_108_p719,0.051763299852609634,0.037182655185461044,25.719562530517578,13.882560729980469,0.8362038135528564,0.4539479613304138
1450,ROIs2017_winter_s2_108_p720,0.05067328363656998,0.03696107864379883,25.9044189453125,13.779370307922363,0.8489714860916138,0.4293844699859619
1451,ROIs2017_winter_s2_108_p721,0.038990434259176254,0.028624041005969048,28.180837631225586,10.742188453674316,0.8658733367919922,0.4443139135837555
1452,ROIs2017_winter_s2_108_p722,0.03757660835981369,0.027556970715522766,28.50164794921875,10.601704597473145,0.8759063482284546,0.446122944355011
1453,ROIs2017_winter_s2_108_p723,0.04461240395903587,0.03263523057103157,27.010889053344727,12.118498802185059,0.8753863573074341,0.37351876497268677
1454,ROIs2017_winter_s2_108_p724,0.04639614000916481,0.03400365635752678,26.67036247253418,11.501490592956543,0.8834744691848755,0.31449609994888306
1455,ROIs2017_winter_s2_108_p726,0.019297800958156586,0.015474560670554638,34.28984069824219,16.404569625854492,0.8436237573623657,0.18843919038772583
1456,ROIs2017_winter_s2_108_p727,0.01860380731523037,0.015027547255158424,34.60796356201172,15.46745491027832,0.8368062973022461,0.16241949796676636
1457,ROIs2017_winter_s2_108_p728,0.017959607765078545,0.015080549754202366,34.9140625,15.803810119628906,0.8321311473846436,0.11119163781404495
1458,ROIs2017_winter_s2_108_p729,0.017790229991078377,0.015286851674318314,34.996368408203125,16.65556526184082,0.829636812210083,0.08751260489225388
1459,ROIs2017_winter_s2_108_p730,0.018258078023791313,0.015236160717904568,34.770896911621094,17.317705154418945,0.841890811920166,0.07064566761255264
1460,ROIs2017_winter_s2_108_p731,0.02066691219806671,0.01697465218603611,33.694488525390625,18.71156120300293,0.831733226776123,0.08388333022594452
1461,ROIs2017_winter_s2_108_p732,0.03125210851430893,0.025173930451273918,30.102415084838867,24.52290916442871,0.7472462058067322,0.10488375276327133
1462,ROIs2017_winter_s2_108_p733,0.03142650052905083,0.02537653036415577,30.054080963134766,25.055145263671875,0.7460524439811707,0.11312121152877808
1463,ROIs2017_winter_s2_108_p734,0.020989418029785156,0.01731950044631958,33.559993743896484,18.8941650390625,0.8223699927330017,0.10052384436130524
1464,ROIs2017_winter_s2_108_p735,0.01632688380777836,0.013695492409169674,35.7419319152832,15.054532051086426,0.8545727133750916,0.1177748516201973
1465,ROIs2017_winter_s2_108_p736,0.018514331430196762,0.013983827084302902,34.64984130859375,13.018966674804688,0.8500211238861084,0.1688825488090515
1466,ROIs2017_winter_s2_108_p737,0.02294861525297165,0.01662178337574005,32.78487014770508,11.73669147491455,0.8565462231636047,0.2581477463245392
1467,ROIs2017_winter_s2_108_p738,0.023681923747062683,0.01766952872276306,32.511661529541016,10.43484115600586,0.8538324236869812,0.3478908836841583
1468,ROIs2017_winter_s2_108_p739,0.029389820992946625,0.020244140177965164,30.63606071472168,9.957635879516602,0.8257445096969604,0.4693673849105835
1469,ROIs2017_winter_s2_108_p740,0.03819518908858299,0.02799474075436592,28.359825134277344,12.552593231201172,0.7884037494659424,0.5582503080368042
1470,ROIs2017_winter_s2_108_p741,0.039384301751852036,0.0287493709474802,28.093536376953125,11.614054679870605,0.800165057182312,0.55991530418396
1471,ROIs2017_winter_s2_108_p742,0.04589599370956421,0.032693441957235336,26.76450538635254,14.002184867858887,0.802998423576355,0.552813708782196
1472,ROIs2017_winter_s2_108_p743,0.05147593095898628,0.036512721329927444,25.76791763305664,15.039188385009766,0.810819149017334,0.5077536106109619
1473,ROIs2017_winter_s2_108_p744,0.04809517413377762,0.03440015763044357,26.357973098754883,12.355419158935547,0.8569720983505249,0.442455917596817
1474,ROIs2017_winter_s2_108_p745,0.038768261671066284,0.027654781937599182,28.2304744720459,9.42154598236084,0.903347909450531,0.4385680854320526
1475,ROIs2017_winter_s2_108_p746,0.036856651306152344,0.02676294930279255,28.6696834564209,9.193719863891602,0.8953673243522644,0.47194892168045044
1476,ROIs2017_winter_s2_108_p747,0.04729220271110535,0.03493267670273781,26.504209518432617,12.627638816833496,0.8648500442504883,0.4378317594528198
1477,ROIs2017_winter_s2_108_p748,0.05849532037973404,0.043025460094213486,24.657577514648438,15.601282119750977,0.8620500564575195,0.4044360816478729
1478,ROIs2017_winter_s2_108_p749,0.05792427808046341,0.041628073900938034,24.74279022216797,16.122827529907227,0.8583873510360718,0.38071951270103455
1479,ROIs2017_winter_s2_108_p750,0.04576408863067627,0.03259944170713425,26.789505004882812,12.186245918273926,0.8686871528625488,0.4149473309516907
1480,ROIs2017_winter_s2_108_p751,0.028765998780727386,0.02118515968322754,30.822410583496094,8.020854949951172,0.8948672413825989,0.4621102213859558
1481,ROIs2017_winter_s2_108_p752,0.0291354451328516,0.02051415853202343,30.711566925048828,7.889226913452148,0.8899660110473633,0.4552538990974426
1482,ROIs2017_winter_s2_108_p753,0.04201866686344147,0.029864070937037468,27.53115463256836,10.354580879211426,0.8737714886665344,0.3958339989185333
1483,ROIs2017_winter_s2_108_p755,0.013944121077656746,0.01158470194786787,37.112178802490234,12.772676467895508,0.8814754486083984,0.10087442398071289
1484,ROIs2017_winter_s2_108_p756,0.013663730584084988,0.011727406643331051,37.288612365722656,12.838516235351562,0.8678078055381775,0.08574793487787247
1485,ROIs2017_winter_s2_108_p757,0.013643326237797737,0.01199908833950758,37.30159378051758,13.408251762390137,0.862966775894165,0.06917811930179596
1486,ROIs2017_winter_s2_108_p758,0.014713415876030922,0.012661517597734928,36.64573287963867,14.458349227905273,0.8635855913162231,0.055159103125333786
1487,ROIs2017_winter_s2_108_p759,0.014404990710318089,0.012154856696724892,36.829742431640625,13.554354667663574,0.8775990605354309,0.05887644365429878
1488,ROIs2017_winter_s2_108_p760,0.015894146636128426,0.01267176028341055,35.975257873535156,14.522316932678223,0.8876835703849792,0.08557148277759552
1489,ROIs2017_winter_s2_108_p761,0.02411249652504921,0.019384577870368958,32.35515594482422,20.535058975219727,0.8078659772872925,0.10477074235677719
1490,ROIs2017_winter_s2_108_p762,0.03464871272444725,0.027616208419203758,29.20625877380371,25.510591506958008,0.7222309112548828,0.11271476745605469
1491,ROIs2017_winter_s2_108_p763,0.028628777712583542,0.023441988974809647,30.863943099975586,23.11849594116211,0.7554769515991211,0.11810894310474396
1492,ROIs2017_winter_s2_108_p764,0.015202960930764675,0.012455934658646584,36.36143493652344,14.4329252243042,0.8806061744689941,0.10498259216547012
1493,ROIs2017_winter_s2_108_p765,0.015177106484770775,0.013260525651276112,36.376224517822266,13.337193489074707,0.8466522693634033,0.12083523720502853
1494,ROIs2017_winter_s2_108_p766,0.015844620764255524,0.01365582924336195,36.00236129760742,13.077014923095703,0.851349413394928,0.10070919990539551
1495,ROIs2017_winter_s2_108_p767,0.017009904608130455,0.014081914909183979,35.385963439941406,11.2506742477417,0.8641242384910583,0.1269652247428894
1496,ROIs2017_winter_s2_108_p768,0.026230022311210632,0.017761586233973503,31.624027252197266,9.091288566589355,0.873917818069458,0.27449464797973633
1497,ROIs2017_winter_s2_108_p769,0.031329911202192307,0.02148619294166565,30.0808162689209,9.053728103637695,0.820848822593689,0.49127811193466187
1498,ROIs2017_winter_s2_108_p770,0.04313895106315613,0.031873222440481186,27.302608489990234,13.278220176696777,0.7718725204467773,0.5956012606620789
1499,ROIs2017_winter_s2_108_p771,0.046383995562791824,0.033880673348903656,26.672637939453125,14.766803741455078,0.7683846354484558,0.5893524885177612
1500,ROIs2017_winter_s2_108_p772,0.04834142327308655,0.03428579494357109,26.31361198425293,14.707898139953613,0.8058254718780518,0.5379172563552856
1501,ROIs2017_winter_s2_108_p773,0.041078824549913406,0.028870904818177223,27.727642059326172,10.851057052612305,0.8870552778244019,0.4359923005104065
1502,ROIs2017_winter_s2_108_p774,0.029351023957133293,0.021996349096298218,30.64753532409668,7.595686912536621,0.938319206237793,0.4144189953804016
1503,ROIs2017_winter_s2_108_p775,0.035605814307928085,0.025579581037163734,28.969581604003906,9.100473403930664,0.8898535966873169,0.46524477005004883
1504,ROIs2017_winter_s2_108_p776,0.05031229928135872,0.03678688406944275,25.96651840209961,13.370002746582031,0.8561232686042786,0.4168374240398407
1505,ROIs2017_winter_s2_108_p777,0.05453860014677048,0.03990146145224571,25.265920639038086,14.993794441223145,0.8850280046463013,0.3591636121273041
1506,ROIs2017_winter_s2_108_p778,0.054579466581344604,0.039666660130023956,25.259414672851562,16.140588760375977,0.8635124564170837,0.3846741318702698
1507,ROIs2017_winter_s2_108_p779,0.04387016221880913,0.031522512435913086,27.1566162109375,12.0181245803833,0.8751696944236755,0.4015858769416809
1508,ROIs2017_winter_s2_108_p780,0.03284959867596626,0.024210572242736816,29.66939926147461,7.981260299682617,0.889029324054718,0.44840681552886963
1509,ROIs2017_winter_s2_108_p781,0.028890758752822876,0.02017984539270401,30.784818649291992,7.2120561599731445,0.8797338008880615,0.46754178404808044
1510,ROIs2017_winter_s2_108_p782,0.03211392089724541,0.02239181473851204,29.866132736206055,7.833062171936035,0.8730238676071167,0.4339008331298828
1511,ROIs2017_winter_s2_108_p784,0.0126351835206151,0.010985616594552994,37.96836471557617,12.198739051818848,0.8925727605819702,0.06111034378409386
1512,ROIs2017_winter_s2_108_p785,0.012669278308749199,0.011080571450293064,37.94496154785156,12.683109283447266,0.8864834904670715,0.07127171009778976
1513,ROIs2017_winter_s2_108_p786,0.013177153654396534,0.011323714628815651,37.60356903076172,13.275776863098145,0.8840134143829346,0.08010534942150116
1514,ROIs2017_winter_s2_108_p787,0.01462422963231802,0.012256932444870472,36.69853973388672,14.556801795959473,0.8819550275802612,0.06564205884933472
1515,ROIs2017_winter_s2_108_p788,0.01619051955640316,0.013261986896395683,35.81478500366211,15.068039894104004,0.8734234571456909,0.050898320972919464
1516,ROIs2017_winter_s2_108_p789,0.01548733375966549,0.012656720355153084,36.20046615600586,14.128155708312988,0.8814122080802917,0.0662626177072525
1517,ROIs2017_winter_s2_108_p790,0.018499931320548058,0.013030772097408772,34.65659713745117,15.05870532989502,0.8924849629402161,0.12325698882341385
1518,ROIs2017_winter_s2_108_p791,0.029433103278279305,0.02296268194913864,30.623279571533203,22.563444137573242,0.7636942863464355,0.14521420001983643
1519,ROIs2017_winter_s2_108_p792,0.03161919489502907,0.025318188592791557,30.00098419189453,23.824426651000977,0.7370293736457825,0.13132445514202118
1520,ROIs2017_winter_s2_108_p793,0.01611616089940071,0.012822495773434639,35.854766845703125,15.200902938842773,0.8849172592163086,0.09067413210868835
1521,ROIs2017_winter_s2_108_p794,0.01437522005289793,0.012499255128204823,36.84770965576172,12.865079879760742,0.8600645661354065,0.08783543109893799
1522,ROIs2017_winter_s2_108_p795,0.015746163204312325,0.01346308458596468,36.05650329589844,12.801558494567871,0.8504523634910583,0.09386987239122391
1523,ROIs2017_winter_s2_108_p796,0.014940502122044563,0.01275813952088356,36.5126953125,11.61630916595459,0.866134762763977,0.08756688237190247
1524,ROIs2017_winter_s2_108_p797,0.019481830298900604,0.014145844615995884,34.20740509033203,9.3818998336792,0.8852468132972717,0.1258813440799713
1525,ROIs2017_winter_s2_108_p798,0.03269118815660477,0.02096681483089924,29.711387634277344,8.778678894042969,0.861028790473938,0.34199005365371704
1526,ROIs2017_winter_s2_108_p799,0.03719238564372063,0.02590661682188511,28.590919494628906,9.884504318237305,0.8001326322555542,0.5510039329528809
1527,ROIs2017_winter_s2_108_p800,0.04337725788354874,0.03206052631139755,27.254756927490234,13.789058685302734,0.7806467413902283,0.5718915462493896
1528,ROIs2017_winter_s2_108_p801,0.04922332614660263,0.03163272142410278,26.156579971313477,12.836592674255371,0.8020709156990051,0.5699646472930908
1529,ROIs2017_winter_s2_108_p802,0.0449107326567173,0.027441876009106636,26.95299530029297,10.001328468322754,0.8470778465270996,0.5415816307067871
1530,ROIs2017_winter_s2_108_p803,0.03126971051096916,0.022302109748125076,30.097522735595703,8.46285629272461,0.8783606290817261,0.5156824588775635
1531,ROIs2017_winter_s2_108_p804,0.03714946284890175,0.02656094916164875,28.600950241088867,10.253286361694336,0.844520092010498,0.5399281978607178
1532,ROIs2017_winter_s2_108_p805,0.04731208086013794,0.03440230339765549,26.500558853149414,13.506393432617188,0.8367868661880493,0.4666352868080139
1533,ROIs2017_winter_s2_108_p806,0.04529854655265808,0.0332811214029789,26.878314971923828,13.107124328613281,0.8980402946472168,0.35160011053085327
1534,ROIs2017_winter_s2_108_p807,0.04299280047416687,0.0317377932369709,27.33208656311035,12.52237319946289,0.890729546546936,0.3744884729385376
1535,ROIs2017_winter_s2_108_p808,0.036178652197122574,0.02640327624976635,28.830951690673828,9.88984203338623,0.8847038745880127,0.4077029228210449
1536,ROIs2017_winter_s2_108_p809,0.031337711960077286,0.02259012497961521,30.078655242919922,7.381106853485107,0.880669891834259,0.44347813725471497
1537,ROIs2017_winter_s2_108_p810,0.029164133593440056,0.020911134779453278,30.703018188476562,7.167072772979736,0.869414210319519,0.4702662229537964
1538,ROIs2017_winter_s2_108_p811,0.028202420100569725,0.02051467075943947,30.994272232055664,6.999121189117432,0.8774774670600891,0.45026570558547974
1539,ROIs2017_winter_s2_108_p813,0.013100923039019108,0.010661098174750805,37.653961181640625,12.990947723388672,0.914323091506958,0.08106227964162827
1540,ROIs2017_winter_s2_108_p814,0.01286101620644331,0.010920687578618526,37.81449890136719,12.970553398132324,0.9016801714897156,0.08277709037065506
1541,ROIs2017_winter_s2_108_p815,0.012608293443918228,0.010492212139070034,37.986873626708984,12.72032642364502,0.9084378480911255,0.0781695619225502
1542,ROIs2017_winter_s2_108_p816,0.01585807278752327,0.01305575855076313,35.994991302490234,15.64822006225586,0.8803496360778809,0.060423895716667175
1543,ROIs2017_winter_s2_108_p817,0.017264289781451225,0.013934310525655746,35.25702667236328,16.273601531982422,0.8736832737922668,0.056751251220703125
1544,ROIs2017_winter_s2_108_p818,0.015176895074546337,0.01262048352509737,36.3763427734375,14.134894371032715,0.8800811171531677,0.06478294730186462
1545,ROIs2017_winter_s2_108_p819,0.017880024388432503,0.012611796148121357,34.95263671875,14.418744087219238,0.892629086971283,0.11792409420013428
1546,ROIs2017_winter_s2_108_p820,0.024734102189540863,0.019190948456525803,32.13407897949219,19.911203384399414,0.8023414015769958,0.12939131259918213
1547,ROIs2017_winter_s2_108_p821,0.030880412086844444,0.02465149015188217,30.206336975097656,23.37421989440918,0.7415838241577148,0.128657728433609
1548,ROIs2017_winter_s2_108_p822,0.026560286059975624,0.020461661741137505,31.51534652709961,19.3468017578125,0.7957265377044678,0.15787182748317719
1549,ROIs2017_winter_s2_108_p823,0.02055882103741169,0.015110931359231472,33.74003601074219,12.936004638671875,0.856900691986084,0.1755744218826294
1550,ROIs2017_winter_s2_108_p824,0.017056766897439957,0.013302394188940525,35.362064361572266,11.959176063537598,0.8678532838821411,0.11471718549728394
1551,ROIs2017_winter_s2_108_p825,0.015073394402861595,0.012874818406999111,36.4357795715332,11.758221626281738,0.8643219470977783,0.07123109698295593
1552,ROIs2017_winter_s2_108_p826,0.013394945301115513,0.011884291656315327,37.461181640625,9.866229057312012,0.8835792541503906,0.04599931463599205
1553,ROIs2017_winter_s2_108_p827,0.028640270233154297,0.016994869336485863,30.86046028137207,8.966148376464844,0.8959572315216064,0.14895200729370117
1554,ROIs2017_winter_s2_108_p828,0.033351849764585495,0.021506292745471,29.5376033782959,9.516526222229004,0.8593226075172424,0.36708104610443115
1555,ROIs2017_winter_s2_108_p829,0.03532686457037926,0.02503638155758381,29.03789710998535,11.082696914672852,0.8109579086303711,0.5316301584243774
1556,ROIs2017_winter_s2_108_p830,0.04788016527891159,0.030663125216960907,26.396886825561523,12.995172500610352,0.7852458953857422,0.5755280256271362
1557,ROIs2017_winter_s2_108_p831,0.04624786600470543,0.028079098090529442,26.69816780090332,11.060626029968262,0.7815975546836853,0.595149040222168
1558,ROIs2017_winter_s2_108_p832,0.04033752530813217,0.028028421103954315,27.88581657409668,11.236170768737793,0.7811702489852905,0.6001251935958862
1559,ROIs2017_winter_s2_108_p833,0.04104418307542801,0.029358919709920883,27.734968185424805,11.918485641479492,0.7863559126853943,0.5792999267578125
1560,ROIs2017_winter_s2_108_p834,0.041419561952352524,0.030089082196354866,27.6558895111084,11.99632740020752,0.8080540895462036,0.5204761028289795
1561,ROIs2017_winter_s2_108_p835,0.04191683977842331,0.031457532197237015,27.552230834960938,10.933065414428711,0.84767746925354,0.46087226271629333
1562,ROIs2017_winter_s2_108_p836,0.036811139434576035,0.026595570147037506,28.680416107177734,9.643529891967773,0.8716078996658325,0.4671366512775421
1563,ROIs2017_winter_s2_108_p837,0.03196338936686516,0.02245436981320381,29.906944274902344,7.904875755310059,0.8730409145355225,0.4910123348236084
1564,ROIs2017_winter_s2_108_p838,0.035162489861249924,0.024726195260882378,29.07840919494629,7.380359649658203,0.846976101398468,0.5036314725875854
1565,ROIs2017_winter_s2_108_p839,0.0435563400387764,0.029492704197764397,27.21897315979004,8.486773490905762,0.7990500330924988,0.5383812785148621
1566,ROIs2017_winter_s2_108_p840,0.065558522939682,0.0425037145614624,23.667415618896484,9.594728469848633,0.7836859226226807,0.5076708793640137
