source_index,season,sample_id,roi
24207,spring,ROIs1158_spring_s2_147_p528,s2_147
17724,spring,ROIs1158_spring_s2_121_p316,s2_121
24235,spring,ROIs1158_spring_s2_147_p582,s2_147
25588,winter,ROIs2017_winter_s2_21_p643,s2_21
16794,spring,ROIs1158_spring_s2_120_p112,s2_120
33461,winter,ROIs2017_winter_s2_81_p430,s2_81
27541,winter,ROIs2017_winter_s2_47_p421,s2_47
28860,winter,ROIs2017_winter_s2_55_p286,s2_55
20638,spring,ROIs1158_spring_s2_132_p337,s2_132
37843,winter,ROIs2017_winter_s2_146_p135,s2_146
24082,spring,ROIs1158_spring_s2_147_p299,s2_147
36175,winter,ROIs2017_winter_s2_112_p570,s2_112
29967,winter,ROIs2017_winter_s2_61_p476,s2_61
32698,winter,ROIs2017_winter_s2_75_p397,s2_75
19063,spring,ROIs1158_spring_s2_126_p328,s2_126
16405,spring,ROIs1158_spring_s2_119_p521,s2_119
36473,winter,ROIs2017_winter_s2_112_p904,s2_112
7383,spring,ROIs1158_spring_s2_58_p427,s2_58
2230,spring,ROIs1158_spring_s2_8_p802,s2_8
34302,winter,ROIs2017_winter_s2_94_p689,s2_94
6205,spring,ROIs1158_spring_s2_40_p590,s2_40
9909,spring,ROIs1158_spring_s2_75_p716,s2_75
6444,spring,ROIs1158_spring_s2_45_p117,s2_45
14981,spring,ROIs1158_spring_s2_115_p680,s2_115
22517,spring,ROIs1158_spring_s2_141_p784,s2_141
17596,spring,ROIs1158_spring_s2_121_p152,s2_121
14436,spring,ROIs1158_spring_s2_115_p112,s2_115
11065,spring,ROIs1158_spring_s2_100_p54,s2_100
26345,winter,ROIs2017_winter_s2_25_p721,s2_25
9606,spring,ROIs1158_spring_s2_75_p402,s2_75
34295,winter,ROIs2017_winter_s2_94_p682,s2_94
29564,winter,ROIs2017_winter_s2_59_p688,s2_59
37428,winter,ROIs2017_winter_s2_135_p192,s2_135
14903,spring,ROIs1158_spring_s2_115_p599,s2_115
27575,winter,ROIs2017_winter_s2_47_p460,s2_47
10313,spring,ROIs1158_spring_s2_77_p368,s2_77
19121,spring,ROIs1158_spring_s2_126_p388,s2_126
26612,winter,ROIs2017_winter_s2_42_p213,s2_42
35382,winter,ROIs2017_winter_s2_104_p288,s2_104
10651,spring,ROIs1158_spring_s2_77_p744,s2_77
11781,spring,ROIs1158_spring_s2_100_p815,s2_100
4159,spring,ROIs1158_spring_s2_21_p831,s2_21
27979,winter,ROIs2017_winter_s2_49_p141,s2_49
27257,winter,ROIs2017_winter_s2_47_p77,s2_47
28540,winter,ROIs2017_winter_s2_49_p727,s2_49
31107,winter,ROIs2017_winter_s2_64_p289,s2_64
34439,winter,ROIs2017_winter_s2_94_p831,s2_94
26450,winter,ROIs2017_winter_s2_42_p45,s2_42
29661,winter,ROIs2017_winter_s2_59_p825,s2_59
34867,winter,ROIs2017_winter_s2_102_p534,s2_102
32262,winter,ROIs2017_winter_s2_68_p698,s2_68
30134,winter,ROIs2017_winter_s2_61_p706,s2_61
4349,spring,ROIs1158_spring_s2_26_p134,s2_26
34584,winter,ROIs2017_winter_s2_102_p200,s2_102
36814,winter,ROIs2017_winter_s2_116_p350,s2_116
11426,spring,ROIs1158_spring_s2_100_p429,s2_100
13742,spring,ROIs1158_spring_s2_113_p158,s2_113
34492,winter,ROIs2017_winter_s2_102_p88,s2_102
5599,spring,ROIs1158_spring_s2_39_p634,s2_39
9725,spring,ROIs1158_spring_s2_75_p526,s2_75
36892,winter,ROIs2017_winter_s2_116_p430,s2_116
31491,winter,ROIs2017_winter_s2_64_p687,s2_64
6177,spring,ROIs1158_spring_s2_40_p552,s2_40
22136,spring,ROIs1158_spring_s2_141_p354,s2_141
35329,winter,ROIs2017_winter_s2_104_p222,s2_104
8786,spring,ROIs1158_spring_s2_66_p318,s2_66
26036,winter,ROIs2017_winter_s2_25_p360,s2_25
34939,winter,ROIs2017_winter_s2_102_p627,s2_102
5720,spring,ROIs1158_spring_s2_39_p760,s2_39
22769,spring,ROIs1158_spring_s2_142_p273,s2_142
36305,winter,ROIs2017_winter_s2_112_p709,s2_112
12053,spring,ROIs1158_spring_s2_101_p285,s2_101
13851,spring,ROIs1158_spring_s2_113_p271,s2_113
36061,winter,ROIs2017_winter_s2_112_p448,s2_112
18572,spring,ROIs1158_spring_s2_124_p573,s2_124
31531,winter,ROIs2017_winter_s2_64_p729,s2_64
36508,winter,ROIs2017_winter_s2_116_p33,s2_116
25566,winter,ROIs2017_winter_s2_21_p615,s2_21
26230,winter,ROIs2017_winter_s2_25_p581,s2_25
14094,spring,ROIs1158_spring_s2_113_p536,s2_113
18651,spring,ROIs1158_spring_s2_124_p655,s2_124
21507,spring,ROIs1158_spring_s2_134_p489,s2_134
26625,winter,ROIs2017_winter_s2_42_p226,s2_42
5424,spring,ROIs1158_spring_s2_39_p454,s2_39
33337,winter,ROIs2017_winter_s2_81_p302,s2_81
3119,spring,ROIs1158_spring_s2_15_p371,s2_15
29597,winter,ROIs2017_winter_s2_59_p735,s2_59
23437,spring,ROIs1158_spring_s2_145_p274,s2_145
35473,winter,ROIs2017_winter_s2_104_p393,s2_104
33108,winter,ROIs2017_winter_s2_81_p57,s2_81
17415,spring,ROIs1158_spring_s2_120_p756,s2_120
30261,winter,ROIs2017_winter_s2_62_p59,s2_62
18524,spring,ROIs1158_spring_s2_124_p524,s2_124
12012,spring,ROIs1158_spring_s2_101_p243,s2_101
20224,spring,ROIs1158_spring_s2_128_p720,s2_128
34417,winter,ROIs2017_winter_s2_94_p808,s2_94
32848,winter,ROIs2017_winter_s2_75_p571,s2_75
9924,spring,ROIs1158_spring_s2_75_p732,s2_75
12730,spring,ROIs1158_spring_s2_109_p426,s2_109
3227,spring,ROIs1158_spring_s2_15_p490,s2_15
34699,winter,ROIs2017_winter_s2_102_p336,s2_102
19244,spring,ROIs1158_spring_s2_126_p515,s2_126
21346,spring,ROIs1158_spring_s2_134_p258,s2_134
30219,winter,ROIs2017_winter_s2_61_p820,s2_61
34664,winter,ROIs2017_winter_s2_102_p296,s2_102
26122,winter,ROIs2017_winter_s2_25_p456,s2_25
32494,winter,ROIs2017_winter_s2_75_p158,s2_75
24801,winter,ROIs2017_winter_s2_8_p468,s2_8
28787,winter,ROIs2017_winter_s2_55_p205,s2_55
26254,winter,ROIs2017_winter_s2_25_p610,s2_25
2817,spring,ROIs1158_spring_s2_15_p54,s2_15
26046,winter,ROIs2017_winter_s2_25_p370,s2_25
19844,spring,ROIs1158_spring_s2_128_p327,s2_128
23740,spring,ROIs1158_spring_s2_145_p588,s2_145
34727,winter,ROIs2017_winter_s2_102_p369,s2_102
8746,spring,ROIs1158_spring_s2_66_p277,s2_66
6340,spring,ROIs1158_spring_s2_40_p799,s2_40
20799,spring,ROIs1158_spring_s2_132_p504,s2_132
21519,spring,ROIs1158_spring_s2_134_p502,s2_134
23293,spring,ROIs1158_spring_s2_145_p125,s2_145
5505,spring,ROIs1158_spring_s2_39_p539,s2_39
2912,spring,ROIs1158_spring_s2_15_p153,s2_15
2526,spring,ROIs1158_spring_s2_9_p346,s2_9
10445,spring,ROIs1158_spring_s2_77_p531,s2_77
11648,spring,ROIs1158_spring_s2_100_p668,s2_100
33035,winter,ROIs2017_winter_s2_75_p786,s2_75
27423,winter,ROIs2017_winter_s2_47_p278,s2_47
34642,winter,ROIs2017_winter_s2_102_p268,s2_102
35927,winter,ROIs2017_winter_s2_112_p304,s2_112
35744,winter,ROIs2017_winter_s2_112_p109,s2_112
34582,winter,ROIs2017_winter_s2_102_p198,s2_102
15129,spring,ROIs1158_spring_s2_115_p833,s2_115
14925,spring,ROIs1158_spring_s2_115_p622,s2_115
27208,winter,ROIs2017_winter_s2_42_p830,s2_42
30981,winter,ROIs2017_winter_s2_64_p159,s2_64
36225,winter,ROIs2017_winter_s2_112_p625,s2_112
37364,winter,ROIs2017_winter_s2_135_p122,s2_135
24842,winter,ROIs2017_winter_s2_8_p510,s2_8
4726,spring,ROIs1158_spring_s2_26_p547,s2_26
28675,winter,ROIs2017_winter_s2_55_p88,s2_55
22080,spring,ROIs1158_spring_s2_141_p291,s2_141
31596,winter,ROIs2017_winter_s2_64_p796,s2_64
4867,spring,ROIs1158_spring_s2_26_p693,s2_26
5325,spring,ROIs1158_spring_s2_39_p353,s2_39
26959,winter,ROIs2017_winter_s2_42_p572,s2_42
18722,spring,ROIs1158_spring_s2_124_p729,s2_124
31013,winter,ROIs2017_winter_s2_64_p192,s2_64
4157,spring,ROIs1158_spring_s2_21_p829,s2_21
29184,winter,ROIs2017_winter_s2_59_p254,s2_59
14077,spring,ROIs1158_spring_s2_113_p516,s2_113
20037,spring,ROIs1158_spring_s2_128_p527,s2_128
18466,spring,ROIs1158_spring_s2_124_p463,s2_124
12495,spring,ROIs1158_spring_s2_101_p763,s2_101
28096,winter,ROIs2017_winter_s2_49_p267,s2_49
11672,spring,ROIs1158_spring_s2_100_p694,s2_100
17511,spring,ROIs1158_spring_s2_121_p43,s2_121
34137,winter,ROIs2017_winter_s2_94_p518,s2_94
37877,winter,ROIs2017_winter_s2_146_p178,s2_146
5021,spring,ROIs1158_spring_s2_39_p42,s2_39
35109,winter,ROIs2017_winter_s2_102_p881,s2_102
23247,spring,ROIs1158_spring_s2_145_p77,s2_145
26955,winter,ROIs2017_winter_s2_42_p568,s2_42
22283,spring,ROIs1158_spring_s2_141_p517,s2_141
16182,spring,ROIs1158_spring_s2_119_p269,s2_119
17865,spring,ROIs1158_spring_s2_121_p501,s2_121
32229,winter,ROIs2017_winter_s2_68_p658,s2_68
8910,spring,ROIs1158_spring_s2_66_p449,s2_66
29879,winter,ROIs2017_winter_s2_61_p332,s2_61
23761,spring,ROIs1158_spring_s2_145_p610,s2_145
11819,spring,ROIs1158_spring_s2_101_p43,s2_101
30125,winter,ROIs2017_winter_s2_61_p697,s2_61
20243,spring,ROIs1158_spring_s2_128_p740,s2_128
4585,spring,ROIs1158_spring_s2_26_p398,s2_26
26416,winter,ROIs2017_winter_s2_25_p810,s2_25
31359,winter,ROIs2017_winter_s2_64_p550,s2_64
21072,spring,ROIs1158_spring_s2_132_p787,s2_132
32999,winter,ROIs2017_winter_s2_75_p745,s2_75
23127,spring,ROIs1158_spring_s2_142_p744,s2_142
28745,winter,ROIs2017_winter_s2_55_p160,s2_55
16358,spring,ROIs1158_spring_s2_119_p473,s2_119
36058,winter,ROIs2017_winter_s2_112_p445,s2_112
11438,spring,ROIs1158_spring_s2_100_p442,s2_100
27669,winter,ROIs2017_winter_s2_47_p574,s2_47
27535,winter,ROIs2017_winter_s2_47_p415,s2_47
6673,spring,ROIs1158_spring_s2_45_p354,s2_45
6795,spring,ROIs1158_spring_s2_45_p480,s2_45
15656,spring,ROIs1158_spring_s2_117_p585,s2_117
36016,winter,ROIs2017_winter_s2_112_p399,s2_112
33401,winter,ROIs2017_winter_s2_81_p368,s2_81
9911,spring,ROIs1158_spring_s2_75_p718,s2_75
5462,spring,ROIs1158_spring_s2_39_p494,s2_39
29188,winter,ROIs2017_winter_s2_59_p258,s2_59
20877,spring,ROIs1158_spring_s2_132_p585,s2_132
36485,winter,ROIs2017_winter_s2_112_p916,s2_112
18629,spring,ROIs1158_spring_s2_124_p632,s2_124
31051,winter,ROIs2017_winter_s2_64_p231,s2_64
26205,winter,ROIs2017_winter_s2_25_p552,s2_25
7986,spring,ROIs1158_spring_s2_63_p302,s2_63
21334,spring,ROIs1158_spring_s2_134_p246,s2_134
29077,winter,ROIs2017_winter_s2_59_p143,s2_59
3193,spring,ROIs1158_spring_s2_15_p453,s2_15
25127,winter,ROIs2017_winter_s2_8_p805,s2_8
3757,spring,ROIs1158_spring_s2_21_p401,s2_21
6746,spring,ROIs1158_spring_s2_45_p429,s2_45
15867,spring,ROIs1158_spring_s2_117_p812,s2_117
26328,winter,ROIs2017_winter_s2_25_p704,s2_25
2773,spring,ROIs1158_spring_s2_9_p710,s2_9
7149,spring,ROIs1158_spring_s2_58_p142,s2_58
12961,spring,ROIs1158_spring_s2_110_p106,s2_110
27910,winter,ROIs2017_winter_s2_49_p55,s2_49
17278,spring,ROIs1158_spring_s2_120_p614,s2_120
13124,spring,ROIs1158_spring_s2_110_p297,s2_110
25237,winter,ROIs2017_winter_s2_21_p123,s2_21
1108,spring,ROIs1158_spring_s2_6_p395,s2_6
22404,spring,ROIs1158_spring_s2_141_p656,s2_141
21483,spring,ROIs1158_spring_s2_134_p457,s2_134
18781,spring,ROIs1158_spring_s2_124_p790,s2_124
28535,winter,ROIs2017_winter_s2_49_p721,s2_49
34861,winter,ROIs2017_winter_s2_102_p528,s2_102
16440,spring,ROIs1158_spring_s2_119_p558,s2_119
7884,spring,ROIs1158_spring_s2_63_p196,s2_63
19899,spring,ROIs1158_spring_s2_128_p384,s2_128
3608,spring,ROIs1158_spring_s2_21_p151,s2_21
3362,spring,ROIs1158_spring_s2_15_p637,s2_15
31829,winter,ROIs2017_winter_s2_68_p225,s2_68
6307,spring,ROIs1158_spring_s2_40_p755,s2_40
23119,spring,ROIs1158_spring_s2_142_p736,s2_142
15448,spring,ROIs1158_spring_s2_117_p363,s2_117
27109,winter,ROIs2017_winter_s2_42_p728,s2_42
35806,winter,ROIs2017_winter_s2_112_p175,s2_112
31306,winter,ROIs2017_winter_s2_64_p496,s2_64
30306,winter,ROIs2017_winter_s2_62_p121,s2_62
10363,spring,ROIs1158_spring_s2_77_p446,s2_77
4201,spring,ROIs1158_spring_s2_21_p877,s2_21
8896,spring,ROIs1158_spring_s2_66_p432,s2_66
1723,spring,ROIs1158_spring_s2_8_p277,s2_8
37638,winter,ROIs2017_winter_s2_135_p446,s2_135
18220,spring,ROIs1158_spring_s2_124_p191,s2_124
4120,spring,ROIs1158_spring_s2_21_p790,s2_21
25493,winter,ROIs2017_winter_s2_21_p470,s2_21
12983,spring,ROIs1158_spring_s2_110_p129,s2_110
7901,spring,ROIs1158_spring_s2_63_p214,s2_63
26338,winter,ROIs2017_winter_s2_25_p714,s2_25
37018,winter,ROIs2017_winter_s2_116_p561,s2_116
16153,spring,ROIs1158_spring_s2_119_p236,s2_119
29386,winter,ROIs2017_winter_s2_59_p463,s2_59
4838,spring,ROIs1158_spring_s2_26_p663,s2_26
14147,spring,ROIs1158_spring_s2_113_p595,s2_113
28614,winter,ROIs2017_winter_s2_49_p826,s2_49
34307,winter,ROIs2017_winter_s2_94_p694,s2_94
17330,spring,ROIs1158_spring_s2_120_p668,s2_120
30796,winter,ROIs2017_winter_s2_62_p776,s2_62
34158,winter,ROIs2017_winter_s2_94_p540,s2_94
31925,winter,ROIs2017_winter_s2_68_p325,s2_68
22162,spring,ROIs1158_spring_s2_141_p383,s2_141
32896,winter,ROIs2017_winter_s2_75_p626,s2_75
16564,spring,ROIs1158_spring_s2_119_p686,s2_119
15214,spring,ROIs1158_spring_s2_117_p113,s2_117
29816,winter,ROIs2017_winter_s2_61_p243,s2_61
32612,winter,ROIs2017_winter_s2_75_p296,s2_75
26330,winter,ROIs2017_winter_s2_25_p706,s2_25
27713,winter,ROIs2017_winter_s2_47_p628,s2_47
38367,winter,ROIs2017_winter_s2_146_p835,s2_146
17097,spring,ROIs1158_spring_s2_120_p426,s2_120
25328,winter,ROIs2017_winter_s2_21_p242,s2_21
2591,spring,ROIs1158_spring_s2_9_p414,s2_9
14376,spring,ROIs1158_spring_s2_115_p50,s2_115
9710,spring,ROIs1158_spring_s2_75_p510,s2_75
37747,winter,ROIs2017_winter_s2_135_p588,s2_135
20585,spring,ROIs1158_spring_s2_132_p282,s2_132
32470,winter,ROIs2017_winter_s2_75_p130,s2_75
35694,winter,ROIs2017_winter_s2_112_p55,s2_112
29287,winter,ROIs2017_winter_s2_59_p361,s2_59
29348,winter,ROIs2017_winter_s2_59_p424,s2_59
29568,winter,ROIs2017_winter_s2_59_p692,s2_59
18401,spring,ROIs1158_spring_s2_124_p396,s2_124
29015,winter,ROIs2017_winter_s2_59_p79,s2_59
31792,winter,ROIs2017_winter_s2_68_p187,s2_68
32198,winter,ROIs2017_winter_s2_68_p616,s2_68
6012,spring,ROIs1158_spring_s2_40_p308,s2_40
38195,winter,ROIs2017_winter_s2_146_p589,s2_146
23516,spring,ROIs1158_spring_s2_145_p356,s2_145
5915,spring,ROIs1158_spring_s2_40_p181,s2_40
33926,winter,ROIs2017_winter_s2_94_p300,s2_94
34006,winter,ROIs2017_winter_s2_94_p383,s2_94
35290,winter,ROIs2017_winter_s2_104_p177,s2_104
32136,winter,ROIs2017_winter_s2_68_p543,s2_68
26295,winter,ROIs2017_winter_s2_25_p660,s2_25
32973,winter,ROIs2017_winter_s2_75_p715,s2_75
3260,spring,ROIs1158_spring_s2_15_p527,s2_15
19514,spring,ROIs1158_spring_s2_126_p795,s2_126
22388,spring,ROIs1158_spring_s2_141_p640,s2_141
27596,winter,ROIs2017_winter_s2_47_p486,s2_47
7057,spring,ROIs1158_spring_s2_58_p35,s2_58
32344,winter,ROIs2017_winter_s2_68_p793,s2_68
18236,spring,ROIs1158_spring_s2_124_p215,s2_124
37736,winter,ROIs2017_winter_s2_135_p570,s2_135
6938,spring,ROIs1158_spring_s2_45_p632,s2_45
24974,winter,ROIs2017_winter_s2_8_p647,s2_8
212,spring,ROIs1158_spring_s2_1_p249,s2_1
20412,spring,ROIs1158_spring_s2_132_p103,s2_132
29355,winter,ROIs2017_winter_s2_59_p431,s2_59
16102,spring,ROIs1158_spring_s2_119_p173,s2_119
27555,winter,ROIs2017_winter_s2_47_p440,s2_47
37125,winter,ROIs2017_winter_s2_116_p672,s2_116
30607,winter,ROIs2017_winter_s2_62_p581,s2_62
35201,winter,ROIs2017_winter_s2_104_p73,s2_104
19660,spring,ROIs1158_spring_s2_128_p134,s2_128
25767,winter,ROIs2017_winter_s2_25_p79,s2_25
6238,spring,ROIs1158_spring_s2_40_p643,s2_40
37133,winter,ROIs2017_winter_s2_116_p680,s2_116
35185,winter,ROIs2017_winter_s2_104_p52,s2_104
29723,winter,ROIs2017_winter_s2_61_p111,s2_61
13141,spring,ROIs1158_spring_s2_110_p321,s2_110
31828,winter,ROIs2017_winter_s2_68_p224,s2_68
7258,spring,ROIs1158_spring_s2_58_p276,s2_58
24611,winter,ROIs2017_winter_s2_8_p271,s2_8
34208,winter,ROIs2017_winter_s2_94_p592,s2_94
33759,winter,ROIs2017_winter_s2_94_p127,s2_94
34507,winter,ROIs2017_winter_s2_102_p108,s2_102
25091,winter,ROIs2017_winter_s2_8_p768,s2_8
30067,winter,ROIs2017_winter_s2_61_p621,s2_61
19133,spring,ROIs1158_spring_s2_126_p400,s2_126
15290,spring,ROIs1158_spring_s2_117_p195,s2_117
26241,winter,ROIs2017_winter_s2_25_p596,s2_25
36275,winter,ROIs2017_winter_s2_112_p677,s2_112
29387,winter,ROIs2017_winter_s2_59_p465,s2_59
27124,winter,ROIs2017_winter_s2_42_p743,s2_42
33504,winter,ROIs2017_winter_s2_81_p475,s2_81
10006,spring,ROIs1158_spring_s2_75_p817,s2_75
11898,spring,ROIs1158_spring_s2_101_p125,s2_101
5251,spring,ROIs1158_spring_s2_39_p274,s2_39
20363,spring,ROIs1158_spring_s2_132_p52,s2_132
25033,winter,ROIs2017_winter_s2_8_p708,s2_8
19647,spring,ROIs1158_spring_s2_128_p121,s2_128
37482,winter,ROIs2017_winter_s2_135_p254,s2_135
7173,spring,ROIs1158_spring_s2_58_p171,s2_58
2467,spring,ROIs1158_spring_s2_9_p277,s2_9
9807,spring,ROIs1158_spring_s2_75_p611,s2_75
34425,winter,ROIs2017_winter_s2_94_p817,s2_94
2634,spring,ROIs1158_spring_s2_9_p460,s2_9
26459,winter,ROIs2017_winter_s2_42_p54,s2_42
36857,winter,ROIs2017_winter_s2_116_p394,s2_116
3906,spring,ROIs1158_spring_s2_21_p562,s2_21
14320,spring,ROIs1158_spring_s2_113_p801,s2_113
28498,winter,ROIs2017_winter_s2_49_p683,s2_49
31080,winter,ROIs2017_winter_s2_64_p262,s2_64
5493,spring,ROIs1158_spring_s2_39_p527,s2_39
36940,winter,ROIs2017_winter_s2_116_p480,s2_116
13751,spring,ROIs1158_spring_s2_113_p167,s2_113
26339,winter,ROIs2017_winter_s2_25_p715,s2_25
13823,spring,ROIs1158_spring_s2_113_p242,s2_113
23385,spring,ROIs1158_spring_s2_145_p220,s2_145
37469,winter,ROIs2017_winter_s2_135_p241,s2_135
12829,spring,ROIs1158_spring_s2_109_p661,s2_109
29787,winter,ROIs2017_winter_s2_61_p206,s2_61
38171,winter,ROIs2017_winter_s2_146_p559,s2_146
26433,winter,ROIs2017_winter_s2_25_p839,s2_25
26672,winter,ROIs2017_winter_s2_42_p275,s2_42
37748,winter,ROIs2017_winter_s2_135_p589,s2_135
35132,winter,ROIs2017_winter_s2_102_p906,s2_102
23462,spring,ROIs1158_spring_s2_145_p300,s2_145
27946,winter,ROIs2017_winter_s2_49_p104,s2_49
13774,spring,ROIs1158_spring_s2_113_p191,s2_113
36512,winter,ROIs2017_winter_s2_116_p37,s2_116
17387,spring,ROIs1158_spring_s2_120_p727,s2_120
37774,winter,ROIs2017_winter_s2_146_p48,s2_146
25257,winter,ROIs2017_winter_s2_21_p149,s2_21
993,spring,ROIs1158_spring_s2_6_p256,s2_6
4972,spring,ROIs1158_spring_s2_26_p822,s2_26
25516,winter,ROIs2017_winter_s2_21_p535,s2_21
21781,spring,ROIs1158_spring_s2_134_p773,s2_134
30799,winter,ROIs2017_winter_s2_62_p779,s2_62
34940,winter,ROIs2017_winter_s2_102_p628,s2_102
30656,winter,ROIs2017_winter_s2_62_p631,s2_62
35798,winter,ROIs2017_winter_s2_112_p167,s2_112
1209,spring,ROIs1158_spring_s2_6_p517,s2_6
31534,winter,ROIs2017_winter_s2_64_p732,s2_64
33474,winter,ROIs2017_winter_s2_81_p444,s2_81
35017,winter,ROIs2017_winter_s2_102_p756,s2_102
29150,winter,ROIs2017_winter_s2_59_p219,s2_59
35973,winter,ROIs2017_winter_s2_112_p354,s2_112
36936,winter,ROIs2017_winter_s2_116_p476,s2_116
25918,winter,ROIs2017_winter_s2_25_p236,s2_25
33282,winter,ROIs2017_winter_s2_81_p238,s2_81
14106,spring,ROIs1158_spring_s2_113_p548,s2_113
6470,spring,ROIs1158_spring_s2_45_p143,s2_45
27642,winter,ROIs2017_winter_s2_47_p542,s2_47
33596,winter,ROIs2017_winter_s2_81_p575,s2_81
24714,winter,ROIs2017_winter_s2_8_p378,s2_8
28328,winter,ROIs2017_winter_s2_49_p507,s2_49
28451,winter,ROIs2017_winter_s2_49_p634,s2_49
24838,winter,ROIs2017_winter_s2_8_p506,s2_8
12646,spring,ROIs1158_spring_s2_109_p223,s2_109
11818,spring,ROIs1158_spring_s2_101_p42,s2_101
30439,winter,ROIs2017_winter_s2_62_p372,s2_62
6814,spring,ROIs1158_spring_s2_45_p500,s2_45
7859,spring,ROIs1158_spring_s2_63_p170,s2_63
22613,spring,ROIs1158_spring_s2_142_p78,s2_142
26572,winter,ROIs2017_winter_s2_42_p171,s2_42
711,spring,ROIs1158_spring_s2_1_p766,s2_1
35599,winter,ROIs2017_winter_s2_104_p543,s2_104
37792,winter,ROIs2017_winter_s2_146_p72,s2_146
27620,winter,ROIs2017_winter_s2_47_p515,s2_47
3221,spring,ROIs1158_spring_s2_15_p484,s2_15
6385,spring,ROIs1158_spring_s2_45_p55,s2_45
6241,spring,ROIs1158_spring_s2_40_p646,s2_40
26541,winter,ROIs2017_winter_s2_42_p139,s2_42
4260,spring,ROIs1158_spring_s2_26_p31,s2_26
27386,winter,ROIs2017_winter_s2_47_p231,s2_47
26311,winter,ROIs2017_winter_s2_25_p681,s2_25
22184,spring,ROIs1158_spring_s2_141_p408,s2_141
17929,spring,ROIs1158_spring_s2_121_p581,s2_121
37655,winter,ROIs2017_winter_s2_135_p469,s2_135
33588,winter,ROIs2017_winter_s2_81_p567,s2_81
22566,spring,ROIs1158_spring_s2_141_p836,s2_141
17917,spring,ROIs1158_spring_s2_121_p564,s2_121
30248,winter,ROIs2017_winter_s2_62_p45,s2_62
34070,winter,ROIs2017_winter_s2_94_p449,s2_94
36488,winter,ROIs2017_winter_s2_112_p919,s2_112
12548,spring,ROIs1158_spring_s2_101_p818,s2_101
37946,winter,ROIs2017_winter_s2_146_p269,s2_146
30181,winter,ROIs2017_winter_s2_61_p766,s2_61
33933,winter,ROIs2017_winter_s2_94_p307,s2_94
28884,winter,ROIs2017_winter_s2_55_p314,s2_55
34291,winter,ROIs2017_winter_s2_94_p678,s2_94
23350,spring,ROIs1158_spring_s2_145_p184,s2_145
25343,winter,ROIs2017_winter_s2_21_p262,s2_21
22190,spring,ROIs1158_spring_s2_141_p414,s2_141
19064,spring,ROIs1158_spring_s2_126_p329,s2_126
26322,winter,ROIs2017_winter_s2_25_p692,s2_25
14429,spring,ROIs1158_spring_s2_115_p105,s2_115
34348,winter,ROIs2017_winter_s2_94_p737,s2_94
16448,spring,ROIs1158_spring_s2_119_p566,s2_119
26289,winter,ROIs2017_winter_s2_25_p654,s2_25
24535,winter,ROIs2017_winter_s2_8_p192,s2_8
26244,winter,ROIs2017_winter_s2_25_p599,s2_25
13974,spring,ROIs1158_spring_s2_113_p402,s2_113
29062,winter,ROIs2017_winter_s2_59_p128,s2_59
24317,spring,ROIs1158_spring_s2_147_p729,s2_147
26767,winter,ROIs2017_winter_s2_42_p373,s2_42
1760,spring,ROIs1158_spring_s2_8_p315,s2_8
7049,spring,ROIs1158_spring_s2_45_p815,s2_45
8220,spring,ROIs1158_spring_s2_63_p544,s2_63
27978,winter,ROIs2017_winter_s2_49_p140,s2_49
423,spring,ROIs1158_spring_s2_1_p468,s2_1
1599,spring,ROIs1158_spring_s2_8_p149,s2_8
12146,spring,ROIs1158_spring_s2_101_p382,s2_101
37384,winter,ROIs2017_winter_s2_135_p142,s2_135
26079,winter,ROIs2017_winter_s2_25_p407,s2_25
20174,spring,ROIs1158_spring_s2_128_p669,s2_128
24503,winter,ROIs2017_winter_s2_8_p159,s2_8
26111,winter,ROIs2017_winter_s2_25_p445,s2_25
9918,spring,ROIs1158_spring_s2_75_p726,s2_75
14058,spring,ROIs1158_spring_s2_113_p497,s2_113
32178,winter,ROIs2017_winter_s2_68_p589,s2_68
1950,spring,ROIs1158_spring_s2_8_p512,s2_8
9597,spring,ROIs1158_spring_s2_75_p393,s2_75
26025,winter,ROIs2017_winter_s2_25_p346,s2_25
12395,spring,ROIs1158_spring_s2_101_p654,s2_101
29936,winter,ROIs2017_winter_s2_61_p438,s2_61
24119,spring,ROIs1158_spring_s2_147_p362,s2_147
22223,spring,ROIs1158_spring_s2_141_p450,s2_141
32003,winter,ROIs2017_winter_s2_68_p405,s2_68
4834,spring,ROIs1158_spring_s2_26_p659,s2_26
15108,spring,ROIs1158_spring_s2_115_p811,s2_115
15516,spring,ROIs1158_spring_s2_117_p437,s2_117
23813,spring,ROIs1158_spring_s2_145_p663,s2_145
8518,spring,ROIs1158_spring_s2_66_p41,s2_66
36647,winter,ROIs2017_winter_s2_116_p177,s2_116
29240,winter,ROIs2017_winter_s2_59_p312,s2_59
30065,winter,ROIs2017_winter_s2_61_p619,s2_61
2475,spring,ROIs1158_spring_s2_9_p285,s2_9
32394,winter,ROIs2017_winter_s2_75_p41,s2_75
30143,winter,ROIs2017_winter_s2_61_p715,s2_61
30898,winter,ROIs2017_winter_s2_64_p73,s2_64
6818,spring,ROIs1158_spring_s2_45_p504,s2_45
21532,spring,ROIs1158_spring_s2_134_p515,s2_134
258,spring,ROIs1158_spring_s2_1_p297,s2_1
28831,winter,ROIs2017_winter_s2_55_p253,s2_55
24988,winter,ROIs2017_winter_s2_8_p661,s2_8
20164,spring,ROIs1158_spring_s2_128_p658,s2_128
24654,winter,ROIs2017_winter_s2_8_p315,s2_8
36242,winter,ROIs2017_winter_s2_112_p642,s2_112
12328,spring,ROIs1158_spring_s2_101_p570,s2_101
30103,winter,ROIs2017_winter_s2_61_p670,s2_61
2495,spring,ROIs1158_spring_s2_9_p306,s2_9
32329,winter,ROIs2017_winter_s2_68_p777,s2_68
37351,winter,ROIs2017_winter_s2_135_p106,s2_135
9429,spring,ROIs1158_spring_s2_75_p215,s2_75
4854,spring,ROIs1158_spring_s2_26_p680,s2_26
9374,spring,ROIs1158_spring_s2_75_p154,s2_75
32102,winter,ROIs2017_winter_s2_68_p508,s2_68
11922,spring,ROIs1158_spring_s2_101_p150,s2_101
17799,spring,ROIs1158_spring_s2_121_p415,s2_121
27219,winter,ROIs2017_winter_s2_47_p34,s2_47
2966,spring,ROIs1158_spring_s2_15_p209,s2_15
28187,winter,ROIs2017_winter_s2_49_p361,s2_49
6576,spring,ROIs1158_spring_s2_45_p253,s2_45
10507,spring,ROIs1158_spring_s2_77_p595,s2_77
30979,winter,ROIs2017_winter_s2_64_p157,s2_64
17832,spring,ROIs1158_spring_s2_121_p461,s2_121
31392,winter,ROIs2017_winter_s2_64_p585,s2_64
10084,spring,ROIs1158_spring_s2_77_p85,s2_77
6097,spring,ROIs1158_spring_s2_40_p426,s2_40
10764,spring,ROIs1158_spring_s2_97_p66,s2_97
27366,winter,ROIs2017_winter_s2_47_p211,s2_47
32018,winter,ROIs2017_winter_s2_68_p421,s2_68
9070,spring,ROIs1158_spring_s2_66_p622,s2_66
35742,winter,ROIs2017_winter_s2_112_p107,s2_112
26319,winter,ROIs2017_winter_s2_25_p689,s2_25
11410,spring,ROIs1158_spring_s2_100_p413,s2_100
36589,winter,ROIs2017_winter_s2_116_p117,s2_116
112,spring,ROIs1158_spring_s2_1_p146,s2_1
18114,spring,ROIs1158_spring_s2_121_p814,s2_121
12028,spring,ROIs1158_spring_s2_101_p259,s2_101
13819,spring,ROIs1158_spring_s2_113_p238,s2_113
35590,winter,ROIs2017_winter_s2_104_p532,s2_104
27299,winter,ROIs2017_winter_s2_47_p129,s2_47
33356,winter,ROIs2017_winter_s2_81_p322,s2_81
31632,winter,ROIs2017_winter_s2_64_p833,s2_64
36376,winter,ROIs2017_winter_s2_112_p786,s2_112
35745,winter,ROIs2017_winter_s2_112_p110,s2_112
32013,winter,ROIs2017_winter_s2_68_p416,s2_68
36171,winter,ROIs2017_winter_s2_112_p566,s2_112
29120,winter,ROIs2017_winter_s2_59_p188,s2_59
6863,spring,ROIs1158_spring_s2_45_p550,s2_45
33652,winter,ROIs2017_winter_s2_81_p654,s2_81
36909,winter,ROIs2017_winter_s2_116_p448,s2_116
2766,spring,ROIs1158_spring_s2_9_p697,s2_9
33904,winter,ROIs2017_winter_s2_94_p277,s2_94
37259,winter,ROIs2017_winter_s2_116_p815,s2_116
27781,winter,ROIs2017_winter_s2_47_p711,s2_47
425,spring,ROIs1158_spring_s2_1_p470,s2_1
5893,spring,ROIs1158_spring_s2_40_p152,s2_40
18049,spring,ROIs1158_spring_s2_121_p731,s2_121
16482,spring,ROIs1158_spring_s2_119_p601,s2_119
23885,spring,ROIs1158_spring_s2_145_p745,s2_145
2231,spring,ROIs1158_spring_s2_8_p803,s2_8
8292,spring,ROIs1158_spring_s2_63_p619,s2_63
15728,spring,ROIs1158_spring_s2_117_p663,s2_117
29864,winter,ROIs2017_winter_s2_61_p314,s2_61
6603,spring,ROIs1158_spring_s2_45_p281,s2_45
7135,spring,ROIs1158_spring_s2_58_p128,s2_58
30746,winter,ROIs2017_winter_s2_62_p724,s2_62
35522,winter,ROIs2017_winter_s2_104_p452,s2_104
6905,spring,ROIs1158_spring_s2_45_p596,s2_45
35795,winter,ROIs2017_winter_s2_112_p164,s2_112
232,spring,ROIs1158_spring_s2_1_p270,s2_1
30386,winter,ROIs2017_winter_s2_62_p273,s2_62
4490,spring,ROIs1158_spring_s2_26_p296,s2_26
26162,winter,ROIs2017_winter_s2_25_p504,s2_25
37072,winter,ROIs2017_winter_s2_116_p617,s2_116
16740,spring,ROIs1158_spring_s2_120_p56,s2_120
29277,winter,ROIs2017_winter_s2_59_p351,s2_59
7111,spring,ROIs1158_spring_s2_58_p99,s2_58
6207,spring,ROIs1158_spring_s2_40_p592,s2_40
9386,spring,ROIs1158_spring_s2_75_p166,s2_75
5446,spring,ROIs1158_spring_s2_39_p476,s2_39
27360,winter,ROIs2017_winter_s2_47_p200,s2_47
16654,spring,ROIs1158_spring_s2_119_p779,s2_119
23618,spring,ROIs1158_spring_s2_145_p461,s2_145
10102,spring,ROIs1158_spring_s2_77_p104,s2_77
30220,winter,ROIs2017_winter_s2_61_p821,s2_61
18556,spring,ROIs1158_spring_s2_124_p557,s2_124
32427,winter,ROIs2017_winter_s2_75_p82,s2_75
30886,winter,ROIs2017_winter_s2_64_p61,s2_64
25972,winter,ROIs2017_winter_s2_25_p292,s2_25
30852,winter,ROIs2017_winter_s2_62_p837,s2_62
5285,spring,ROIs1158_spring_s2_39_p309,s2_39
7176,spring,ROIs1158_spring_s2_58_p179,s2_58
29258,winter,ROIs2017_winter_s2_59_p331,s2_59
29709,winter,ROIs2017_winter_s2_61_p82,s2_61
15299,spring,ROIs1158_spring_s2_117_p204,s2_117
17,spring,ROIs1158_spring_s2_1_p47,s2_1
27855,winter,ROIs2017_winter_s2_47_p800,s2_47
21679,spring,ROIs1158_spring_s2_134_p668,s2_134
37350,winter,ROIs2017_winter_s2_135_p105,s2_135
33657,winter,ROIs2017_winter_s2_81_p659,s2_81
9640,spring,ROIs1158_spring_s2_75_p438,s2_75
37518,winter,ROIs2017_winter_s2_135_p299,s2_135
22700,spring,ROIs1158_spring_s2_142_p188,s2_142
27365,winter,ROIs2017_winter_s2_47_p210,s2_47
32583,winter,ROIs2017_winter_s2_75_p263,s2_75
38232,winter,ROIs2017_winter_s2_146_p637,s2_146
20858,spring,ROIs1158_spring_s2_132_p565,s2_132
16343,spring,ROIs1158_spring_s2_119_p454,s2_119
28911,winter,ROIs2017_winter_s2_55_p344,s2_55
25738,winter,ROIs2017_winter_s2_25_p49,s2_25
7255,spring,ROIs1158_spring_s2_58_p273,s2_58
13339,spring,ROIs1158_spring_s2_110_p553,s2_110
19577,spring,ROIs1158_spring_s2_128_p48,s2_128
34874,winter,ROIs2017_winter_s2_102_p541,s2_102
1522,spring,ROIs1158_spring_s2_8_p69,s2_8
31281,winter,ROIs2017_winter_s2_64_p470,s2_64
30972,winter,ROIs2017_winter_s2_64_p150,s2_64
36941,winter,ROIs2017_winter_s2_116_p481,s2_116
6909,spring,ROIs1158_spring_s2_45_p600,s2_45
14629,spring,ROIs1158_spring_s2_115_p315,s2_115
30644,winter,ROIs2017_winter_s2_62_p619,s2_62
32605,winter,ROIs2017_winter_s2_75_p288,s2_75
27686,winter,ROIs2017_winter_s2_47_p596,s2_47
30655,winter,ROIs2017_winter_s2_62_p630,s2_62
4111,spring,ROIs1158_spring_s2_21_p781,s2_21
3718,spring,ROIs1158_spring_s2_21_p360,s2_21
9207,spring,ROIs1158_spring_s2_66_p776,s2_66
33963,winter,ROIs2017_winter_s2_94_p338,s2_94
23386,spring,ROIs1158_spring_s2_145_p221,s2_145
24700,winter,ROIs2017_winter_s2_8_p363,s2_8
19683,spring,ROIs1158_spring_s2_128_p158,s2_128
24524,winter,ROIs2017_winter_s2_8_p181,s2_8
11733,spring,ROIs1158_spring_s2_100_p764,s2_100
19628,spring,ROIs1158_spring_s2_128_p101,s2_128
21061,spring,ROIs1158_spring_s2_132_p775,s2_132
37871,winter,ROIs2017_winter_s2_146_p170,s2_146
13707,spring,ROIs1158_spring_s2_113_p122,s2_113
32113,winter,ROIs2017_winter_s2_68_p519,s2_68
22946,spring,ROIs1158_spring_s2_142_p507,s2_142
14265,spring,ROIs1158_spring_s2_113_p737,s2_113
28765,winter,ROIs2017_winter_s2_55_p181,s2_55
32391,winter,ROIs2017_winter_s2_75_p38,s2_75
226,spring,ROIs1158_spring_s2_1_p264,s2_1
23953,spring,ROIs1158_spring_s2_147_p45,s2_147
25062,winter,ROIs2017_winter_s2_8_p738,s2_8
18890,spring,ROIs1158_spring_s2_126_p91,s2_126
18490,spring,ROIs1158_spring_s2_124_p488,s2_124
12916,spring,ROIs1158_spring_s2_110_p60,s2_110
13440,spring,ROIs1158_spring_s2_110_p657,s2_110
8876,spring,ROIs1158_spring_s2_66_p412,s2_66
23720,spring,ROIs1158_spring_s2_145_p567,s2_145
6486,spring,ROIs1158_spring_s2_45_p160,s2_45
19031,spring,ROIs1158_spring_s2_126_p295,s2_126
5551,spring,ROIs1158_spring_s2_39_p585,s2_39
22646,spring,ROIs1158_spring_s2_142_p122,s2_142
2374,spring,ROIs1158_spring_s2_9_p167,s2_9
31296,winter,ROIs2017_winter_s2_64_p485,s2_64
29067,winter,ROIs2017_winter_s2_59_p133,s2_59
6664,spring,ROIs1158_spring_s2_45_p344,s2_45
35777,winter,ROIs2017_winter_s2_112_p144,s2_112
10567,spring,ROIs1158_spring_s2_77_p657,s2_77
37107,winter,ROIs2017_winter_s2_116_p653,s2_116
38020,winter,ROIs2017_winter_s2_146_p368,s2_146
28283,winter,ROIs2017_winter_s2_49_p460,s2_49
18377,spring,ROIs1158_spring_s2_124_p369,s2_124
18185,spring,ROIs1158_spring_s2_124_p129,s2_124
5133,spring,ROIs1158_spring_s2_39_p154,s2_39
14664,spring,ROIs1158_spring_s2_115_p352,s2_115
31921,winter,ROIs2017_winter_s2_68_p321,s2_68
37336,winter,ROIs2017_winter_s2_135_p91,s2_135
25222,winter,ROIs2017_winter_s2_21_p102,s2_21
26390,winter,ROIs2017_winter_s2_25_p778,s2_25
6419,spring,ROIs1158_spring_s2_45_p91,s2_45
18140,spring,ROIs1158_spring_s2_124_p42,s2_124
3449,spring,ROIs1158_spring_s2_15_p729,s2_15
2823,spring,ROIs1158_spring_s2_15_p61,s2_15
15113,spring,ROIs1158_spring_s2_115_p817,s2_115
28467,winter,ROIs2017_winter_s2_49_p651,s2_49
18235,spring,ROIs1158_spring_s2_124_p214,s2_124
37770,winter,ROIs2017_winter_s2_146_p44,s2_146
23340,spring,ROIs1158_spring_s2_145_p173,s2_145
33660,winter,ROIs2017_winter_s2_81_p662,s2_81
12034,spring,ROIs1158_spring_s2_101_p266,s2_101
5545,spring,ROIs1158_spring_s2_39_p579,s2_39
4760,spring,ROIs1158_spring_s2_26_p583,s2_26
4666,spring,ROIs1158_spring_s2_26_p485,s2_26
30260,winter,ROIs2017_winter_s2_62_p57,s2_62
15437,spring,ROIs1158_spring_s2_117_p352,s2_117
542,spring,ROIs1158_spring_s2_1_p591,s2_1
30063,winter,ROIs2017_winter_s2_61_p617,s2_61
7248,spring,ROIs1158_spring_s2_58_p266,s2_58
28958,winter,ROIs2017_winter_s2_55_p397,s2_55
25155,winter,ROIs2017_winter_s2_8_p834,s2_8
31821,winter,ROIs2017_winter_s2_68_p217,s2_68
7615,spring,ROIs1158_spring_s2_58_p713,s2_58
36849,winter,ROIs2017_winter_s2_116_p386,s2_116
32195,winter,ROIs2017_winter_s2_68_p613,s2_68
10370,spring,ROIs1158_spring_s2_77_p453,s2_77
35415,winter,ROIs2017_winter_s2_104_p326,s2_104
33027,winter,ROIs2017_winter_s2_75_p777,s2_75
14791,spring,ROIs1158_spring_s2_115_p483,s2_115
32823,winter,ROIs2017_winter_s2_75_p542,s2_75
16097,spring,ROIs1158_spring_s2_119_p168,s2_119
38058,winter,ROIs2017_winter_s2_146_p413,s2_146
9735,spring,ROIs1158_spring_s2_75_p536,s2_75
23646,spring,ROIs1158_spring_s2_145_p490,s2_145
32880,winter,ROIs2017_winter_s2_75_p607,s2_75
33054,winter,ROIs2017_winter_s2_75_p808,s2_75
3208,spring,ROIs1158_spring_s2_15_p469,s2_15
8449,spring,ROIs1158_spring_s2_63_p781,s2_63
37771,winter,ROIs2017_winter_s2_146_p45,s2_146
13897,spring,ROIs1158_spring_s2_113_p321,s2_113
38133,winter,ROIs2017_winter_s2_146_p514,s2_146
6468,spring,ROIs1158_spring_s2_45_p141,s2_45
16503,spring,ROIs1158_spring_s2_119_p623,s2_119
7280,spring,ROIs1158_spring_s2_58_p303,s2_58
2153,spring,ROIs1158_spring_s2_8_p722,s2_8
2793,spring,ROIs1158_spring_s2_15_p30,s2_15
10959,spring,ROIs1158_spring_s2_97_p640,s2_97
24740,winter,ROIs2017_winter_s2_8_p404,s2_8
163,spring,ROIs1158_spring_s2_1_p198,s2_1
12090,spring,ROIs1158_spring_s2_101_p324,s2_101
30530,winter,ROIs2017_winter_s2_62_p499,s2_62
36983,winter,ROIs2017_winter_s2_116_p525,s2_116
24349,spring,ROIs1158_spring_s2_147_p787,s2_147
31399,winter,ROIs2017_winter_s2_64_p592,s2_64
4620,spring,ROIs1158_spring_s2_26_p437,s2_26
12238,spring,ROIs1158_spring_s2_101_p477,s2_101
18406,spring,ROIs1158_spring_s2_124_p401,s2_124
19150,spring,ROIs1158_spring_s2_126_p418,s2_126
27954,winter,ROIs2017_winter_s2_49_p112,s2_49
26008,winter,ROIs2017_winter_s2_25_p329,s2_25
37396,winter,ROIs2017_winter_s2_135_p157,s2_135
13957,spring,ROIs1158_spring_s2_113_p385,s2_113
1447,spring,ROIs1158_spring_s2_6_p800,s2_6
30399,winter,ROIs2017_winter_s2_62_p298,s2_62
36962,winter,ROIs2017_winter_s2_116_p503,s2_116
27055,winter,ROIs2017_winter_s2_42_p672,s2_42
34722,winter,ROIs2017_winter_s2_102_p364,s2_102
26356,winter,ROIs2017_winter_s2_25_p738,s2_25
4394,spring,ROIs1158_spring_s2_26_p187,s2_26
30824,winter,ROIs2017_winter_s2_62_p808,s2_62
30303,winter,ROIs2017_winter_s2_62_p118,s2_62
11589,spring,ROIs1158_spring_s2_100_p604,s2_100
25129,winter,ROIs2017_winter_s2_8_p807,s2_8
36110,winter,ROIs2017_winter_s2_112_p501,s2_112
5501,spring,ROIs1158_spring_s2_39_p535,s2_39
19069,spring,ROIs1158_spring_s2_126_p334,s2_126
20779,spring,ROIs1158_spring_s2_132_p483,s2_132
2049,spring,ROIs1158_spring_s2_8_p615,s2_8
15567,spring,ROIs1158_spring_s2_117_p490,s2_117
20489,spring,ROIs1158_spring_s2_132_p183,s2_132
27107,winter,ROIs2017_winter_s2_42_p726,s2_42
12013,spring,ROIs1158_spring_s2_101_p244,s2_101
26173,winter,ROIs2017_winter_s2_25_p515,s2_25
21307,spring,ROIs1158_spring_s2_134_p218,s2_134
15727,spring,ROIs1158_spring_s2_117_p662,s2_117
12412,spring,ROIs1158_spring_s2_101_p677,s2_101
27735,winter,ROIs2017_winter_s2_47_p655,s2_47
34628,winter,ROIs2017_winter_s2_102_p254,s2_102
19515,spring,ROIs1158_spring_s2_126_p796,s2_126
30060,winter,ROIs2017_winter_s2_61_p614,s2_61
6138,spring,ROIs1158_spring_s2_40_p494,s2_40
16052,spring,ROIs1158_spring_s2_119_p115,s2_119
14561,spring,ROIs1158_spring_s2_115_p242,s2_115
12149,spring,ROIs1158_spring_s2_101_p385,s2_101
5417,spring,ROIs1158_spring_s2_39_p447,s2_39
484,spring,ROIs1158_spring_s2_1_p531,s2_1
14757,spring,ROIs1158_spring_s2_115_p448,s2_115
10136,spring,ROIs1158_spring_s2_77_p139,s2_77
11699,spring,ROIs1158_spring_s2_100_p724,s2_100
34189,winter,ROIs2017_winter_s2_94_p572,s2_94
27294,winter,ROIs2017_winter_s2_47_p124,s2_47
37558,winter,ROIs2017_winter_s2_135_p344,s2_135
34294,winter,ROIs2017_winter_s2_94_p681,s2_94
14478,spring,ROIs1158_spring_s2_115_p156,s2_115
19085,spring,ROIs1158_spring_s2_126_p351,s2_126
25447,winter,ROIs2017_winter_s2_21_p388,s2_21
707,spring,ROIs1158_spring_s2_1_p762,s2_1
25848,winter,ROIs2017_winter_s2_25_p163,s2_25
24996,winter,ROIs2017_winter_s2_8_p670,s2_8
615,spring,ROIs1158_spring_s2_1_p666,s2_1
19372,spring,ROIs1158_spring_s2_126_p648,s2_126
31817,winter,ROIs2017_winter_s2_68_p213,s2_68
11341,spring,ROIs1158_spring_s2_100_p343,s2_100
6319,spring,ROIs1158_spring_s2_40_p767,s2_40
37181,winter,ROIs2017_winter_s2_116_p734,s2_116
12067,spring,ROIs1158_spring_s2_101_p300,s2_101
19678,spring,ROIs1158_spring_s2_128_p153,s2_128
32877,winter,ROIs2017_winter_s2_75_p604,s2_75
38082,winter,ROIs2017_winter_s2_146_p443,s2_146
1386,spring,ROIs1158_spring_s2_6_p730,s2_6
30465,winter,ROIs2017_winter_s2_62_p408,s2_62
31725,winter,ROIs2017_winter_s2_68_p118,s2_68
38311,winter,ROIs2017_winter_s2_146_p748,s2_146
36243,winter,ROIs2017_winter_s2_112_p643,s2_112
37324,winter,ROIs2017_winter_s2_135_p76,s2_135
21321,spring,ROIs1158_spring_s2_134_p233,s2_134
30360,winter,ROIs2017_winter_s2_62_p235,s2_62
24787,winter,ROIs2017_winter_s2_8_p453,s2_8
3319,spring,ROIs1158_spring_s2_15_p591,s2_15
1134,spring,ROIs1158_spring_s2_6_p427,s2_6
32000,winter,ROIs2017_winter_s2_68_p402,s2_68
26691,winter,ROIs2017_winter_s2_42_p295,s2_42
9356,spring,ROIs1158_spring_s2_75_p133,s2_75
29351,winter,ROIs2017_winter_s2_59_p427,s2_59
8335,spring,ROIs1158_spring_s2_63_p663,s2_63
19762,spring,ROIs1158_spring_s2_128_p242,s2_128
27821,winter,ROIs2017_winter_s2_47_p761,s2_47
36583,winter,ROIs2017_winter_s2_116_p110,s2_116
29349,winter,ROIs2017_winter_s2_59_p425,s2_59
18018,spring,ROIs1158_spring_s2_121_p693,s2_121
25627,winter,ROIs2017_winter_s2_21_p700,s2_21
34129,winter,ROIs2017_winter_s2_94_p510,s2_94
25698,winter,ROIs2017_winter_s2_21_p807,s2_21
29707,winter,ROIs2017_winter_s2_61_p71,s2_61
515,spring,ROIs1158_spring_s2_1_p563,s2_1
24603,winter,ROIs2017_winter_s2_8_p263,s2_8
11807,spring,ROIs1158_spring_s2_101_p31,s2_101
4462,spring,ROIs1158_spring_s2_26_p265,s2_26
29976,winter,ROIs2017_winter_s2_61_p485,s2_61
37552,winter,ROIs2017_winter_s2_135_p338,s2_135
37377,winter,ROIs2017_winter_s2_135_p135,s2_135
9111,spring,ROIs1158_spring_s2_66_p665,s2_66
22055,spring,ROIs1158_spring_s2_141_p262,s2_141
22008,spring,ROIs1158_spring_s2_141_p209,s2_141
21110,spring,ROIs1158_spring_s2_132_p826,s2_132
25851,winter,ROIs2017_winter_s2_25_p166,s2_25
31740,winter,ROIs2017_winter_s2_68_p133,s2_68
15623,spring,ROIs1158_spring_s2_117_p550,s2_117
6948,spring,ROIs1158_spring_s2_45_p643,s2_45
32182,winter,ROIs2017_winter_s2_68_p593,s2_68
20607,spring,ROIs1158_spring_s2_132_p305,s2_132
32738,winter,ROIs2017_winter_s2_75_p442,s2_75
38289,winter,ROIs2017_winter_s2_146_p716,s2_146
8544,spring,ROIs1158_spring_s2_66_p68,s2_66
34082,winter,ROIs2017_winter_s2_94_p461,s2_94
32477,winter,ROIs2017_winter_s2_75_p140,s2_75
3695,spring,ROIs1158_spring_s2_21_p335,s2_21
22389,spring,ROIs1158_spring_s2_141_p641,s2_141
10083,spring,ROIs1158_spring_s2_77_p84,s2_77
30327,winter,ROIs2017_winter_s2_62_p159,s2_62
2979,spring,ROIs1158_spring_s2_15_p222,s2_15
26551,winter,ROIs2017_winter_s2_42_p150,s2_42
2541,spring,ROIs1158_spring_s2_9_p362,s2_9
11523,spring,ROIs1158_spring_s2_100_p534,s2_100
4238,spring,ROIs1158_spring_s2_21_p916,s2_21
6185,spring,ROIs1158_spring_s2_40_p560,s2_40
14930,spring,ROIs1158_spring_s2_115_p627,s2_115
18762,spring,ROIs1158_spring_s2_124_p770,s2_124
359,spring,ROIs1158_spring_s2_1_p401,s2_1
25339,winter,ROIs2017_winter_s2_21_p253,s2_21
13216,spring,ROIs1158_spring_s2_110_p422,s2_110
26237,winter,ROIs2017_winter_s2_25_p592,s2_25
21691,spring,ROIs1158_spring_s2_134_p680,s2_134
25034,winter,ROIs2017_winter_s2_8_p709,s2_8
29813,winter,ROIs2017_winter_s2_61_p240,s2_61
2683,spring,ROIs1158_spring_s2_9_p517,s2_9
20066,spring,ROIs1158_spring_s2_128_p557,s2_128
34827,winter,ROIs2017_winter_s2_102_p485,s2_102
28217,winter,ROIs2017_winter_s2_49_p392,s2_49
23191,spring,ROIs1158_spring_s2_142_p826,s2_142
36900,winter,ROIs2017_winter_s2_116_p439,s2_116
11500,spring,ROIs1158_spring_s2_100_p508,s2_100
29196,winter,ROIs2017_winter_s2_59_p267,s2_59
20225,spring,ROIs1158_spring_s2_128_p721,s2_128
37468,winter,ROIs2017_winter_s2_135_p240,s2_135
3819,spring,ROIs1158_spring_s2_21_p469,s2_21
10456,spring,ROIs1158_spring_s2_77_p542,s2_77
27300,winter,ROIs2017_winter_s2_47_p130,s2_47
8005,spring,ROIs1158_spring_s2_63_p322,s2_63
27632,winter,ROIs2017_winter_s2_47_p532,s2_47
37174,winter,ROIs2017_winter_s2_116_p727,s2_116
940,spring,ROIs1158_spring_s2_6_p195,s2_6
29048,winter,ROIs2017_winter_s2_59_p113,s2_59
37529,winter,ROIs2017_winter_s2_135_p310,s2_135
25093,winter,ROIs2017_winter_s2_8_p770,s2_8
1559,spring,ROIs1158_spring_s2_8_p107,s2_8
27001,winter,ROIs2017_winter_s2_42_p616,s2_42
25969,winter,ROIs2017_winter_s2_25_p288,s2_25
36368,winter,ROIs2017_winter_s2_112_p778,s2_112
13294,spring,ROIs1158_spring_s2_110_p503,s2_110
19684,spring,ROIs1158_spring_s2_128_p159,s2_128
29497,winter,ROIs2017_winter_s2_59_p578,s2_59
28106,winter,ROIs2017_winter_s2_49_p277,s2_49
38226,winter,ROIs2017_winter_s2_146_p631,s2_146
37131,winter,ROIs2017_winter_s2_116_p678,s2_116
34084,winter,ROIs2017_winter_s2_94_p463,s2_94
13017,spring,ROIs1158_spring_s2_110_p164,s2_110
4806,spring,ROIs1158_spring_s2_26_p630,s2_26
6988,spring,ROIs1158_spring_s2_45_p689,s2_45
28595,winter,ROIs2017_winter_s2_49_p794,s2_49
19676,spring,ROIs1158_spring_s2_128_p151,s2_128
11493,spring,ROIs1158_spring_s2_100_p499,s2_100
32660,winter,ROIs2017_winter_s2_75_p352,s2_75
16030,spring,ROIs1158_spring_s2_119_p93,s2_119
37775,winter,ROIs2017_winter_s2_146_p49,s2_146
27917,winter,ROIs2017_winter_s2_49_p67,s2_49
989,spring,ROIs1158_spring_s2_6_p252,s2_6
28820,winter,ROIs2017_winter_s2_55_p242,s2_55
24275,spring,ROIs1158_spring_s2_147_p648,s2_147
27690,winter,ROIs2017_winter_s2_47_p600,s2_47
37162,winter,ROIs2017_winter_s2_116_p712,s2_116
2839,spring,ROIs1158_spring_s2_15_p77,s2_15
8817,spring,ROIs1158_spring_s2_66_p351,s2_66
6639,spring,ROIs1158_spring_s2_45_p318,s2_45
23026,spring,ROIs1158_spring_s2_142_p613,s2_142
22361,spring,ROIs1158_spring_s2_141_p610,s2_141
33409,winter,ROIs2017_winter_s2_81_p376,s2_81
26950,winter,ROIs2017_winter_s2_42_p563,s2_42
29649,winter,ROIs2017_winter_s2_59_p813,s2_59
34555,winter,ROIs2017_winter_s2_102_p166,s2_102
18416,spring,ROIs1158_spring_s2_124_p412,s2_124
22147,spring,ROIs1158_spring_s2_141_p365,s2_141
21000,spring,ROIs1158_spring_s2_132_p712,s2_132
15909,spring,ROIs1158_spring_s2_117_p856,s2_117
20417,spring,ROIs1158_spring_s2_132_p108,s2_132
2894,spring,ROIs1158_spring_s2_15_p134,s2_15
2119,spring,ROIs1158_spring_s2_8_p687,s2_8
9228,spring,ROIs1158_spring_s2_66_p801,s2_66
37470,winter,ROIs2017_winter_s2_135_p242,s2_135
36429,winter,ROIs2017_winter_s2_112_p848,s2_112
14208,spring,ROIs1158_spring_s2_113_p664,s2_113
2812,spring,ROIs1158_spring_s2_15_p49,s2_15
33876,winter,ROIs2017_winter_s2_94_p248,s2_94
16218,spring,ROIs1158_spring_s2_119_p309,s2_119
23943,spring,ROIs1158_spring_s2_147_p30,s2_147
7011,spring,ROIs1158_spring_s2_45_p722,s2_45
12074,spring,ROIs1158_spring_s2_101_p307,s2_101
10481,spring,ROIs1158_spring_s2_77_p568,s2_77
27280,winter,ROIs2017_winter_s2_47_p105,s2_47
27182,winter,ROIs2017_winter_s2_42_p803,s2_42
11079,spring,ROIs1158_spring_s2_100_p68,s2_100
38184,winter,ROIs2017_winter_s2_146_p577,s2_146
5280,spring,ROIs1158_spring_s2_39_p304,s2_39
5572,spring,ROIs1158_spring_s2_39_p606,s2_39
35395,winter,ROIs2017_winter_s2_104_p301,s2_104
2722,spring,ROIs1158_spring_s2_9_p598,s2_9
35244,winter,ROIs2017_winter_s2_104_p121,s2_104
19570,spring,ROIs1158_spring_s2_128_p41,s2_128
14194,spring,ROIs1158_spring_s2_113_p650,s2_113
22166,spring,ROIs1158_spring_s2_141_p387,s2_141
32665,winter,ROIs2017_winter_s2_75_p357,s2_75
10336,spring,ROIs1158_spring_s2_77_p404,s2_77
32765,winter,ROIs2017_winter_s2_75_p473,s2_75
2699,spring,ROIs1158_spring_s2_9_p543,s2_9
38225,winter,ROIs2017_winter_s2_146_p630,s2_146
13986,spring,ROIs1158_spring_s2_113_p416,s2_113
17889,spring,ROIs1158_spring_s2_121_p531,s2_121
30617,winter,ROIs2017_winter_s2_62_p591,s2_62
26202,winter,ROIs2017_winter_s2_25_p548,s2_25
27623,winter,ROIs2017_winter_s2_47_p518,s2_47
21914,spring,ROIs1158_spring_s2_141_p103,s2_141
17709,spring,ROIs1158_spring_s2_121_p296,s2_121
15306,spring,ROIs1158_spring_s2_117_p211,s2_117
27197,winter,ROIs2017_winter_s2_42_p819,s2_42
28439,winter,ROIs2017_winter_s2_49_p622,s2_49
26935,winter,ROIs2017_winter_s2_42_p547,s2_42
9198,spring,ROIs1158_spring_s2_66_p767,s2_66
20747,spring,ROIs1158_spring_s2_132_p450,s2_132
33545,winter,ROIs2017_winter_s2_81_p517,s2_81
20979,spring,ROIs1158_spring_s2_132_p690,s2_132
17622,spring,ROIs1158_spring_s2_121_p184,s2_121
8389,spring,ROIs1158_spring_s2_63_p719,s2_63
25430,winter,ROIs2017_winter_s2_21_p362,s2_21
35773,winter,ROIs2017_winter_s2_112_p140,s2_112
31483,winter,ROIs2017_winter_s2_64_p679,s2_64
3082,spring,ROIs1158_spring_s2_15_p329,s2_15
35912,winter,ROIs2017_winter_s2_112_p289,s2_112
36074,winter,ROIs2017_winter_s2_112_p461,s2_112
10674,spring,ROIs1158_spring_s2_77_p768,s2_77
27509,winter,ROIs2017_winter_s2_47_p384,s2_47
37195,winter,ROIs2017_winter_s2_116_p748,s2_116
11794,spring,ROIs1158_spring_s2_100_p828,s2_100
5207,spring,ROIs1158_spring_s2_39_p228,s2_39
9890,spring,ROIs1158_spring_s2_75_p697,s2_75
35296,winter,ROIs2017_winter_s2_104_p183,s2_104
29749,winter,ROIs2017_winter_s2_61_p152,s2_61
4027,spring,ROIs1158_spring_s2_21_p691,s2_21
1790,spring,ROIs1158_spring_s2_8_p346,s2_8
36144,winter,ROIs2017_winter_s2_112_p537,s2_112
26611,winter,ROIs2017_winter_s2_42_p212,s2_42
4667,spring,ROIs1158_spring_s2_26_p486,s2_26
13686,spring,ROIs1158_spring_s2_113_p100,s2_113
31218,winter,ROIs2017_winter_s2_64_p404,s2_64
7672,spring,ROIs1158_spring_s2_58_p780,s2_58
23398,spring,ROIs1158_spring_s2_145_p234,s2_145
16356,spring,ROIs1158_spring_s2_119_p471,s2_119
10732,spring,ROIs1158_spring_s2_77_p828,s2_77
2279,spring,ROIs1158_spring_s2_9_p55,s2_9
17111,spring,ROIs1158_spring_s2_120_p441,s2_120
8195,spring,ROIs1158_spring_s2_63_p518,s2_63
12280,spring,ROIs1158_spring_s2_101_p520,s2_101
24759,winter,ROIs2017_winter_s2_8_p424,s2_8
9945,spring,ROIs1158_spring_s2_75_p753,s2_75
29001,winter,ROIs2017_winter_s2_59_p65,s2_59
30798,winter,ROIs2017_winter_s2_62_p778,s2_62
25543,winter,ROIs2017_winter_s2_21_p582,s2_21
23719,spring,ROIs1158_spring_s2_145_p566,s2_145
19211,spring,ROIs1158_spring_s2_126_p481,s2_126
34794,winter,ROIs2017_winter_s2_102_p447,s2_102
30918,winter,ROIs2017_winter_s2_64_p94,s2_64
4529,spring,ROIs1158_spring_s2_26_p338,s2_26
834,spring,ROIs1158_spring_s2_6_p81,s2_6
31073,winter,ROIs2017_winter_s2_64_p254,s2_64
6125,spring,ROIs1158_spring_s2_40_p472,s2_40
31515,winter,ROIs2017_winter_s2_64_p712,s2_64
33578,winter,ROIs2017_winter_s2_81_p556,s2_81
28242,winter,ROIs2017_winter_s2_49_p418,s2_49
33789,winter,ROIs2017_winter_s2_94_p158,s2_94
25686,winter,ROIs2017_winter_s2_21_p790,s2_21
32667,winter,ROIs2017_winter_s2_75_p359,s2_75
11583,spring,ROIs1158_spring_s2_100_p598,s2_100
23098,spring,ROIs1158_spring_s2_142_p707,s2_142
28636,winter,ROIs2017_winter_s2_55_p42,s2_55
23274,spring,ROIs1158_spring_s2_145_p105,s2_145
14519,spring,ROIs1158_spring_s2_115_p198,s2_115
23832,spring,ROIs1158_spring_s2_145_p683,s2_145
7967,spring,ROIs1158_spring_s2_63_p282,s2_63
9630,spring,ROIs1158_spring_s2_75_p427,s2_75
26306,winter,ROIs2017_winter_s2_25_p676,s2_25
3027,spring,ROIs1158_spring_s2_15_p272,s2_15
4859,spring,ROIs1158_spring_s2_26_p685,s2_26
28218,winter,ROIs2017_winter_s2_49_p393,s2_49
13079,spring,ROIs1158_spring_s2_110_p236,s2_110
36372,winter,ROIs2017_winter_s2_112_p782,s2_112
32452,winter,ROIs2017_winter_s2_75_p111,s2_75
11222,spring,ROIs1158_spring_s2_100_p221,s2_100
25519,winter,ROIs2017_winter_s2_21_p538,s2_21
24912,winter,ROIs2017_winter_s2_8_p583,s2_8
27879,winter,ROIs2017_winter_s2_47_p829,s2_47
20645,spring,ROIs1158_spring_s2_132_p344,s2_132
29405,winter,ROIs2017_winter_s2_59_p483,s2_59
30272,winter,ROIs2017_winter_s2_62_p70,s2_62
24358,spring,ROIs1158_spring_s2_147_p796,s2_147
33248,winter,ROIs2017_winter_s2_81_p202,s2_81
36162,winter,ROIs2017_winter_s2_112_p555,s2_112
32213,winter,ROIs2017_winter_s2_68_p637,s2_68
29311,winter,ROIs2017_winter_s2_59_p386,s2_59
32678,winter,ROIs2017_winter_s2_75_p373,s2_75
15943,spring,ROIs1158_spring_s2_117_p892,s2_117
32050,winter,ROIs2017_winter_s2_68_p454,s2_68
6308,spring,ROIs1158_spring_s2_40_p756,s2_40
30131,winter,ROIs2017_winter_s2_61_p703,s2_61
25258,winter,ROIs2017_winter_s2_21_p150,s2_21
17773,spring,ROIs1158_spring_s2_121_p378,s2_121
1467,spring,ROIs1158_spring_s2_6_p824,s2_6
21004,spring,ROIs1158_spring_s2_132_p716,s2_132
35531,winter,ROIs2017_winter_s2_104_p461,s2_104
15653,spring,ROIs1158_spring_s2_117_p582,s2_117
38178,winter,ROIs2017_winter_s2_146_p571,s2_146
6058,spring,ROIs1158_spring_s2_40_p378,s2_40
10822,spring,ROIs1158_spring_s2_97_p291,s2_97
9420,spring,ROIs1158_spring_s2_75_p206,s2_75
16913,spring,ROIs1158_spring_s2_120_p236,s2_120
10572,spring,ROIs1158_spring_s2_77_p662,s2_77
13451,spring,ROIs1158_spring_s2_110_p669,s2_110
12081,spring,ROIs1158_spring_s2_101_p314,s2_101
1429,spring,ROIs1158_spring_s2_6_p777,s2_6
19483,spring,ROIs1158_spring_s2_126_p763,s2_126
12364,spring,ROIs1158_spring_s2_101_p607,s2_101
32210,winter,ROIs2017_winter_s2_68_p634,s2_68
10039,spring,ROIs1158_spring_s2_77_p39,s2_77
10823,spring,ROIs1158_spring_s2_97_p295,s2_97
38301,winter,ROIs2017_winter_s2_146_p732,s2_146
26904,winter,ROIs2017_winter_s2_42_p515,s2_42
37964,winter,ROIs2017_winter_s2_146_p293,s2_146
29471,winter,ROIs2017_winter_s2_59_p552,s2_59
33121,winter,ROIs2017_winter_s2_81_p71,s2_81
2629,spring,ROIs1158_spring_s2_9_p455,s2_9
10568,spring,ROIs1158_spring_s2_77_p658,s2_77
7268,spring,ROIs1158_spring_s2_58_p286,s2_58
27143,winter,ROIs2017_winter_s2_42_p763,s2_42
26081,winter,ROIs2017_winter_s2_25_p409,s2_25
28468,winter,ROIs2017_winter_s2_49_p652,s2_49
25016,winter,ROIs2017_winter_s2_8_p690,s2_8
10339,spring,ROIs1158_spring_s2_77_p417,s2_77
35301,winter,ROIs2017_winter_s2_104_p190,s2_104
6507,spring,ROIs1158_spring_s2_45_p182,s2_45
32123,winter,ROIs2017_winter_s2_68_p530,s2_68
29097,winter,ROIs2017_winter_s2_59_p164,s2_59
6291,spring,ROIs1158_spring_s2_40_p728,s2_40
25348,winter,ROIs2017_winter_s2_21_p267,s2_21
33964,winter,ROIs2017_winter_s2_94_p339,s2_94
1531,spring,ROIs1158_spring_s2_8_p78,s2_8
20,spring,ROIs1158_spring_s2_1_p50,s2_1
19193,spring,ROIs1158_spring_s2_126_p462,s2_126
18354,spring,ROIs1158_spring_s2_124_p345,s2_124
6327,spring,ROIs1158_spring_s2_40_p786,s2_40
35794,winter,ROIs2017_winter_s2_112_p163,s2_112
13330,spring,ROIs1158_spring_s2_110_p543,s2_110
2,spring,ROIs1158_spring_s2_1_p32,s2_1
35275,winter,ROIs2017_winter_s2_104_p159,s2_104
38147,winter,ROIs2017_winter_s2_146_p529,s2_146
25084,winter,ROIs2017_winter_s2_8_p761,s2_8
25916,winter,ROIs2017_winter_s2_25_p234,s2_25
23906,spring,ROIs1158_spring_s2_145_p778,s2_145
24060,spring,ROIs1158_spring_s2_147_p264,s2_147
32116,winter,ROIs2017_winter_s2_68_p523,s2_68
523,spring,ROIs1158_spring_s2_1_p571,s2_1
28037,winter,ROIs2017_winter_s2_49_p205,s2_49
29046,winter,ROIs2017_winter_s2_59_p111,s2_59
12841,spring,ROIs1158_spring_s2_109_p692,s2_109
8861,spring,ROIs1158_spring_s2_66_p396,s2_66
33535,winter,ROIs2017_winter_s2_81_p507,s2_81
25110,winter,ROIs2017_winter_s2_8_p788,s2_8
17014,spring,ROIs1158_spring_s2_120_p340,s2_120
24960,winter,ROIs2017_winter_s2_8_p632,s2_8
1750,spring,ROIs1158_spring_s2_8_p305,s2_8
17247,spring,ROIs1158_spring_s2_120_p582,s2_120
14121,spring,ROIs1158_spring_s2_113_p566,s2_113
27267,winter,ROIs2017_winter_s2_47_p92,s2_47
16208,spring,ROIs1158_spring_s2_119_p299,s2_119
13175,spring,ROIs1158_spring_s2_110_p367,s2_110
12140,spring,ROIs1158_spring_s2_101_p375,s2_101
19163,spring,ROIs1158_spring_s2_126_p431,s2_126
33779,winter,ROIs2017_winter_s2_94_p148,s2_94
28115,winter,ROIs2017_winter_s2_49_p286,s2_49
24352,spring,ROIs1158_spring_s2_147_p790,s2_147
29805,winter,ROIs2017_winter_s2_61_p227,s2_61
27118,winter,ROIs2017_winter_s2_42_p737,s2_42
23522,spring,ROIs1158_spring_s2_145_p362,s2_145
36928,winter,ROIs2017_winter_s2_116_p468,s2_116
32019,winter,ROIs2017_winter_s2_68_p422,s2_68
29095,winter,ROIs2017_winter_s2_59_p162,s2_59
27584,winter,ROIs2017_winter_s2_47_p474,s2_47
34483,winter,ROIs2017_winter_s2_102_p79,s2_102
23862,spring,ROIs1158_spring_s2_145_p714,s2_145
33760,winter,ROIs2017_winter_s2_94_p128,s2_94
12114,spring,ROIs1158_spring_s2_101_p349,s2_101
16013,spring,ROIs1158_spring_s2_119_p72,s2_119
21771,spring,ROIs1158_spring_s2_134_p763,s2_134
26765,winter,ROIs2017_winter_s2_42_p371,s2_42
30401,winter,ROIs2017_winter_s2_62_p300,s2_62
1593,spring,ROIs1158_spring_s2_8_p142,s2_8
494,spring,ROIs1158_spring_s2_1_p541,s2_1
30983,winter,ROIs2017_winter_s2_64_p161,s2_64
33566,winter,ROIs2017_winter_s2_81_p539,s2_81
18239,spring,ROIs1158_spring_s2_124_p218,s2_124
28035,winter,ROIs2017_winter_s2_49_p201,s2_49
12689,spring,ROIs1158_spring_s2_109_p317,s2_109
8114,spring,ROIs1158_spring_s2_63_p434,s2_63
924,spring,ROIs1158_spring_s2_6_p175,s2_6
7147,spring,ROIs1158_spring_s2_58_p140,s2_58
32662,winter,ROIs2017_winter_s2_75_p354,s2_75
36112,winter,ROIs2017_winter_s2_112_p503,s2_112
31475,winter,ROIs2017_winter_s2_64_p671,s2_64
7964,spring,ROIs1158_spring_s2_63_p279,s2_63
18880,spring,ROIs1158_spring_s2_126_p80,s2_126
3708,spring,ROIs1158_spring_s2_21_p350,s2_21
8969,spring,ROIs1158_spring_s2_66_p513,s2_66
15102,spring,ROIs1158_spring_s2_115_p805,s2_115
19918,spring,ROIs1158_spring_s2_128_p403,s2_128
3974,spring,ROIs1158_spring_s2_21_p634,s2_21
32242,winter,ROIs2017_winter_s2_68_p674,s2_68
36965,winter,ROIs2017_winter_s2_116_p506,s2_116
11134,spring,ROIs1158_spring_s2_100_p126,s2_100
37522,winter,ROIs2017_winter_s2_135_p303,s2_135
24026,spring,ROIs1158_spring_s2_147_p204,s2_147
26040,winter,ROIs2017_winter_s2_25_p364,s2_25
32156,winter,ROIs2017_winter_s2_68_p564,s2_68
10483,spring,ROIs1158_spring_s2_77_p570,s2_77
3714,spring,ROIs1158_spring_s2_21_p356,s2_21
28007,winter,ROIs2017_winter_s2_49_p172,s2_49
37306,winter,ROIs2017_winter_s2_135_p55,s2_135
19597,spring,ROIs1158_spring_s2_128_p69,s2_128
32866,winter,ROIs2017_winter_s2_75_p590,s2_75
10585,spring,ROIs1158_spring_s2_77_p676,s2_77
5502,spring,ROIs1158_spring_s2_39_p536,s2_39
26371,winter,ROIs2017_winter_s2_25_p753,s2_25
27352,winter,ROIs2017_winter_s2_47_p192,s2_47
36872,winter,ROIs2017_winter_s2_116_p410,s2_116
33480,winter,ROIs2017_winter_s2_81_p450,s2_81
23092,spring,ROIs1158_spring_s2_142_p701,s2_142
35654,winter,ROIs2017_winter_s2_104_p608,s2_104
29006,winter,ROIs2017_winter_s2_59_p70,s2_59
30879,winter,ROIs2017_winter_s2_64_p53,s2_64
16930,spring,ROIs1158_spring_s2_120_p253,s2_120
28582,winter,ROIs2017_winter_s2_49_p770,s2_49
1705,spring,ROIs1158_spring_s2_8_p258,s2_8
31790,winter,ROIs2017_winter_s2_68_p185,s2_68
401,spring,ROIs1158_spring_s2_1_p445,s2_1
38104,winter,ROIs2017_winter_s2_146_p472,s2_146
3539,spring,ROIs1158_spring_s2_15_p824,s2_15
31220,winter,ROIs2017_winter_s2_64_p407,s2_64
28634,winter,ROIs2017_winter_s2_55_p40,s2_55
5630,spring,ROIs1158_spring_s2_39_p666,s2_39
1695,spring,ROIs1158_spring_s2_8_p248,s2_8
9834,spring,ROIs1158_spring_s2_75_p639,s2_75
30034,winter,ROIs2017_winter_s2_61_p571,s2_61
29673,winter,ROIs2017_winter_s2_59_p837,s2_59
35457,winter,ROIs2017_winter_s2_104_p374,s2_104
28442,winter,ROIs2017_winter_s2_49_p625,s2_49
37992,winter,ROIs2017_winter_s2_146_p328,s2_146
31772,winter,ROIs2017_winter_s2_68_p166,s2_68
36189,winter,ROIs2017_winter_s2_112_p584,s2_112
36885,winter,ROIs2017_winter_s2_116_p423,s2_116
32694,winter,ROIs2017_winter_s2_75_p390,s2_75
32480,winter,ROIs2017_winter_s2_75_p143,s2_75
9655,spring,ROIs1158_spring_s2_75_p453,s2_75
33326,winter,ROIs2017_winter_s2_81_p291,s2_81
36850,winter,ROIs2017_winter_s2_116_p387,s2_116
16739,spring,ROIs1158_spring_s2_120_p55,s2_120
7267,spring,ROIs1158_spring_s2_58_p285,s2_58
5140,spring,ROIs1158_spring_s2_39_p161,s2_39
18060,spring,ROIs1158_spring_s2_121_p747,s2_121
27040,winter,ROIs2017_winter_s2_42_p656,s2_42
36625,winter,ROIs2017_winter_s2_116_p154,s2_116
22574,spring,ROIs1158_spring_s2_142_p35,s2_142
31878,winter,ROIs2017_winter_s2_68_p276,s2_68
5249,spring,ROIs1158_spring_s2_39_p272,s2_39
17868,spring,ROIs1158_spring_s2_121_p504,s2_121
31651,winter,ROIs2017_winter_s2_68_p41,s2_68
35019,winter,ROIs2017_winter_s2_102_p761,s2_102
33711,winter,ROIs2017_winter_s2_94_p77,s2_94
27012,winter,ROIs2017_winter_s2_42_p627,s2_42
29153,winter,ROIs2017_winter_s2_59_p222,s2_59
32305,winter,ROIs2017_winter_s2_68_p749,s2_68
37129,winter,ROIs2017_winter_s2_116_p676,s2_116
3759,spring,ROIs1158_spring_s2_21_p405,s2_21
32679,winter,ROIs2017_winter_s2_75_p374,s2_75
8957,spring,ROIs1158_spring_s2_66_p501,s2_66
22891,spring,ROIs1158_spring_s2_142_p438,s2_142
30433,winter,ROIs2017_winter_s2_62_p356,s2_62
17388,spring,ROIs1158_spring_s2_120_p728,s2_120
10999,spring,ROIs1158_spring_s2_97_p731,s2_97
21345,spring,ROIs1158_spring_s2_134_p257,s2_134
9297,spring,ROIs1158_spring_s2_75_p67,s2_75
15186,spring,ROIs1158_spring_s2_117_p83,s2_117
32977,winter,ROIs2017_winter_s2_75_p719,s2_75
23542,spring,ROIs1158_spring_s2_145_p383,s2_145
32204,winter,ROIs2017_winter_s2_68_p622,s2_68
5090,spring,ROIs1158_spring_s2_39_p111,s2_39
25460,winter,ROIs2017_winter_s2_21_p410,s2_21
33302,winter,ROIs2017_winter_s2_81_p260,s2_81
26256,winter,ROIs2017_winter_s2_25_p616,s2_25
22308,spring,ROIs1158_spring_s2_141_p546,s2_141
8264,spring,ROIs1158_spring_s2_63_p590,s2_63
28132,winter,ROIs2017_winter_s2_49_p304,s2_49
24855,winter,ROIs2017_winter_s2_8_p524,s2_8
25961,winter,ROIs2017_winter_s2_25_p280,s2_25
1200,spring,ROIs1158_spring_s2_6_p508,s2_6
14822,spring,ROIs1158_spring_s2_115_p515,s2_115
18511,spring,ROIs1158_spring_s2_124_p510,s2_124
30643,winter,ROIs2017_winter_s2_62_p618,s2_62
28682,winter,ROIs2017_winter_s2_55_p95,s2_55
29602,winter,ROIs2017_winter_s2_59_p740,s2_59
30525,winter,ROIs2017_winter_s2_62_p494,s2_62
12079,spring,ROIs1158_spring_s2_101_p312,s2_101
37215,winter,ROIs2017_winter_s2_116_p769,s2_116
4659,spring,ROIs1158_spring_s2_26_p478,s2_26
30947,winter,ROIs2017_winter_s2_64_p124,s2_64
13992,spring,ROIs1158_spring_s2_113_p422,s2_113
31521,winter,ROIs2017_winter_s2_64_p718,s2_64
13541,spring,ROIs1158_spring_s2_110_p762,s2_110
32043,winter,ROIs2017_winter_s2_68_p447,s2_68
32281,winter,ROIs2017_winter_s2_68_p721,s2_68
30130,winter,ROIs2017_winter_s2_61_p702,s2_61
25030,winter,ROIs2017_winter_s2_8_p705,s2_8
15994,spring,ROIs1158_spring_s2_119_p49,s2_119
5162,spring,ROIs1158_spring_s2_39_p183,s2_39
10460,spring,ROIs1158_spring_s2_77_p546,s2_77
37002,winter,ROIs2017_winter_s2_116_p544,s2_116
35573,winter,ROIs2017_winter_s2_104_p513,s2_104
25992,winter,ROIs2017_winter_s2_25_p312,s2_25
21756,spring,ROIs1158_spring_s2_134_p747,s2_134
24580,winter,ROIs2017_winter_s2_8_p239,s2_8
4359,spring,ROIs1158_spring_s2_26_p148,s2_26
35160,winter,ROIs2017_winter_s2_102_p936,s2_102
7208,spring,ROIs1158_spring_s2_58_p216,s2_58
489,spring,ROIs1158_spring_s2_1_p536,s2_1
12317,spring,ROIs1158_spring_s2_101_p559,s2_101
27644,winter,ROIs2017_winter_s2_47_p544,s2_47
19666,spring,ROIs1158_spring_s2_128_p140,s2_128
36341,winter,ROIs2017_winter_s2_112_p749,s2_112
3566,spring,ROIs1158_spring_s2_21_p58,s2_21
9617,spring,ROIs1158_spring_s2_75_p414,s2_75
23839,spring,ROIs1158_spring_s2_145_p690,s2_145
5808,spring,ROIs1158_spring_s2_40_p41,s2_40
30312,winter,ROIs2017_winter_s2_62_p127,s2_62
22588,spring,ROIs1158_spring_s2_142_p49,s2_142
13969,spring,ROIs1158_spring_s2_113_p397,s2_113
37673,winter,ROIs2017_winter_s2_135_p487,s2_135
12434,spring,ROIs1158_spring_s2_101_p700,s2_101
27488,winter,ROIs2017_winter_s2_47_p358,s2_47
12963,spring,ROIs1158_spring_s2_110_p108,s2_110
36584,winter,ROIs2017_winter_s2_116_p111,s2_116
19264,spring,ROIs1158_spring_s2_126_p536,s2_126
25213,winter,ROIs2017_winter_s2_21_p93,s2_21
14050,spring,ROIs1158_spring_s2_113_p486,s2_113
30840,winter,ROIs2017_winter_s2_62_p825,s2_62
31892,winter,ROIs2017_winter_s2_68_p291,s2_68
1149,spring,ROIs1158_spring_s2_6_p445,s2_6
18911,spring,ROIs1158_spring_s2_126_p112,s2_126
11809,spring,ROIs1158_spring_s2_101_p33,s2_101
5316,spring,ROIs1158_spring_s2_39_p342,s2_39
37106,winter,ROIs2017_winter_s2_116_p652,s2_116
31440,winter,ROIs2017_winter_s2_64_p634,s2_64
19835,spring,ROIs1158_spring_s2_128_p317,s2_128
33246,winter,ROIs2017_winter_s2_81_p200,s2_81
35499,winter,ROIs2017_winter_s2_104_p424,s2_104
30642,winter,ROIs2017_winter_s2_62_p617,s2_62
33255,winter,ROIs2017_winter_s2_81_p210,s2_81
10874,spring,ROIs1158_spring_s2_97_p414,s2_97
35471,winter,ROIs2017_winter_s2_104_p391,s2_104
29635,winter,ROIs2017_winter_s2_59_p795,s2_59
4002,spring,ROIs1158_spring_s2_21_p664,s2_21
6871,spring,ROIs1158_spring_s2_45_p559,s2_45
6341,spring,ROIs1158_spring_s2_40_p800,s2_40
8681,spring,ROIs1158_spring_s2_66_p210,s2_66
12396,spring,ROIs1158_spring_s2_101_p655,s2_101
25685,winter,ROIs2017_winter_s2_21_p789,s2_21
27420,winter,ROIs2017_winter_s2_47_p275,s2_47
37223,winter,ROIs2017_winter_s2_116_p777,s2_116
11817,spring,ROIs1158_spring_s2_101_p41,s2_101
2129,spring,ROIs1158_spring_s2_8_p698,s2_8
30838,winter,ROIs2017_winter_s2_62_p823,s2_62
18330,spring,ROIs1158_spring_s2_124_p321,s2_124
19872,spring,ROIs1158_spring_s2_128_p356,s2_128
28243,winter,ROIs2017_winter_s2_49_p419,s2_49
28094,winter,ROIs2017_winter_s2_49_p265,s2_49
33888,winter,ROIs2017_winter_s2_94_p260,s2_94
28837,winter,ROIs2017_winter_s2_55_p259,s2_55
30630,winter,ROIs2017_winter_s2_62_p604,s2_62
16214,spring,ROIs1158_spring_s2_119_p305,s2_119
18228,spring,ROIs1158_spring_s2_124_p207,s2_124
36581,winter,ROIs2017_winter_s2_116_p108,s2_116
32739,winter,ROIs2017_winter_s2_75_p443,s2_75
33439,winter,ROIs2017_winter_s2_81_p408,s2_81
37184,winter,ROIs2017_winter_s2_116_p737,s2_116
7283,spring,ROIs1158_spring_s2_58_p306,s2_58
34506,winter,ROIs2017_winter_s2_102_p107,s2_102
16753,spring,ROIs1158_spring_s2_120_p70,s2_120
20608,spring,ROIs1158_spring_s2_132_p306,s2_132
28855,winter,ROIs2017_winter_s2_55_p281,s2_55
25574,winter,ROIs2017_winter_s2_21_p623,s2_21
19132,spring,ROIs1158_spring_s2_126_p399,s2_126
24384,winter,ROIs2017_winter_s2_8_p36,s2_8
34927,winter,ROIs2017_winter_s2_102_p605,s2_102
35950,winter,ROIs2017_winter_s2_112_p329,s2_112
36554,winter,ROIs2017_winter_s2_116_p80,s2_116
31271,winter,ROIs2017_winter_s2_64_p459,s2_64
20993,spring,ROIs1158_spring_s2_132_p705,s2_132
34965,winter,ROIs2017_winter_s2_102_p665,s2_102
31905,winter,ROIs2017_winter_s2_68_p304,s2_68
11838,spring,ROIs1158_spring_s2_101_p63,s2_101
35360,winter,ROIs2017_winter_s2_104_p261,s2_104
32176,winter,ROIs2017_winter_s2_68_p587,s2_68
14864,spring,ROIs1158_spring_s2_115_p559,s2_115
149,spring,ROIs1158_spring_s2_1_p184,s2_1
10148,spring,ROIs1158_spring_s2_77_p152,s2_77
21900,spring,ROIs1158_spring_s2_141_p89,s2_141
24380,winter,ROIs2017_winter_s2_8_p32,s2_8
21872,spring,ROIs1158_spring_s2_141_p57,s2_141
25800,winter,ROIs2017_winter_s2_25_p113,s2_25
21425,spring,ROIs1158_spring_s2_134_p340,s2_134
33359,winter,ROIs2017_winter_s2_81_p325,s2_81
4135,spring,ROIs1158_spring_s2_21_p807,s2_21
20480,spring,ROIs1158_spring_s2_132_p173,s2_132
35579,winter,ROIs2017_winter_s2_104_p519,s2_104
35683,winter,ROIs2017_winter_s2_112_p44,s2_112
26881,winter,ROIs2017_winter_s2_42_p491,s2_42
25920,winter,ROIs2017_winter_s2_25_p238,s2_25
35980,winter,ROIs2017_winter_s2_112_p361,s2_112
35566,winter,ROIs2017_winter_s2_104_p506,s2_104
194,spring,ROIs1158_spring_s2_1_p230,s2_1
24641,winter,ROIs2017_winter_s2_8_p302,s2_8
24285,spring,ROIs1158_spring_s2_147_p671,s2_147
30061,winter,ROIs2017_winter_s2_61_p615,s2_61
36455,winter,ROIs2017_winter_s2_112_p881,s2_112
25748,winter,ROIs2017_winter_s2_25_p60,s2_25
36675,winter,ROIs2017_winter_s2_116_p206,s2_116
7327,spring,ROIs1158_spring_s2_58_p360,s2_58
12723,spring,ROIs1158_spring_s2_109_p402,s2_109
19433,spring,ROIs1158_spring_s2_126_p711,s2_126
38310,winter,ROIs2017_winter_s2_146_p747,s2_146
12985,spring,ROIs1158_spring_s2_110_p131,s2_110
28296,winter,ROIs2017_winter_s2_49_p474,s2_49
12815,spring,ROIs1158_spring_s2_109_p630,s2_109
23063,spring,ROIs1158_spring_s2_142_p658,s2_142
29919,winter,ROIs2017_winter_s2_61_p411,s2_61
37977,winter,ROIs2017_winter_s2_146_p312,s2_146
35103,winter,ROIs2017_winter_s2_102_p875,s2_102
32412,winter,ROIs2017_winter_s2_75_p63,s2_75
21701,spring,ROIs1158_spring_s2_134_p690,s2_134
35420,winter,ROIs2017_winter_s2_104_p331,s2_104
4258,spring,ROIs1158_spring_s2_21_p959,s2_21
26463,winter,ROIs2017_winter_s2_42_p59,s2_42
35384,winter,ROIs2017_winter_s2_104_p290,s2_104
25394,winter,ROIs2017_winter_s2_21_p322,s2_21
13322,spring,ROIs1158_spring_s2_110_p535,s2_110
20148,spring,ROIs1158_spring_s2_128_p642,s2_128
27305,winter,ROIs2017_winter_s2_47_p135,s2_47
32621,winter,ROIs2017_winter_s2_75_p308,s2_75
5033,spring,ROIs1158_spring_s2_39_p54,s2_39
26923,winter,ROIs2017_winter_s2_42_p535,s2_42
21704,spring,ROIs1158_spring_s2_134_p693,s2_134
7250,spring,ROIs1158_spring_s2_58_p268,s2_58
35813,winter,ROIs2017_winter_s2_112_p182,s2_112
32875,winter,ROIs2017_winter_s2_75_p602,s2_75
28154,winter,ROIs2017_winter_s2_49_p327,s2_49
33915,winter,ROIs2017_winter_s2_94_p288,s2_94
11760,spring,ROIs1158_spring_s2_100_p793,s2_100
1000,spring,ROIs1158_spring_s2_6_p268,s2_6
36339,winter,ROIs2017_winter_s2_112_p747,s2_112
30831,winter,ROIs2017_winter_s2_62_p816,s2_62
18678,spring,ROIs1158_spring_s2_124_p683,s2_124
3427,spring,ROIs1158_spring_s2_15_p705,s2_15
27741,winter,ROIs2017_winter_s2_47_p661,s2_47
32032,winter,ROIs2017_winter_s2_68_p436,s2_68
37094,winter,ROIs2017_winter_s2_116_p640,s2_116
34146,winter,ROIs2017_winter_s2_94_p528,s2_94
13407,spring,ROIs1158_spring_s2_110_p623,s2_110
7148,spring,ROIs1158_spring_s2_58_p141,s2_58
20765,spring,ROIs1158_spring_s2_132_p469,s2_132
23002,spring,ROIs1158_spring_s2_142_p583,s2_142
32912,winter,ROIs2017_winter_s2_75_p643,s2_75
15081,spring,ROIs1158_spring_s2_115_p784,s2_115
29163,winter,ROIs2017_winter_s2_59_p233,s2_59
22273,spring,ROIs1158_spring_s2_141_p507,s2_141
24839,winter,ROIs2017_winter_s2_8_p507,s2_8
35807,winter,ROIs2017_winter_s2_112_p176,s2_112
3305,spring,ROIs1158_spring_s2_15_p576,s2_15
20032,spring,ROIs1158_spring_s2_128_p521,s2_128
780,spring,ROIs1158_spring_s2_1_p837,s2_1
1422,spring,ROIs1158_spring_s2_6_p770,s2_6
21006,spring,ROIs1158_spring_s2_132_p718,s2_132
20999,spring,ROIs1158_spring_s2_132_p711,s2_132
16717,spring,ROIs1158_spring_s2_120_p33,s2_120
30503,winter,ROIs2017_winter_s2_62_p463,s2_62
28320,winter,ROIs2017_winter_s2_49_p499,s2_49
3674,spring,ROIs1158_spring_s2_21_p305,s2_21
31650,winter,ROIs2017_winter_s2_68_p40,s2_68
27699,winter,ROIs2017_winter_s2_47_p614,s2_47
25976,winter,ROIs2017_winter_s2_25_p296,s2_25
18219,spring,ROIs1158_spring_s2_124_p190,s2_124
30440,winter,ROIs2017_winter_s2_62_p373,s2_62
20701,spring,ROIs1158_spring_s2_132_p402,s2_132
16929,spring,ROIs1158_spring_s2_120_p252,s2_120
36593,winter,ROIs2017_winter_s2_116_p121,s2_116
24631,winter,ROIs2017_winter_s2_8_p292,s2_8
31590,winter,ROIs2017_winter_s2_64_p790,s2_64
25531,winter,ROIs2017_winter_s2_21_p560,s2_21
6706,spring,ROIs1158_spring_s2_45_p388,s2_45
1948,spring,ROIs1158_spring_s2_8_p510,s2_8
29812,winter,ROIs2017_winter_s2_61_p239,s2_61
18844,spring,ROIs1158_spring_s2_126_p43,s2_126
27548,winter,ROIs2017_winter_s2_47_p428,s2_47
3474,spring,ROIs1158_spring_s2_15_p755,s2_15
22443,spring,ROIs1158_spring_s2_141_p701,s2_141
5526,spring,ROIs1158_spring_s2_39_p560,s2_39
36837,winter,ROIs2017_winter_s2_116_p373,s2_116
29343,winter,ROIs2017_winter_s2_59_p419,s2_59
20907,spring,ROIs1158_spring_s2_132_p616,s2_132
35346,winter,ROIs2017_winter_s2_104_p242,s2_104
13834,spring,ROIs1158_spring_s2_113_p253,s2_113
18924,spring,ROIs1158_spring_s2_126_p126,s2_126
6942,spring,ROIs1158_spring_s2_45_p636,s2_45
14547,spring,ROIs1158_spring_s2_115_p227,s2_115
7840,spring,ROIs1158_spring_s2_63_p151,s2_63
33105,winter,ROIs2017_winter_s2_81_p52,s2_81
16706,spring,ROIs1158_spring_s2_119_p833,s2_119
11989,spring,ROIs1158_spring_s2_101_p219,s2_101
28449,winter,ROIs2017_winter_s2_49_p632,s2_49
37582,winter,ROIs2017_winter_s2_135_p373,s2_135
21320,spring,ROIs1158_spring_s2_134_p231,s2_134
21667,spring,ROIs1158_spring_s2_134_p655,s2_134
14967,spring,ROIs1158_spring_s2_115_p665,s2_115
34209,winter,ROIs2017_winter_s2_94_p593,s2_94
11791,spring,ROIs1158_spring_s2_100_p825,s2_100
9247,spring,ROIs1158_spring_s2_66_p824,s2_66
37347,winter,ROIs2017_winter_s2_135_p102,s2_135
30790,winter,ROIs2017_winter_s2_62_p770,s2_62
35597,winter,ROIs2017_winter_s2_104_p541,s2_104
6947,spring,ROIs1158_spring_s2_45_p642,s2_45
35321,winter,ROIs2017_winter_s2_104_p212,s2_104
27413,winter,ROIs2017_winter_s2_47_p268,s2_47
24489,winter,ROIs2017_winter_s2_8_p144,s2_8
19241,spring,ROIs1158_spring_s2_126_p512,s2_126
36955,winter,ROIs2017_winter_s2_116_p496,s2_116
14618,spring,ROIs1158_spring_s2_115_p304,s2_115
26619,winter,ROIs2017_winter_s2_42_p220,s2_42
37573,winter,ROIs2017_winter_s2_135_p364,s2_135
25049,winter,ROIs2017_winter_s2_8_p724,s2_8
4843,spring,ROIs1158_spring_s2_26_p669,s2_26
31276,winter,ROIs2017_winter_s2_64_p465,s2_64
2030,spring,ROIs1158_spring_s2_8_p595,s2_8
30286,winter,ROIs2017_winter_s2_62_p90,s2_62
35677,winter,ROIs2017_winter_s2_112_p38,s2_112
22918,spring,ROIs1158_spring_s2_142_p472,s2_142
32744,winter,ROIs2017_winter_s2_75_p448,s2_75
2785,spring,ROIs1158_spring_s2_9_p813,s2_9
14606,spring,ROIs1158_spring_s2_115_p291,s2_115
7960,spring,ROIs1158_spring_s2_63_p275,s2_63
25210,winter,ROIs2017_winter_s2_21_p90,s2_21
25472,winter,ROIs2017_winter_s2_21_p422,s2_21
11349,spring,ROIs1158_spring_s2_100_p351,s2_100
35238,winter,ROIs2017_winter_s2_104_p115,s2_104
34091,winter,ROIs2017_winter_s2_94_p471,s2_94
38162,winter,ROIs2017_winter_s2_146_p549,s2_146
28615,winter,ROIs2017_winter_s2_49_p827,s2_49
28667,winter,ROIs2017_winter_s2_55_p79,s2_55
14062,spring,ROIs1158_spring_s2_113_p501,s2_113
11550,spring,ROIs1158_spring_s2_100_p564,s2_100
29154,winter,ROIs2017_winter_s2_59_p223,s2_59
34445,winter,ROIs2017_winter_s2_94_p837,s2_94
38344,winter,ROIs2017_winter_s2_146_p801,s2_146
15315,spring,ROIs1158_spring_s2_117_p222,s2_117
29382,winter,ROIs2017_winter_s2_59_p459,s2_59
37451,winter,ROIs2017_winter_s2_135_p219,s2_135
36939,winter,ROIs2017_winter_s2_116_p479,s2_116
15478,spring,ROIs1158_spring_s2_117_p395,s2_117
25826,winter,ROIs2017_winter_s2_25_p140,s2_25
2263,spring,ROIs1158_spring_s2_8_p836,s2_8
33775,winter,ROIs2017_winter_s2_94_p143,s2_94
4658,spring,ROIs1158_spring_s2_26_p477,s2_26
14550,spring,ROIs1158_spring_s2_115_p230,s2_115
1225,spring,ROIs1158_spring_s2_6_p537,s2_6
24176,spring,ROIs1158_spring_s2_147_p471,s2_147
31264,winter,ROIs2017_winter_s2_64_p452,s2_64
29177,winter,ROIs2017_winter_s2_59_p247,s2_59
32201,winter,ROIs2017_winter_s2_68_p619,s2_68
24221,spring,ROIs1158_spring_s2_147_p555,s2_147
38230,winter,ROIs2017_winter_s2_146_p635,s2_146
32041,winter,ROIs2017_winter_s2_68_p445,s2_68
36126,winter,ROIs2017_winter_s2_112_p517,s2_112
9050,spring,ROIs1158_spring_s2_66_p600,s2_66
16224,spring,ROIs1158_spring_s2_119_p315,s2_119
6969,spring,ROIs1158_spring_s2_45_p664,s2_45
9775,spring,ROIs1158_spring_s2_75_p577,s2_75
17699,spring,ROIs1158_spring_s2_121_p285,s2_121
14789,spring,ROIs1158_spring_s2_115_p481,s2_115
35591,winter,ROIs2017_winter_s2_104_p533,s2_104
20346,spring,ROIs1158_spring_s2_132_p35,s2_132
18389,spring,ROIs1158_spring_s2_124_p384,s2_124
25369,winter,ROIs2017_winter_s2_21_p293,s2_21
2413,spring,ROIs1158_spring_s2_9_p215,s2_9
15940,spring,ROIs1158_spring_s2_117_p889,s2_117
14839,spring,ROIs1158_spring_s2_115_p533,s2_115
2237,spring,ROIs1158_spring_s2_8_p809,s2_8
1,spring,ROIs1158_spring_s2_1_p31,s2_1
30087,winter,ROIs2017_winter_s2_61_p649,s2_61
10521,spring,ROIs1158_spring_s2_77_p610,s2_77
17370,spring,ROIs1158_spring_s2_120_p709,s2_120
33985,winter,ROIs2017_winter_s2_94_p361,s2_94
8060,spring,ROIs1158_spring_s2_63_p379,s2_63
28502,winter,ROIs2017_winter_s2_49_p687,s2_49
29295,winter,ROIs2017_winter_s2_59_p369,s2_59
10756,spring,ROIs1158_spring_s2_97_p41,s2_97
5704,spring,ROIs1158_spring_s2_39_p743,s2_39
17173,spring,ROIs1158_spring_s2_120_p505,s2_120
32629,winter,ROIs2017_winter_s2_75_p316,s2_75
22555,spring,ROIs1158_spring_s2_141_p825,s2_141
28304,winter,ROIs2017_winter_s2_49_p482,s2_49
23913,spring,ROIs1158_spring_s2_145_p786,s2_145
29249,winter,ROIs2017_winter_s2_59_p322,s2_59
16808,spring,ROIs1158_spring_s2_120_p127,s2_120
29579,winter,ROIs2017_winter_s2_59_p704,s2_59
26618,winter,ROIs2017_winter_s2_42_p219,s2_42
13994,spring,ROIs1158_spring_s2_113_p424,s2_113
37510,winter,ROIs2017_winter_s2_135_p286,s2_135
31970,winter,ROIs2017_winter_s2_68_p371,s2_68
31346,winter,ROIs2017_winter_s2_64_p537,s2_64
16861,spring,ROIs1158_spring_s2_120_p182,s2_120
37019,winter,ROIs2017_winter_s2_116_p562,s2_116
27974,winter,ROIs2017_winter_s2_49_p136,s2_49
29783,winter,ROIs2017_winter_s2_61_p196,s2_61
29042,winter,ROIs2017_winter_s2_59_p107,s2_59
4071,spring,ROIs1158_spring_s2_21_p737,s2_21
24879,winter,ROIs2017_winter_s2_8_p548,s2_8
27237,winter,ROIs2017_winter_s2_47_p52,s2_47
31367,winter,ROIs2017_winter_s2_64_p559,s2_64
20697,spring,ROIs1158_spring_s2_132_p398,s2_132
33595,winter,ROIs2017_winter_s2_81_p574,s2_81
22158,spring,ROIs1158_spring_s2_141_p379,s2_141
16727,spring,ROIs1158_spring_s2_120_p43,s2_120
28347,winter,ROIs2017_winter_s2_49_p527,s2_49
424,spring,ROIs1158_spring_s2_1_p469,s2_1
32389,winter,ROIs2017_winter_s2_75_p36,s2_75
28369,winter,ROIs2017_winter_s2_49_p549,s2_49
30257,winter,ROIs2017_winter_s2_62_p54,s2_62
9281,spring,ROIs1158_spring_s2_75_p47,s2_75
31966,winter,ROIs2017_winter_s2_68_p367,s2_68
18713,spring,ROIs1158_spring_s2_124_p719,s2_124
34892,winter,ROIs2017_winter_s2_102_p564,s2_102
35057,winter,ROIs2017_winter_s2_102_p820,s2_102
27615,winter,ROIs2017_winter_s2_47_p510,s2_47
18100,spring,ROIs1158_spring_s2_121_p794,s2_121
6195,spring,ROIs1158_spring_s2_40_p570,s2_40
32595,winter,ROIs2017_winter_s2_75_p275,s2_75
4344,spring,ROIs1158_spring_s2_26_p129,s2_26
24777,winter,ROIs2017_winter_s2_8_p443,s2_8
18077,spring,ROIs1158_spring_s2_121_p765,s2_121
7728,spring,ROIs1158_spring_s2_63_p35,s2_63
9925,spring,ROIs1158_spring_s2_75_p733,s2_75
4746,spring,ROIs1158_spring_s2_26_p568,s2_26
12657,spring,ROIs1158_spring_s2_109_p251,s2_109
29063,winter,ROIs2017_winter_s2_59_p129,s2_59
26043,winter,ROIs2017_winter_s2_25_p367,s2_25
27999,winter,ROIs2017_winter_s2_49_p164,s2_49
26805,winter,ROIs2017_winter_s2_42_p413,s2_42
35195,winter,ROIs2017_winter_s2_104_p64,s2_104
35895,winter,ROIs2017_winter_s2_112_p270,s2_112
29134,winter,ROIs2017_winter_s2_59_p202,s2_59
31654,winter,ROIs2017_winter_s2_68_p44,s2_68
20752,spring,ROIs1158_spring_s2_132_p455,s2_132
35034,winter,ROIs2017_winter_s2_102_p787,s2_102
25082,winter,ROIs2017_winter_s2_8_p759,s2_8
30726,winter,ROIs2017_winter_s2_62_p704,s2_62
2401,spring,ROIs1158_spring_s2_9_p199,s2_9
7085,spring,ROIs1158_spring_s2_58_p68,s2_58
2537,spring,ROIs1158_spring_s2_9_p358,s2_9
35580,winter,ROIs2017_winter_s2_104_p520,s2_104
26559,winter,ROIs2017_winter_s2_42_p158,s2_42
10748,spring,ROIs1158_spring_s2_97_p33,s2_97
38095,winter,ROIs2017_winter_s2_146_p462,s2_146
26803,winter,ROIs2017_winter_s2_42_p411,s2_42
29053,winter,ROIs2017_winter_s2_59_p119,s2_59
25130,winter,ROIs2017_winter_s2_8_p808,s2_8
15692,spring,ROIs1158_spring_s2_117_p625,s2_117
5247,spring,ROIs1158_spring_s2_39_p270,s2_39
8098,spring,ROIs1158_spring_s2_63_p418,s2_63
20122,spring,ROIs1158_spring_s2_128_p615,s2_128
5353,spring,ROIs1158_spring_s2_39_p383,s2_39
10961,spring,ROIs1158_spring_s2_97_p642,s2_97
20106,spring,ROIs1158_spring_s2_128_p598,s2_128
15117,spring,ROIs1158_spring_s2_115_p821,s2_115
16644,spring,ROIs1158_spring_s2_119_p769,s2_119
11609,spring,ROIs1158_spring_s2_100_p625,s2_100
26874,winter,ROIs2017_winter_s2_42_p484,s2_42
20355,spring,ROIs1158_spring_s2_132_p44,s2_132
10741,spring,ROIs1158_spring_s2_77_p837,s2_77
37901,winter,ROIs2017_winter_s2_146_p210,s2_146
35996,winter,ROIs2017_winter_s2_112_p379,s2_112
28200,winter,ROIs2017_winter_s2_49_p374,s2_49
2015,spring,ROIs1158_spring_s2_8_p579,s2_8
9654,spring,ROIs1158_spring_s2_75_p452,s2_75
26329,winter,ROIs2017_winter_s2_25_p705,s2_25
20766,spring,ROIs1158_spring_s2_132_p470,s2_132
31185,winter,ROIs2017_winter_s2_64_p370,s2_64
22584,spring,ROIs1158_spring_s2_142_p45,s2_142
10565,spring,ROIs1158_spring_s2_77_p655,s2_77
21084,spring,ROIs1158_spring_s2_132_p799,s2_132
32692,winter,ROIs2017_winter_s2_75_p388,s2_75
4797,spring,ROIs1158_spring_s2_26_p621,s2_26
21399,spring,ROIs1158_spring_s2_134_p313,s2_134
19381,spring,ROIs1158_spring_s2_126_p657,s2_126
37662,winter,ROIs2017_winter_s2_135_p476,s2_135
36179,winter,ROIs2017_winter_s2_112_p574,s2_112
12686,spring,ROIs1158_spring_s2_109_p314,s2_109
19075,spring,ROIs1158_spring_s2_126_p340,s2_126
8776,spring,ROIs1158_spring_s2_66_p308,s2_66
36183,winter,ROIs2017_winter_s2_112_p578,s2_112
35186,winter,ROIs2017_winter_s2_104_p53,s2_104
29747,winter,ROIs2017_winter_s2_61_p150,s2_61
15320,spring,ROIs1158_spring_s2_117_p227,s2_117
30703,winter,ROIs2017_winter_s2_62_p680,s2_62
33318,winter,ROIs2017_winter_s2_81_p277,s2_81
18535,spring,ROIs1158_spring_s2_124_p535,s2_124
35163,winter,ROIs2017_winter_s2_102_p939,s2_102
6651,spring,ROIs1158_spring_s2_45_p331,s2_45
22180,spring,ROIs1158_spring_s2_141_p401,s2_141
16627,spring,ROIs1158_spring_s2_119_p751,s2_119
4091,spring,ROIs1158_spring_s2_21_p759,s2_21
8838,spring,ROIs1158_spring_s2_66_p372,s2_66
35704,winter,ROIs2017_winter_s2_112_p67,s2_112
28157,winter,ROIs2017_winter_s2_49_p330,s2_49
13661,spring,ROIs1158_spring_s2_113_p74,s2_113
22913,spring,ROIs1158_spring_s2_142_p467,s2_142
12350,spring,ROIs1158_spring_s2_101_p593,s2_101
11205,spring,ROIs1158_spring_s2_100_p202,s2_100
18792,spring,ROIs1158_spring_s2_124_p801,s2_124
25295,winter,ROIs2017_winter_s2_21_p194,s2_21
15356,spring,ROIs1158_spring_s2_117_p265,s2_117
31006,winter,ROIs2017_winter_s2_64_p185,s2_64
25453,winter,ROIs2017_winter_s2_21_p394,s2_21
13326,spring,ROIs1158_spring_s2_110_p539,s2_110
26166,winter,ROIs2017_winter_s2_25_p508,s2_25
29165,winter,ROIs2017_winter_s2_59_p235,s2_59
13410,spring,ROIs1158_spring_s2_110_p626,s2_110
24632,winter,ROIs2017_winter_s2_8_p293,s2_8
32196,winter,ROIs2017_winter_s2_68_p614,s2_68
18017,spring,ROIs1158_spring_s2_121_p692,s2_121
19494,spring,ROIs1158_spring_s2_126_p774,s2_126
29571,winter,ROIs2017_winter_s2_59_p695,s2_59
30392,winter,ROIs2017_winter_s2_62_p291,s2_62
14398,spring,ROIs1158_spring_s2_115_p73,s2_115
27060,winter,ROIs2017_winter_s2_42_p677,s2_42
9135,spring,ROIs1158_spring_s2_66_p692,s2_66
37370,winter,ROIs2017_winter_s2_135_p128,s2_135
19203,spring,ROIs1158_spring_s2_126_p473,s2_126
5890,spring,ROIs1158_spring_s2_40_p149,s2_40
7242,spring,ROIs1158_spring_s2_58_p255,s2_58
6556,spring,ROIs1158_spring_s2_45_p233,s2_45
2508,spring,ROIs1158_spring_s2_9_p324,s2_9
31134,winter,ROIs2017_winter_s2_64_p317,s2_64
10385,spring,ROIs1158_spring_s2_77_p469,s2_77
36137,winter,ROIs2017_winter_s2_112_p530,s2_112
26774,winter,ROIs2017_winter_s2_42_p381,s2_42
17751,spring,ROIs1158_spring_s2_121_p350,s2_121
20343,spring,ROIs1158_spring_s2_132_p32,s2_132
33353,winter,ROIs2017_winter_s2_81_p318,s2_81
5745,spring,ROIs1158_spring_s2_39_p786,s2_39
18871,spring,ROIs1158_spring_s2_126_p71,s2_126
2366,spring,ROIs1158_spring_s2_9_p155,s2_9
8278,spring,ROIs1158_spring_s2_63_p604,s2_63
27458,winter,ROIs2017_winter_s2_47_p318,s2_47
20439,spring,ROIs1158_spring_s2_132_p131,s2_132
22726,spring,ROIs1158_spring_s2_142_p220,s2_142
6878,spring,ROIs1158_spring_s2_45_p566,s2_45
27652,winter,ROIs2017_winter_s2_47_p557,s2_47
15838,spring,ROIs1158_spring_s2_117_p781,s2_117
32078,winter,ROIs2017_winter_s2_68_p483,s2_68
5230,spring,ROIs1158_spring_s2_39_p252,s2_39
30529,winter,ROIs2017_winter_s2_62_p498,s2_62
23140,spring,ROIs1158_spring_s2_142_p763,s2_142
28669,winter,ROIs2017_winter_s2_55_p81,s2_55
5456,spring,ROIs1158_spring_s2_39_p488,s2_39
31159,winter,ROIs2017_winter_s2_64_p343,s2_64
37343,winter,ROIs2017_winter_s2_135_p98,s2_135
811,spring,ROIs1158_spring_s2_6_p57,s2_6
36638,winter,ROIs2017_winter_s2_116_p167,s2_116
7603,spring,ROIs1158_spring_s2_58_p701,s2_58
38319,winter,ROIs2017_winter_s2_146_p760,s2_146
35098,winter,ROIs2017_winter_s2_102_p870,s2_102
26892,winter,ROIs2017_winter_s2_42_p503,s2_42
20985,spring,ROIs1158_spring_s2_132_p697,s2_132
13971,spring,ROIs1158_spring_s2_113_p399,s2_113
11160,spring,ROIs1158_spring_s2_100_p153,s2_100
28567,winter,ROIs2017_winter_s2_49_p755,s2_49
19090,spring,ROIs1158_spring_s2_126_p356,s2_126
32985,winter,ROIs2017_winter_s2_75_p728,s2_75
14874,spring,ROIs1158_spring_s2_115_p569,s2_115
35976,winter,ROIs2017_winter_s2_112_p357,s2_112
5701,spring,ROIs1158_spring_s2_39_p740,s2_39
37467,winter,ROIs2017_winter_s2_135_p239,s2_135
32290,winter,ROIs2017_winter_s2_68_p731,s2_68
36804,winter,ROIs2017_winter_s2_116_p339,s2_116
2006,spring,ROIs1158_spring_s2_8_p570,s2_8
12289,spring,ROIs1158_spring_s2_101_p530,s2_101
37572,winter,ROIs2017_winter_s2_135_p363,s2_135
10624,spring,ROIs1158_spring_s2_77_p716,s2_77
11318,spring,ROIs1158_spring_s2_100_p320,s2_100
31102,winter,ROIs2017_winter_s2_64_p284,s2_64
23632,spring,ROIs1158_spring_s2_145_p476,s2_145
37076,winter,ROIs2017_winter_s2_116_p621,s2_116
23747,spring,ROIs1158_spring_s2_145_p595,s2_145
25484,winter,ROIs2017_winter_s2_21_p446,s2_21
10647,spring,ROIs1158_spring_s2_77_p740,s2_77
29594,winter,ROIs2017_winter_s2_59_p732,s2_59
16531,spring,ROIs1158_spring_s2_119_p652,s2_119
30591,winter,ROIs2017_winter_s2_62_p564,s2_62
21473,spring,ROIs1158_spring_s2_134_p434,s2_134
35101,winter,ROIs2017_winter_s2_102_p873,s2_102
12508,spring,ROIs1158_spring_s2_101_p776,s2_101
34871,winter,ROIs2017_winter_s2_102_p538,s2_102
28394,winter,ROIs2017_winter_s2_49_p575,s2_49
17007,spring,ROIs1158_spring_s2_120_p333,s2_120
9204,spring,ROIs1158_spring_s2_66_p773,s2_66
6491,spring,ROIs1158_spring_s2_45_p165,s2_45
32380,winter,ROIs2017_winter_s2_68_p838,s2_68
29607,winter,ROIs2017_winter_s2_59_p758,s2_59
6796,spring,ROIs1158_spring_s2_45_p481,s2_45
20096,spring,ROIs1158_spring_s2_128_p588,s2_128
36446,winter,ROIs2017_winter_s2_112_p865,s2_112
36226,winter,ROIs2017_winter_s2_112_p626,s2_112
27739,winter,ROIs2017_winter_s2_47_p659,s2_47
38292,winter,ROIs2017_winter_s2_146_p719,s2_146
5345,spring,ROIs1158_spring_s2_39_p373,s2_39
11516,spring,ROIs1158_spring_s2_100_p525,s2_100
17411,spring,ROIs1158_spring_s2_120_p751,s2_120
16190,spring,ROIs1158_spring_s2_119_p277,s2_119
18472,spring,ROIs1158_spring_s2_124_p470,s2_124
8170,spring,ROIs1158_spring_s2_63_p492,s2_63
315,spring,ROIs1158_spring_s2_1_p356,s2_1
28746,winter,ROIs2017_winter_s2_55_p161,s2_55
13225,spring,ROIs1158_spring_s2_110_p431,s2_110
1155,spring,ROIs1158_spring_s2_6_p451,s2_6
32289,winter,ROIs2017_winter_s2_68_p730,s2_68
33214,winter,ROIs2017_winter_s2_81_p167,s2_81
37046,winter,ROIs2017_winter_s2_116_p590,s2_116
7186,spring,ROIs1158_spring_s2_58_p189,s2_58
29669,winter,ROIs2017_winter_s2_59_p833,s2_59
9965,spring,ROIs1158_spring_s2_75_p774,s2_75
10357,spring,ROIs1158_spring_s2_77_p440,s2_77
26226,winter,ROIs2017_winter_s2_25_p576,s2_25
3251,spring,ROIs1158_spring_s2_15_p517,s2_15
13274,spring,ROIs1158_spring_s2_110_p482,s2_110
31859,winter,ROIs2017_winter_s2_68_p256,s2_68
31487,winter,ROIs2017_winter_s2_64_p683,s2_64
31880,winter,ROIs2017_winter_s2_68_p278,s2_68
17600,spring,ROIs1158_spring_s2_121_p156,s2_121
25500,winter,ROIs2017_winter_s2_21_p494,s2_21
25585,winter,ROIs2017_winter_s2_21_p640,s2_21
37279,winter,ROIs2017_winter_s2_116_p838,s2_116
35608,winter,ROIs2017_winter_s2_104_p552,s2_104
32878,winter,ROIs2017_winter_s2_75_p605,s2_75
5068,spring,ROIs1158_spring_s2_39_p89,s2_39
37976,winter,ROIs2017_winter_s2_146_p311,s2_146
8506,spring,ROIs1158_spring_s2_63_p840,s2_63
20136,spring,ROIs1158_spring_s2_128_p629,s2_128
32778,winter,ROIs2017_winter_s2_75_p489,s2_75
13186,spring,ROIs1158_spring_s2_110_p387,s2_110
37413,winter,ROIs2017_winter_s2_135_p177,s2_135
10854,spring,ROIs1158_spring_s2_97_p360,s2_97
6517,spring,ROIs1158_spring_s2_45_p192,s2_45
5543,spring,ROIs1158_spring_s2_39_p577,s2_39
28519,winter,ROIs2017_winter_s2_49_p705,s2_49
21002,spring,ROIs1158_spring_s2_132_p714,s2_132
15373,spring,ROIs1158_spring_s2_117_p284,s2_117
28125,winter,ROIs2017_winter_s2_49_p297,s2_49
29542,winter,ROIs2017_winter_s2_59_p639,s2_59
35826,winter,ROIs2017_winter_s2_112_p197,s2_112
32258,winter,ROIs2017_winter_s2_68_p693,s2_68
1564,spring,ROIs1158_spring_s2_8_p112,s2_8
18949,spring,ROIs1158_spring_s2_126_p152,s2_126
34257,winter,ROIs2017_winter_s2_94_p643,s2_94
18906,spring,ROIs1158_spring_s2_126_p107,s2_126
16724,spring,ROIs1158_spring_s2_120_p40,s2_120
30233,winter,ROIs2017_winter_s2_62_p30,s2_62
19005,spring,ROIs1158_spring_s2_126_p268,s2_126
28081,winter,ROIs2017_winter_s2_49_p251,s2_49
21627,spring,ROIs1158_spring_s2_134_p614,s2_134
22951,spring,ROIs1158_spring_s2_142_p512,s2_142
15025,spring,ROIs1158_spring_s2_115_p726,s2_115
35516,winter,ROIs2017_winter_s2_104_p446,s2_104
34342,winter,ROIs2017_winter_s2_94_p731,s2_94
22219,spring,ROIs1158_spring_s2_141_p446,s2_141
35162,winter,ROIs2017_winter_s2_102_p938,s2_102
33509,winter,ROIs2017_winter_s2_81_p480,s2_81
4978,spring,ROIs1158_spring_s2_26_p840,s2_26
5431,spring,ROIs1158_spring_s2_39_p461,s2_39
36122,winter,ROIs2017_winter_s2_112_p513,s2_112
33556,winter,ROIs2017_winter_s2_81_p529,s2_81
20215,spring,ROIs1158_spring_s2_128_p711,s2_128
9497,spring,ROIs1158_spring_s2_75_p287,s2_75
27288,winter,ROIs2017_winter_s2_47_p113,s2_47
14693,spring,ROIs1158_spring_s2_115_p382,s2_115
31286,winter,ROIs2017_winter_s2_64_p475,s2_64
34340,winter,ROIs2017_winter_s2_94_p729,s2_94
27932,winter,ROIs2017_winter_s2_49_p82,s2_49
25862,winter,ROIs2017_winter_s2_25_p178,s2_25
3564,spring,ROIs1158_spring_s2_21_p56,s2_21
13861,spring,ROIs1158_spring_s2_113_p281,s2_113
9796,spring,ROIs1158_spring_s2_75_p599,s2_75
13063,spring,ROIs1158_spring_s2_110_p214,s2_110
36787,winter,ROIs2017_winter_s2_116_p322,s2_116
785,spring,ROIs1158_spring_s2_6_p31,s2_6
7191,spring,ROIs1158_spring_s2_58_p194,s2_58
29725,winter,ROIs2017_winter_s2_61_p118,s2_61
35398,winter,ROIs2017_winter_s2_104_p304,s2_104
37668,winter,ROIs2017_winter_s2_135_p482,s2_135
34999,winter,ROIs2017_winter_s2_102_p723,s2_102
2579,spring,ROIs1158_spring_s2_9_p401,s2_9
18664,spring,ROIs1158_spring_s2_124_p669,s2_124
1284,spring,ROIs1158_spring_s2_6_p608,s2_6
31945,winter,ROIs2017_winter_s2_68_p345,s2_68
20518,spring,ROIs1158_spring_s2_132_p213,s2_132
30094,winter,ROIs2017_winter_s2_61_p656,s2_61
5521,spring,ROIs1158_spring_s2_39_p555,s2_39
32095,winter,ROIs2017_winter_s2_68_p501,s2_68
29683,winter,ROIs2017_winter_s2_61_p36,s2_61
25526,winter,ROIs2017_winter_s2_21_p550,s2_21
30856,winter,ROIs2017_winter_s2_64_p30,s2_64
35977,winter,ROIs2017_winter_s2_112_p358,s2_112
15581,spring,ROIs1158_spring_s2_117_p506,s2_117
25387,winter,ROIs2017_winter_s2_21_p314,s2_21
1619,spring,ROIs1158_spring_s2_8_p169,s2_8
2739,spring,ROIs1158_spring_s2_9_p632,s2_9
9020,spring,ROIs1158_spring_s2_66_p568,s2_66
12077,spring,ROIs1158_spring_s2_101_p310,s2_101
11284,spring,ROIs1158_spring_s2_100_p284,s2_100
33878,winter,ROIs2017_winter_s2_94_p250,s2_94
10258,spring,ROIs1158_spring_s2_77_p267,s2_77
33438,winter,ROIs2017_winter_s2_81_p407,s2_81
37159,winter,ROIs2017_winter_s2_116_p709,s2_116
27768,winter,ROIs2017_winter_s2_47_p693,s2_47
29133,winter,ROIs2017_winter_s2_59_p201,s2_59
2584,spring,ROIs1158_spring_s2_9_p407,s2_9
29252,winter,ROIs2017_winter_s2_59_p325,s2_59
11797,spring,ROIs1158_spring_s2_100_p831,s2_100
15696,spring,ROIs1158_spring_s2_117_p629,s2_117
4195,spring,ROIs1158_spring_s2_21_p871,s2_21
8882,spring,ROIs1158_spring_s2_66_p418,s2_66
33772,winter,ROIs2017_winter_s2_94_p140,s2_94
1618,spring,ROIs1158_spring_s2_8_p168,s2_8
36304,winter,ROIs2017_winter_s2_112_p708,s2_112
35963,winter,ROIs2017_winter_s2_112_p344,s2_112
30464,winter,ROIs2017_winter_s2_62_p407,s2_62
18672,spring,ROIs1158_spring_s2_124_p677,s2_124
32993,winter,ROIs2017_winter_s2_75_p736,s2_75
4710,spring,ROIs1158_spring_s2_26_p531,s2_26
13750,spring,ROIs1158_spring_s2_113_p166,s2_113
14988,spring,ROIs1158_spring_s2_115_p687,s2_115
25005,winter,ROIs2017_winter_s2_8_p679,s2_8
35788,winter,ROIs2017_winter_s2_112_p157,s2_112
37788,winter,ROIs2017_winter_s2_146_p63,s2_146
26271,winter,ROIs2017_winter_s2_25_p631,s2_25
12482,spring,ROIs1158_spring_s2_101_p749,s2_101
20332,spring,ROIs1158_spring_s2_128_p832,s2_128
34236,winter,ROIs2017_winter_s2_94_p621,s2_94
11192,spring,ROIs1158_spring_s2_100_p189,s2_100
28233,winter,ROIs2017_winter_s2_49_p409,s2_49
8214,spring,ROIs1158_spring_s2_63_p538,s2_63
12971,spring,ROIs1158_spring_s2_110_p117,s2_110
35404,winter,ROIs2017_winter_s2_104_p312,s2_104
7399,spring,ROIs1158_spring_s2_58_p448,s2_58
24662,winter,ROIs2017_winter_s2_8_p324,s2_8
14151,spring,ROIs1158_spring_s2_113_p599,s2_113
28865,winter,ROIs2017_winter_s2_55_p295,s2_55
9178,spring,ROIs1158_spring_s2_66_p742,s2_66
25691,winter,ROIs2017_winter_s2_21_p795,s2_21
24541,winter,ROIs2017_winter_s2_8_p198,s2_8
35288,winter,ROIs2017_winter_s2_104_p175,s2_104
7130,spring,ROIs1158_spring_s2_58_p123,s2_58
28531,winter,ROIs2017_winter_s2_49_p717,s2_49
13725,spring,ROIs1158_spring_s2_113_p140,s2_113
8581,spring,ROIs1158_spring_s2_66_p106,s2_66
15321,spring,ROIs1158_spring_s2_117_p228,s2_117
16266,spring,ROIs1158_spring_s2_119_p365,s2_119
35299,winter,ROIs2017_winter_s2_104_p188,s2_104
29122,winter,ROIs2017_winter_s2_59_p190,s2_59
19247,spring,ROIs1158_spring_s2_126_p518,s2_126
13989,spring,ROIs1158_spring_s2_113_p419,s2_113
33371,winter,ROIs2017_winter_s2_81_p337,s2_81
714,spring,ROIs1158_spring_s2_1_p769,s2_1
18800,spring,ROIs1158_spring_s2_124_p809,s2_124
27264,winter,ROIs2017_winter_s2_47_p84,s2_47
37979,winter,ROIs2017_winter_s2_146_p314,s2_146
6380,spring,ROIs1158_spring_s2_45_p50,s2_45
6683,spring,ROIs1158_spring_s2_45_p364,s2_45
8691,spring,ROIs1158_spring_s2_66_p220,s2_66
37822,winter,ROIs2017_winter_s2_146_p108,s2_146
31327,winter,ROIs2017_winter_s2_64_p517,s2_64
35993,winter,ROIs2017_winter_s2_112_p376,s2_112
6219,spring,ROIs1158_spring_s2_40_p614,s2_40
25184,winter,ROIs2017_winter_s2_21_p55,s2_21
11442,spring,ROIs1158_spring_s2_100_p446,s2_100
30426,winter,ROIs2017_winter_s2_62_p349,s2_62
2626,spring,ROIs1158_spring_s2_9_p452,s2_9
32371,winter,ROIs2017_winter_s2_68_p825,s2_68
27883,winter,ROIs2017_winter_s2_47_p833,s2_47
24722,winter,ROIs2017_winter_s2_8_p386,s2_8
26481,winter,ROIs2017_winter_s2_42_p77,s2_42
12205,spring,ROIs1158_spring_s2_101_p443,s2_101
27715,winter,ROIs2017_winter_s2_47_p630,s2_47
18352,spring,ROIs1158_spring_s2_124_p343,s2_124
10804,spring,ROIs1158_spring_s2_97_p209,s2_97
33352,winter,ROIs2017_winter_s2_81_p317,s2_81
19738,spring,ROIs1158_spring_s2_128_p217,s2_128
608,spring,ROIs1158_spring_s2_1_p659,s2_1
37040,winter,ROIs2017_winter_s2_116_p584,s2_116
37619,winter,ROIs2017_winter_s2_135_p421,s2_135
18168,spring,ROIs1158_spring_s2_124_p98,s2_124
17953,spring,ROIs1158_spring_s2_121_p611,s2_121
17934,spring,ROIs1158_spring_s2_121_p586,s2_121
31895,winter,ROIs2017_winter_s2_68_p294,s2_68
20634,spring,ROIs1158_spring_s2_132_p333,s2_132
33375,winter,ROIs2017_winter_s2_81_p341,s2_81
18232,spring,ROIs1158_spring_s2_124_p211,s2_124
7971,spring,ROIs1158_spring_s2_63_p286,s2_63
34402,winter,ROIs2017_winter_s2_94_p793,s2_94
24813,winter,ROIs2017_winter_s2_8_p480,s2_8
33610,winter,ROIs2017_winter_s2_81_p598,s2_81
17742,spring,ROIs1158_spring_s2_121_p335,s2_121
23447,spring,ROIs1158_spring_s2_145_p284,s2_145
17303,spring,ROIs1158_spring_s2_120_p640,s2_120
21626,spring,ROIs1158_spring_s2_134_p613,s2_134
15814,spring,ROIs1158_spring_s2_117_p755,s2_117
5260,spring,ROIs1158_spring_s2_39_p283,s2_39
29099,winter,ROIs2017_winter_s2_59_p166,s2_59
29794,winter,ROIs2017_winter_s2_61_p213,s2_61
29583,winter,ROIs2017_winter_s2_59_p720,s2_59
27558,winter,ROIs2017_winter_s2_47_p443,s2_47
20692,spring,ROIs1158_spring_s2_132_p393,s2_132
38297,winter,ROIs2017_winter_s2_146_p724,s2_146
32718,winter,ROIs2017_winter_s2_75_p418,s2_75
7780,spring,ROIs1158_spring_s2_63_p89,s2_63
29651,winter,ROIs2017_winter_s2_59_p815,s2_59
32386,winter,ROIs2017_winter_s2_75_p33,s2_75
1972,spring,ROIs1158_spring_s2_8_p535,s2_8
34501,winter,ROIs2017_winter_s2_102_p102,s2_102
37253,winter,ROIs2017_winter_s2_116_p808,s2_116
29600,winter,ROIs2017_winter_s2_59_p738,s2_59
8608,spring,ROIs1158_spring_s2_66_p134,s2_66
27105,winter,ROIs2017_winter_s2_42_p723,s2_42
11227,spring,ROIs1158_spring_s2_100_p226,s2_100
30770,winter,ROIs2017_winter_s2_62_p749,s2_62
18721,spring,ROIs1158_spring_s2_124_p728,s2_124
1229,spring,ROIs1158_spring_s2_6_p541,s2_6
12571,spring,ROIs1158_spring_s2_109_p46,s2_109
29885,winter,ROIs2017_winter_s2_61_p344,s2_61
7067,spring,ROIs1158_spring_s2_58_p45,s2_58
3182,spring,ROIs1158_spring_s2_15_p440,s2_15
30015,winter,ROIs2017_winter_s2_61_p543,s2_61
30762,winter,ROIs2017_winter_s2_62_p741,s2_62
3573,spring,ROIs1158_spring_s2_21_p82,s2_21
28863,winter,ROIs2017_winter_s2_55_p289,s2_55
26074,winter,ROIs2017_winter_s2_25_p401,s2_25
11619,spring,ROIs1158_spring_s2_100_p635,s2_100
33483,winter,ROIs2017_winter_s2_81_p453,s2_81
25941,winter,ROIs2017_winter_s2_25_p259,s2_25
2765,spring,ROIs1158_spring_s2_9_p694,s2_9
9737,spring,ROIs1158_spring_s2_75_p538,s2_75
17920,spring,ROIs1158_spring_s2_121_p567,s2_121
31964,winter,ROIs2017_winter_s2_68_p365,s2_68
599,spring,ROIs1158_spring_s2_1_p650,s2_1
18683,spring,ROIs1158_spring_s2_124_p688,s2_124
35968,winter,ROIs2017_winter_s2_112_p349,s2_112
26107,winter,ROIs2017_winter_s2_25_p438,s2_25
11696,spring,ROIs1158_spring_s2_100_p721,s2_100
4108,spring,ROIs1158_spring_s2_21_p778,s2_21
36578,winter,ROIs2017_winter_s2_116_p105,s2_116
26792,winter,ROIs2017_winter_s2_42_p399,s2_42
29729,winter,ROIs2017_winter_s2_61_p122,s2_61
6041,spring,ROIs1158_spring_s2_40_p353,s2_40
11829,spring,ROIs1158_spring_s2_101_p53,s2_101
12443,spring,ROIs1158_spring_s2_101_p709,s2_101
4373,spring,ROIs1158_spring_s2_26_p162,s2_26
18773,spring,ROIs1158_spring_s2_124_p781,s2_124
35880,winter,ROIs2017_winter_s2_112_p255,s2_112
19790,spring,ROIs1158_spring_s2_128_p271,s2_128
33172,winter,ROIs2017_winter_s2_81_p124,s2_81
31954,winter,ROIs2017_winter_s2_68_p355,s2_68
16096,spring,ROIs1158_spring_s2_119_p167,s2_119
24558,winter,ROIs2017_winter_s2_8_p216,s2_8
13160,spring,ROIs1158_spring_s2_110_p350,s2_110
27093,winter,ROIs2017_winter_s2_42_p711,s2_42
26647,winter,ROIs2017_winter_s2_42_p249,s2_42
29402,winter,ROIs2017_winter_s2_59_p480,s2_59
33392,winter,ROIs2017_winter_s2_81_p359,s2_81
22923,spring,ROIs1158_spring_s2_142_p477,s2_142
7585,spring,ROIs1158_spring_s2_58_p678,s2_58
20560,spring,ROIs1158_spring_s2_132_p256,s2_132
38126,winter,ROIs2017_winter_s2_146_p501,s2_146
14811,spring,ROIs1158_spring_s2_115_p504,s2_115
31091,winter,ROIs2017_winter_s2_64_p273,s2_64
24092,spring,ROIs1158_spring_s2_147_p322,s2_147
35063,winter,ROIs2017_winter_s2_102_p829,s2_102
26812,winter,ROIs2017_winter_s2_42_p420,s2_42
31868,winter,ROIs2017_winter_s2_68_p266,s2_68
12501,spring,ROIs1158_spring_s2_101_p769,s2_101
1938,spring,ROIs1158_spring_s2_8_p500,s2_8
299,spring,ROIs1158_spring_s2_1_p339,s2_1
31097,winter,ROIs2017_winter_s2_64_p279,s2_64
15646,spring,ROIs1158_spring_s2_117_p575,s2_117
31509,winter,ROIs2017_winter_s2_64_p706,s2_64
30845,winter,ROIs2017_winter_s2_62_p830,s2_62
703,spring,ROIs1158_spring_s2_1_p758,s2_1
31987,winter,ROIs2017_winter_s2_68_p389,s2_68
2360,spring,ROIs1158_spring_s2_9_p149,s2_9
27992,winter,ROIs2017_winter_s2_49_p157,s2_49
37308,winter,ROIs2017_winter_s2_135_p60,s2_135
30252,winter,ROIs2017_winter_s2_62_p49,s2_62
34205,winter,ROIs2017_winter_s2_94_p589,s2_94
15153,spring,ROIs1158_spring_s2_117_p48,s2_117
21098,spring,ROIs1158_spring_s2_132_p814,s2_132
33291,winter,ROIs2017_winter_s2_81_p247,s2_81
20744,spring,ROIs1158_spring_s2_132_p447,s2_132
28916,winter,ROIs2017_winter_s2_55_p352,s2_55
30159,winter,ROIs2017_winter_s2_61_p736,s2_61
24748,winter,ROIs2017_winter_s2_8_p413,s2_8
28622,winter,ROIs2017_winter_s2_49_p838,s2_49
29236,winter,ROIs2017_winter_s2_59_p308,s2_59
14909,spring,ROIs1158_spring_s2_115_p605,s2_115
33488,winter,ROIs2017_winter_s2_81_p458,s2_81
18052,spring,ROIs1158_spring_s2_121_p734,s2_121
3875,spring,ROIs1158_spring_s2_21_p529,s2_21
38338,winter,ROIs2017_winter_s2_146_p790,s2_146
14744,spring,ROIs1158_spring_s2_115_p434,s2_115
19551,spring,ROIs1158_spring_s2_126_p833,s2_126
18136,spring,ROIs1158_spring_s2_124_p30,s2_124
31818,winter,ROIs2017_winter_s2_68_p214,s2_68
23922,spring,ROIs1158_spring_s2_145_p807,s2_145
36047,winter,ROIs2017_winter_s2_112_p432,s2_112
24514,winter,ROIs2017_winter_s2_8_p170,s2_8
31994,winter,ROIs2017_winter_s2_68_p396,s2_68
30126,winter,ROIs2017_winter_s2_61_p698,s2_61
10591,spring,ROIs1158_spring_s2_77_p682,s2_77
4977,spring,ROIs1158_spring_s2_26_p839,s2_26
9500,spring,ROIs1158_spring_s2_75_p292,s2_75
36753,winter,ROIs2017_winter_s2_116_p286,s2_116
34154,winter,ROIs2017_winter_s2_94_p536,s2_94
32988,winter,ROIs2017_winter_s2_75_p731,s2_75
22474,spring,ROIs1158_spring_s2_141_p735,s2_141
24403,winter,ROIs2017_winter_s2_8_p55,s2_8
31832,winter,ROIs2017_winter_s2_68_p228,s2_68
13204,spring,ROIs1158_spring_s2_110_p410,s2_110
2440,spring,ROIs1158_spring_s2_9_p247,s2_9
36796,winter,ROIs2017_winter_s2_116_p331,s2_116
21347,spring,ROIs1158_spring_s2_134_p259,s2_134
24953,winter,ROIs2017_winter_s2_8_p625,s2_8
24154,spring,ROIs1158_spring_s2_147_p436,s2_147
23502,spring,ROIs1158_spring_s2_145_p341,s2_145
11448,spring,ROIs1158_spring_s2_100_p452,s2_100
8432,spring,ROIs1158_spring_s2_63_p764,s2_63
276,spring,ROIs1158_spring_s2_1_p315,s2_1
27889,winter,ROIs2017_winter_s2_47_p839,s2_47
30199,winter,ROIs2017_winter_s2_61_p792,s2_61
32614,winter,ROIs2017_winter_s2_75_p298,s2_75
18578,spring,ROIs1158_spring_s2_124_p579,s2_124
37565,winter,ROIs2017_winter_s2_135_p356,s2_135
13286,spring,ROIs1158_spring_s2_110_p495,s2_110
4942,spring,ROIs1158_spring_s2_26_p772,s2_26
14122,spring,ROIs1158_spring_s2_113_p567,s2_113
28796,winter,ROIs2017_winter_s2_55_p214,s2_55
25209,winter,ROIs2017_winter_s2_21_p89,s2_21
31774,winter,ROIs2017_winter_s2_68_p168,s2_68
26668,winter,ROIs2017_winter_s2_42_p271,s2_42
24421,winter,ROIs2017_winter_s2_8_p74,s2_8
36916,winter,ROIs2017_winter_s2_116_p455,s2_116
6959,spring,ROIs1158_spring_s2_45_p654,s2_45
3574,spring,ROIs1158_spring_s2_21_p83,s2_21
517,spring,ROIs1158_spring_s2_1_p565,s2_1
32087,winter,ROIs2017_winter_s2_68_p492,s2_68
25970,winter,ROIs2017_winter_s2_25_p289,s2_25
36833,winter,ROIs2017_winter_s2_116_p369,s2_116
5301,spring,ROIs1158_spring_s2_39_p327,s2_39
30165,winter,ROIs2017_winter_s2_61_p742,s2_61
26951,winter,ROIs2017_winter_s2_42_p564,s2_42
26722,winter,ROIs2017_winter_s2_42_p327,s2_42
21806,spring,ROIs1158_spring_s2_134_p799,s2_134
12003,spring,ROIs1158_spring_s2_101_p234,s2_101
21683,spring,ROIs1158_spring_s2_134_p672,s2_134
23045,spring,ROIs1158_spring_s2_142_p640,s2_142
26947,winter,ROIs2017_winter_s2_42_p560,s2_42
13122,spring,ROIs1158_spring_s2_110_p289,s2_110
31401,winter,ROIs2017_winter_s2_64_p594,s2_64
33587,winter,ROIs2017_winter_s2_81_p566,s2_81
2670,spring,ROIs1158_spring_s2_9_p504,s2_9
9906,spring,ROIs1158_spring_s2_75_p713,s2_75
6258,spring,ROIs1158_spring_s2_40_p673,s2_40
18668,spring,ROIs1158_spring_s2_124_p673,s2_124
35892,winter,ROIs2017_winter_s2_112_p267,s2_112
35136,winter,ROIs2017_winter_s2_102_p910,s2_102
3626,spring,ROIs1158_spring_s2_21_p203,s2_21
27808,winter,ROIs2017_winter_s2_47_p743,s2_47
486,spring,ROIs1158_spring_s2_1_p533,s2_1
27417,winter,ROIs2017_winter_s2_47_p272,s2_47
22246,spring,ROIs1158_spring_s2_141_p476,s2_141
31783,winter,ROIs2017_winter_s2_68_p178,s2_68
26537,winter,ROIs2017_winter_s2_42_p135,s2_42
21825,spring,ROIs1158_spring_s2_134_p819,s2_134
35322,winter,ROIs2017_winter_s2_104_p213,s2_104
19182,spring,ROIs1158_spring_s2_126_p451,s2_126
4822,spring,ROIs1158_spring_s2_26_p647,s2_26
31773,winter,ROIs2017_winter_s2_68_p167,s2_68
34399,winter,ROIs2017_winter_s2_94_p790,s2_94
21944,spring,ROIs1158_spring_s2_141_p136,s2_141
33295,winter,ROIs2017_winter_s2_81_p251,s2_81
21805,spring,ROIs1158_spring_s2_134_p798,s2_134
10682,spring,ROIs1158_spring_s2_77_p776,s2_77
5539,spring,ROIs1158_spring_s2_39_p573,s2_39
3360,spring,ROIs1158_spring_s2_15_p635,s2_15
34556,winter,ROIs2017_winter_s2_102_p167,s2_102
32167,winter,ROIs2017_winter_s2_68_p577,s2_68
9052,spring,ROIs1158_spring_s2_66_p602,s2_66
3753,spring,ROIs1158_spring_s2_21_p397,s2_21
437,spring,ROIs1158_spring_s2_1_p482,s2_1
25241,winter,ROIs2017_winter_s2_21_p127,s2_21
35883,winter,ROIs2017_winter_s2_112_p258,s2_112
37691,winter,ROIs2017_winter_s2_135_p511,s2_135
28316,winter,ROIs2017_winter_s2_49_p495,s2_49
32012,winter,ROIs2017_winter_s2_68_p415,s2_68
270,spring,ROIs1158_spring_s2_1_p309,s2_1
6076,spring,ROIs1158_spring_s2_40_p396,s2_40
31265,winter,ROIs2017_winter_s2_64_p453,s2_64
14037,spring,ROIs1158_spring_s2_113_p473,s2_113
28960,winter,ROIs2017_winter_s2_55_p399,s2_55
24744,winter,ROIs2017_winter_s2_8_p409,s2_8
28861,winter,ROIs2017_winter_s2_55_p287,s2_55
5040,spring,ROIs1158_spring_s2_39_p61,s2_39
27116,winter,ROIs2017_winter_s2_42_p735,s2_42
25929,winter,ROIs2017_winter_s2_25_p247,s2_25
14026,spring,ROIs1158_spring_s2_113_p459,s2_113
26073,winter,ROIs2017_winter_s2_25_p400,s2_25
15481,spring,ROIs1158_spring_s2_117_p398,s2_117
15055,spring,ROIs1158_spring_s2_115_p757,s2_115
26677,winter,ROIs2017_winter_s2_42_p280,s2_42
779,spring,ROIs1158_spring_s2_1_p836,s2_1
17746,spring,ROIs1158_spring_s2_121_p344,s2_121
16494,spring,ROIs1158_spring_s2_119_p614,s2_119
21698,spring,ROIs1158_spring_s2_134_p687,s2_134
31032,winter,ROIs2017_winter_s2_64_p212,s2_64
31777,winter,ROIs2017_winter_s2_68_p171,s2_68
35988,winter,ROIs2017_winter_s2_112_p369,s2_112
8930,spring,ROIs1158_spring_s2_66_p472,s2_66
18062,spring,ROIs1158_spring_s2_121_p749,s2_121
8513,spring,ROIs1158_spring_s2_66_p36,s2_66
31024,winter,ROIs2017_winter_s2_64_p204,s2_64
1989,spring,ROIs1158_spring_s2_8_p553,s2_8
34075,winter,ROIs2017_winter_s2_94_p454,s2_94
34359,winter,ROIs2017_winter_s2_94_p748,s2_94
28696,winter,ROIs2017_winter_s2_55_p109,s2_55
33325,winter,ROIs2017_winter_s2_81_p289,s2_81
19580,spring,ROIs1158_spring_s2_128_p51,s2_128
34589,winter,ROIs2017_winter_s2_102_p205,s2_102
30996,winter,ROIs2017_winter_s2_64_p175,s2_64
3142,spring,ROIs1158_spring_s2_15_p396,s2_15
20031,spring,ROIs1158_spring_s2_128_p520,s2_128
37199,winter,ROIs2017_winter_s2_116_p752,s2_116
36380,winter,ROIs2017_winter_s2_112_p790,s2_112
7342,spring,ROIs1158_spring_s2_58_p375,s2_58
3091,spring,ROIs1158_spring_s2_15_p340,s2_15
116,spring,ROIs1158_spring_s2_1_p150,s2_1
27871,winter,ROIs2017_winter_s2_47_p821,s2_47
13600,spring,ROIs1158_spring_s2_110_p823,s2_110
21051,spring,ROIs1158_spring_s2_132_p765,s2_132
34000,winter,ROIs2017_winter_s2_94_p376,s2_94
37479,winter,ROIs2017_winter_s2_135_p251,s2_135
35716,winter,ROIs2017_winter_s2_112_p79,s2_112
31567,winter,ROIs2017_winter_s2_64_p766,s2_64
32403,winter,ROIs2017_winter_s2_75_p53,s2_75
22255,spring,ROIs1158_spring_s2_141_p485,s2_141
10038,spring,ROIs1158_spring_s2_77_p38,s2_77
31441,winter,ROIs2017_winter_s2_64_p635,s2_64
568,spring,ROIs1158_spring_s2_1_p618,s2_1
18932,spring,ROIs1158_spring_s2_126_p134,s2_126
3115,spring,ROIs1158_spring_s2_15_p367,s2_15
10246,spring,ROIs1158_spring_s2_77_p253,s2_77
15472,spring,ROIs1158_spring_s2_117_p389,s2_117
7416,spring,ROIs1158_spring_s2_58_p470,s2_58
27052,winter,ROIs2017_winter_s2_42_p669,s2_42
19891,spring,ROIs1158_spring_s2_128_p375,s2_128
20571,spring,ROIs1158_spring_s2_132_p268,s2_132
28729,winter,ROIs2017_winter_s2_55_p143,s2_55
34019,winter,ROIs2017_winter_s2_94_p396,s2_94
33739,winter,ROIs2017_winter_s2_94_p106,s2_94
28281,winter,ROIs2017_winter_s2_49_p458,s2_49
34367,winter,ROIs2017_winter_s2_94_p757,s2_94
268,spring,ROIs1158_spring_s2_1_p307,s2_1
30924,winter,ROIs2017_winter_s2_64_p100,s2_64
13882,spring,ROIs1158_spring_s2_113_p304,s2_113
22740,spring,ROIs1158_spring_s2_142_p239,s2_142
25135,winter,ROIs2017_winter_s2_8_p814,s2_8
24669,winter,ROIs2017_winter_s2_8_p331,s2_8
28247,winter,ROIs2017_winter_s2_49_p423,s2_49
17113,spring,ROIs1158_spring_s2_120_p443,s2_120
25198,winter,ROIs2017_winter_s2_21_p72,s2_21
34696,winter,ROIs2017_winter_s2_102_p333,s2_102
24823,winter,ROIs2017_winter_s2_8_p490,s2_8
2764,spring,ROIs1158_spring_s2_9_p681,s2_9
25169,winter,ROIs2017_winter_s2_21_p37,s2_21
1129,spring,ROIs1158_spring_s2_6_p422,s2_6
5294,spring,ROIs1158_spring_s2_39_p318,s2_39
16933,spring,ROIs1158_spring_s2_120_p256,s2_120
13271,spring,ROIs1158_spring_s2_110_p479,s2_110
32147,winter,ROIs2017_winter_s2_68_p555,s2_68
3892,spring,ROIs1158_spring_s2_21_p546,s2_21
2707,spring,ROIs1158_spring_s2_9_p565,s2_9
31180,winter,ROIs2017_winter_s2_64_p365,s2_64
14306,spring,ROIs1158_spring_s2_113_p784,s2_113
10158,spring,ROIs1158_spring_s2_77_p162,s2_77
22137,spring,ROIs1158_spring_s2_141_p355,s2_141
17004,spring,ROIs1158_spring_s2_120_p330,s2_120
25098,winter,ROIs2017_winter_s2_8_p775,s2_8
27482,winter,ROIs2017_winter_s2_47_p347,s2_47
35067,winter,ROIs2017_winter_s2_102_p835,s2_102
33251,winter,ROIs2017_winter_s2_81_p206,s2_81
5378,spring,ROIs1158_spring_s2_39_p408,s2_39
10231,spring,ROIs1158_spring_s2_77_p238,s2_77
26389,winter,ROIs2017_winter_s2_25_p777,s2_25
15924,spring,ROIs1158_spring_s2_117_p873,s2_117
17470,spring,ROIs1158_spring_s2_120_p813,s2_120
25139,winter,ROIs2017_winter_s2_8_p818,s2_8
33670,winter,ROIs2017_winter_s2_81_p685,s2_81
25315,winter,ROIs2017_winter_s2_21_p221,s2_21
31543,winter,ROIs2017_winter_s2_64_p741,s2_64
2735,spring,ROIs1158_spring_s2_9_p613,s2_9
28121,winter,ROIs2017_winter_s2_49_p293,s2_49
22428,spring,ROIs1158_spring_s2_141_p683,s2_141
29869,winter,ROIs2017_winter_s2_61_p322,s2_61
4950,spring,ROIs1158_spring_s2_26_p787,s2_26
26520,winter,ROIs2017_winter_s2_42_p118,s2_42
26711,winter,ROIs2017_winter_s2_42_p315,s2_42
14342,spring,ROIs1158_spring_s2_113_p827,s2_113
2096,spring,ROIs1158_spring_s2_8_p663,s2_8
7634,spring,ROIs1158_spring_s2_58_p737,s2_58
31092,winter,ROIs2017_winter_s2_64_p274,s2_64
9396,spring,ROIs1158_spring_s2_75_p179,s2_75
23794,spring,ROIs1158_spring_s2_145_p644,s2_145
37140,winter,ROIs2017_winter_s2_116_p687,s2_116
2357,spring,ROIs1158_spring_s2_9_p146,s2_9
19446,spring,ROIs1158_spring_s2_126_p724,s2_126
22954,spring,ROIs1158_spring_s2_142_p515,s2_142
1710,spring,ROIs1158_spring_s2_8_p264,s2_8
33320,winter,ROIs2017_winter_s2_81_p279,s2_81
11692,spring,ROIs1158_spring_s2_100_p717,s2_100
3187,spring,ROIs1158_spring_s2_15_p445,s2_15
11001,spring,ROIs1158_spring_s2_97_p733,s2_97
20583,spring,ROIs1158_spring_s2_132_p280,s2_132
37499,winter,ROIs2017_winter_s2_135_p275,s2_135
4064,spring,ROIs1158_spring_s2_21_p730,s2_21
28048,winter,ROIs2017_winter_s2_49_p216,s2_49
35189,winter,ROIs2017_winter_s2_104_p56,s2_104
4269,spring,ROIs1158_spring_s2_26_p40,s2_26
31136,winter,ROIs2017_winter_s2_64_p320,s2_64
7300,spring,ROIs1158_spring_s2_58_p328,s2_58
24623,winter,ROIs2017_winter_s2_8_p283,s2_8
21401,spring,ROIs1158_spring_s2_134_p315,s2_134
8992,spring,ROIs1158_spring_s2_66_p539,s2_66
1046,spring,ROIs1158_spring_s2_6_p325,s2_6
31248,winter,ROIs2017_winter_s2_64_p436,s2_64
37362,winter,ROIs2017_winter_s2_135_p120,s2_135
36369,winter,ROIs2017_winter_s2_112_p779,s2_112
33936,winter,ROIs2017_winter_s2_94_p310,s2_94
12811,spring,ROIs1158_spring_s2_109_p626,s2_109
35491,winter,ROIs2017_winter_s2_104_p416,s2_104
17729,spring,ROIs1158_spring_s2_121_p322,s2_121
6381,spring,ROIs1158_spring_s2_45_p51,s2_45
784,spring,ROIs1158_spring_s2_6_p30,s2_6
24437,winter,ROIs2017_winter_s2_8_p91,s2_8
24361,spring,ROIs1158_spring_s2_147_p799,s2_147
12185,spring,ROIs1158_spring_s2_101_p422,s2_101
28525,winter,ROIs2017_winter_s2_49_p711,s2_49
16652,spring,ROIs1158_spring_s2_119_p777,s2_119
7434,spring,ROIs1158_spring_s2_58_p488,s2_58
886,spring,ROIs1158_spring_s2_6_p135,s2_6
37592,winter,ROIs2017_winter_s2_135_p388,s2_135
5392,spring,ROIs1158_spring_s2_39_p422,s2_39
35881,winter,ROIs2017_winter_s2_112_p256,s2_112
24647,winter,ROIs2017_winter_s2_8_p308,s2_8
21020,spring,ROIs1158_spring_s2_132_p733,s2_132
26868,winter,ROIs2017_winter_s2_42_p478,s2_42
30522,winter,ROIs2017_winter_s2_62_p490,s2_62
35678,winter,ROIs2017_winter_s2_112_p39,s2_112
27867,winter,ROIs2017_winter_s2_47_p817,s2_47
19698,spring,ROIs1158_spring_s2_128_p175,s2_128
17554,spring,ROIs1158_spring_s2_121_p98,s2_121
38267,winter,ROIs2017_winter_s2_146_p687,s2_146
6748,spring,ROIs1158_spring_s2_45_p431,s2_45
36444,winter,ROIs2017_winter_s2_112_p863,s2_112
13402,spring,ROIs1158_spring_s2_110_p618,s2_110
132,spring,ROIs1158_spring_s2_1_p166,s2_1
27624,winter,ROIs2017_winter_s2_47_p519,s2_47
16987,spring,ROIs1158_spring_s2_120_p312,s2_120
26606,winter,ROIs2017_winter_s2_42_p207,s2_42
37948,winter,ROIs2017_winter_s2_146_p276,s2_146
34175,winter,ROIs2017_winter_s2_94_p558,s2_94
5433,spring,ROIs1158_spring_s2_39_p463,s2_39
29397,winter,ROIs2017_winter_s2_59_p475,s2_59
28988,winter,ROIs2017_winter_s2_59_p51,s2_59
27198,winter,ROIs2017_winter_s2_42_p820,s2_42
29107,winter,ROIs2017_winter_s2_59_p175,s2_59
6717,spring,ROIs1158_spring_s2_45_p399,s2_45
36314,winter,ROIs2017_winter_s2_112_p720,s2_112
17971,spring,ROIs1158_spring_s2_121_p634,s2_121
16666,spring,ROIs1158_spring_s2_119_p792,s2_119
31920,winter,ROIs2017_winter_s2_68_p320,s2_68
30019,winter,ROIs2017_winter_s2_61_p554,s2_61
25473,winter,ROIs2017_winter_s2_21_p434,s2_21
21216,spring,ROIs1158_spring_s2_134_p124,s2_134
20816,spring,ROIs1158_spring_s2_132_p521,s2_132
33330,winter,ROIs2017_winter_s2_81_p295,s2_81
5382,spring,ROIs1158_spring_s2_39_p412,s2_39
21662,spring,ROIs1158_spring_s2_134_p650,s2_134
19589,spring,ROIs1158_spring_s2_128_p61,s2_128
6279,spring,ROIs1158_spring_s2_40_p705,s2_40
38198,winter,ROIs2017_winter_s2_146_p597,s2_146
9954,spring,ROIs1158_spring_s2_75_p763,s2_75
35517,winter,ROIs2017_winter_s2_104_p447,s2_104
24477,winter,ROIs2017_winter_s2_8_p132,s2_8
31078,winter,ROIs2017_winter_s2_64_p259,s2_64
26151,winter,ROIs2017_winter_s2_25_p489,s2_25
3913,spring,ROIs1158_spring_s2_21_p569,s2_21
26515,winter,ROIs2017_winter_s2_42_p112,s2_42
28513,winter,ROIs2017_winter_s2_49_p699,s2_49
28848,winter,ROIs2017_winter_s2_55_p274,s2_55
20109,spring,ROIs1158_spring_s2_128_p601,s2_128
21122,spring,ROIs1158_spring_s2_132_p838,s2_132
25777,winter,ROIs2017_winter_s2_25_p90,s2_25
36201,winter,ROIs2017_winter_s2_112_p599,s2_112
16039,spring,ROIs1158_spring_s2_119_p102,s2_119
22801,spring,ROIs1158_spring_s2_142_p320,s2_142
15293,spring,ROIs1158_spring_s2_117_p198,s2_117
28041,winter,ROIs2017_winter_s2_49_p209,s2_49
2241,spring,ROIs1158_spring_s2_8_p814,s2_8
25787,winter,ROIs2017_winter_s2_25_p100,s2_25
29494,winter,ROIs2017_winter_s2_59_p575,s2_59
33907,winter,ROIs2017_winter_s2_94_p280,s2_94
14021,spring,ROIs1158_spring_s2_113_p454,s2_113
28783,winter,ROIs2017_winter_s2_55_p199,s2_55
18244,spring,ROIs1158_spring_s2_124_p223,s2_124
13907,spring,ROIs1158_spring_s2_113_p331,s2_113
36535,winter,ROIs2017_winter_s2_116_p61,s2_116
8865,spring,ROIs1158_spring_s2_66_p400,s2_66
36086,winter,ROIs2017_winter_s2_112_p475,s2_112
23077,spring,ROIs1158_spring_s2_142_p679,s2_142
25259,winter,ROIs2017_winter_s2_21_p151,s2_21
31631,winter,ROIs2017_winter_s2_64_p832,s2_64
22303,spring,ROIs1158_spring_s2_141_p541,s2_141
14829,spring,ROIs1158_spring_s2_115_p523,s2_115
15500,spring,ROIs1158_spring_s2_117_p419,s2_117
5755,spring,ROIs1158_spring_s2_39_p796,s2_39
11344,spring,ROIs1158_spring_s2_100_p346,s2_100
19194,spring,ROIs1158_spring_s2_126_p463,s2_126
1286,spring,ROIs1158_spring_s2_6_p611,s2_6
35167,winter,ROIs2017_winter_s2_102_p943,s2_102
22165,spring,ROIs1158_spring_s2_141_p386,s2_141
35592,winter,ROIs2017_winter_s2_104_p534,s2_104
24050,spring,ROIs1158_spring_s2_147_p241,s2_147
21370,spring,ROIs1158_spring_s2_134_p283,s2_134
12391,spring,ROIs1158_spring_s2_101_p650,s2_101
26878,winter,ROIs2017_winter_s2_42_p488,s2_42
17129,spring,ROIs1158_spring_s2_120_p459,s2_120
13003,spring,ROIs1158_spring_s2_110_p150,s2_110
30445,winter,ROIs2017_winter_s2_62_p379,s2_62
22280,spring,ROIs1158_spring_s2_141_p514,s2_141
36359,winter,ROIs2017_winter_s2_112_p767,s2_112
5600,spring,ROIs1158_spring_s2_39_p635,s2_39
7345,spring,ROIs1158_spring_s2_58_p383,s2_58
6931,spring,ROIs1158_spring_s2_45_p625,s2_45
9388,spring,ROIs1158_spring_s2_75_p168,s2_75
27524,winter,ROIs2017_winter_s2_47_p399,s2_47
4815,spring,ROIs1158_spring_s2_26_p640,s2_26
35975,winter,ROIs2017_winter_s2_112_p356,s2_112
35928,winter,ROIs2017_winter_s2_112_p305,s2_112
34279,winter,ROIs2017_winter_s2_94_p665,s2_94
29332,winter,ROIs2017_winter_s2_59_p408,s2_59
31356,winter,ROIs2017_winter_s2_64_p547,s2_64
34788,winter,ROIs2017_winter_s2_102_p441,s2_102
33199,winter,ROIs2017_winter_s2_81_p152,s2_81
37924,winter,ROIs2017_winter_s2_146_p240,s2_146
1781,spring,ROIs1158_spring_s2_8_p337,s2_8
28446,winter,ROIs2017_winter_s2_49_p629,s2_49
5919,spring,ROIs1158_spring_s2_40_p185,s2_40
9602,spring,ROIs1158_spring_s2_75_p398,s2_75
36093,winter,ROIs2017_winter_s2_112_p482,s2_112
28161,winter,ROIs2017_winter_s2_49_p334,s2_49
32512,winter,ROIs2017_winter_s2_75_p180,s2_75
37683,winter,ROIs2017_winter_s2_135_p503,s2_135
22894,spring,ROIs1158_spring_s2_142_p441,s2_142
1767,spring,ROIs1158_spring_s2_8_p323,s2_8
28557,winter,ROIs2017_winter_s2_49_p744,s2_49
21516,spring,ROIs1158_spring_s2_134_p499,s2_134
32265,winter,ROIs2017_winter_s2_68_p701,s2_68
13411,spring,ROIs1158_spring_s2_110_p627,s2_110
2866,spring,ROIs1158_spring_s2_15_p105,s2_15
20302,spring,ROIs1158_spring_s2_128_p801,s2_128
8201,spring,ROIs1158_spring_s2_63_p525,s2_63
23377,spring,ROIs1158_spring_s2_145_p212,s2_145
37368,winter,ROIs2017_winter_s2_135_p126,s2_135
27893,winter,ROIs2017_winter_s2_49_p32,s2_49
16811,spring,ROIs1158_spring_s2_120_p130,s2_120
38253,winter,ROIs2017_winter_s2_146_p665,s2_146
32826,winter,ROIs2017_winter_s2_75_p545,s2_75
25550,winter,ROIs2017_winter_s2_21_p589,s2_21
36060,winter,ROIs2017_winter_s2_112_p447,s2_112
35003,winter,ROIs2017_winter_s2_102_p727,s2_102
29191,winter,ROIs2017_winter_s2_59_p262,s2_59
10618,spring,ROIs1158_spring_s2_77_p710,s2_77
12057,spring,ROIs1158_spring_s2_101_p289,s2_101
2371,spring,ROIs1158_spring_s2_9_p162,s2_9
37684,winter,ROIs2017_winter_s2_135_p504,s2_135
8111,spring,ROIs1158_spring_s2_63_p431,s2_63
32049,winter,ROIs2017_winter_s2_68_p453,s2_68
32798,winter,ROIs2017_winter_s2_75_p513,s2_75
17604,spring,ROIs1158_spring_s2_121_p160,s2_121
37707,winter,ROIs2017_winter_s2_135_p534,s2_135
32525,winter,ROIs2017_winter_s2_75_p196,s2_75
33941,winter,ROIs2017_winter_s2_94_p315,s2_94
20347,spring,ROIs1158_spring_s2_132_p36,s2_132
24520,winter,ROIs2017_winter_s2_8_p177,s2_8
32014,winter,ROIs2017_winter_s2_68_p417,s2_68
831,spring,ROIs1158_spring_s2_6_p78,s2_6
23850,spring,ROIs1158_spring_s2_145_p702,s2_145
28898,winter,ROIs2017_winter_s2_55_p331,s2_55
26901,winter,ROIs2017_winter_s2_42_p512,s2_42
4266,spring,ROIs1158_spring_s2_26_p37,s2_26
13941,spring,ROIs1158_spring_s2_113_p367,s2_113
27940,winter,ROIs2017_winter_s2_49_p98,s2_49
18328,spring,ROIs1158_spring_s2_124_p318,s2_124
26224,winter,ROIs2017_winter_s2_25_p574,s2_25
13951,spring,ROIs1158_spring_s2_113_p379,s2_113
26879,winter,ROIs2017_winter_s2_42_p489,s2_42
23217,spring,ROIs1158_spring_s2_145_p46,s2_145
20005,spring,ROIs1158_spring_s2_128_p494,s2_128
1843,spring,ROIs1158_spring_s2_8_p401,s2_8
267,spring,ROIs1158_spring_s2_1_p306,s2_1
31963,winter,ROIs2017_winter_s2_68_p364,s2_68
34978,winter,ROIs2017_winter_s2_102_p690,s2_102
9264,spring,ROIs1158_spring_s2_75_p30,s2_75
20248,spring,ROIs1158_spring_s2_128_p745,s2_128
25861,winter,ROIs2017_winter_s2_25_p177,s2_25
34134,winter,ROIs2017_winter_s2_94_p515,s2_94
21194,spring,ROIs1158_spring_s2_134_p101,s2_134
11453,spring,ROIs1158_spring_s2_100_p457,s2_100
1582,spring,ROIs1158_spring_s2_8_p131,s2_8
30693,winter,ROIs2017_winter_s2_62_p670,s2_62
33016,winter,ROIs2017_winter_s2_75_p763,s2_75
31586,winter,ROIs2017_winter_s2_64_p786,s2_64
20011,spring,ROIs1158_spring_s2_128_p500,s2_128
32255,winter,ROIs2017_winter_s2_68_p690,s2_68
11277,spring,ROIs1158_spring_s2_100_p277,s2_100
28465,winter,ROIs2017_winter_s2_49_p649,s2_49
4502,spring,ROIs1158_spring_s2_26_p308,s2_26
35065,winter,ROIs2017_winter_s2_102_p833,s2_102
26316,winter,ROIs2017_winter_s2_25_p686,s2_25
22909,spring,ROIs1158_spring_s2_142_p456,s2_142
24751,winter,ROIs2017_winter_s2_8_p416,s2_8
23231,spring,ROIs1158_spring_s2_145_p61,s2_145
17390,spring,ROIs1158_spring_s2_120_p730,s2_120
3954,spring,ROIs1158_spring_s2_21_p612,s2_21
22156,spring,ROIs1158_spring_s2_141_p376,s2_141
26136,winter,ROIs2017_winter_s2_25_p474,s2_25
35389,winter,ROIs2017_winter_s2_104_p295,s2_104
25957,winter,ROIs2017_winter_s2_25_p276,s2_25
24655,winter,ROIs2017_winter_s2_8_p316,s2_8
2342,spring,ROIs1158_spring_s2_9_p128,s2_9
21569,spring,ROIs1158_spring_s2_134_p554,s2_134
36808,winter,ROIs2017_winter_s2_116_p343,s2_116
11677,spring,ROIs1158_spring_s2_100_p700,s2_100
34368,winter,ROIs2017_winter_s2_94_p758,s2_94
26497,winter,ROIs2017_winter_s2_42_p94,s2_42
20163,spring,ROIs1158_spring_s2_128_p657,s2_128
7483,spring,ROIs1158_spring_s2_58_p556,s2_58
6246,spring,ROIs1158_spring_s2_40_p651,s2_40
34029,winter,ROIs2017_winter_s2_94_p407,s2_94
33158,winter,ROIs2017_winter_s2_81_p109,s2_81
37692,winter,ROIs2017_winter_s2_135_p512,s2_135
30238,winter,ROIs2017_winter_s2_62_p35,s2_62
36914,winter,ROIs2017_winter_s2_116_p453,s2_116
11554,spring,ROIs1158_spring_s2_100_p568,s2_100
16948,spring,ROIs1158_spring_s2_120_p272,s2_120
26355,winter,ROIs2017_winter_s2_25_p737,s2_25
37114,winter,ROIs2017_winter_s2_116_p660,s2_116
34516,winter,ROIs2017_winter_s2_102_p117,s2_102
26717,winter,ROIs2017_winter_s2_42_p322,s2_42
15091,spring,ROIs1158_spring_s2_115_p794,s2_115
5091,spring,ROIs1158_spring_s2_39_p112,s2_39
17925,spring,ROIs1158_spring_s2_121_p576,s2_121
29017,winter,ROIs2017_winter_s2_59_p81,s2_59
25814,winter,ROIs2017_winter_s2_25_p128,s2_25
37994,winter,ROIs2017_winter_s2_146_p336,s2_146
10163,spring,ROIs1158_spring_s2_77_p167,s2_77
7050,spring,ROIs1158_spring_s2_45_p816,s2_45
29465,winter,ROIs2017_winter_s2_59_p545,s2_59
35700,winter,ROIs2017_winter_s2_112_p63,s2_112
31698,winter,ROIs2017_winter_s2_68_p90,s2_68
28956,winter,ROIs2017_winter_s2_55_p395,s2_55
20733,spring,ROIs1158_spring_s2_132_p436,s2_132
30062,winter,ROIs2017_winter_s2_61_p616,s2_61
36738,winter,ROIs2017_winter_s2_116_p271,s2_116
8799,spring,ROIs1158_spring_s2_66_p332,s2_66
36456,winter,ROIs2017_winter_s2_112_p882,s2_112
1839,spring,ROIs1158_spring_s2_8_p397,s2_8
26314,winter,ROIs2017_winter_s2_25_p684,s2_25
12853,spring,ROIs1158_spring_s2_109_p723,s2_109
4033,spring,ROIs1158_spring_s2_21_p697,s2_21
1052,spring,ROIs1158_spring_s2_6_p331,s2_6
7243,spring,ROIs1158_spring_s2_58_p256,s2_58
21232,spring,ROIs1158_spring_s2_134_p140,s2_134
5685,spring,ROIs1158_spring_s2_39_p723,s2_39
28918,winter,ROIs2017_winter_s2_55_p354,s2_55
9192,spring,ROIs1158_spring_s2_66_p761,s2_66
31911,winter,ROIs2017_winter_s2_68_p310,s2_68
19375,spring,ROIs1158_spring_s2_126_p651,s2_126
15423,spring,ROIs1158_spring_s2_117_p336,s2_117
36252,winter,ROIs2017_winter_s2_112_p654,s2_112
32524,winter,ROIs2017_winter_s2_75_p195,s2_75
31739,winter,ROIs2017_winter_s2_68_p132,s2_68
33496,winter,ROIs2017_winter_s2_81_p467,s2_81
36912,winter,ROIs2017_winter_s2_116_p451,s2_116
4605,spring,ROIs1158_spring_s2_26_p420,s2_26
32400,winter,ROIs2017_winter_s2_75_p50,s2_75
29488,winter,ROIs2017_winter_s2_59_p569,s2_59
4179,spring,ROIs1158_spring_s2_21_p853,s2_21
26453,winter,ROIs2017_winter_s2_42_p48,s2_42
32077,winter,ROIs2017_winter_s2_68_p482,s2_68
26057,winter,ROIs2017_winter_s2_25_p384,s2_25
8246,spring,ROIs1158_spring_s2_63_p571,s2_63
37698,winter,ROIs2017_winter_s2_135_p525,s2_135
9431,spring,ROIs1158_spring_s2_75_p217,s2_75
25384,winter,ROIs2017_winter_s2_21_p308,s2_21
36902,winter,ROIs2017_winter_s2_116_p441,s2_116
27393,winter,ROIs2017_winter_s2_47_p243,s2_47
30170,winter,ROIs2017_winter_s2_61_p755,s2_61
12667,spring,ROIs1158_spring_s2_109_p278,s2_109
33200,winter,ROIs2017_winter_s2_81_p153,s2_81
30431,winter,ROIs2017_winter_s2_62_p354,s2_62
34994,winter,ROIs2017_winter_s2_102_p718,s2_102
23086,spring,ROIs1158_spring_s2_142_p689,s2_142
26902,winter,ROIs2017_winter_s2_42_p513,s2_42
28720,winter,ROIs2017_winter_s2_55_p134,s2_55
13456,spring,ROIs1158_spring_s2_110_p674,s2_110
30970,winter,ROIs2017_winter_s2_64_p148,s2_64
30826,winter,ROIs2017_winter_s2_62_p810,s2_62
25319,winter,ROIs2017_winter_s2_21_p233,s2_21
24233,spring,ROIs1158_spring_s2_147_p567,s2_147
31848,winter,ROIs2017_winter_s2_68_p245,s2_68
19371,spring,ROIs1158_spring_s2_126_p647,s2_126
32715,winter,ROIs2017_winter_s2_75_p415,s2_75
27426,winter,ROIs2017_winter_s2_47_p281,s2_47
6540,spring,ROIs1158_spring_s2_45_p216,s2_45
29379,winter,ROIs2017_winter_s2_59_p456,s2_59
14140,spring,ROIs1158_spring_s2_113_p588,s2_113
33644,winter,ROIs2017_winter_s2_81_p637,s2_81
33457,winter,ROIs2017_winter_s2_81_p426,s2_81
27322,winter,ROIs2017_winter_s2_47_p157,s2_47
31561,winter,ROIs2017_winter_s2_64_p760,s2_64
33794,winter,ROIs2017_winter_s2_94_p163,s2_94
1887,spring,ROIs1158_spring_s2_8_p447,s2_8
30681,winter,ROIs2017_winter_s2_62_p657,s2_62
36551,winter,ROIs2017_winter_s2_116_p77,s2_116
12221,spring,ROIs1158_spring_s2_101_p459,s2_101
34179,winter,ROIs2017_winter_s2_94_p562,s2_94
37512,winter,ROIs2017_winter_s2_135_p293,s2_135
19544,spring,ROIs1158_spring_s2_126_p826,s2_126
8520,spring,ROIs1158_spring_s2_66_p43,s2_66
3560,spring,ROIs1158_spring_s2_21_p52,s2_21
32401,winter,ROIs2017_winter_s2_75_p51,s2_75
21538,spring,ROIs1158_spring_s2_134_p521,s2_134
33697,winter,ROIs2017_winter_s2_94_p63,s2_94
17242,spring,ROIs1158_spring_s2_120_p576,s2_120
24357,spring,ROIs1158_spring_s2_147_p795,s2_147
14417,spring,ROIs1158_spring_s2_115_p93,s2_115
26468,winter,ROIs2017_winter_s2_42_p64,s2_42
32599,winter,ROIs2017_winter_s2_75_p282,s2_75
29176,winter,ROIs2017_winter_s2_59_p246,s2_59
11174,spring,ROIs1158_spring_s2_100_p169,s2_100
29823,winter,ROIs2017_winter_s2_61_p253,s2_61
2868,spring,ROIs1158_spring_s2_15_p107,s2_15
18856,spring,ROIs1158_spring_s2_126_p55,s2_126
30668,winter,ROIs2017_winter_s2_62_p644,s2_62
2638,spring,ROIs1158_spring_s2_9_p467,s2_9
31877,winter,ROIs2017_winter_s2_68_p275,s2_68
28418,winter,ROIs2017_winter_s2_49_p600,s2_49
37772,winter,ROIs2017_winter_s2_146_p46,s2_146
26059,winter,ROIs2017_winter_s2_25_p386,s2_25
31042,winter,ROIs2017_winter_s2_64_p222,s2_64
26655,winter,ROIs2017_winter_s2_42_p257,s2_42
30364,winter,ROIs2017_winter_s2_62_p239,s2_62
18891,spring,ROIs1158_spring_s2_126_p92,s2_126
10671,spring,ROIs1158_spring_s2_77_p765,s2_77
36452,winter,ROIs2017_winter_s2_112_p878,s2_112
31797,winter,ROIs2017_winter_s2_68_p192,s2_68
3465,spring,ROIs1158_spring_s2_15_p745,s2_15
19931,spring,ROIs1158_spring_s2_128_p417,s2_128
35027,winter,ROIs2017_winter_s2_102_p780,s2_102
22192,spring,ROIs1158_spring_s2_141_p416,s2_141
28979,winter,ROIs2017_winter_s2_59_p42,s2_59
26438,winter,ROIs2017_winter_s2_42_p33,s2_42
6456,spring,ROIs1158_spring_s2_45_p129,s2_45
24441,winter,ROIs2017_winter_s2_8_p95,s2_8
19913,spring,ROIs1158_spring_s2_128_p398,s2_128
26996,winter,ROIs2017_winter_s2_42_p611,s2_42
7217,spring,ROIs1158_spring_s2_58_p225,s2_58
28327,winter,ROIs2017_winter_s2_49_p506,s2_49
26562,winter,ROIs2017_winter_s2_42_p161,s2_42
38150,winter,ROIs2017_winter_s2_146_p532,s2_146
12929,spring,ROIs1158_spring_s2_110_p73,s2_110
2749,spring,ROIs1158_spring_s2_9_p645,s2_9
28585,winter,ROIs2017_winter_s2_49_p773,s2_49
434,spring,ROIs1158_spring_s2_1_p479,s2_1
25906,winter,ROIs2017_winter_s2_25_p223,s2_25
37165,winter,ROIs2017_winter_s2_116_p715,s2_116
19781,spring,ROIs1158_spring_s2_128_p262,s2_128
9469,spring,ROIs1158_spring_s2_75_p257,s2_75
25655,winter,ROIs2017_winter_s2_21_p738,s2_21
17547,spring,ROIs1158_spring_s2_121_p91,s2_121
30862,winter,ROIs2017_winter_s2_64_p36,s2_64
24319,spring,ROIs1158_spring_s2_147_p731,s2_147
31533,winter,ROIs2017_winter_s2_64_p731,s2_64
25239,winter,ROIs2017_winter_s2_21_p125,s2_21
33520,winter,ROIs2017_winter_s2_81_p491,s2_81
24029,spring,ROIs1158_spring_s2_147_p207,s2_147
2792,spring,ROIs1158_spring_s2_9_p840,s2_9
34977,winter,ROIs2017_winter_s2_102_p689,s2_102
9282,spring,ROIs1158_spring_s2_75_p48,s2_75
34901,winter,ROIs2017_winter_s2_102_p573,s2_102
37525,winter,ROIs2017_winter_s2_135_p306,s2_135
30942,winter,ROIs2017_winter_s2_64_p119,s2_64
1040,spring,ROIs1158_spring_s2_6_p313,s2_6
6632,spring,ROIs1158_spring_s2_45_p311,s2_45
24858,winter,ROIs2017_winter_s2_8_p527,s2_8
18086,spring,ROIs1158_spring_s2_121_p779,s2_121
3787,spring,ROIs1158_spring_s2_21_p435,s2_21
19208,spring,ROIs1158_spring_s2_126_p478,s2_126
28708,winter,ROIs2017_winter_s2_55_p122,s2_55
21929,spring,ROIs1158_spring_s2_141_p121,s2_141
206,spring,ROIs1158_spring_s2_1_p243,s2_1
33822,winter,ROIs2017_winter_s2_94_p192,s2_94
23453,spring,ROIs1158_spring_s2_145_p291,s2_145
24829,winter,ROIs2017_winter_s2_8_p497,s2_8
38164,winter,ROIs2017_winter_s2_146_p552,s2_146
20203,spring,ROIs1158_spring_s2_128_p699,s2_128
30152,winter,ROIs2017_winter_s2_61_p729,s2_61
33795,winter,ROIs2017_winter_s2_94_p164,s2_94
35734,winter,ROIs2017_winter_s2_112_p99,s2_112
35391,winter,ROIs2017_winter_s2_104_p297,s2_104
2639,spring,ROIs1158_spring_s2_9_p468,s2_9
34394,winter,ROIs2017_winter_s2_94_p785,s2_94
27502,winter,ROIs2017_winter_s2_47_p372,s2_47
21459,spring,ROIs1158_spring_s2_134_p407,s2_134
24483,winter,ROIs2017_winter_s2_8_p138,s2_8
1742,spring,ROIs1158_spring_s2_8_p297,s2_8
18376,spring,ROIs1158_spring_s2_124_p368,s2_124
1385,spring,ROIs1158_spring_s2_6_p729,s2_6
27852,winter,ROIs2017_winter_s2_47_p797,s2_47
24094,spring,ROIs1158_spring_s2_147_p324,s2_147
24323,spring,ROIs1158_spring_s2_147_p735,s2_147
6153,spring,ROIs1158_spring_s2_40_p509,s2_40
8524,spring,ROIs1158_spring_s2_66_p47,s2_66
16166,spring,ROIs1158_spring_s2_119_p249,s2_119
35767,winter,ROIs2017_winter_s2_112_p134,s2_112
35066,winter,ROIs2017_winter_s2_102_p834,s2_102
34447,winter,ROIs2017_winter_s2_94_p839,s2_94
31613,winter,ROIs2017_winter_s2_64_p814,s2_64
32190,winter,ROIs2017_winter_s2_68_p607,s2_68
29080,winter,ROIs2017_winter_s2_59_p147,s2_59
28402,winter,ROIs2017_winter_s2_49_p584,s2_49
12705,spring,ROIs1158_spring_s2_109_p367,s2_109
15452,spring,ROIs1158_spring_s2_117_p367,s2_117
24195,spring,ROIs1158_spring_s2_147_p503,s2_147
10347,spring,ROIs1158_spring_s2_77_p425,s2_77
27664,winter,ROIs2017_winter_s2_47_p569,s2_47
7565,spring,ROIs1158_spring_s2_58_p653,s2_58
8948,spring,ROIs1158_spring_s2_66_p490,s2_66
61,spring,ROIs1158_spring_s2_1_p93,s2_1
6742,spring,ROIs1158_spring_s2_45_p425,s2_45
15499,spring,ROIs1158_spring_s2_117_p418,s2_117
6880,spring,ROIs1158_spring_s2_45_p568,s2_45
1271,spring,ROIs1158_spring_s2_6_p595,s2_6
3965,spring,ROIs1158_spring_s2_21_p625,s2_21
36519,winter,ROIs2017_winter_s2_116_p44,s2_116
31114,winter,ROIs2017_winter_s2_64_p297,s2_64
573,spring,ROIs1158_spring_s2_1_p623,s2_1
14792,spring,ROIs1158_spring_s2_115_p484,s2_115
31779,winter,ROIs2017_winter_s2_68_p173,s2_68
21391,spring,ROIs1158_spring_s2_134_p305,s2_134
34480,winter,ROIs2017_winter_s2_102_p76,s2_102
30308,winter,ROIs2017_winter_s2_62_p123,s2_62
8953,spring,ROIs1158_spring_s2_66_p496,s2_66
7061,spring,ROIs1158_spring_s2_58_p39,s2_58
25120,winter,ROIs2017_winter_s2_8_p798,s2_8
472,spring,ROIs1158_spring_s2_1_p518,s2_1
5681,spring,ROIs1158_spring_s2_39_p719,s2_39
17235,spring,ROIs1158_spring_s2_120_p569,s2_120
31087,winter,ROIs2017_winter_s2_64_p269,s2_64
26087,winter,ROIs2017_winter_s2_25_p417,s2_25
14723,spring,ROIs1158_spring_s2_115_p413,s2_115
2226,spring,ROIs1158_spring_s2_8_p798,s2_8
36873,winter,ROIs2017_winter_s2_116_p411,s2_116
27864,winter,ROIs2017_winter_s2_47_p809,s2_47
8907,spring,ROIs1158_spring_s2_66_p446,s2_66
14113,spring,ROIs1158_spring_s2_113_p558,s2_113
30069,winter,ROIs2017_winter_s2_61_p623,s2_61
29836,winter,ROIs2017_winter_s2_61_p270,s2_61
920,spring,ROIs1158_spring_s2_6_p170,s2_6
37447,winter,ROIs2017_winter_s2_135_p215,s2_135
6442,spring,ROIs1158_spring_s2_45_p114,s2_45
24002,spring,ROIs1158_spring_s2_147_p154,s2_147
19534,spring,ROIs1158_spring_s2_126_p816,s2_126
26128,winter,ROIs2017_winter_s2_25_p462,s2_25
36976,winter,ROIs2017_winter_s2_116_p517,s2_116
31553,winter,ROIs2017_winter_s2_64_p751,s2_64
31147,winter,ROIs2017_winter_s2_64_p331,s2_64
30081,winter,ROIs2017_winter_s2_61_p643,s2_61
30909,winter,ROIs2017_winter_s2_64_p84,s2_64
31664,winter,ROIs2017_winter_s2_68_p54,s2_68
36491,winter,ROIs2017_winter_s2_112_p922,s2_112
13342,spring,ROIs1158_spring_s2_110_p556,s2_110
15482,spring,ROIs1158_spring_s2_117_p399,s2_117
21126,spring,ROIs1158_spring_s2_134_p31,s2_134
16687,spring,ROIs1158_spring_s2_119_p814,s2_119
2112,spring,ROIs1158_spring_s2_8_p680,s2_8
25334,winter,ROIs2017_winter_s2_21_p248,s2_21
38143,winter,ROIs2017_winter_s2_146_p525,s2_146
26358,winter,ROIs2017_winter_s2_25_p740,s2_25
30921,winter,ROIs2017_winter_s2_64_p97,s2_64
32781,winter,ROIs2017_winter_s2_75_p492,s2_75
29897,winter,ROIs2017_winter_s2_61_p359,s2_61
25927,winter,ROIs2017_winter_s2_25_p245,s2_25
32184,winter,ROIs2017_winter_s2_68_p601,s2_68
21713,spring,ROIs1158_spring_s2_134_p703,s2_134
37902,winter,ROIs2017_winter_s2_146_p211,s2_146
26809,winter,ROIs2017_winter_s2_42_p417,s2_42
19649,spring,ROIs1158_spring_s2_128_p123,s2_128
29359,winter,ROIs2017_winter_s2_59_p436,s2_59
35302,winter,ROIs2017_winter_s2_104_p191,s2_104
25333,winter,ROIs2017_winter_s2_21_p247,s2_21
36650,winter,ROIs2017_winter_s2_116_p180,s2_116
22835,spring,ROIs1158_spring_s2_142_p361,s2_142
35863,winter,ROIs2017_winter_s2_112_p236,s2_112
30230,winter,ROIs2017_winter_s2_61_p831,s2_61
17104,spring,ROIs1158_spring_s2_120_p433,s2_120
22502,spring,ROIs1158_spring_s2_141_p766,s2_141
24778,winter,ROIs2017_winter_s2_8_p444,s2_8
35534,winter,ROIs2017_winter_s2_104_p466,s2_104
915,spring,ROIs1158_spring_s2_6_p165,s2_6
35241,winter,ROIs2017_winter_s2_104_p118,s2_104
16526,spring,ROIs1158_spring_s2_119_p647,s2_119
33204,winter,ROIs2017_winter_s2_81_p157,s2_81
28477,winter,ROIs2017_winter_s2_49_p661,s2_49
27229,winter,ROIs2017_winter_s2_47_p44,s2_47
12620,spring,ROIs1158_spring_s2_109_p163,s2_109
35562,winter,ROIs2017_winter_s2_104_p499,s2_104
23569,spring,ROIs1158_spring_s2_145_p411,s2_145
32721,winter,ROIs2017_winter_s2_75_p424,s2_75
4953,spring,ROIs1158_spring_s2_26_p790,s2_26
10542,spring,ROIs1158_spring_s2_77_p631,s2_77
15720,spring,ROIs1158_spring_s2_117_p655,s2_117
31605,winter,ROIs2017_winter_s2_64_p805,s2_64
6839,spring,ROIs1158_spring_s2_45_p526,s2_45
5743,spring,ROIs1158_spring_s2_39_p784,s2_39
11684,spring,ROIs1158_spring_s2_100_p709,s2_100
36586,winter,ROIs2017_winter_s2_116_p113,s2_116
21994,spring,ROIs1158_spring_s2_141_p192,s2_141
25338,winter,ROIs2017_winter_s2_21_p252,s2_21
13239,spring,ROIs1158_spring_s2_110_p446,s2_110
28974,winter,ROIs2017_winter_s2_59_p37,s2_59
13255,spring,ROIs1158_spring_s2_110_p462,s2_110
4906,spring,ROIs1158_spring_s2_26_p734,s2_26
26961,winter,ROIs2017_winter_s2_42_p574,s2_42
7090,spring,ROIs1158_spring_s2_58_p73,s2_58
203,spring,ROIs1158_spring_s2_1_p240,s2_1
3048,spring,ROIs1158_spring_s2_15_p294,s2_15
16232,spring,ROIs1158_spring_s2_119_p327,s2_119
35943,winter,ROIs2017_winter_s2_112_p322,s2_112
19059,spring,ROIs1158_spring_s2_126_p324,s2_126
24174,spring,ROIs1158_spring_s2_147_p469,s2_147
10543,spring,ROIs1158_spring_s2_77_p632,s2_77
37812,winter,ROIs2017_winter_s2_146_p93,s2_146
35523,winter,ROIs2017_winter_s2_104_p453,s2_104
25682,winter,ROIs2017_winter_s2_21_p786,s2_21
13162,spring,ROIs1158_spring_s2_110_p354,s2_110
15354,spring,ROIs1158_spring_s2_117_p263,s2_117
15763,spring,ROIs1158_spring_s2_117_p700,s2_117
14440,spring,ROIs1158_spring_s2_115_p117,s2_115
28730,winter,ROIs2017_winter_s2_55_p144,s2_55
29414,winter,ROIs2017_winter_s2_59_p492,s2_59
13722,spring,ROIs1158_spring_s2_113_p137,s2_113
4182,spring,ROIs1158_spring_s2_21_p856,s2_21
14305,spring,ROIs1158_spring_s2_113_p782,s2_113
19766,spring,ROIs1158_spring_s2_128_p246,s2_128
12893,spring,ROIs1158_spring_s2_110_p36,s2_110
35948,winter,ROIs2017_winter_s2_112_p327,s2_112
18251,spring,ROIs1158_spring_s2_124_p236,s2_124
36281,winter,ROIs2017_winter_s2_112_p685,s2_112
4219,spring,ROIs1158_spring_s2_21_p895,s2_21
31695,winter,ROIs2017_winter_s2_68_p86,s2_68
30621,winter,ROIs2017_winter_s2_62_p595,s2_62
13963,spring,ROIs1158_spring_s2_113_p391,s2_113
23104,spring,ROIs1158_spring_s2_142_p713,s2_142
12239,spring,ROIs1158_spring_s2_101_p478,s2_101
8131,spring,ROIs1158_spring_s2_63_p452,s2_63
19070,spring,ROIs1158_spring_s2_126_p335,s2_126
33973,winter,ROIs2017_winter_s2_94_p349,s2_94
37135,winter,ROIs2017_winter_s2_116_p682,s2_116
35652,winter,ROIs2017_winter_s2_104_p606,s2_104
8883,spring,ROIs1158_spring_s2_66_p419,s2_66
1755,spring,ROIs1158_spring_s2_8_p310,s2_8
29130,winter,ROIs2017_winter_s2_59_p198,s2_59
24440,winter,ROIs2017_winter_s2_8_p94,s2_8
34107,winter,ROIs2017_winter_s2_94_p487,s2_94
2582,spring,ROIs1158_spring_s2_9_p404,s2_9
15420,spring,ROIs1158_spring_s2_117_p333,s2_117
34167,winter,ROIs2017_winter_s2_94_p549,s2_94
3008,spring,ROIs1158_spring_s2_15_p252,s2_15
13179,spring,ROIs1158_spring_s2_110_p375,s2_110
12320,spring,ROIs1158_spring_s2_101_p562,s2_101
34048,winter,ROIs2017_winter_s2_94_p426,s2_94
27231,winter,ROIs2017_winter_s2_47_p46,s2_47
37967,winter,ROIs2017_winter_s2_146_p296,s2_146
16144,spring,ROIs1158_spring_s2_119_p223,s2_119
26470,winter,ROIs2017_winter_s2_42_p66,s2_42
35359,winter,ROIs2017_winter_s2_104_p260,s2_104
24907,winter,ROIs2017_winter_s2_8_p577,s2_8
32943,winter,ROIs2017_winter_s2_75_p678,s2_75
34791,winter,ROIs2017_winter_s2_102_p444,s2_102
6950,spring,ROIs1158_spring_s2_45_p645,s2_45
28999,winter,ROIs2017_winter_s2_59_p63,s2_59
37438,winter,ROIs2017_winter_s2_135_p206,s2_135
4619,spring,ROIs1158_spring_s2_26_p436,s2_26
29396,winter,ROIs2017_winter_s2_59_p474,s2_59
17576,spring,ROIs1158_spring_s2_121_p126,s2_121
3257,spring,ROIs1158_spring_s2_15_p524,s2_15
16608,spring,ROIs1158_spring_s2_119_p732,s2_119
30120,winter,ROIs2017_winter_s2_61_p687,s2_61
27351,winter,ROIs2017_winter_s2_47_p191,s2_47
28563,winter,ROIs2017_winter_s2_49_p750,s2_49
30088,winter,ROIs2017_winter_s2_61_p650,s2_61
30923,winter,ROIs2017_winter_s2_64_p99,s2_64
33247,winter,ROIs2017_winter_s2_81_p201,s2_81
15805,spring,ROIs1158_spring_s2_117_p746,s2_117
31959,winter,ROIs2017_winter_s2_68_p360,s2_68
37649,winter,ROIs2017_winter_s2_135_p457,s2_135
35229,winter,ROIs2017_winter_s2_104_p106,s2_104
9478,spring,ROIs1158_spring_s2_75_p268,s2_75
12647,spring,ROIs1158_spring_s2_109_p224,s2_109
31957,winter,ROIs2017_winter_s2_68_p358,s2_68
30348,winter,ROIs2017_winter_s2_62_p209,s2_62
26693,winter,ROIs2017_winter_s2_42_p297,s2_42
10872,spring,ROIs1158_spring_s2_97_p412,s2_97
21731,spring,ROIs1158_spring_s2_134_p721,s2_134
19266,spring,ROIs1158_spring_s2_126_p538,s2_126
32368,winter,ROIs2017_winter_s2_68_p822,s2_68
31122,winter,ROIs2017_winter_s2_64_p305,s2_64
16605,spring,ROIs1158_spring_s2_119_p729,s2_119
31469,winter,ROIs2017_winter_s2_64_p664,s2_64
28843,winter,ROIs2017_winter_s2_55_p269,s2_55
15806,spring,ROIs1158_spring_s2_117_p747,s2_117
27089,winter,ROIs2017_winter_s2_42_p707,s2_42
17447,spring,ROIs1158_spring_s2_120_p789,s2_120
12958,spring,ROIs1158_spring_s2_110_p103,s2_110
14710,spring,ROIs1158_spring_s2_115_p399,s2_115
25943,winter,ROIs2017_winter_s2_25_p262,s2_25
16680,spring,ROIs1158_spring_s2_119_p806,s2_119
8444,spring,ROIs1158_spring_s2_63_p776,s2_63
34452,winter,ROIs2017_winter_s2_102_p43,s2_102
37675,winter,ROIs2017_winter_s2_135_p495,s2_135
11891,spring,ROIs1158_spring_s2_101_p118,s2_101
9835,spring,ROIs1158_spring_s2_75_p640,s2_75
25381,winter,ROIs2017_winter_s2_21_p305,s2_21
37381,winter,ROIs2017_winter_s2_135_p139,s2_135
23995,spring,ROIs1158_spring_s2_147_p147,s2_147
19017,spring,ROIs1158_spring_s2_126_p280,s2_126
21639,spring,ROIs1158_spring_s2_134_p626,s2_134
37593,winter,ROIs2017_winter_s2_135_p389,s2_135
11608,spring,ROIs1158_spring_s2_100_p624,s2_100
24658,winter,ROIs2017_winter_s2_8_p320,s2_8
18979,spring,ROIs1158_spring_s2_126_p241,s2_126
3682,spring,ROIs1158_spring_s2_21_p315,s2_21
3331,spring,ROIs1158_spring_s2_15_p603,s2_15
5481,spring,ROIs1158_spring_s2_39_p515,s2_39
35283,winter,ROIs2017_winter_s2_104_p170,s2_104
34686,winter,ROIs2017_winter_s2_102_p323,s2_102
16479,spring,ROIs1158_spring_s2_119_p598,s2_119
33969,winter,ROIs2017_winter_s2_94_p344,s2_94
37494,winter,ROIs2017_winter_s2_135_p270,s2_135
11363,spring,ROIs1158_spring_s2_100_p365,s2_100
36390,winter,ROIs2017_winter_s2_112_p800,s2_112
6538,spring,ROIs1158_spring_s2_45_p214,s2_45
12463,spring,ROIs1158_spring_s2_101_p730,s2_101
10078,spring,ROIs1158_spring_s2_77_p79,s2_77
28841,winter,ROIs2017_winter_s2_55_p267,s2_55
12479,spring,ROIs1158_spring_s2_101_p746,s2_101
20601,spring,ROIs1158_spring_s2_132_p299,s2_132
31132,winter,ROIs2017_winter_s2_64_p315,s2_64
5772,spring,ROIs1158_spring_s2_39_p814,s2_39
9123,spring,ROIs1158_spring_s2_66_p680,s2_66
2605,spring,ROIs1158_spring_s2_9_p428,s2_9
28758,winter,ROIs2017_winter_s2_55_p173,s2_55
19249,spring,ROIs1158_spring_s2_126_p520,s2_126
17728,spring,ROIs1158_spring_s2_121_p321,s2_121
27327,winter,ROIs2017_winter_s2_47_p162,s2_47
20393,spring,ROIs1158_spring_s2_132_p83,s2_132
5922,spring,ROIs1158_spring_s2_40_p188,s2_40
2013,spring,ROIs1158_spring_s2_8_p577,s2_8
13498,spring,ROIs1158_spring_s2_110_p717,s2_110
16660,spring,ROIs1158_spring_s2_119_p786,s2_119
12990,spring,ROIs1158_spring_s2_110_p136,s2_110
9992,spring,ROIs1158_spring_s2_75_p802,s2_75
21780,spring,ROIs1158_spring_s2_134_p772,s2_134
11417,spring,ROIs1158_spring_s2_100_p420,s2_100
5510,spring,ROIs1158_spring_s2_39_p544,s2_39
28662,winter,ROIs2017_winter_s2_55_p74,s2_55
36774,winter,ROIs2017_winter_s2_116_p308,s2_116
2252,spring,ROIs1158_spring_s2_8_p825,s2_8
38109,winter,ROIs2017_winter_s2_146_p483,s2_146
34897,winter,ROIs2017_winter_s2_102_p569,s2_102
23418,spring,ROIs1158_spring_s2_145_p254,s2_145
28705,winter,ROIs2017_winter_s2_55_p119,s2_55
35554,winter,ROIs2017_winter_s2_104_p489,s2_104
35133,winter,ROIs2017_winter_s2_102_p907,s2_102
37583,winter,ROIs2017_winter_s2_135_p379,s2_135
11452,spring,ROIs1158_spring_s2_100_p456,s2_100
972,spring,ROIs1158_spring_s2_6_p231,s2_6
25793,winter,ROIs2017_winter_s2_25_p106,s2_25
2949,spring,ROIs1158_spring_s2_15_p191,s2_15
4913,spring,ROIs1158_spring_s2_26_p741,s2_26
1030,spring,ROIs1158_spring_s2_6_p303,s2_6
32433,winter,ROIs2017_winter_s2_75_p89,s2_75
18148,spring,ROIs1158_spring_s2_124_p60,s2_124
26380,winter,ROIs2017_winter_s2_25_p768,s2_25
36119,winter,ROIs2017_winter_s2_112_p510,s2_112
30782,winter,ROIs2017_winter_s2_62_p762,s2_62
22676,spring,ROIs1158_spring_s2_142_p158,s2_142
25876,winter,ROIs2017_winter_s2_25_p192,s2_25
7187,spring,ROIs1158_spring_s2_58_p190,s2_58
30054,winter,ROIs2017_winter_s2_61_p601,s2_61
8539,spring,ROIs1158_spring_s2_66_p63,s2_66
11473,spring,ROIs1158_spring_s2_100_p478,s2_100
25715,winter,ROIs2017_winter_s2_21_p826,s2_21
26068,winter,ROIs2017_winter_s2_25_p395,s2_25
28771,winter,ROIs2017_winter_s2_55_p187,s2_55
26304,winter,ROIs2017_winter_s2_25_p674,s2_25
26941,winter,ROIs2017_winter_s2_42_p554,s2_42
27963,winter,ROIs2017_winter_s2_49_p125,s2_49
2771,spring,ROIs1158_spring_s2_9_p708,s2_9
35496,winter,ROIs2017_winter_s2_104_p421,s2_104
36532,winter,ROIs2017_winter_s2_116_p57,s2_116
26685,winter,ROIs2017_winter_s2_42_p288,s2_42
16093,spring,ROIs1158_spring_s2_119_p164,s2_119
32271,winter,ROIs2017_winter_s2_68_p707,s2_68
17874,spring,ROIs1158_spring_s2_121_p515,s2_121
13041,spring,ROIs1158_spring_s2_110_p191,s2_110
11355,spring,ROIs1158_spring_s2_100_p357,s2_100
34297,winter,ROIs2017_winter_s2_94_p684,s2_94
15790,spring,ROIs1158_spring_s2_117_p729,s2_117
16239,spring,ROIs1158_spring_s2_119_p334,s2_119
28244,winter,ROIs2017_winter_s2_49_p420,s2_49
16588,spring,ROIs1158_spring_s2_119_p711,s2_119
30176,winter,ROIs2017_winter_s2_61_p761,s2_61
27918,winter,ROIs2017_winter_s2_49_p68,s2_49
11867,spring,ROIs1158_spring_s2_101_p93,s2_101
1197,spring,ROIs1158_spring_s2_6_p505,s2_6
19884,spring,ROIs1158_spring_s2_128_p368,s2_128
15085,spring,ROIs1158_spring_s2_115_p788,s2_115
29606,winter,ROIs2017_winter_s2_59_p757,s2_59
5674,spring,ROIs1158_spring_s2_39_p712,s2_39
29175,winter,ROIs2017_winter_s2_59_p245,s2_59
28065,winter,ROIs2017_winter_s2_49_p235,s2_49
949,spring,ROIs1158_spring_s2_6_p205,s2_6
33530,winter,ROIs2017_winter_s2_81_p502,s2_81
34235,winter,ROIs2017_winter_s2_94_p620,s2_94
5708,spring,ROIs1158_spring_s2_39_p747,s2_39
32547,winter,ROIs2017_winter_s2_75_p222,s2_75
37341,winter,ROIs2017_winter_s2_135_p96,s2_135
38028,winter,ROIs2017_winter_s2_146_p376,s2_146
8964,spring,ROIs1158_spring_s2_66_p508,s2_66
25537,winter,ROIs2017_winter_s2_21_p566,s2_21
12900,spring,ROIs1158_spring_s2_110_p43,s2_110
27599,winter,ROIs2017_winter_s2_47_p489,s2_47
10898,spring,ROIs1158_spring_s2_97_p473,s2_97
30513,winter,ROIs2017_winter_s2_62_p474,s2_62
34474,winter,ROIs2017_winter_s2_102_p70,s2_102
27344,winter,ROIs2017_winter_s2_47_p184,s2_47
5895,spring,ROIs1158_spring_s2_40_p154,s2_40
34916,winter,ROIs2017_winter_s2_102_p594,s2_102
30330,winter,ROIs2017_winter_s2_62_p177,s2_62
28454,winter,ROIs2017_winter_s2_49_p637,s2_49
457,spring,ROIs1158_spring_s2_1_p503,s2_1
35940,winter,ROIs2017_winter_s2_112_p319,s2_112
38023,winter,ROIs2017_winter_s2_146_p371,s2_146
34094,winter,ROIs2017_winter_s2_94_p474,s2_94
25947,winter,ROIs2017_winter_s2_25_p266,s2_25
19907,spring,ROIs1158_spring_s2_128_p392,s2_128
14610,spring,ROIs1158_spring_s2_115_p296,s2_115
24505,winter,ROIs2017_winter_s2_8_p161,s2_8
17001,spring,ROIs1158_spring_s2_120_p327,s2_120
30715,winter,ROIs2017_winter_s2_62_p692,s2_62
24605,winter,ROIs2017_winter_s2_8_p265,s2_8
37762,winter,ROIs2017_winter_s2_146_p31,s2_146
28717,winter,ROIs2017_winter_s2_55_p131,s2_55
11086,spring,ROIs1158_spring_s2_100_p76,s2_100
1909,spring,ROIs1158_spring_s2_8_p470,s2_8
3715,spring,ROIs1158_spring_s2_21_p357,s2_21
22076,spring,ROIs1158_spring_s2_141_p283,s2_141
27000,winter,ROIs2017_winter_s2_42_p615,s2_42
28192,winter,ROIs2017_winter_s2_49_p366,s2_49
31174,winter,ROIs2017_winter_s2_64_p359,s2_64
25231,winter,ROIs2017_winter_s2_21_p117,s2_21
22042,spring,ROIs1158_spring_s2_141_p246,s2_141
793,spring,ROIs1158_spring_s2_6_p39,s2_6
4017,spring,ROIs1158_spring_s2_21_p679,s2_21
7894,spring,ROIs1158_spring_s2_63_p207,s2_63
30320,winter,ROIs2017_winter_s2_62_p151,s2_62
21241,spring,ROIs1158_spring_s2_134_p150,s2_134
7252,spring,ROIs1158_spring_s2_58_p270,s2_58
25009,winter,ROIs2017_winter_s2_8_p683,s2_8
20033,spring,ROIs1158_spring_s2_128_p523,s2_128
18037,spring,ROIs1158_spring_s2_121_p718,s2_121
23561,spring,ROIs1158_spring_s2_145_p402,s2_145
28090,winter,ROIs2017_winter_s2_49_p260,s2_49
11972,spring,ROIs1158_spring_s2_101_p201,s2_101
35115,winter,ROIs2017_winter_s2_102_p887,s2_102
37003,winter,ROIs2017_winter_s2_116_p545,s2_116
22455,spring,ROIs1158_spring_s2_141_p713,s2_141
22411,spring,ROIs1158_spring_s2_141_p663,s2_141
26377,winter,ROIs2017_winter_s2_25_p765,s2_25
13948,spring,ROIs1158_spring_s2_113_p374,s2_113
158,spring,ROIs1158_spring_s2_1_p193,s2_1
8159,spring,ROIs1158_spring_s2_63_p481,s2_63
32294,winter,ROIs2017_winter_s2_68_p735,s2_68
16922,spring,ROIs1158_spring_s2_120_p245,s2_120
16226,spring,ROIs1158_spring_s2_119_p317,s2_119
25279,winter,ROIs2017_winter_s2_21_p178,s2_21
11229,spring,ROIs1158_spring_s2_100_p228,s2_100
21699,spring,ROIs1158_spring_s2_134_p688,s2_134
25881,winter,ROIs2017_winter_s2_25_p197,s2_25
31692,winter,ROIs2017_winter_s2_68_p83,s2_68
16569,spring,ROIs1158_spring_s2_119_p691,s2_119
11334,spring,ROIs1158_spring_s2_100_p336,s2_100
16055,spring,ROIs1158_spring_s2_119_p122,s2_119
30864,winter,ROIs2017_winter_s2_64_p38,s2_64
21618,spring,ROIs1158_spring_s2_134_p604,s2_134
4022,spring,ROIs1158_spring_s2_21_p686,s2_21
14116,spring,ROIs1158_spring_s2_113_p561,s2_113
30571,winter,ROIs2017_winter_s2_62_p543,s2_62
35117,winter,ROIs2017_winter_s2_102_p889,s2_102
18474,spring,ROIs1158_spring_s2_124_p472,s2_124
24117,spring,ROIs1158_spring_s2_147_p360,s2_147
26998,winter,ROIs2017_winter_s2_42_p613,s2_42
28521,winter,ROIs2017_winter_s2_49_p707,s2_49
3728,spring,ROIs1158_spring_s2_21_p370,s2_21
17899,spring,ROIs1158_spring_s2_121_p545,s2_121
10434,spring,ROIs1158_spring_s2_77_p519,s2_77
37828,winter,ROIs2017_winter_s2_146_p114,s2_146
34016,winter,ROIs2017_winter_s2_94_p393,s2_94
2045,spring,ROIs1158_spring_s2_8_p611,s2_8
35660,winter,ROIs2017_winter_s2_104_p614,s2_104
9791,spring,ROIs1158_spring_s2_75_p594,s2_75
22651,spring,ROIs1158_spring_s2_142_p127,s2_142
4661,spring,ROIs1158_spring_s2_26_p480,s2_26
3310,spring,ROIs1158_spring_s2_15_p582,s2_15
17754,spring,ROIs1158_spring_s2_121_p353,s2_121
17598,spring,ROIs1158_spring_s2_121_p154,s2_121
3292,spring,ROIs1158_spring_s2_15_p561,s2_15
4253,spring,ROIs1158_spring_s2_21_p954,s2_21
4577,spring,ROIs1158_spring_s2_26_p390,s2_26
4288,spring,ROIs1158_spring_s2_26_p64,s2_26
36559,winter,ROIs2017_winter_s2_116_p85,s2_116
20572,spring,ROIs1158_spring_s2_132_p269,s2_132
36454,winter,ROIs2017_winter_s2_112_p880,s2_112
20499,spring,ROIs1158_spring_s2_132_p193,s2_132
10839,spring,ROIs1158_spring_s2_97_p328,s2_97
7448,spring,ROIs1158_spring_s2_58_p509,s2_58
36100,winter,ROIs2017_winter_s2_112_p489,s2_112
32393,winter,ROIs2017_winter_s2_75_p40,s2_75
36723,winter,ROIs2017_winter_s2_116_p255,s2_116
37765,winter,ROIs2017_winter_s2_146_p34,s2_146
35662,winter,ROIs2017_winter_s2_104_p616,s2_104
36469,winter,ROIs2017_winter_s2_112_p895,s2_112
10739,spring,ROIs1158_spring_s2_77_p835,s2_77
16068,spring,ROIs1158_spring_s2_119_p135,s2_119
17660,spring,ROIs1158_spring_s2_121_p234,s2_121
36780,winter,ROIs2017_winter_s2_116_p314,s2_116
5654,spring,ROIs1158_spring_s2_39_p691,s2_39
440,spring,ROIs1158_spring_s2_1_p485,s2_1
10221,spring,ROIs1158_spring_s2_77_p227,s2_77
10599,spring,ROIs1158_spring_s2_77_p690,s2_77
28642,winter,ROIs2017_winter_s2_55_p48,s2_55
33000,winter,ROIs2017_winter_s2_75_p746,s2_75
6703,spring,ROIs1158_spring_s2_45_p385,s2_45
1291,spring,ROIs1158_spring_s2_6_p616,s2_6
27525,winter,ROIs2017_winter_s2_47_p400,s2_47
25166,winter,ROIs2017_winter_s2_21_p34,s2_21
35681,winter,ROIs2017_winter_s2_112_p42,s2_112
20933,spring,ROIs1158_spring_s2_132_p643,s2_132
13054,spring,ROIs1158_spring_s2_110_p205,s2_110
11882,spring,ROIs1158_spring_s2_101_p108,s2_101
35042,winter,ROIs2017_winter_s2_102_p803,s2_102
19625,spring,ROIs1158_spring_s2_128_p98,s2_128
34338,winter,ROIs2017_winter_s2_94_p727,s2_94
6102,spring,ROIs1158_spring_s2_40_p440,s2_40
29078,winter,ROIs2017_winter_s2_59_p144,s2_59
34078,winter,ROIs2017_winter_s2_94_p457,s2_94
18703,spring,ROIs1158_spring_s2_124_p709,s2_124
15726,spring,ROIs1158_spring_s2_117_p661,s2_117
22436,spring,ROIs1158_spring_s2_141_p691,s2_141
13578,spring,ROIs1158_spring_s2_110_p800,s2_110
18309,spring,ROIs1158_spring_s2_124_p299,s2_124
7097,spring,ROIs1158_spring_s2_58_p80,s2_58
26613,winter,ROIs2017_winter_s2_42_p214,s2_42
6088,spring,ROIs1158_spring_s2_40_p417,s2_40
27283,winter,ROIs2017_winter_s2_47_p108,s2_47
30148,winter,ROIs2017_winter_s2_61_p720,s2_61
1110,spring,ROIs1158_spring_s2_6_p397,s2_6
29722,winter,ROIs2017_winter_s2_61_p110,s2_61
31504,winter,ROIs2017_winter_s2_64_p701,s2_64
20516,spring,ROIs1158_spring_s2_132_p211,s2_132
6584,spring,ROIs1158_spring_s2_45_p262,s2_45
10598,spring,ROIs1158_spring_s2_77_p689,s2_77
832,spring,ROIs1158_spring_s2_6_p79,s2_6
6861,spring,ROIs1158_spring_s2_45_p548,s2_45
31221,winter,ROIs2017_winter_s2_64_p408,s2_64
10180,spring,ROIs1158_spring_s2_77_p185,s2_77
8031,spring,ROIs1158_spring_s2_63_p349,s2_63
2645,spring,ROIs1158_spring_s2_9_p476,s2_9
23025,spring,ROIs1158_spring_s2_142_p612,s2_142
2641,spring,ROIs1158_spring_s2_9_p470,s2_9
28166,winter,ROIs2017_winter_s2_49_p339,s2_49
8851,spring,ROIs1158_spring_s2_66_p386,s2_66
13574,spring,ROIs1158_spring_s2_110_p796,s2_110
4339,spring,ROIs1158_spring_s2_26_p124,s2_26
30555,winter,ROIs2017_winter_s2_62_p527,s2_62
30074,winter,ROIs2017_winter_s2_61_p631,s2_61
19691,spring,ROIs1158_spring_s2_128_p166,s2_128
34288,winter,ROIs2017_winter_s2_94_p675,s2_94
21344,spring,ROIs1158_spring_s2_134_p256,s2_134
1261,spring,ROIs1158_spring_s2_6_p579,s2_6
5612,spring,ROIs1158_spring_s2_39_p648,s2_39
30710,winter,ROIs2017_winter_s2_62_p687,s2_62
1087,spring,ROIs1158_spring_s2_6_p370,s2_6
29966,winter,ROIs2017_winter_s2_61_p475,s2_61
30314,winter,ROIs2017_winter_s2_62_p129,s2_62
363,spring,ROIs1158_spring_s2_1_p405,s2_1
3032,spring,ROIs1158_spring_s2_15_p277,s2_15
12330,spring,ROIs1158_spring_s2_101_p572,s2_101
20861,spring,ROIs1158_spring_s2_132_p568,s2_132
24941,winter,ROIs2017_winter_s2_8_p613,s2_8
37334,winter,ROIs2017_winter_s2_135_p89,s2_135
8597,spring,ROIs1158_spring_s2_66_p123,s2_66
28808,winter,ROIs2017_winter_s2_55_p226,s2_55
3127,spring,ROIs1158_spring_s2_15_p380,s2_15
18603,spring,ROIs1158_spring_s2_124_p605,s2_124
26740,winter,ROIs2017_winter_s2_42_p345,s2_42
33703,winter,ROIs2017_winter_s2_94_p69,s2_94
26778,winter,ROIs2017_winter_s2_42_p385,s2_42
12073,spring,ROIs1158_spring_s2_101_p306,s2_101
28306,winter,ROIs2017_winter_s2_49_p484,s2_49
1013,spring,ROIs1158_spring_s2_6_p281,s2_6
31915,winter,ROIs2017_winter_s2_68_p314,s2_68
11259,spring,ROIs1158_spring_s2_100_p258,s2_100
29444,winter,ROIs2017_winter_s2_59_p524,s2_59
37222,winter,ROIs2017_winter_s2_116_p776,s2_116
26583,winter,ROIs2017_winter_s2_42_p183,s2_42
37359,winter,ROIs2017_winter_s2_135_p114,s2_135
30411,winter,ROIs2017_winter_s2_62_p321,s2_62
17950,spring,ROIs1158_spring_s2_121_p607,s2_121
24792,winter,ROIs2017_winter_s2_8_p458,s2_8
621,spring,ROIs1158_spring_s2_1_p673,s2_1
8359,spring,ROIs1158_spring_s2_63_p688,s2_63
19388,spring,ROIs1158_spring_s2_126_p664,s2_126
15644,spring,ROIs1158_spring_s2_117_p573,s2_117
13671,spring,ROIs1158_spring_s2_113_p84,s2_113
33948,winter,ROIs2017_winter_s2_94_p323,s2_94
35574,winter,ROIs2017_winter_s2_104_p514,s2_104
15413,spring,ROIs1158_spring_s2_117_p326,s2_117
7063,spring,ROIs1158_spring_s2_58_p41,s2_58
13341,spring,ROIs1158_spring_s2_110_p555,s2_110
18411,spring,ROIs1158_spring_s2_124_p407,s2_124
25187,winter,ROIs2017_winter_s2_21_p61,s2_21
35919,winter,ROIs2017_winter_s2_112_p296,s2_112
3765,spring,ROIs1158_spring_s2_21_p411,s2_21
35714,winter,ROIs2017_winter_s2_112_p77,s2_112
26588,winter,ROIs2017_winter_s2_42_p188,s2_42
19115,spring,ROIs1158_spring_s2_126_p382,s2_126
17401,spring,ROIs1158_spring_s2_120_p741,s2_120
26664,winter,ROIs2017_winter_s2_42_p267,s2_42
13777,spring,ROIs1158_spring_s2_113_p194,s2_113
36635,winter,ROIs2017_winter_s2_116_p164,s2_116
32066,winter,ROIs2017_winter_s2_68_p471,s2_68
14038,spring,ROIs1158_spring_s2_113_p474,s2_113
3368,spring,ROIs1158_spring_s2_15_p644,s2_15
24901,winter,ROIs2017_winter_s2_8_p571,s2_8
38012,winter,ROIs2017_winter_s2_146_p355,s2_146
1647,spring,ROIs1158_spring_s2_8_p198,s2_8
37569,winter,ROIs2017_winter_s2_135_p360,s2_135
11147,spring,ROIs1158_spring_s2_100_p140,s2_100
35036,winter,ROIs2017_winter_s2_102_p789,s2_102
27986,winter,ROIs2017_winter_s2_49_p149,s2_49
8503,spring,ROIs1158_spring_s2_63_p837,s2_63
28512,winter,ROIs2017_winter_s2_49_p698,s2_49
27085,winter,ROIs2017_winter_s2_42_p703,s2_42
26557,winter,ROIs2017_winter_s2_42_p156,s2_42
29496,winter,ROIs2017_winter_s2_59_p577,s2_59
36792,winter,ROIs2017_winter_s2_116_p327,s2_116
1863,spring,ROIs1158_spring_s2_8_p422,s2_8
10811,spring,ROIs1158_spring_s2_97_p239,s2_97
23621,spring,ROIs1158_spring_s2_145_p465,s2_145
27481,winter,ROIs2017_winter_s2_47_p346,s2_47
3579,spring,ROIs1158_spring_s2_21_p88,s2_21
11495,spring,ROIs1158_spring_s2_100_p503,s2_100
26522,winter,ROIs2017_winter_s2_42_p120,s2_42
33167,winter,ROIs2017_winter_s2_81_p119,s2_81
28700,winter,ROIs2017_winter_s2_55_p113,s2_55
30692,winter,ROIs2017_winter_s2_62_p669,s2_62
94,spring,ROIs1158_spring_s2_1_p127,s2_1
32748,winter,ROIs2017_winter_s2_75_p455,s2_75
34630,winter,ROIs2017_winter_s2_102_p256,s2_102
35429,winter,ROIs2017_winter_s2_104_p342,s2_104
2127,spring,ROIs1158_spring_s2_8_p695,s2_8
36235,winter,ROIs2017_winter_s2_112_p635,s2_112
7911,spring,ROIs1158_spring_s2_63_p224,s2_63
2698,spring,ROIs1158_spring_s2_9_p542,s2_9
35058,winter,ROIs2017_winter_s2_102_p821,s2_102
1836,spring,ROIs1158_spring_s2_8_p394,s2_8
24762,winter,ROIs2017_winter_s2_8_p427,s2_8
18489,spring,ROIs1158_spring_s2_124_p487,s2_124
13138,spring,ROIs1158_spring_s2_110_p317,s2_110
25739,winter,ROIs2017_winter_s2_25_p50,s2_25
37313,winter,ROIs2017_winter_s2_135_p65,s2_135
26683,winter,ROIs2017_winter_s2_42_p286,s2_42
23648,spring,ROIs1158_spring_s2_145_p492,s2_145
14235,spring,ROIs1158_spring_s2_113_p703,s2_113
6378,spring,ROIs1158_spring_s2_45_p48,s2_45
24131,spring,ROIs1158_spring_s2_147_p387,s2_147
33949,winter,ROIs2017_winter_s2_94_p324,s2_94
10679,spring,ROIs1158_spring_s2_77_p773,s2_77
24904,winter,ROIs2017_winter_s2_8_p574,s2_8
6628,spring,ROIs1158_spring_s2_45_p307,s2_45
9299,spring,ROIs1158_spring_s2_75_p69,s2_75
30567,winter,ROIs2017_winter_s2_62_p539,s2_62
3365,spring,ROIs1158_spring_s2_15_p641,s2_15
5574,spring,ROIs1158_spring_s2_39_p608,s2_39
24915,winter,ROIs2017_winter_s2_8_p586,s2_8
27024,winter,ROIs2017_winter_s2_42_p640,s2_42
24736,winter,ROIs2017_winter_s2_8_p400,s2_8
12021,spring,ROIs1158_spring_s2_101_p252,s2_101
3425,spring,ROIs1158_spring_s2_15_p703,s2_15
20731,spring,ROIs1158_spring_s2_132_p433,s2_132
26418,winter,ROIs2017_winter_s2_25_p813,s2_25
34187,winter,ROIs2017_winter_s2_94_p570,s2_94
37661,winter,ROIs2017_winter_s2_135_p475,s2_135
11115,spring,ROIs1158_spring_s2_100_p107,s2_100
495,spring,ROIs1158_spring_s2_1_p542,s2_1
23308,spring,ROIs1158_spring_s2_145_p140,s2_145
16042,spring,ROIs1158_spring_s2_119_p105,s2_119
21208,spring,ROIs1158_spring_s2_134_p115,s2_134
38127,winter,ROIs2017_winter_s2_146_p502,s2_146
34540,winter,ROIs2017_winter_s2_102_p146,s2_102
31482,winter,ROIs2017_winter_s2_64_p678,s2_64
27771,winter,ROIs2017_winter_s2_47_p701,s2_47
27851,winter,ROIs2017_winter_s2_47_p796,s2_47
17343,spring,ROIs1158_spring_s2_120_p681,s2_120
8043,spring,ROIs1158_spring_s2_63_p361,s2_63
36839,winter,ROIs2017_winter_s2_116_p375,s2_116
16007,spring,ROIs1158_spring_s2_119_p66,s2_119
25662,winter,ROIs2017_winter_s2_21_p749,s2_21
38208,winter,ROIs2017_winter_s2_146_p607,s2_146
4773,spring,ROIs1158_spring_s2_26_p596,s2_26
24385,winter,ROIs2017_winter_s2_8_p37,s2_8
18410,spring,ROIs1158_spring_s2_124_p405,s2_124
25823,winter,ROIs2017_winter_s2_25_p137,s2_25
32404,winter,ROIs2017_winter_s2_75_p54,s2_75
5549,spring,ROIs1158_spring_s2_39_p583,s2_39
2590,spring,ROIs1158_spring_s2_9_p413,s2_9
37415,winter,ROIs2017_winter_s2_135_p179,s2_135
30735,winter,ROIs2017_winter_s2_62_p713,s2_62
36821,winter,ROIs2017_winter_s2_116_p357,s2_116
23741,spring,ROIs1158_spring_s2_145_p589,s2_145
36514,winter,ROIs2017_winter_s2_116_p39,s2_116
30293,winter,ROIs2017_winter_s2_62_p97,s2_62
35411,winter,ROIs2017_winter_s2_104_p322,s2_104
33649,winter,ROIs2017_winter_s2_81_p651,s2_81
30995,winter,ROIs2017_winter_s2_64_p173,s2_64
27435,winter,ROIs2017_winter_s2_47_p295,s2_47
34024,winter,ROIs2017_winter_s2_94_p401,s2_94
23536,spring,ROIs1158_spring_s2_145_p376,s2_145
25752,winter,ROIs2017_winter_s2_25_p64,s2_25
982,spring,ROIs1158_spring_s2_6_p245,s2_6
2056,spring,ROIs1158_spring_s2_8_p622,s2_8
1145,spring,ROIs1158_spring_s2_6_p439,s2_6
27045,winter,ROIs2017_winter_s2_42_p661,s2_42
30095,winter,ROIs2017_winter_s2_61_p657,s2_61
17541,spring,ROIs1158_spring_s2_121_p84,s2_121
14946,spring,ROIs1158_spring_s2_115_p644,s2_115
12850,spring,ROIs1158_spring_s2_109_p720,s2_109
12941,spring,ROIs1158_spring_s2_110_p85,s2_110
3026,spring,ROIs1158_spring_s2_15_p271,s2_15
16537,spring,ROIs1158_spring_s2_119_p658,s2_119
10663,spring,ROIs1158_spring_s2_77_p757,s2_77
21245,spring,ROIs1158_spring_s2_134_p154,s2_134
4948,spring,ROIs1158_spring_s2_26_p785,s2_26
4376,spring,ROIs1158_spring_s2_26_p165,s2_26
2786,spring,ROIs1158_spring_s2_9_p826,s2_9
24415,winter,ROIs2017_winter_s2_8_p68,s2_8
15986,spring,ROIs1158_spring_s2_119_p41,s2_119
25952,winter,ROIs2017_winter_s2_25_p271,s2_25
20574,spring,ROIs1158_spring_s2_132_p271,s2_132
29731,winter,ROIs2017_winter_s2_61_p124,s2_61
17653,spring,ROIs1158_spring_s2_121_p221,s2_121
18878,spring,ROIs1158_spring_s2_126_p78,s2_126
16623,spring,ROIs1158_spring_s2_119_p747,s2_119
28084,winter,ROIs2017_winter_s2_49_p254,s2_49
35510,winter,ROIs2017_winter_s2_104_p437,s2_104
26031,winter,ROIs2017_winter_s2_25_p355,s2_25
4063,spring,ROIs1158_spring_s2_21_p729,s2_21
28398,winter,ROIs2017_winter_s2_49_p579,s2_49
17094,spring,ROIs1158_spring_s2_120_p423,s2_120
10193,spring,ROIs1158_spring_s2_77_p198,s2_77
35539,winter,ROIs2017_winter_s2_104_p471,s2_104
9126,spring,ROIs1158_spring_s2_66_p683,s2_66
7607,spring,ROIs1158_spring_s2_58_p705,s2_58
14914,spring,ROIs1158_spring_s2_115_p611,s2_115
23589,spring,ROIs1158_spring_s2_145_p431,s2_145
38065,winter,ROIs2017_winter_s2_146_p425,s2_146
27159,winter,ROIs2017_winter_s2_42_p779,s2_42
14857,spring,ROIs1158_spring_s2_115_p552,s2_115
32954,winter,ROIs2017_winter_s2_75_p692,s2_75
6898,spring,ROIs1158_spring_s2_45_p589,s2_45
35529,winter,ROIs2017_winter_s2_104_p459,s2_104
25401,winter,ROIs2017_winter_s2_21_p329,s2_21
16615,spring,ROIs1158_spring_s2_119_p739,s2_119
33957,winter,ROIs2017_winter_s2_94_p332,s2_94
10903,spring,ROIs1158_spring_s2_97_p495,s2_97
6879,spring,ROIs1158_spring_s2_45_p567,s2_45
24684,winter,ROIs2017_winter_s2_8_p346,s2_8
27806,winter,ROIs2017_winter_s2_47_p741,s2_47
38263,winter,ROIs2017_winter_s2_146_p677,s2_146
733,spring,ROIs1158_spring_s2_1_p789,s2_1
15013,spring,ROIs1158_spring_s2_115_p713,s2_115
5333,spring,ROIs1158_spring_s2_39_p361,s2_39
35425,winter,ROIs2017_winter_s2_104_p336,s2_104
27382,winter,ROIs2017_winter_s2_47_p227,s2_47
30462,winter,ROIs2017_winter_s2_62_p404,s2_62
35570,winter,ROIs2017_winter_s2_104_p510,s2_104
28360,winter,ROIs2017_winter_s2_49_p540,s2_49
32307,winter,ROIs2017_winter_s2_68_p751,s2_68
9724,spring,ROIs1158_spring_s2_75_p525,s2_75
36995,winter,ROIs2017_winter_s2_116_p537,s2_116
28677,winter,ROIs2017_winter_s2_55_p90,s2_55
35233,winter,ROIs2017_winter_s2_104_p110,s2_104
37189,winter,ROIs2017_winter_s2_116_p742,s2_116
4402,spring,ROIs1158_spring_s2_26_p195,s2_26
34113,winter,ROIs2017_winter_s2_94_p494,s2_94
23708,spring,ROIs1158_spring_s2_145_p555,s2_145
3862,spring,ROIs1158_spring_s2_21_p514,s2_21
9792,spring,ROIs1158_spring_s2_75_p595,s2_75
9119,spring,ROIs1158_spring_s2_66_p676,s2_66
26545,winter,ROIs2017_winter_s2_42_p143,s2_42
13038,spring,ROIs1158_spring_s2_110_p188,s2_110
28064,winter,ROIs2017_winter_s2_49_p234,s2_49
21609,spring,ROIs1158_spring_s2_134_p595,s2_134
10492,spring,ROIs1158_spring_s2_77_p579,s2_77
32752,winter,ROIs2017_winter_s2_75_p459,s2_75
12431,spring,ROIs1158_spring_s2_101_p697,s2_101
13727,spring,ROIs1158_spring_s2_113_p142,s2_113
4743,spring,ROIs1158_spring_s2_26_p565,s2_26
32185,winter,ROIs2017_winter_s2_68_p602,s2_68
24504,winter,ROIs2017_winter_s2_8_p160,s2_8
22304,spring,ROIs1158_spring_s2_141_p542,s2_141
32168,winter,ROIs2017_winter_s2_68_p578,s2_68
8935,spring,ROIs1158_spring_s2_66_p477,s2_66
18280,spring,ROIs1158_spring_s2_124_p269,s2_124
14422,spring,ROIs1158_spring_s2_115_p98,s2_115
20651,spring,ROIs1158_spring_s2_132_p351,s2_132
3081,spring,ROIs1158_spring_s2_15_p328,s2_15
21957,spring,ROIs1158_spring_s2_141_p152,s2_141
5730,spring,ROIs1158_spring_s2_39_p770,s2_39
18016,spring,ROIs1158_spring_s2_121_p691,s2_121
26163,winter,ROIs2017_winter_s2_25_p505,s2_25
26242,winter,ROIs2017_winter_s2_25_p597,s2_25
6269,spring,ROIs1158_spring_s2_40_p684,s2_40
26910,winter,ROIs2017_winter_s2_42_p521,s2_42
24659,winter,ROIs2017_winter_s2_8_p321,s2_8
11339,spring,ROIs1158_spring_s2_100_p341,s2_100
31657,winter,ROIs2017_winter_s2_68_p47,s2_68
32909,winter,ROIs2017_winter_s2_75_p640,s2_75
34087,winter,ROIs2017_winter_s2_94_p467,s2_94
36663,winter,ROIs2017_winter_s2_116_p193,s2_116
37888,winter,ROIs2017_winter_s2_146_p196,s2_146
22629,spring,ROIs1158_spring_s2_142_p99,s2_142
38322,winter,ROIs2017_winter_s2_146_p763,s2_146
27973,winter,ROIs2017_winter_s2_49_p135,s2_49
37897,winter,ROIs2017_winter_s2_146_p206,s2_146
1302,spring,ROIs1158_spring_s2_6_p630,s2_6
37145,winter,ROIs2017_winter_s2_116_p694,s2_116
18004,spring,ROIs1158_spring_s2_121_p674,s2_121
36102,winter,ROIs2017_winter_s2_112_p491,s2_112
32092,winter,ROIs2017_winter_s2_68_p498,s2_68
4748,spring,ROIs1158_spring_s2_26_p570,s2_26
4443,spring,ROIs1158_spring_s2_26_p243,s2_26
13070,spring,ROIs1158_spring_s2_110_p224,s2_110
14049,spring,ROIs1158_spring_s2_113_p485,s2_113
6678,spring,ROIs1158_spring_s2_45_p359,s2_45
28973,winter,ROIs2017_winter_s2_59_p36,s2_59
475,spring,ROIs1158_spring_s2_1_p521,s2_1
33423,winter,ROIs2017_winter_s2_81_p391,s2_81
20263,spring,ROIs1158_spring_s2_128_p761,s2_128
31565,winter,ROIs2017_winter_s2_64_p764,s2_64
18033,spring,ROIs1158_spring_s2_121_p709,s2_121
38114,winter,ROIs2017_winter_s2_146_p488,s2_146
20394,spring,ROIs1158_spring_s2_132_p84,s2_132
25986,winter,ROIs2017_winter_s2_25_p306,s2_25
33058,winter,ROIs2017_winter_s2_75_p813,s2_75
9176,spring,ROIs1158_spring_s2_66_p740,s2_66
37652,winter,ROIs2017_winter_s2_135_p466,s2_135
9245,spring,ROIs1158_spring_s2_66_p822,s2_66
11658,spring,ROIs1158_spring_s2_100_p680,s2_100
4023,spring,ROIs1158_spring_s2_21_p687,s2_21
1062,spring,ROIs1158_spring_s2_6_p341,s2_6
33023,winter,ROIs2017_winter_s2_75_p773,s2_75
32803,winter,ROIs2017_winter_s2_75_p518,s2_75
30373,winter,ROIs2017_winter_s2_62_p248,s2_62
31398,winter,ROIs2017_winter_s2_64_p591,s2_64
294,spring,ROIs1158_spring_s2_1_p334,s2_1
33420,winter,ROIs2017_winter_s2_81_p388,s2_81
991,spring,ROIs1158_spring_s2_6_p254,s2_6
28580,winter,ROIs2017_winter_s2_49_p768,s2_49
1837,spring,ROIs1158_spring_s2_8_p395,s2_8
24455,winter,ROIs2017_winter_s2_8_p109,s2_8
35128,winter,ROIs2017_winter_s2_102_p902,s2_102
25190,winter,ROIs2017_winter_s2_21_p64,s2_21
27566,winter,ROIs2017_winter_s2_47_p451,s2_47
31637,winter,ROIs2017_winter_s2_64_p838,s2_64
36727,winter,ROIs2017_winter_s2_116_p259,s2_116
12102,spring,ROIs1158_spring_s2_101_p336,s2_101
18755,spring,ROIs1158_spring_s2_124_p763,s2_124
28353,winter,ROIs2017_winter_s2_49_p533,s2_49
5790,spring,ROIs1158_spring_s2_39_p832,s2_39
33870,winter,ROIs2017_winter_s2_94_p242,s2_94
33274,winter,ROIs2017_winter_s2_81_p229,s2_81
5082,spring,ROIs1158_spring_s2_39_p103,s2_39
6223,spring,ROIs1158_spring_s2_40_p618,s2_40
27441,winter,ROIs2017_winter_s2_47_p301,s2_47
510,spring,ROIs1158_spring_s2_1_p558,s2_1
12371,spring,ROIs1158_spring_s2_101_p620,s2_101
36194,winter,ROIs2017_winter_s2_112_p591,s2_112
33656,winter,ROIs2017_winter_s2_81_p658,s2_81
33569,winter,ROIs2017_winter_s2_81_p544,s2_81
4626,spring,ROIs1158_spring_s2_26_p443,s2_26
23686,spring,ROIs1158_spring_s2_145_p532,s2_145
33584,winter,ROIs2017_winter_s2_81_p562,s2_81
6143,spring,ROIs1158_spring_s2_40_p499,s2_40
32443,winter,ROIs2017_winter_s2_75_p99,s2_75
15819,spring,ROIs1158_spring_s2_117_p760,s2_117
18217,spring,ROIs1158_spring_s2_124_p188,s2_124
32252,winter,ROIs2017_winter_s2_68_p687,s2_68
2235,spring,ROIs1158_spring_s2_8_p807,s2_8
37560,winter,ROIs2017_winter_s2_135_p351,s2_135
12010,spring,ROIs1158_spring_s2_101_p241,s2_101
21940,spring,ROIs1158_spring_s2_141_p132,s2_141
22387,spring,ROIs1158_spring_s2_141_p639,s2_141
37614,winter,ROIs2017_winter_s2_135_p416,s2_135
19184,spring,ROIs1158_spring_s2_126_p453,s2_126
38049,winter,ROIs2017_winter_s2_146_p403,s2_146
12167,spring,ROIs1158_spring_s2_101_p403,s2_101
4728,spring,ROIs1158_spring_s2_26_p549,s2_26
17093,spring,ROIs1158_spring_s2_120_p422,s2_120
30102,winter,ROIs2017_winter_s2_61_p669,s2_61
31751,winter,ROIs2017_winter_s2_68_p144,s2_68
38356,winter,ROIs2017_winter_s2_146_p819,s2_146
25576,winter,ROIs2017_winter_s2_21_p625,s2_21
1971,spring,ROIs1158_spring_s2_8_p534,s2_8
2906,spring,ROIs1158_spring_s2_15_p147,s2_15
24203,spring,ROIs1158_spring_s2_147_p524,s2_147
30460,winter,ROIs2017_winter_s2_62_p402,s2_62
29432,winter,ROIs2017_winter_s2_59_p511,s2_59
12285,spring,ROIs1158_spring_s2_101_p526,s2_101
33385,winter,ROIs2017_winter_s2_81_p352,s2_81
25522,winter,ROIs2017_winter_s2_21_p541,s2_21
38316,winter,ROIs2017_winter_s2_146_p753,s2_146
17439,spring,ROIs1158_spring_s2_120_p780,s2_120
37750,winter,ROIs2017_winter_s2_135_p591,s2_135
7418,spring,ROIs1158_spring_s2_58_p472,s2_58
69,spring,ROIs1158_spring_s2_1_p101,s2_1
38188,winter,ROIs2017_winter_s2_146_p582,s2_146
96,spring,ROIs1158_spring_s2_1_p129,s2_1
35961,winter,ROIs2017_winter_s2_112_p342,s2_112
11926,spring,ROIs1158_spring_s2_101_p154,s2_101
7527,spring,ROIs1158_spring_s2_58_p605,s2_58
21073,spring,ROIs1158_spring_s2_132_p788,s2_132
8075,spring,ROIs1158_spring_s2_63_p394,s2_63
15368,spring,ROIs1158_spring_s2_117_p277,s2_117
11885,spring,ROIs1158_spring_s2_101_p111,s2_101
20482,spring,ROIs1158_spring_s2_132_p176,s2_132
2388,spring,ROIs1158_spring_s2_9_p184,s2_9
15947,spring,ROIs1158_spring_s2_117_p896,s2_117
24525,winter,ROIs2017_winter_s2_8_p182,s2_8
13730,spring,ROIs1158_spring_s2_113_p146,s2_113
4516,spring,ROIs1158_spring_s2_26_p325,s2_26
1380,spring,ROIs1158_spring_s2_6_p723,s2_6
37915,winter,ROIs2017_winter_s2_146_p230,s2_146
14545,spring,ROIs1158_spring_s2_115_p225,s2_115
9524,spring,ROIs1158_spring_s2_75_p316,s2_75
33663,winter,ROIs2017_winter_s2_81_p665,s2_81
27064,winter,ROIs2017_winter_s2_42_p681,s2_42
18361,spring,ROIs1158_spring_s2_124_p353,s2_124
27003,winter,ROIs2017_winter_s2_42_p618,s2_42
4536,spring,ROIs1158_spring_s2_26_p345,s2_26
13111,spring,ROIs1158_spring_s2_110_p275,s2_110
16015,spring,ROIs1158_spring_s2_119_p74,s2_119
7621,spring,ROIs1158_spring_s2_58_p719,s2_58
7270,spring,ROIs1158_spring_s2_58_p288,s2_58
36511,winter,ROIs2017_winter_s2_116_p36,s2_116
16602,spring,ROIs1158_spring_s2_119_p726,s2_119
29127,winter,ROIs2017_winter_s2_59_p195,s2_59
37432,winter,ROIs2017_winter_s2_135_p196,s2_135
27175,winter,ROIs2017_winter_s2_42_p796,s2_42
19824,spring,ROIs1158_spring_s2_128_p306,s2_128
28815,winter,ROIs2017_winter_s2_55_p237,s2_55
2759,spring,ROIs1158_spring_s2_9_p676,s2_9
8998,spring,ROIs1158_spring_s2_66_p545,s2_66
35028,winter,ROIs2017_winter_s2_102_p781,s2_102
38342,winter,ROIs2017_winter_s2_146_p794,s2_146
34490,winter,ROIs2017_winter_s2_102_p86,s2_102
17903,spring,ROIs1158_spring_s2_121_p549,s2_121
25405,winter,ROIs2017_winter_s2_21_p333,s2_21
26113,winter,ROIs2017_winter_s2_25_p447,s2_25
31746,winter,ROIs2017_winter_s2_68_p139,s2_68
36765,winter,ROIs2017_winter_s2_116_p299,s2_116
38365,winter,ROIs2017_winter_s2_146_p833,s2_146
27165,winter,ROIs2017_winter_s2_42_p786,s2_42
813,spring,ROIs1158_spring_s2_6_p60,s2_6
34991,winter,ROIs2017_winter_s2_102_p715,s2_102
34610,winter,ROIs2017_winter_s2_102_p231,s2_102
4436,spring,ROIs1158_spring_s2_26_p236,s2_26
19452,spring,ROIs1158_spring_s2_126_p731,s2_126
36952,winter,ROIs2017_winter_s2_116_p492,s2_116
8975,spring,ROIs1158_spring_s2_66_p519,s2_66
32112,winter,ROIs2017_winter_s2_68_p518,s2_68
2836,spring,ROIs1158_spring_s2_15_p74,s2_15
35224,winter,ROIs2017_winter_s2_104_p101,s2_104
28883,winter,ROIs2017_winter_s2_55_p313,s2_55
2659,spring,ROIs1158_spring_s2_9_p490,s2_9
6571,spring,ROIs1158_spring_s2_45_p248,s2_45
5401,spring,ROIs1158_spring_s2_39_p431,s2_39
24464,winter,ROIs2017_winter_s2_8_p119,s2_8
15542,spring,ROIs1158_spring_s2_117_p463,s2_117
34485,winter,ROIs2017_winter_s2_102_p81,s2_102
32626,winter,ROIs2017_winter_s2_75_p313,s2_75
21931,spring,ROIs1158_spring_s2_141_p123,s2_141
22950,spring,ROIs1158_spring_s2_142_p511,s2_142
10531,spring,ROIs1158_spring_s2_77_p620,s2_77
13069,spring,ROIs1158_spring_s2_110_p220,s2_110
11039,spring,ROIs1158_spring_s2_97_p822,s2_97
36646,winter,ROIs2017_winter_s2_116_p176,s2_116
36135,winter,ROIs2017_winter_s2_112_p528,s2_112
3498,spring,ROIs1158_spring_s2_15_p779,s2_15
15730,spring,ROIs1158_spring_s2_117_p665,s2_117
14324,spring,ROIs1158_spring_s2_113_p805,s2_113
29989,winter,ROIs2017_winter_s2_61_p506,s2_61
1451,spring,ROIs1158_spring_s2_6_p804,s2_6
16392,spring,ROIs1158_spring_s2_119_p508,s2_119
35769,winter,ROIs2017_winter_s2_112_p136,s2_112
38151,winter,ROIs2017_winter_s2_146_p533,s2_146
31909,winter,ROIs2017_winter_s2_68_p308,s2_68
27004,winter,ROIs2017_winter_s2_42_p619,s2_42
38315,winter,ROIs2017_winter_s2_146_p752,s2_146
35994,winter,ROIs2017_winter_s2_112_p377,s2_112
1752,spring,ROIs1158_spring_s2_8_p307,s2_8
2200,spring,ROIs1158_spring_s2_8_p771,s2_8
24702,winter,ROIs2017_winter_s2_8_p365,s2_8
32337,winter,ROIs2017_winter_s2_68_p786,s2_68
25297,winter,ROIs2017_winter_s2_21_p196,s2_21
6505,spring,ROIs1158_spring_s2_45_p180,s2_45
21961,spring,ROIs1158_spring_s2_141_p156,s2_141
32611,winter,ROIs2017_winter_s2_75_p295,s2_75
28424,winter,ROIs2017_winter_s2_49_p606,s2_49
37542,winter,ROIs2017_winter_s2_135_p328,s2_135
15344,spring,ROIs1158_spring_s2_117_p253,s2_117
4036,spring,ROIs1158_spring_s2_21_p700,s2_21
37255,winter,ROIs2017_winter_s2_116_p810,s2_116
12051,spring,ROIs1158_spring_s2_101_p283,s2_101
6245,spring,ROIs1158_spring_s2_40_p650,s2_40
1718,spring,ROIs1158_spring_s2_8_p272,s2_8
19056,spring,ROIs1158_spring_s2_126_p321,s2_126
8774,spring,ROIs1158_spring_s2_66_p306,s2_66
12988,spring,ROIs1158_spring_s2_110_p134,s2_110
543,spring,ROIs1158_spring_s2_1_p592,s2_1
32052,winter,ROIs2017_winter_s2_68_p456,s2_68
37781,winter,ROIs2017_winter_s2_146_p55,s2_146
24868,winter,ROIs2017_winter_s2_8_p537,s2_8
11034,spring,ROIs1158_spring_s2_97_p817,s2_97
34599,winter,ROIs2017_winter_s2_102_p215,s2_102
13769,spring,ROIs1158_spring_s2_113_p186,s2_113
24727,winter,ROIs2017_winter_s2_8_p391,s2_8
16509,spring,ROIs1158_spring_s2_119_p629,s2_119
25105,winter,ROIs2017_winter_s2_8_p782,s2_8
13895,spring,ROIs1158_spring_s2_113_p317,s2_113
30321,winter,ROIs2017_winter_s2_62_p153,s2_62
30597,winter,ROIs2017_winter_s2_62_p570,s2_62
24451,winter,ROIs2017_winter_s2_8_p105,s2_8
10802,spring,ROIs1158_spring_s2_97_p207,s2_97
26268,winter,ROIs2017_winter_s2_25_p628,s2_25
35242,winter,ROIs2017_winter_s2_104_p119,s2_104
30911,winter,ROIs2017_winter_s2_64_p86,s2_64
10007,spring,ROIs1158_spring_s2_75_p818,s2_75
18810,spring,ROIs1158_spring_s2_124_p820,s2_124
11852,spring,ROIs1158_spring_s2_101_p77,s2_101
34802,winter,ROIs2017_winter_s2_102_p455,s2_102
32024,winter,ROIs2017_winter_s2_68_p427,s2_68
8000,spring,ROIs1158_spring_s2_63_p316,s2_63
37623,winter,ROIs2017_winter_s2_135_p425,s2_135
10511,spring,ROIs1158_spring_s2_77_p599,s2_77
12769,spring,ROIs1158_spring_s2_109_p516,s2_109
23257,spring,ROIs1158_spring_s2_145_p88,s2_145
28739,winter,ROIs2017_winter_s2_55_p154,s2_55
36294,winter,ROIs2017_winter_s2_112_p698,s2_112
23978,spring,ROIs1158_spring_s2_147_p117,s2_147
21116,spring,ROIs1158_spring_s2_132_p832,s2_132
36608,winter,ROIs2017_winter_s2_116_p136,s2_116
35169,winter,ROIs2017_winter_s2_104_p33,s2_104
29181,winter,ROIs2017_winter_s2_59_p251,s2_59
25726,winter,ROIs2017_winter_s2_25_p37,s2_25
4191,spring,ROIs1158_spring_s2_21_p865,s2_21
33244,winter,ROIs2017_winter_s2_81_p198,s2_81
14787,spring,ROIs1158_spring_s2_115_p479,s2_115
21414,spring,ROIs1158_spring_s2_134_p329,s2_134
36245,winter,ROIs2017_winter_s2_112_p645,s2_112
35675,winter,ROIs2017_winter_s2_104_p634,s2_104
11015,spring,ROIs1158_spring_s2_97_p764,s2_97
26302,winter,ROIs2017_winter_s2_25_p668,s2_25
11464,spring,ROIs1158_spring_s2_100_p469,s2_100
13497,spring,ROIs1158_spring_s2_110_p716,s2_110
37496,winter,ROIs2017_winter_s2_135_p272,s2_135
26948,winter,ROIs2017_winter_s2_42_p561,s2_42
7233,spring,ROIs1158_spring_s2_58_p246,s2_58
30287,winter,ROIs2017_winter_s2_62_p91,s2_62
23388,spring,ROIs1158_spring_s2_145_p223,s2_145
32111,winter,ROIs2017_winter_s2_68_p517,s2_68
727,spring,ROIs1158_spring_s2_1_p782,s2_1
26507,winter,ROIs2017_winter_s2_42_p104,s2_42
24239,spring,ROIs1158_spring_s2_147_p586,s2_147
37830,winter,ROIs2017_winter_s2_146_p117,s2_146
21682,spring,ROIs1158_spring_s2_134_p671,s2_134
6535,spring,ROIs1158_spring_s2_45_p211,s2_45
28415,winter,ROIs2017_winter_s2_49_p597,s2_49
2754,spring,ROIs1158_spring_s2_9_p665,s2_9
38176,winter,ROIs2017_winter_s2_146_p569,s2_146
38091,winter,ROIs2017_winter_s2_146_p458,s2_146
21972,spring,ROIs1158_spring_s2_141_p167,s2_141
36786,winter,ROIs2017_winter_s2_116_p321,s2_116
35656,winter,ROIs2017_winter_s2_104_p610,s2_104
36071,winter,ROIs2017_winter_s2_112_p458,s2_112
21436,spring,ROIs1158_spring_s2_134_p358,s2_134
37752,winter,ROIs2017_winter_s2_135_p593,s2_135
28024,winter,ROIs2017_winter_s2_49_p190,s2_49
1753,spring,ROIs1158_spring_s2_8_p308,s2_8
18434,spring,ROIs1158_spring_s2_124_p430,s2_124
26702,winter,ROIs2017_winter_s2_42_p306,s2_42
24921,winter,ROIs2017_winter_s2_8_p592,s2_8
14214,spring,ROIs1158_spring_s2_113_p676,s2_113
129,spring,ROIs1158_spring_s2_1_p163,s2_1
26790,winter,ROIs2017_winter_s2_42_p397,s2_42
21134,spring,ROIs1158_spring_s2_134_p39,s2_134
6326,spring,ROIs1158_spring_s2_40_p785,s2_40
5474,spring,ROIs1158_spring_s2_39_p506,s2_39
35707,winter,ROIs2017_winter_s2_112_p70,s2_112
24228,spring,ROIs1158_spring_s2_147_p562,s2_147
28073,winter,ROIs2017_winter_s2_49_p243,s2_49
28355,winter,ROIs2017_winter_s2_49_p535,s2_49
29850,winter,ROIs2017_winter_s2_61_p293,s2_61
36561,winter,ROIs2017_winter_s2_116_p88,s2_116
9134,spring,ROIs1158_spring_s2_66_p691,s2_66
21211,spring,ROIs1158_spring_s2_134_p119,s2_134
8104,spring,ROIs1158_spring_s2_63_p424,s2_63
28770,winter,ROIs2017_winter_s2_55_p186,s2_55
32244,winter,ROIs2017_winter_s2_68_p676,s2_68
30436,winter,ROIs2017_winter_s2_62_p359,s2_62
3951,spring,ROIs1158_spring_s2_21_p609,s2_21
21066,spring,ROIs1158_spring_s2_132_p780,s2_132
25444,winter,ROIs2017_winter_s2_21_p385,s2_21
28886,winter,ROIs2017_winter_s2_55_p316,s2_55
18714,spring,ROIs1158_spring_s2_124_p720,s2_124
19307,spring,ROIs1158_spring_s2_126_p581,s2_126
27409,winter,ROIs2017_winter_s2_47_p259,s2_47
22997,spring,ROIs1158_spring_s2_142_p572,s2_142
2260,spring,ROIs1158_spring_s2_8_p833,s2_8
20469,spring,ROIs1158_spring_s2_132_p162,s2_132
35273,winter,ROIs2017_winter_s2_104_p157,s2_104
5843,spring,ROIs1158_spring_s2_40_p88,s2_40
12869,spring,ROIs1158_spring_s2_109_p773,s2_109
37073,winter,ROIs2017_winter_s2_116_p618,s2_116
11553,spring,ROIs1158_spring_s2_100_p567,s2_100
24408,winter,ROIs2017_winter_s2_8_p61,s2_8
5475,spring,ROIs1158_spring_s2_39_p509,s2_39
12433,spring,ROIs1158_spring_s2_101_p699,s2_101
31202,winter,ROIs2017_winter_s2_64_p388,s2_64
8268,spring,ROIs1158_spring_s2_63_p594,s2_63
8551,spring,ROIs1158_spring_s2_66_p75,s2_66
35634,winter,ROIs2017_winter_s2_104_p583,s2_104
31053,winter,ROIs2017_winter_s2_64_p234,s2_64
14009,spring,ROIs1158_spring_s2_113_p442,s2_113
35524,winter,ROIs2017_winter_s2_104_p454,s2_104
37142,winter,ROIs2017_winter_s2_116_p691,s2_116
19290,spring,ROIs1158_spring_s2_126_p563,s2_126
32827,winter,ROIs2017_winter_s2_75_p546,s2_75
38068,winter,ROIs2017_winter_s2_146_p428,s2_146
30070,winter,ROIs2017_winter_s2_61_p624,s2_61
34811,winter,ROIs2017_winter_s2_102_p469,s2_102
30729,winter,ROIs2017_winter_s2_62_p707,s2_62
21364,spring,ROIs1158_spring_s2_134_p277,s2_134
25116,winter,ROIs2017_winter_s2_8_p794,s2_8
26255,winter,ROIs2017_winter_s2_25_p611,s2_25
32918,winter,ROIs2017_winter_s2_75_p649,s2_75
29475,winter,ROIs2017_winter_s2_59_p556,s2_59
28093,winter,ROIs2017_winter_s2_49_p264,s2_49
8938,spring,ROIs1158_spring_s2_66_p480,s2_66
2201,spring,ROIs1158_spring_s2_8_p772,s2_8
422,spring,ROIs1158_spring_s2_1_p467,s2_1
6845,spring,ROIs1158_spring_s2_45_p532,s2_45
33452,winter,ROIs2017_winter_s2_81_p421,s2_81
9407,spring,ROIs1158_spring_s2_75_p190,s2_75
27062,winter,ROIs2017_winter_s2_42_p679,s2_42
27079,winter,ROIs2017_winter_s2_42_p697,s2_42
4284,spring,ROIs1158_spring_s2_26_p60,s2_26
34914,winter,ROIs2017_winter_s2_102_p592,s2_102
29980,winter,ROIs2017_winter_s2_61_p497,s2_61
29216,winter,ROIs2017_winter_s2_59_p287,s2_59
387,spring,ROIs1158_spring_s2_1_p430,s2_1
34557,winter,ROIs2017_winter_s2_102_p168,s2_102
26007,winter,ROIs2017_winter_s2_25_p328,s2_25
25454,winter,ROIs2017_winter_s2_21_p395,s2_21
17177,spring,ROIs1158_spring_s2_120_p509,s2_120
25559,winter,ROIs2017_winter_s2_21_p598,s2_21
28927,winter,ROIs2017_winter_s2_55_p363,s2_55
32894,winter,ROIs2017_winter_s2_75_p624,s2_75
21996,spring,ROIs1158_spring_s2_141_p194,s2_141
27997,winter,ROIs2017_winter_s2_49_p162,s2_49
25031,winter,ROIs2017_winter_s2_8_p706,s2_8
2635,spring,ROIs1158_spring_s2_9_p461,s2_9
28921,winter,ROIs2017_winter_s2_55_p357,s2_55
29842,winter,ROIs2017_winter_s2_61_p280,s2_61
3618,spring,ROIs1158_spring_s2_21_p178,s2_21
33191,winter,ROIs2017_winter_s2_81_p143,s2_81
36860,winter,ROIs2017_winter_s2_116_p397,s2_116
12217,spring,ROIs1158_spring_s2_101_p455,s2_101
26132,winter,ROIs2017_winter_s2_25_p467,s2_25
23337,spring,ROIs1158_spring_s2_145_p170,s2_145
26601,winter,ROIs2017_winter_s2_42_p201,s2_42
1273,spring,ROIs1158_spring_s2_6_p597,s2_6
18155,spring,ROIs1158_spring_s2_124_p70,s2_124
2780,spring,ROIs1158_spring_s2_9_p737,s2_9
10807,spring,ROIs1158_spring_s2_97_p233,s2_97
20448,spring,ROIs1158_spring_s2_132_p140,s2_132
17035,spring,ROIs1158_spring_s2_120_p362,s2_120
32580,winter,ROIs2017_winter_s2_75_p259,s2_75
31720,winter,ROIs2017_winter_s2_68_p112,s2_68
35836,winter,ROIs2017_winter_s2_112_p207,s2_112
6047,spring,ROIs1158_spring_s2_40_p359,s2_40
18218,spring,ROIs1158_spring_s2_124_p189,s2_124
24340,spring,ROIs1158_spring_s2_147_p765,s2_147
14863,spring,ROIs1158_spring_s2_115_p558,s2_115
17491,spring,ROIs1158_spring_s2_120_p834,s2_120
21091,spring,ROIs1158_spring_s2_132_p806,s2_132
30298,winter,ROIs2017_winter_s2_62_p102,s2_62
13892,spring,ROIs1158_spring_s2_113_p314,s2_113
15066,spring,ROIs1158_spring_s2_115_p768,s2_115
37081,winter,ROIs2017_winter_s2_116_p626,s2_116
22170,spring,ROIs1158_spring_s2_141_p391,s2_141
26924,winter,ROIs2017_winter_s2_42_p536,s2_42
37332,winter,ROIs2017_winter_s2_135_p84,s2_135
35307,winter,ROIs2017_winter_s2_104_p198,s2_104
32321,winter,ROIs2017_winter_s2_68_p766,s2_68
36133,winter,ROIs2017_winter_s2_112_p524,s2_112
36309,winter,ROIs2017_winter_s2_112_p715,s2_112
31642,winter,ROIs2017_winter_s2_68_p32,s2_68
3858,spring,ROIs1158_spring_s2_21_p510,s2_21
30821,winter,ROIs2017_winter_s2_62_p805,s2_62
6624,spring,ROIs1158_spring_s2_45_p303,s2_45
15711,spring,ROIs1158_spring_s2_117_p644,s2_117
34550,winter,ROIs2017_winter_s2_102_p161,s2_102
26604,winter,ROIs2017_winter_s2_42_p205,s2_42
27281,winter,ROIs2017_winter_s2_47_p106,s2_47
28000,winter,ROIs2017_winter_s2_49_p165,s2_49
32259,winter,ROIs2017_winter_s2_68_p694,s2_68
6462,spring,ROIs1158_spring_s2_45_p135,s2_45
8198,spring,ROIs1158_spring_s2_63_p521,s2_63
2170,spring,ROIs1158_spring_s2_8_p740,s2_8
27747,winter,ROIs2017_winter_s2_47_p672,s2_47
19331,spring,ROIs1158_spring_s2_126_p605,s2_126
12553,spring,ROIs1158_spring_s2_101_p823,s2_101
35738,winter,ROIs2017_winter_s2_112_p103,s2_112
25820,winter,ROIs2017_winter_s2_25_p134,s2_25
33817,winter,ROIs2017_winter_s2_94_p187,s2_94
21244,spring,ROIs1158_spring_s2_134_p153,s2_134
2459,spring,ROIs1158_spring_s2_9_p267,s2_9
26290,winter,ROIs2017_winter_s2_25_p655,s2_25
15788,spring,ROIs1158_spring_s2_117_p727,s2_117
8627,spring,ROIs1158_spring_s2_66_p154,s2_66
33007,winter,ROIs2017_winter_s2_75_p753,s2_75
29898,winter,ROIs2017_winter_s2_61_p360,s2_61
32044,winter,ROIs2017_winter_s2_68_p448,s2_68
35221,winter,ROIs2017_winter_s2_104_p95,s2_104
32598,winter,ROIs2017_winter_s2_75_p281,s2_75
22368,spring,ROIs1158_spring_s2_141_p617,s2_141
25840,winter,ROIs2017_winter_s2_25_p155,s2_25
15549,spring,ROIs1158_spring_s2_117_p472,s2_117
8035,spring,ROIs1158_spring_s2_63_p353,s2_63
22414,spring,ROIs1158_spring_s2_141_p669,s2_141
15843,spring,ROIs1158_spring_s2_117_p786,s2_117
35797,winter,ROIs2017_winter_s2_112_p166,s2_112
27701,winter,ROIs2017_winter_s2_47_p616,s2_47
37918,winter,ROIs2017_winter_s2_146_p234,s2_146
35747,winter,ROIs2017_winter_s2_112_p112,s2_112
37360,winter,ROIs2017_winter_s2_135_p118,s2_135
36440,winter,ROIs2017_winter_s2_112_p859,s2_112
29955,winter,ROIs2017_winter_s2_61_p457,s2_61
34499,winter,ROIs2017_winter_s2_102_p100,s2_102
31084,winter,ROIs2017_winter_s2_64_p266,s2_64
27189,winter,ROIs2017_winter_s2_42_p810,s2_42
7236,spring,ROIs1158_spring_s2_58_p249,s2_58
8271,spring,ROIs1158_spring_s2_63_p597,s2_63
34177,winter,ROIs2017_winter_s2_94_p560,s2_94
10426,spring,ROIs1158_spring_s2_77_p511,s2_77
2941,spring,ROIs1158_spring_s2_15_p183,s2_15
21919,spring,ROIs1158_spring_s2_141_p108,s2_141
379,spring,ROIs1158_spring_s2_1_p422,s2_1
6508,spring,ROIs1158_spring_s2_45_p183,s2_45
17591,spring,ROIs1158_spring_s2_121_p147,s2_121
36555,winter,ROIs2017_winter_s2_116_p81,s2_116
37599,winter,ROIs2017_winter_s2_135_p395,s2_135
36055,winter,ROIs2017_winter_s2_112_p442,s2_112
7025,spring,ROIs1158_spring_s2_45_p750,s2_45
11028,spring,ROIs1158_spring_s2_97_p794,s2_97
1902,spring,ROIs1158_spring_s2_8_p462,s2_8
15768,spring,ROIs1158_spring_s2_117_p705,s2_117
12601,spring,ROIs1158_spring_s2_109_p110,s2_109
22171,spring,ROIs1158_spring_s2_141_p392,s2_141
31891,winter,ROIs2017_winter_s2_68_p289,s2_68
8884,spring,ROIs1158_spring_s2_66_p420,s2_66
31778,winter,ROIs2017_winter_s2_68_p172,s2_68
30452,winter,ROIs2017_winter_s2_62_p386,s2_62
26653,winter,ROIs2017_winter_s2_42_p255,s2_42
37869,winter,ROIs2017_winter_s2_146_p168,s2_146
28214,winter,ROIs2017_winter_s2_49_p389,s2_49
31288,winter,ROIs2017_winter_s2_64_p477,s2_64
23792,spring,ROIs1158_spring_s2_145_p642,s2_145
6957,spring,ROIs1158_spring_s2_45_p652,s2_45
35120,winter,ROIs2017_winter_s2_102_p892,s2_102
23760,spring,ROIs1158_spring_s2_145_p608,s2_145
35823,winter,ROIs2017_winter_s2_112_p194,s2_112
22672,spring,ROIs1158_spring_s2_142_p154,s2_142
36043,winter,ROIs2017_winter_s2_112_p428,s2_112
478,spring,ROIs1158_spring_s2_1_p525,s2_1
2570,spring,ROIs1158_spring_s2_9_p392,s2_9
24697,winter,ROIs2017_winter_s2_8_p360,s2_8
11962,spring,ROIs1158_spring_s2_101_p191,s2_101
4340,spring,ROIs1158_spring_s2_26_p125,s2_26
17627,spring,ROIs1158_spring_s2_121_p189,s2_121
30430,winter,ROIs2017_winter_s2_62_p353,s2_62
7109,spring,ROIs1158_spring_s2_58_p97,s2_58
2411,spring,ROIs1158_spring_s2_9_p213,s2_9
14786,spring,ROIs1158_spring_s2_115_p478,s2_115
16718,spring,ROIs1158_spring_s2_120_p34,s2_120
18011,spring,ROIs1158_spring_s2_121_p681,s2_121
35884,winter,ROIs2017_winter_s2_112_p259,s2_112
633,spring,ROIs1158_spring_s2_1_p685,s2_1
26115,winter,ROIs2017_winter_s2_25_p449,s2_25
33532,winter,ROIs2017_winter_s2_81_p504,s2_81
31763,winter,ROIs2017_winter_s2_68_p157,s2_68
36424,winter,ROIs2017_winter_s2_112_p839,s2_112
36653,winter,ROIs2017_winter_s2_116_p183,s2_116
29109,winter,ROIs2017_winter_s2_59_p177,s2_59
2952,spring,ROIs1158_spring_s2_15_p194,s2_15
33700,winter,ROIs2017_winter_s2_94_p66,s2_94
33396,winter,ROIs2017_winter_s2_81_p363,s2_81
25189,winter,ROIs2017_winter_s2_21_p63,s2_21
23497,spring,ROIs1158_spring_s2_145_p336,s2_145
9552,spring,ROIs1158_spring_s2_75_p346,s2_75
7119,spring,ROIs1158_spring_s2_58_p107,s2_58
98,spring,ROIs1158_spring_s2_1_p131,s2_1
22800,spring,ROIs1158_spring_s2_142_p315,s2_142
30100,winter,ROIs2017_winter_s2_61_p662,s2_61
30515,winter,ROIs2017_winter_s2_62_p476,s2_62
6492,spring,ROIs1158_spring_s2_45_p166,s2_45
7733,spring,ROIs1158_spring_s2_63_p40,s2_63
16614,spring,ROIs1158_spring_s2_119_p738,s2_119
25026,winter,ROIs2017_winter_s2_8_p701,s2_8
29507,winter,ROIs2017_winter_s2_59_p593,s2_59
31168,winter,ROIs2017_winter_s2_64_p353,s2_64
33806,winter,ROIs2017_winter_s2_94_p176,s2_94
3565,spring,ROIs1158_spring_s2_21_p57,s2_21
594,spring,ROIs1158_spring_s2_1_p645,s2_1
10643,spring,ROIs1158_spring_s2_77_p736,s2_77
25982,winter,ROIs2017_winter_s2_25_p302,s2_25
10290,spring,ROIs1158_spring_s2_77_p320,s2_77
23815,spring,ROIs1158_spring_s2_145_p665,s2_145
37225,winter,ROIs2017_winter_s2_116_p779,s2_116
17552,spring,ROIs1158_spring_s2_121_p96,s2_121
6154,spring,ROIs1158_spring_s2_40_p510,s2_40
29358,winter,ROIs2017_winter_s2_59_p434,s2_59
5171,spring,ROIs1158_spring_s2_39_p192,s2_39
2986,spring,ROIs1158_spring_s2_15_p229,s2_15
28501,winter,ROIs2017_winter_s2_49_p686,s2_49
33479,winter,ROIs2017_winter_s2_81_p449,s2_81
35009,winter,ROIs2017_winter_s2_102_p748,s2_102
8717,spring,ROIs1158_spring_s2_66_p247,s2_66
29123,winter,ROIs2017_winter_s2_59_p191,s2_59
30333,winter,ROIs2017_winter_s2_62_p180,s2_62
9100,spring,ROIs1158_spring_s2_66_p654,s2_66
8319,spring,ROIs1158_spring_s2_63_p647,s2_63
12272,spring,ROIs1158_spring_s2_101_p512,s2_101
25718,winter,ROIs2017_winter_s2_21_p829,s2_21
36920,winter,ROIs2017_winter_s2_116_p459,s2_116
31975,winter,ROIs2017_winter_s2_68_p376,s2_68
30128,winter,ROIs2017_winter_s2_61_p700,s2_61
500,spring,ROIs1158_spring_s2_1_p547,s2_1
1702,spring,ROIs1158_spring_s2_8_p255,s2_8
31216,winter,ROIs2017_winter_s2_64_p402,s2_64
32960,winter,ROIs2017_winter_s2_75_p699,s2_75
25225,winter,ROIs2017_winter_s2_21_p105,s2_21
37342,winter,ROIs2017_winter_s2_135_p97,s2_135
36674,winter,ROIs2017_winter_s2_116_p205,s2_116
31239,winter,ROIs2017_winter_s2_64_p426,s2_64
29851,winter,ROIs2017_winter_s2_61_p294,s2_61
28880,winter,ROIs2017_winter_s2_55_p310,s2_55
34758,winter,ROIs2017_winter_s2_102_p407,s2_102
23731,spring,ROIs1158_spring_s2_145_p578,s2_145
37443,winter,ROIs2017_winter_s2_135_p211,s2_135
17626,spring,ROIs1158_spring_s2_121_p188,s2_121
15263,spring,ROIs1158_spring_s2_117_p166,s2_117
18001,spring,ROIs1158_spring_s2_121_p671,s2_121
4616,spring,ROIs1158_spring_s2_26_p431,s2_26
21998,spring,ROIs1158_spring_s2_141_p196,s2_141
37071,winter,ROIs2017_winter_s2_116_p616,s2_116
26554,winter,ROIs2017_winter_s2_42_p153,s2_42
29346,winter,ROIs2017_winter_s2_59_p422,s2_59
3384,spring,ROIs1158_spring_s2_15_p660,s2_15
9233,spring,ROIs1158_spring_s2_66_p806,s2_66
19811,spring,ROIs1158_spring_s2_128_p293,s2_128
36797,winter,ROIs2017_winter_s2_116_p332,s2_116
27592,winter,ROIs2017_winter_s2_47_p482,s2_47
29479,winter,ROIs2017_winter_s2_59_p560,s2_59
19893,spring,ROIs1158_spring_s2_128_p378,s2_128
24406,winter,ROIs2017_winter_s2_8_p59,s2_8
31120,winter,ROIs2017_winter_s2_64_p303,s2_64
7402,spring,ROIs1158_spring_s2_58_p451,s2_58
29944,winter,ROIs2017_winter_s2_61_p446,s2_61
22311,spring,ROIs1158_spring_s2_141_p552,s2_141
34955,winter,ROIs2017_winter_s2_102_p655,s2_102
22704,spring,ROIs1158_spring_s2_142_p192,s2_142
15325,spring,ROIs1158_spring_s2_117_p232,s2_117
21664,spring,ROIs1158_spring_s2_134_p652,s2_134
3041,spring,ROIs1158_spring_s2_15_p286,s2_15
6482,spring,ROIs1158_spring_s2_45_p156,s2_45
18701,spring,ROIs1158_spring_s2_124_p707,s2_124
19709,spring,ROIs1158_spring_s2_128_p186,s2_128
10171,spring,ROIs1158_spring_s2_77_p176,s2_77
33574,winter,ROIs2017_winter_s2_81_p552,s2_81
10009,spring,ROIs1158_spring_s2_75_p820,s2_75
17529,spring,ROIs1158_spring_s2_121_p67,s2_121
13849,spring,ROIs1158_spring_s2_113_p269,s2_113
27551,winter,ROIs2017_winter_s2_47_p431,s2_47
22236,spring,ROIs1158_spring_s2_141_p466,s2_141
31366,winter,ROIs2017_winter_s2_64_p558,s2_64
36236,winter,ROIs2017_winter_s2_112_p636,s2_112
20210,spring,ROIs1158_spring_s2_128_p706,s2_128
23672,spring,ROIs1158_spring_s2_145_p517,s2_145
27311,winter,ROIs2017_winter_s2_47_p141,s2_47
17646,spring,ROIs1158_spring_s2_121_p214,s2_121
10464,spring,ROIs1158_spring_s2_77_p550,s2_77
36300,winter,ROIs2017_winter_s2_112_p704,s2_112
6480,spring,ROIs1158_spring_s2_45_p154,s2_45
35344,winter,ROIs2017_winter_s2_104_p240,s2_104
17434,spring,ROIs1158_spring_s2_120_p775,s2_120
1869,spring,ROIs1158_spring_s2_8_p428,s2_8
10415,spring,ROIs1158_spring_s2_77_p500,s2_77
26335,winter,ROIs2017_winter_s2_25_p711,s2_25
30984,winter,ROIs2017_winter_s2_64_p162,s2_64
20110,spring,ROIs1158_spring_s2_128_p602,s2_128
27284,winter,ROIs2017_winter_s2_47_p109,s2_47
4134,spring,ROIs1158_spring_s2_21_p804,s2_21
24673,winter,ROIs2017_winter_s2_8_p335,s2_8
5653,spring,ROIs1158_spring_s2_39_p690,s2_39
14669,spring,ROIs1158_spring_s2_115_p357,s2_115
21820,spring,ROIs1158_spring_s2_134_p814,s2_134
3137,spring,ROIs1158_spring_s2_15_p391,s2_15
17872,spring,ROIs1158_spring_s2_121_p508,s2_121
25617,winter,ROIs2017_winter_s2_21_p679,s2_21
29991,winter,ROIs2017_winter_s2_61_p508,s2_61
11638,spring,ROIs1158_spring_s2_100_p657,s2_100
20581,spring,ROIs1158_spring_s2_132_p278,s2_132
26733,winter,ROIs2017_winter_s2_42_p338,s2_42
4278,spring,ROIs1158_spring_s2_26_p49,s2_26
30032,winter,ROIs2017_winter_s2_61_p569,s2_61
18256,spring,ROIs1158_spring_s2_124_p241,s2_124
14777,spring,ROIs1158_spring_s2_115_p469,s2_115
7426,spring,ROIs1158_spring_s2_58_p480,s2_58
32422,winter,ROIs2017_winter_s2_75_p77,s2_75
23581,spring,ROIs1158_spring_s2_145_p423,s2_145
23283,spring,ROIs1158_spring_s2_145_p114,s2_145
32888,winter,ROIs2017_winter_s2_75_p616,s2_75
9832,spring,ROIs1158_spring_s2_75_p636,s2_75
20691,spring,ROIs1158_spring_s2_132_p392,s2_132
29381,winter,ROIs2017_winter_s2_59_p458,s2_59
22833,spring,ROIs1158_spring_s2_142_p359,s2_142
35935,winter,ROIs2017_winter_s2_112_p314,s2_112
34282,winter,ROIs2017_winter_s2_94_p669,s2_94
866,spring,ROIs1158_spring_s2_6_p114,s2_6
32664,winter,ROIs2017_winter_s2_75_p356,s2_75
9371,spring,ROIs1158_spring_s2_75_p151,s2_75
28215,winter,ROIs2017_winter_s2_49_p390,s2_49
32623,winter,ROIs2017_winter_s2_75_p310,s2_75
1511,spring,ROIs1158_spring_s2_8_p57,s2_8
33804,winter,ROIs2017_winter_s2_94_p173,s2_94
3120,spring,ROIs1158_spring_s2_15_p372,s2_15
34629,winter,ROIs2017_winter_s2_102_p255,s2_102
37848,winter,ROIs2017_winter_s2_146_p140,s2_146
30311,winter,ROIs2017_winter_s2_62_p126,s2_62
25370,winter,ROIs2017_winter_s2_21_p294,s2_21
32546,winter,ROIs2017_winter_s2_75_p221,s2_75
25302,winter,ROIs2017_winter_s2_21_p208,s2_21
18867,spring,ROIs1158_spring_s2_126_p67,s2_126
36421,winter,ROIs2017_winter_s2_112_p833,s2_112
36672,winter,ROIs2017_winter_s2_116_p202,s2_116
8678,spring,ROIs1158_spring_s2_66_p207,s2_66
7215,spring,ROIs1158_spring_s2_58_p223,s2_58
32429,winter,ROIs2017_winter_s2_75_p84,s2_75
30638,winter,ROIs2017_winter_s2_62_p613,s2_62
30951,winter,ROIs2017_winter_s2_64_p128,s2_64
13387,spring,ROIs1158_spring_s2_110_p602,s2_110
27825,winter,ROIs2017_winter_s2_47_p765,s2_47
37783,winter,ROIs2017_winter_s2_146_p57,s2_146
31292,winter,ROIs2017_winter_s2_64_p481,s2_64
8196,spring,ROIs1158_spring_s2_63_p519,s2_63
11455,spring,ROIs1158_spring_s2_100_p459,s2_100
32287,winter,ROIs2017_winter_s2_68_p728,s2_68
28862,winter,ROIs2017_winter_s2_55_p288,s2_55
27770,winter,ROIs2017_winter_s2_47_p695,s2_47
7867,spring,ROIs1158_spring_s2_63_p179,s2_63
20836,spring,ROIs1158_spring_s2_132_p542,s2_132
8358,spring,ROIs1158_spring_s2_63_p687,s2_63
35532,winter,ROIs2017_winter_s2_104_p462,s2_104
15062,spring,ROIs1158_spring_s2_115_p764,s2_115
5423,spring,ROIs1158_spring_s2_39_p453,s2_39
6835,spring,ROIs1158_spring_s2_45_p521,s2_45
4639,spring,ROIs1158_spring_s2_26_p456,s2_26
3074,spring,ROIs1158_spring_s2_15_p321,s2_15
19708,spring,ROIs1158_spring_s2_128_p185,s2_128
3496,spring,ROIs1158_spring_s2_15_p777,s2_15
31503,winter,ROIs2017_winter_s2_64_p700,s2_64
36520,winter,ROIs2017_winter_s2_116_p45,s2_116
18382,spring,ROIs1158_spring_s2_124_p376,s2_124
12666,spring,ROIs1158_spring_s2_109_p260,s2_109
15431,spring,ROIs1158_spring_s2_117_p346,s2_117
12456,spring,ROIs1158_spring_s2_101_p722,s2_101
4477,spring,ROIs1158_spring_s2_26_p280,s2_26
23649,spring,ROIs1158_spring_s2_145_p494,s2_145
1973,spring,ROIs1158_spring_s2_8_p536,s2_8
37833,winter,ROIs2017_winter_s2_146_p120,s2_146
27537,winter,ROIs2017_winter_s2_47_p417,s2_47
31037,winter,ROIs2017_winter_s2_64_p217,s2_64
30427,winter,ROIs2017_winter_s2_62_p350,s2_62
10093,spring,ROIs1158_spring_s2_77_p95,s2_77
29951,winter,ROIs2017_winter_s2_61_p453,s2_61
3536,spring,ROIs1158_spring_s2_15_p819,s2_15
29604,winter,ROIs2017_winter_s2_59_p755,s2_59
34115,winter,ROIs2017_winter_s2_94_p496,s2_94
36692,winter,ROIs2017_winter_s2_116_p223,s2_116
13185,spring,ROIs1158_spring_s2_110_p386,s2_110
2681,spring,ROIs1158_spring_s2_9_p515,s2_9
18579,spring,ROIs1158_spring_s2_124_p581,s2_124
33486,winter,ROIs2017_winter_s2_81_p456,s2_81
25042,winter,ROIs2017_winter_s2_8_p717,s2_8
1165,spring,ROIs1158_spring_s2_6_p461,s2_6
27712,winter,ROIs2017_winter_s2_47_p627,s2_47
9902,spring,ROIs1158_spring_s2_75_p709,s2_75
1819,spring,ROIs1158_spring_s2_8_p376,s2_8
8362,spring,ROIs1158_spring_s2_63_p691,s2_63
35280,winter,ROIs2017_winter_s2_104_p167,s2_104
7542,spring,ROIs1158_spring_s2_58_p625,s2_58
36779,winter,ROIs2017_winter_s2_116_p313,s2_116
14637,spring,ROIs1158_spring_s2_115_p324,s2_115
31071,winter,ROIs2017_winter_s2_64_p252,s2_64
8706,spring,ROIs1158_spring_s2_66_p236,s2_66
3868,spring,ROIs1158_spring_s2_21_p520,s2_21
11424,spring,ROIs1158_spring_s2_100_p427,s2_100
34655,winter,ROIs2017_winter_s2_102_p287,s2_102
34698,winter,ROIs2017_winter_s2_102_p335,s2_102
11096,spring,ROIs1158_spring_s2_100_p86,s2_100
37014,winter,ROIs2017_winter_s2_116_p557,s2_116
34808,winter,ROIs2017_winter_s2_102_p466,s2_102
26970,winter,ROIs2017_winter_s2_42_p584,s2_42
34685,winter,ROIs2017_winter_s2_102_p322,s2_102
9501,spring,ROIs1158_spring_s2_75_p293,s2_75
14256,spring,ROIs1158_spring_s2_113_p724,s2_113
11342,spring,ROIs1158_spring_s2_100_p344,s2_100
33683,winter,ROIs2017_winter_s2_81_p741,s2_81
25813,winter,ROIs2017_winter_s2_25_p127,s2_25
26632,winter,ROIs2017_winter_s2_42_p234,s2_42
23728,spring,ROIs1158_spring_s2_145_p575,s2_145
12865,spring,ROIs1158_spring_s2_109_p752,s2_109
37805,winter,ROIs2017_winter_s2_146_p85,s2_146
37196,winter,ROIs2017_winter_s2_116_p749,s2_116
27347,winter,ROIs2017_winter_s2_47_p187,s2_47
15615,spring,ROIs1158_spring_s2_117_p542,s2_117
29958,winter,ROIs2017_winter_s2_61_p467,s2_61
23465,spring,ROIs1158_spring_s2_145_p303,s2_145
16174,spring,ROIs1158_spring_s2_119_p257,s2_119
30092,winter,ROIs2017_winter_s2_61_p654,s2_61
3067,spring,ROIs1158_spring_s2_15_p313,s2_15
23234,spring,ROIs1158_spring_s2_145_p64,s2_145
19505,spring,ROIs1158_spring_s2_126_p786,s2_126
28742,winter,ROIs2017_winter_s2_55_p157,s2_55
19874,spring,ROIs1158_spring_s2_128_p358,s2_128
26263,winter,ROIs2017_winter_s2_25_p623,s2_25
14366,spring,ROIs1158_spring_s2_115_p40,s2_115
22635,spring,ROIs1158_spring_s2_142_p105,s2_142
9253,spring,ROIs1158_spring_s2_66_p830,s2_66
33577,winter,ROIs2017_winter_s2_81_p555,s2_81
27714,winter,ROIs2017_winter_s2_47_p629,s2_47
15216,spring,ROIs1158_spring_s2_117_p115,s2_117
9175,spring,ROIs1158_spring_s2_66_p739,s2_66
26954,winter,ROIs2017_winter_s2_42_p567,s2_42
12276,spring,ROIs1158_spring_s2_101_p516,s2_101
11235,spring,ROIs1158_spring_s2_100_p234,s2_100
27227,winter,ROIs2017_winter_s2_47_p42,s2_47
16187,spring,ROIs1158_spring_s2_119_p274,s2_119
36170,winter,ROIs2017_winter_s2_112_p565,s2_112
38161,winter,ROIs2017_winter_s2_146_p548,s2_146
26155,winter,ROIs2017_winter_s2_25_p494,s2_25
4876,spring,ROIs1158_spring_s2_26_p703,s2_26
31141,winter,ROIs2017_winter_s2_64_p325,s2_64
30975,winter,ROIs2017_winter_s2_64_p153,s2_64
24716,winter,ROIs2017_winter_s2_8_p380,s2_8
18801,spring,ROIs1158_spring_s2_124_p810,s2_124
7938,spring,ROIs1158_spring_s2_63_p252,s2_63
37211,winter,ROIs2017_winter_s2_116_p765,s2_116
2429,spring,ROIs1158_spring_s2_9_p231,s2_9
10952,spring,ROIs1158_spring_s2_97_p616,s2_97
30495,winter,ROIs2017_winter_s2_62_p447,s2_62
10718,spring,ROIs1158_spring_s2_77_p814,s2_77
36238,winter,ROIs2017_winter_s2_112_p638,s2_112
1342,spring,ROIs1158_spring_s2_6_p680,s2_6
30276,winter,ROIs2017_winter_s2_62_p74,s2_62
17835,spring,ROIs1158_spring_s2_121_p465,s2_121
3031,spring,ROIs1158_spring_s2_15_p276,s2_15
22924,spring,ROIs1158_spring_s2_142_p478,s2_142
32939,winter,ROIs2017_winter_s2_75_p674,s2_75
2770,spring,ROIs1158_spring_s2_9_p707,s2_9
35232,winter,ROIs2017_winter_s2_104_p109,s2_104
33997,winter,ROIs2017_winter_s2_94_p373,s2_94
35967,winter,ROIs2017_winter_s2_112_p348,s2_112
16311,spring,ROIs1158_spring_s2_119_p418,s2_119
14044,spring,ROIs1158_spring_s2_113_p480,s2_113
35274,winter,ROIs2017_winter_s2_104_p158,s2_104
7576,spring,ROIs1158_spring_s2_58_p664,s2_58
22922,spring,ROIs1158_spring_s2_142_p476,s2_142
6614,spring,ROIs1158_spring_s2_45_p293,s2_45
6757,spring,ROIs1158_spring_s2_45_p441,s2_45
308,spring,ROIs1158_spring_s2_1_p349,s2_1
6782,spring,ROIs1158_spring_s2_45_p467,s2_45
10640,spring,ROIs1158_spring_s2_77_p733,s2_77
3900,spring,ROIs1158_spring_s2_21_p554,s2_21
21843,spring,ROIs1158_spring_s2_134_p837,s2_134
33828,winter,ROIs2017_winter_s2_94_p198,s2_94
5560,spring,ROIs1158_spring_s2_39_p594,s2_39
37296,winter,ROIs2017_winter_s2_135_p45,s2_135
24906,winter,ROIs2017_winter_s2_8_p576,s2_8
30747,winter,ROIs2017_winter_s2_62_p726,s2_62
1678,spring,ROIs1158_spring_s2_8_p230,s2_8
36893,winter,ROIs2017_winter_s2_116_p431,s2_116
30349,winter,ROIs2017_winter_s2_62_p210,s2_62
28361,winter,ROIs2017_winter_s2_49_p541,s2_49
35724,winter,ROIs2017_winter_s2_112_p87,s2_112
28526,winter,ROIs2017_winter_s2_49_p712,s2_49
29838,winter,ROIs2017_winter_s2_61_p272,s2_61
4106,spring,ROIs1158_spring_s2_21_p776,s2_21
15185,spring,ROIs1158_spring_s2_117_p82,s2_117
7703,spring,ROIs1158_spring_s2_58_p821,s2_58
27578,winter,ROIs2017_winter_s2_47_p463,s2_47
23962,spring,ROIs1158_spring_s2_147_p67,s2_147
23481,spring,ROIs1158_spring_s2_145_p320,s2_145
3354,spring,ROIs1158_spring_s2_15_p629,s2_15
5618,spring,ROIs1158_spring_s2_39_p654,s2_39
35064,winter,ROIs2017_winter_s2_102_p830,s2_102
36045,winter,ROIs2017_winter_s2_112_p430,s2_112
9042,spring,ROIs1158_spring_s2_66_p592,s2_66
13035,spring,ROIs1158_spring_s2_110_p185,s2_110
14587,spring,ROIs1158_spring_s2_115_p271,s2_115
27688,winter,ROIs2017_winter_s2_47_p598,s2_47
25132,winter,ROIs2017_winter_s2_8_p810,s2_8
30637,winter,ROIs2017_winter_s2_62_p612,s2_62
35610,winter,ROIs2017_winter_s2_104_p554,s2_104
24671,winter,ROIs2017_winter_s2_8_p333,s2_8
30222,winter,ROIs2017_winter_s2_61_p823,s2_61
32340,winter,ROIs2017_winter_s2_68_p789,s2_68
32134,winter,ROIs2017_winter_s2_68_p541,s2_68
15627,spring,ROIs1158_spring_s2_117_p554,s2_117
22390,spring,ROIs1158_spring_s2_141_p642,s2_141
34261,winter,ROIs2017_winter_s2_94_p647,s2_94
37068,winter,ROIs2017_winter_s2_116_p613,s2_116
10827,spring,ROIs1158_spring_s2_97_p299,s2_97
35833,winter,ROIs2017_winter_s2_112_p204,s2_112
6404,spring,ROIs1158_spring_s2_45_p75,s2_45
15577,spring,ROIs1158_spring_s2_117_p502,s2_117
29392,winter,ROIs2017_winter_s2_59_p470,s2_59
36538,winter,ROIs2017_winter_s2_116_p64,s2_116
21575,spring,ROIs1158_spring_s2_134_p560,s2_134
14553,spring,ROIs1158_spring_s2_115_p234,s2_115
2208,spring,ROIs1158_spring_s2_8_p779,s2_8
28545,winter,ROIs2017_winter_s2_49_p732,s2_49
24934,winter,ROIs2017_winter_s2_8_p605,s2_8
33098,winter,ROIs2017_winter_s2_81_p45,s2_81
28969,winter,ROIs2017_winter_s2_59_p32,s2_59
33909,winter,ROIs2017_winter_s2_94_p282,s2_94
2569,spring,ROIs1158_spring_s2_9_p391,s2_9
36184,winter,ROIs2017_winter_s2_112_p579,s2_112
22512,spring,ROIs1158_spring_s2_141_p776,s2_141
11162,spring,ROIs1158_spring_s2_100_p155,s2_100
29413,winter,ROIs2017_winter_s2_59_p491,s2_59
22633,spring,ROIs1158_spring_s2_142_p103,s2_142
23511,spring,ROIs1158_spring_s2_145_p351,s2_145
10573,spring,ROIs1158_spring_s2_77_p663,s2_77
4877,spring,ROIs1158_spring_s2_26_p704,s2_26
26375,winter,ROIs2017_winter_s2_25_p763,s2_25
26652,winter,ROIs2017_winter_s2_42_p254,s2_42
5623,spring,ROIs1158_spring_s2_39_p659,s2_39
28211,winter,ROIs2017_winter_s2_49_p386,s2_49
14022,spring,ROIs1158_spring_s2_113_p455,s2_113
18070,spring,ROIs1158_spring_s2_121_p758,s2_121
34034,winter,ROIs2017_winter_s2_94_p412,s2_94
37233,winter,ROIs2017_winter_s2_116_p788,s2_116
20770,spring,ROIs1158_spring_s2_132_p474,s2_132
15715,spring,ROIs1158_spring_s2_117_p648,s2_117
35727,winter,ROIs2017_winter_s2_112_p90,s2_112
302,spring,ROIs1158_spring_s2_1_p342,s2_1
30268,winter,ROIs2017_winter_s2_62_p66,s2_62
1293,spring,ROIs1158_spring_s2_6_p621,s2_6
7504,spring,ROIs1158_spring_s2_58_p577,s2_58
16536,spring,ROIs1158_spring_s2_119_p657,s2_119
8496,spring,ROIs1158_spring_s2_63_p830,s2_63
32949,winter,ROIs2017_winter_s2_75_p687,s2_75
239,spring,ROIs1158_spring_s2_1_p277,s2_1
18513,spring,ROIs1158_spring_s2_124_p512,s2_124
35612,winter,ROIs2017_winter_s2_104_p556,s2_104
28407,winter,ROIs2017_winter_s2_49_p589,s2_49
16139,spring,ROIs1158_spring_s2_119_p218,s2_119
24569,winter,ROIs2017_winter_s2_8_p227,s2_8
11958,spring,ROIs1158_spring_s2_101_p187,s2_101
20827,spring,ROIs1158_spring_s2_132_p533,s2_132
35080,winter,ROIs2017_winter_s2_102_p850,s2_102
15972,spring,ROIs1158_spring_s2_117_p924,s2_117
33437,winter,ROIs2017_winter_s2_81_p405,s2_81
30451,winter,ROIs2017_winter_s2_62_p385,s2_62
17361,spring,ROIs1158_spring_s2_120_p700,s2_120
30270,winter,ROIs2017_winter_s2_62_p68,s2_62
4399,spring,ROIs1158_spring_s2_26_p192,s2_26
18627,spring,ROIs1158_spring_s2_124_p630,s2_124
31508,winter,ROIs2017_winter_s2_64_p705,s2_64
13033,spring,ROIs1158_spring_s2_110_p183,s2_110
23974,spring,ROIs1158_spring_s2_147_p97,s2_147
26096,winter,ROIs2017_winter_s2_25_p426,s2_25
36899,winter,ROIs2017_winter_s2_116_p438,s2_116
30492,winter,ROIs2017_winter_s2_62_p444,s2_62
31991,winter,ROIs2017_winter_s2_68_p393,s2_68
1101,spring,ROIs1158_spring_s2_6_p388,s2_6
17826,spring,ROIs1158_spring_s2_121_p450,s2_121
4675,spring,ROIs1158_spring_s2_26_p495,s2_26
28507,winter,ROIs2017_winter_s2_49_p692,s2_49
17316,spring,ROIs1158_spring_s2_120_p653,s2_120
20948,spring,ROIs1158_spring_s2_132_p658,s2_132
14907,spring,ROIs1158_spring_s2_115_p603,s2_115
35367,winter,ROIs2017_winter_s2_104_p268,s2_104
29033,winter,ROIs2017_winter_s2_59_p98,s2_59
1995,spring,ROIs1158_spring_s2_8_p559,s2_8
31532,winter,ROIs2017_winter_s2_64_p730,s2_64
6544,spring,ROIs1158_spring_s2_45_p220,s2_45
16981,spring,ROIs1158_spring_s2_120_p306,s2_120
9362,spring,ROIs1158_spring_s2_75_p139,s2_75
38157,winter,ROIs2017_winter_s2_146_p544,s2_146
34880,winter,ROIs2017_winter_s2_102_p547,s2_102
25106,winter,ROIs2017_winter_s2_8_p784,s2_8
32037,winter,ROIs2017_winter_s2_68_p441,s2_68
6694,spring,ROIs1158_spring_s2_45_p375,s2_45
13811,spring,ROIs1158_spring_s2_113_p229,s2_113
27316,winter,ROIs2017_winter_s2_47_p151,s2_47
32247,winter,ROIs2017_winter_s2_68_p679,s2_68
12642,spring,ROIs1158_spring_s2_109_p202,s2_109
31118,winter,ROIs2017_winter_s2_64_p301,s2_64
47,spring,ROIs1158_spring_s2_1_p78,s2_1
15058,spring,ROIs1158_spring_s2_115_p760,s2_115
8631,spring,ROIs1158_spring_s2_66_p158,s2_66
35342,winter,ROIs2017_winter_s2_104_p238,s2_104
31724,winter,ROIs2017_winter_s2_68_p117,s2_68
36212,winter,ROIs2017_winter_s2_112_p610,s2_112
7718,spring,ROIs1158_spring_s2_58_p836,s2_58
7535,spring,ROIs1158_spring_s2_58_p618,s2_58
22480,spring,ROIs1158_spring_s2_141_p741,s2_141
30471,winter,ROIs2017_winter_s2_62_p414,s2_62
22815,spring,ROIs1158_spring_s2_142_p334,s2_142
26366,winter,ROIs2017_winter_s2_25_p748,s2_25
26921,winter,ROIs2017_winter_s2_42_p533,s2_42
9323,spring,ROIs1158_spring_s2_75_p97,s2_75
27438,winter,ROIs2017_winter_s2_47_p298,s2_47
35505,winter,ROIs2017_winter_s2_104_p430,s2_104
8431,spring,ROIs1158_spring_s2_63_p763,s2_63
14560,spring,ROIs1158_spring_s2_115_p241,s2_115
25864,winter,ROIs2017_winter_s2_25_p180,s2_25
10159,spring,ROIs1158_spring_s2_77_p163,s2_77
1816,spring,ROIs1158_spring_s2_8_p373,s2_8
34877,winter,ROIs2017_winter_s2_102_p544,s2_102
36934,winter,ROIs2017_winter_s2_116_p474,s2_116
18221,spring,ROIs1158_spring_s2_124_p192,s2_124
36858,winter,ROIs2017_winter_s2_116_p395,s2_116
37322,winter,ROIs2017_winter_s2_135_p74,s2_135
34494,winter,ROIs2017_winter_s2_102_p90,s2_102
24980,winter,ROIs2017_winter_s2_8_p653,s2_8
23451,spring,ROIs1158_spring_s2_145_p288,s2_145
38165,winter,ROIs2017_winter_s2_146_p553,s2_146
35542,winter,ROIs2017_winter_s2_104_p477,s2_104
25073,winter,ROIs2017_winter_s2_8_p749,s2_8
24232,spring,ROIs1158_spring_s2_147_p566,s2_147
25963,winter,ROIs2017_winter_s2_25_p282,s2_25
28524,winter,ROIs2017_winter_s2_49_p710,s2_49
1288,spring,ROIs1158_spring_s2_6_p613,s2_6
33827,winter,ROIs2017_winter_s2_94_p197,s2_94
23980,spring,ROIs1158_spring_s2_147_p119,s2_147
20625,spring,ROIs1158_spring_s2_132_p324,s2_132
30785,winter,ROIs2017_winter_s2_62_p765,s2_62
9951,spring,ROIs1158_spring_s2_75_p760,s2_75
35947,winter,ROIs2017_winter_s2_112_p326,s2_112
35345,winter,ROIs2017_winter_s2_104_p241,s2_104
34073,winter,ROIs2017_winter_s2_94_p452,s2_94
11142,spring,ROIs1158_spring_s2_100_p135,s2_100
37669,winter,ROIs2017_winter_s2_135_p483,s2_135
12975,spring,ROIs1158_spring_s2_110_p121,s2_110
8715,spring,ROIs1158_spring_s2_66_p245,s2_66
27195,winter,ROIs2017_winter_s2_42_p817,s2_42
32522,winter,ROIs2017_winter_s2_75_p193,s2_75
18921,spring,ROIs1158_spring_s2_126_p123,s2_126
27232,winter,ROIs2017_winter_s2_47_p47,s2_47
30039,winter,ROIs2017_winter_s2_61_p583,s2_61
36614,winter,ROIs2017_winter_s2_116_p142,s2_116
31315,winter,ROIs2017_winter_s2_64_p505,s2_64
25796,winter,ROIs2017_winter_s2_25_p109,s2_25
7783,spring,ROIs1158_spring_s2_63_p92,s2_63
11214,spring,ROIs1158_spring_s2_100_p211,s2_100
11365,spring,ROIs1158_spring_s2_100_p367,s2_100
13365,spring,ROIs1158_spring_s2_110_p579,s2_110
26445,winter,ROIs2017_winter_s2_42_p40,s2_42
12768,spring,ROIs1158_spring_s2_109_p515,s2_109
30201,winter,ROIs2017_winter_s2_61_p794,s2_61
12170,spring,ROIs1158_spring_s2_101_p407,s2_101
28061,winter,ROIs2017_winter_s2_49_p229,s2_49
27660,winter,ROIs2017_winter_s2_47_p565,s2_47
37012,winter,ROIs2017_winter_s2_116_p555,s2_116
32576,winter,ROIs2017_winter_s2_75_p255,s2_75
26110,winter,ROIs2017_winter_s2_25_p444,s2_25
257,spring,ROIs1158_spring_s2_1_p296,s2_1
15702,spring,ROIs1158_spring_s2_117_p635,s2_117
24254,spring,ROIs1158_spring_s2_147_p614,s2_147
25455,winter,ROIs2017_winter_s2_21_p396,s2_21
29608,winter,ROIs2017_winter_s2_59_p759,s2_59
33778,winter,ROIs2017_winter_s2_94_p147,s2_94
23207,spring,ROIs1158_spring_s2_145_p36,s2_145
388,spring,ROIs1158_spring_s2_1_p431,s2_1
27752,winter,ROIs2017_winter_s2_47_p677,s2_47
8545,spring,ROIs1158_spring_s2_66_p69,s2_66
6764,spring,ROIs1158_spring_s2_45_p448,s2_45
9901,spring,ROIs1158_spring_s2_75_p708,s2_75
1683,spring,ROIs1158_spring_s2_8_p236,s2_8
32048,winter,ROIs2017_winter_s2_68_p452,s2_68
1060,spring,ROIs1158_spring_s2_6_p339,s2_6
12752,spring,ROIs1158_spring_s2_109_p482,s2_109
22257,spring,ROIs1158_spring_s2_141_p487,s2_141
28798,winter,ROIs2017_winter_s2_55_p216,s2_55
28016,winter,ROIs2017_winter_s2_49_p182,s2_49
35501,winter,ROIs2017_winter_s2_104_p426,s2_104
6627,spring,ROIs1158_spring_s2_45_p306,s2_45
16133,spring,ROIs1158_spring_s2_119_p212,s2_119
37952,winter,ROIs2017_winter_s2_146_p280,s2_146
2213,spring,ROIs1158_spring_s2_8_p785,s2_8
28459,winter,ROIs2017_winter_s2_49_p643,s2_49
37307,winter,ROIs2017_winter_s2_135_p56,s2_135
35155,winter,ROIs2017_winter_s2_102_p929,s2_102
27809,winter,ROIs2017_winter_s2_47_p744,s2_47
37644,winter,ROIs2017_winter_s2_135_p452,s2_135
37218,winter,ROIs2017_winter_s2_116_p772,s2_116
635,spring,ROIs1158_spring_s2_1_p687,s2_1
20150,spring,ROIs1158_spring_s2_128_p644,s2_128
37741,winter,ROIs2017_winter_s2_135_p582,s2_135
14918,spring,ROIs1158_spring_s2_115_p615,s2_115
2615,spring,ROIs1158_spring_s2_9_p441,s2_9
33399,winter,ROIs2017_winter_s2_81_p366,s2_81
26991,winter,ROIs2017_winter_s2_42_p605,s2_42
25420,winter,ROIs2017_winter_s2_21_p352,s2_21
14060,spring,ROIs1158_spring_s2_113_p499,s2_113
27172,winter,ROIs2017_winter_s2_42_p793,s2_42
9874,spring,ROIs1158_spring_s2_75_p680,s2_75
23230,spring,ROIs1158_spring_s2_145_p60,s2_145
31562,winter,ROIs2017_winter_s2_64_p761,s2_64
21003,spring,ROIs1158_spring_s2_132_p715,s2_132
5238,spring,ROIs1158_spring_s2_39_p260,s2_39
15232,spring,ROIs1158_spring_s2_117_p133,s2_117
22377,spring,ROIs1158_spring_s2_141_p626,s2_141
34066,winter,ROIs2017_winter_s2_94_p445,s2_94
2824,spring,ROIs1158_spring_s2_15_p62,s2_15
23278,spring,ROIs1158_spring_s2_145_p109,s2_145
14844,spring,ROIs1158_spring_s2_115_p538,s2_115
19763,spring,ROIs1158_spring_s2_128_p243,s2_128
29241,winter,ROIs2017_winter_s2_59_p313,s2_59
16764,spring,ROIs1158_spring_s2_120_p81,s2_120
30933,winter,ROIs2017_winter_s2_64_p109,s2_64
13491,spring,ROIs1158_spring_s2_110_p710,s2_110
11364,spring,ROIs1158_spring_s2_100_p366,s2_100
35936,winter,ROIs2017_winter_s2_112_p315,s2_112
36953,winter,ROIs2017_winter_s2_116_p494,s2_116
36336,winter,ROIs2017_winter_s2_112_p742,s2_112
10048,spring,ROIs1158_spring_s2_77_p48,s2_77
23479,spring,ROIs1158_spring_s2_145_p317,s2_145
23124,spring,ROIs1158_spring_s2_142_p741,s2_142
21959,spring,ROIs1158_spring_s2_141_p154,s2_141
30375,winter,ROIs2017_winter_s2_62_p262,s2_62
19427,spring,ROIs1158_spring_s2_126_p705,s2_126
14847,spring,ROIs1158_spring_s2_115_p541,s2_115
35766,winter,ROIs2017_winter_s2_112_p133,s2_112
32673,winter,ROIs2017_winter_s2_75_p368,s2_75
30957,winter,ROIs2017_winter_s2_64_p134,s2_64
2211,spring,ROIs1158_spring_s2_8_p782,s2_8
22819,spring,ROIs1158_spring_s2_142_p338,s2_142
28788,winter,ROIs2017_winter_s2_55_p206,s2_55
21172,spring,ROIs1158_spring_s2_134_p78,s2_134
4730,spring,ROIs1158_spring_s2_26_p552,s2_26
7,spring,ROIs1158_spring_s2_1_p37,s2_1
31937,winter,ROIs2017_winter_s2_68_p337,s2_68
17140,spring,ROIs1158_spring_s2_120_p471,s2_120
2896,spring,ROIs1158_spring_s2_15_p136,s2_15
31303,winter,ROIs2017_winter_s2_64_p492,s2_64
9213,spring,ROIs1158_spring_s2_66_p782,s2_66
14472,spring,ROIs1158_spring_s2_115_p150,s2_115
18725,spring,ROIs1158_spring_s2_124_p732,s2_124
3736,spring,ROIs1158_spring_s2_21_p380,s2_21
20903,spring,ROIs1158_spring_s2_132_p612,s2_132
24590,winter,ROIs2017_winter_s2_8_p249,s2_8
35090,winter,ROIs2017_winter_s2_102_p860,s2_102
25247,winter,ROIs2017_winter_s2_21_p133,s2_21
4415,spring,ROIs1158_spring_s2_26_p212,s2_26
32476,winter,ROIs2017_winter_s2_75_p139,s2_75
593,spring,ROIs1158_spring_s2_1_p644,s2_1
27016,winter,ROIs2017_winter_s2_42_p631,s2_42
31678,winter,ROIs2017_winter_s2_68_p69,s2_68
25844,winter,ROIs2017_winter_s2_25_p159,s2_25
28017,winter,ROIs2017_winter_s2_49_p183,s2_49
31941,winter,ROIs2017_winter_s2_68_p341,s2_68
29657,winter,ROIs2017_winter_s2_59_p821,s2_59
25732,winter,ROIs2017_winter_s2_25_p43,s2_25
8040,spring,ROIs1158_spring_s2_63_p358,s2_63
23438,spring,ROIs1158_spring_s2_145_p275,s2_145
8709,spring,ROIs1158_spring_s2_66_p239,s2_66
15613,spring,ROIs1158_spring_s2_117_p540,s2_117
26131,winter,ROIs2017_winter_s2_25_p466,s2_25
24998,winter,ROIs2017_winter_s2_8_p672,s2_8
7102,spring,ROIs1158_spring_s2_58_p85,s2_58
28568,winter,ROIs2017_winter_s2_49_p756,s2_49
29322,winter,ROIs2017_winter_s2_59_p397,s2_59
19751,spring,ROIs1158_spring_s2_128_p230,s2_128
4065,spring,ROIs1158_spring_s2_21_p731,s2_21
34388,winter,ROIs2017_winter_s2_94_p778,s2_94
2295,spring,ROIs1158_spring_s2_9_p79,s2_9
28256,winter,ROIs2017_winter_s2_49_p432,s2_49
25525,winter,ROIs2017_winter_s2_21_p547,s2_21
1044,spring,ROIs1158_spring_s2_6_p317,s2_6
13363,spring,ROIs1158_spring_s2_110_p577,s2_110
26275,winter,ROIs2017_winter_s2_25_p635,s2_25
21031,spring,ROIs1158_spring_s2_132_p744,s2_132
32415,winter,ROIs2017_winter_s2_75_p66,s2_75
4769,spring,ROIs1158_spring_s2_26_p592,s2_26
19240,spring,ROIs1158_spring_s2_126_p511,s2_126
31748,winter,ROIs2017_winter_s2_68_p141,s2_68
6847,spring,ROIs1158_spring_s2_45_p534,s2_45
1569,spring,ROIs1158_spring_s2_8_p118,s2_8
28177,winter,ROIs2017_winter_s2_49_p351,s2_49
16051,spring,ROIs1158_spring_s2_119_p114,s2_119
11407,spring,ROIs1158_spring_s2_100_p410,s2_100
7125,spring,ROIs1158_spring_s2_58_p113,s2_58
5060,spring,ROIs1158_spring_s2_39_p81,s2_39
24888,winter,ROIs2017_winter_s2_8_p558,s2_8
35458,winter,ROIs2017_winter_s2_104_p375,s2_104
30363,winter,ROIs2017_winter_s2_62_p238,s2_62
12370,spring,ROIs1158_spring_s2_101_p619,s2_101
28852,winter,ROIs2017_winter_s2_55_p278,s2_55
4433,spring,ROIs1158_spring_s2_26_p233,s2_26
37821,winter,ROIs2017_winter_s2_146_p107,s2_146
35633,winter,ROIs2017_winter_s2_104_p582,s2_104
19153,spring,ROIs1158_spring_s2_126_p421,s2_126
15106,spring,ROIs1158_spring_s2_115_p809,s2_115
34747,winter,ROIs2017_winter_s2_102_p394,s2_102
8810,spring,ROIs1158_spring_s2_66_p343,s2_66
1192,spring,ROIs1158_spring_s2_6_p492,s2_6
16906,spring,ROIs1158_spring_s2_120_p228,s2_120
20710,spring,ROIs1158_spring_s2_132_p412,s2_132
33343,winter,ROIs2017_winter_s2_81_p308,s2_81
8231,spring,ROIs1158_spring_s2_63_p556,s2_63
13637,spring,ROIs1158_spring_s2_113_p49,s2_113
20726,spring,ROIs1158_spring_s2_132_p428,s2_132
3383,spring,ROIs1158_spring_s2_15_p659,s2_15
13422,spring,ROIs1158_spring_s2_110_p639,s2_110
14034,spring,ROIs1158_spring_s2_113_p470,s2_113
10502,spring,ROIs1158_spring_s2_77_p590,s2_77
27381,winter,ROIs2017_winter_s2_47_p226,s2_47
20514,spring,ROIs1158_spring_s2_132_p209,s2_132
31633,winter,ROIs2017_winter_s2_64_p834,s2_64
35735,winter,ROIs2017_winter_s2_112_p100,s2_112
19067,spring,ROIs1158_spring_s2_126_p332,s2_126
32231,winter,ROIs2017_winter_s2_68_p660,s2_68
12687,spring,ROIs1158_spring_s2_109_p315,s2_109
15043,spring,ROIs1158_spring_s2_115_p744,s2_115
15834,spring,ROIs1158_spring_s2_117_p777,s2_117
8088,spring,ROIs1158_spring_s2_63_p408,s2_63
21224,spring,ROIs1158_spring_s2_134_p132,s2_134
2018,spring,ROIs1158_spring_s2_8_p583,s2_8
16938,spring,ROIs1158_spring_s2_120_p262,s2_120
32453,winter,ROIs2017_winter_s2_75_p112,s2_75
4391,spring,ROIs1158_spring_s2_26_p184,s2_26
9790,spring,ROIs1158_spring_s2_75_p593,s2_75
23024,spring,ROIs1158_spring_s2_142_p611,s2_142
32640,winter,ROIs2017_winter_s2_75_p328,s2_75
25349,winter,ROIs2017_winter_s2_21_p268,s2_21
22867,spring,ROIs1158_spring_s2_142_p407,s2_142
35137,winter,ROIs2017_winter_s2_102_p911,s2_102
30267,winter,ROIs2017_winter_s2_62_p65,s2_62
23942,spring,ROIs1158_spring_s2_145_p840,s2_145
2631,spring,ROIs1158_spring_s2_9_p457,s2_9
33567,winter,ROIs2017_winter_s2_81_p540,s2_81
26465,winter,ROIs2017_winter_s2_42_p61,s2_42
34314,winter,ROIs2017_winter_s2_94_p702,s2_94
27478,winter,ROIs2017_winter_s2_47_p343,s2_47
1651,spring,ROIs1158_spring_s2_8_p202,s2_8
34449,winter,ROIs2017_winter_s2_102_p40,s2_102
7024,spring,ROIs1158_spring_s2_45_p749,s2_45
10091,spring,ROIs1158_spring_s2_77_p93,s2_77
19901,spring,ROIs1158_spring_s2_128_p386,s2_128
33081,winter,ROIs2017_winter_s2_75_p839,s2_75
15052,spring,ROIs1158_spring_s2_115_p753,s2_115
37934,winter,ROIs2017_winter_s2_146_p256,s2_146
9593,spring,ROIs1158_spring_s2_75_p389,s2_75
13530,spring,ROIs1158_spring_s2_110_p750,s2_110
20962,spring,ROIs1158_spring_s2_132_p673,s2_132
9471,spring,ROIs1158_spring_s2_75_p259,s2_75
11705,spring,ROIs1158_spring_s2_100_p733,s2_100
9729,spring,ROIs1158_spring_s2_75_p530,s2_75
5617,spring,ROIs1158_spring_s2_39_p653,s2_39
8062,spring,ROIs1158_spring_s2_63_p381,s2_63
27031,winter,ROIs2017_winter_s2_42_p647,s2_42
25234,winter,ROIs2017_winter_s2_21_p120,s2_21
24549,winter,ROIs2017_winter_s2_8_p207,s2_8
9520,spring,ROIs1158_spring_s2_75_p312,s2_75
16946,spring,ROIs1158_spring_s2_120_p270,s2_120
27521,winter,ROIs2017_winter_s2_47_p396,s2_47
31775,winter,ROIs2017_winter_s2_68_p169,s2_68
1321,spring,ROIs1158_spring_s2_6_p654,s2_6
20718,spring,ROIs1158_spring_s2_132_p420,s2_132
10672,spring,ROIs1158_spring_s2_77_p766,s2_77
31352,winter,ROIs2017_winter_s2_64_p543,s2_64
25001,winter,ROIs2017_winter_s2_8_p675,s2_8
32628,winter,ROIs2017_winter_s2_75_p315,s2_75
18379,spring,ROIs1158_spring_s2_124_p373,s2_124
37581,winter,ROIs2017_winter_s2_135_p372,s2_135
17766,spring,ROIs1158_spring_s2_121_p365,s2_121
1299,spring,ROIs1158_spring_s2_6_p627,s2_6
28628,winter,ROIs2017_winter_s2_55_p33,s2_55
29748,winter,ROIs2017_winter_s2_61_p151,s2_61
36719,winter,ROIs2017_winter_s2_116_p251,s2_116
29544,winter,ROIs2017_winter_s2_59_p654,s2_59
26882,winter,ROIs2017_winter_s2_42_p492,s2_42
37797,winter,ROIs2017_winter_s2_146_p77,s2_146
9733,spring,ROIs1158_spring_s2_75_p534,s2_75
25318,winter,ROIs2017_winter_s2_21_p224,s2_21
16277,spring,ROIs1158_spring_s2_119_p376,s2_119
34488,winter,ROIs2017_winter_s2_102_p84,s2_102
23126,spring,ROIs1158_spring_s2_142_p743,s2_142
34950,winter,ROIs2017_winter_s2_102_p638,s2_102
4963,spring,ROIs1158_spring_s2_26_p813,s2_26
23508,spring,ROIs1158_spring_s2_145_p347,s2_145
13982,spring,ROIs1158_spring_s2_113_p412,s2_113
36946,winter,ROIs2017_winter_s2_116_p486,s2_116
31648,winter,ROIs2017_winter_s2_68_p38,s2_68
14773,spring,ROIs1158_spring_s2_115_p465,s2_115
8959,spring,ROIs1158_spring_s2_66_p503,s2_66
24386,winter,ROIs2017_winter_s2_8_p38,s2_8
37063,winter,ROIs2017_winter_s2_116_p607,s2_116
6762,spring,ROIs1158_spring_s2_45_p446,s2_45
32767,winter,ROIs2017_winter_s2_75_p475,s2_75
30640,winter,ROIs2017_winter_s2_62_p615,s2_62
20018,spring,ROIs1158_spring_s2_128_p507,s2_128
3975,spring,ROIs1158_spring_s2_21_p635,s2_21
28652,winter,ROIs2017_winter_s2_55_p62,s2_55
30990,winter,ROIs2017_winter_s2_64_p168,s2_64
17857,spring,ROIs1158_spring_s2_121_p492,s2_121
13539,spring,ROIs1158_spring_s2_110_p760,s2_110
26270,winter,ROIs2017_winter_s2_25_p630,s2_25
22890,spring,ROIs1158_spring_s2_142_p437,s2_142
19314,spring,ROIs1158_spring_s2_126_p588,s2_126
34360,winter,ROIs2017_winter_s2_94_p749,s2_94
6249,spring,ROIs1158_spring_s2_40_p654,s2_40
30394,winter,ROIs2017_winter_s2_62_p293,s2_62
22911,spring,ROIs1158_spring_s2_142_p465,s2_142
2332,spring,ROIs1158_spring_s2_9_p118,s2_9
35776,winter,ROIs2017_winter_s2_112_p143,s2_112
26249,winter,ROIs2017_winter_s2_25_p604,s2_25
21025,spring,ROIs1158_spring_s2_132_p738,s2_132
29852,winter,ROIs2017_winter_s2_61_p295,s2_61
20528,spring,ROIs1158_spring_s2_132_p223,s2_132
17806,spring,ROIs1158_spring_s2_121_p422,s2_121
14175,spring,ROIs1158_spring_s2_113_p627,s2_113
36855,winter,ROIs2017_winter_s2_116_p392,s2_116
14040,spring,ROIs1158_spring_s2_113_p476,s2_113
28616,winter,ROIs2017_winter_s2_49_p828,s2_49
11362,spring,ROIs1158_spring_s2_100_p364,s2_100
26957,winter,ROIs2017_winter_s2_42_p570,s2_42
11615,spring,ROIs1158_spring_s2_100_p631,s2_100
37084,winter,ROIs2017_winter_s2_116_p629,s2_116
18662,spring,ROIs1158_spring_s2_124_p666,s2_124
33563,winter,ROIs2017_winter_s2_81_p536,s2_81
20453,spring,ROIs1158_spring_s2_132_p146,s2_132
30727,winter,ROIs2017_winter_s2_62_p705,s2_62
6281,spring,ROIs1158_spring_s2_40_p707,s2_40
33176,winter,ROIs2017_winter_s2_81_p128,s2_81
11737,spring,ROIs1158_spring_s2_100_p768,s2_100
30704,winter,ROIs2017_winter_s2_62_p681,s2_62
38318,winter,ROIs2017_winter_s2_146_p759,s2_146
4055,spring,ROIs1158_spring_s2_21_p721,s2_21
9631,spring,ROIs1158_spring_s2_75_p428,s2_75
14019,spring,ROIs1158_spring_s2_113_p452,s2_113
11123,spring,ROIs1158_spring_s2_100_p115,s2_100
29610,winter,ROIs2017_winter_s2_59_p761,s2_59
25768,winter,ROIs2017_winter_s2_25_p80,s2_25
33780,winter,ROIs2017_winter_s2_94_p149,s2_94
25847,winter,ROIs2017_winter_s2_25_p162,s2_25
170,spring,ROIs1158_spring_s2_1_p206,s2_1
37878,winter,ROIs2017_winter_s2_146_p179,s2_146
18771,spring,ROIs1158_spring_s2_124_p779,s2_124
10304,spring,ROIs1158_spring_s2_77_p346,s2_77
8713,spring,ROIs1158_spring_s2_66_p243,s2_66
348,spring,ROIs1158_spring_s2_1_p390,s2_1
21721,spring,ROIs1158_spring_s2_134_p711,s2_134
16637,spring,ROIs1158_spring_s2_119_p762,s2_119
34681,winter,ROIs2017_winter_s2_102_p318,s2_102
11258,spring,ROIs1158_spring_s2_100_p257,s2_100
17340,spring,ROIs1158_spring_s2_120_p678,s2_120
9473,spring,ROIs1158_spring_s2_75_p263,s2_75
27751,winter,ROIs2017_winter_s2_47_p676,s2_47
22245,spring,ROIs1158_spring_s2_141_p475,s2_141
13900,spring,ROIs1158_spring_s2_113_p324,s2_113
30216,winter,ROIs2017_winter_s2_61_p817,s2_61
23865,spring,ROIs1158_spring_s2_145_p717,s2_145
12903,spring,ROIs1158_spring_s2_110_p46,s2_110
37807,winter,ROIs2017_winter_s2_146_p88,s2_146
29170,winter,ROIs2017_winter_s2_59_p240,s2_59
31715,winter,ROIs2017_winter_s2_68_p107,s2_68
33808,winter,ROIs2017_winter_s2_94_p178,s2_94
668,spring,ROIs1158_spring_s2_1_p721,s2_1
34159,winter,ROIs2017_winter_s2_94_p541,s2_94
6944,spring,ROIs1158_spring_s2_45_p639,s2_45
1324,spring,ROIs1158_spring_s2_6_p657,s2_6
22716,spring,ROIs1158_spring_s2_142_p210,s2_142
16916,spring,ROIs1158_spring_s2_120_p239,s2_120
37242,winter,ROIs2017_winter_s2_116_p797,s2_116
20284,spring,ROIs1158_spring_s2_128_p782,s2_128
34816,winter,ROIs2017_winter_s2_102_p474,s2_102
21017,spring,ROIs1158_spring_s2_132_p730,s2_132
29333,winter,ROIs2017_winter_s2_59_p409,s2_59
34608,winter,ROIs2017_winter_s2_102_p229,s2_102
15881,spring,ROIs1158_spring_s2_117_p826,s2_117
36289,winter,ROIs2017_winter_s2_112_p693,s2_112
18907,spring,ROIs1158_spring_s2_126_p108,s2_126
12945,spring,ROIs1158_spring_s2_110_p90,s2_110
14824,spring,ROIs1158_spring_s2_115_p517,s2_115
6640,spring,ROIs1158_spring_s2_45_p320,s2_45
7167,spring,ROIs1158_spring_s2_58_p165,s2_58
554,spring,ROIs1158_spring_s2_1_p603,s2_1
32903,winter,ROIs2017_winter_s2_75_p633,s2_75
33428,winter,ROIs2017_winter_s2_81_p396,s2_81
30085,winter,ROIs2017_winter_s2_61_p647,s2_61
16373,spring,ROIs1158_spring_s2_119_p488,s2_119
36315,winter,ROIs2017_winter_s2_112_p721,s2_112
3444,spring,ROIs1158_spring_s2_15_p723,s2_15
13918,spring,ROIs1158_spring_s2_113_p342,s2_113
27561,winter,ROIs2017_winter_s2_47_p446,s2_47
36736,winter,ROIs2017_winter_s2_116_p269,s2_116
124,spring,ROIs1158_spring_s2_1_p158,s2_1
5627,spring,ROIs1158_spring_s2_39_p663,s2_39
17263,spring,ROIs1158_spring_s2_120_p598,s2_120
845,spring,ROIs1158_spring_s2_6_p93,s2_6
33853,winter,ROIs2017_winter_s2_94_p224,s2_94
29827,winter,ROIs2017_winter_s2_61_p257,s2_61
32545,winter,ROIs2017_winter_s2_75_p217,s2_75
34219,winter,ROIs2017_winter_s2_94_p603,s2_94
28967,winter,ROIs2017_winter_s2_59_p30,s2_59
24394,winter,ROIs2017_winter_s2_8_p46,s2_8
32121,winter,ROIs2017_winter_s2_68_p528,s2_68
27233,winter,ROIs2017_winter_s2_47_p48,s2_47
1754,spring,ROIs1158_spring_s2_8_p309,s2_8
5233,spring,ROIs1158_spring_s2_39_p255,s2_39
29404,winter,ROIs2017_winter_s2_59_p482,s2_59
35373,winter,ROIs2017_winter_s2_104_p274,s2_104
17045,spring,ROIs1158_spring_s2_120_p372,s2_120
6416,spring,ROIs1158_spring_s2_45_p88,s2_45
191,spring,ROIs1158_spring_s2_1_p227,s2_1
8138,spring,ROIs1158_spring_s2_63_p459,s2_63
31902,winter,ROIs2017_winter_s2_68_p301,s2_68
36698,winter,ROIs2017_winter_s2_116_p229,s2_116
32253,winter,ROIs2017_winter_s2_68_p688,s2_68
90,spring,ROIs1158_spring_s2_1_p123,s2_1
15735,spring,ROIs1158_spring_s2_117_p670,s2_117
2669,spring,ROIs1158_spring_s2_9_p501,s2_9
12455,spring,ROIs1158_spring_s2_101_p721,s2_101
33290,winter,ROIs2017_winter_s2_81_p246,s2_81
35870,winter,ROIs2017_winter_s2_112_p243,s2_112
13404,spring,ROIs1158_spring_s2_110_p620,s2_110
9038,spring,ROIs1158_spring_s2_66_p588,s2_66
29368,winter,ROIs2017_winter_s2_59_p445,s2_59
18693,spring,ROIs1158_spring_s2_124_p699,s2_124
30939,winter,ROIs2017_winter_s2_64_p115,s2_64
20674,spring,ROIs1158_spring_s2_132_p374,s2_132
38122,winter,ROIs2017_winter_s2_146_p497,s2_146
6294,spring,ROIs1158_spring_s2_40_p731,s2_40
20176,spring,ROIs1158_spring_s2_128_p671,s2_128
33258,winter,ROIs2017_winter_s2_81_p213,s2_81
26563,winter,ROIs2017_winter_s2_42_p162,s2_42
13214,spring,ROIs1158_spring_s2_110_p420,s2_110
28754,winter,ROIs2017_winter_s2_55_p169,s2_55
34823,winter,ROIs2017_winter_s2_102_p481,s2_102
7569,spring,ROIs1158_spring_s2_58_p657,s2_58
32646,winter,ROIs2017_winter_s2_75_p337,s2_75
29871,winter,ROIs2017_winter_s2_61_p324,s2_61
36124,winter,ROIs2017_winter_s2_112_p515,s2_112
29887,winter,ROIs2017_winter_s2_61_p349,s2_61
35780,winter,ROIs2017_winter_s2_112_p147,s2_112
15060,spring,ROIs1158_spring_s2_115_p762,s2_115
24648,winter,ROIs2017_winter_s2_8_p309,s2_8
28098,winter,ROIs2017_winter_s2_49_p269,s2_49
30169,winter,ROIs2017_winter_s2_61_p746,s2_61
14737,spring,ROIs1158_spring_s2_115_p427,s2_115
25697,winter,ROIs2017_winter_s2_21_p806,s2_21
10044,spring,ROIs1158_spring_s2_77_p44,s2_77
27629,winter,ROIs2017_winter_s2_47_p529,s2_47
20875,spring,ROIs1158_spring_s2_132_p583,s2_132
161,spring,ROIs1158_spring_s2_1_p196,s2_1
6625,spring,ROIs1158_spring_s2_45_p304,s2_45
3885,spring,ROIs1158_spring_s2_21_p539,s2_21
28649,winter,ROIs2017_winter_s2_55_p59,s2_55
19756,spring,ROIs1158_spring_s2_128_p236,s2_128
6391,spring,ROIs1158_spring_s2_45_p62,s2_45
5878,spring,ROIs1158_spring_s2_40_p130,s2_40
34673,winter,ROIs2017_winter_s2_102_p305,s2_102
32814,winter,ROIs2017_winter_s2_75_p530,s2_75
15017,spring,ROIs1158_spring_s2_115_p717,s2_115
36474,winter,ROIs2017_winter_s2_112_p905,s2_112
16192,spring,ROIs1158_spring_s2_119_p279,s2_119
11037,spring,ROIs1158_spring_s2_97_p820,s2_97
33421,winter,ROIs2017_winter_s2_81_p389,s2_81
17199,spring,ROIs1158_spring_s2_120_p532,s2_120
20220,spring,ROIs1158_spring_s2_128_p716,s2_128
33640,winter,ROIs2017_winter_s2_81_p633,s2_81
13908,spring,ROIs1158_spring_s2_113_p332,s2_113
3080,spring,ROIs1158_spring_s2_15_p327,s2_15
5569,spring,ROIs1158_spring_s2_39_p603,s2_39
34750,winter,ROIs2017_winter_s2_102_p397,s2_102
27110,winter,ROIs2017_winter_s2_42_p729,s2_42
35078,winter,ROIs2017_winter_s2_102_p848,s2_102
37908,winter,ROIs2017_winter_s2_146_p223,s2_146
20340,spring,ROIs1158_spring_s2_128_p840,s2_128
10326,spring,ROIs1158_spring_s2_77_p394,s2_77
31979,winter,ROIs2017_winter_s2_68_p381,s2_68
9422,spring,ROIs1158_spring_s2_75_p208,s2_75
24690,winter,ROIs2017_winter_s2_8_p353,s2_8
10997,spring,ROIs1158_spring_s2_97_p729,s2_97
1398,spring,ROIs1158_spring_s2_6_p742,s2_6
25973,winter,ROIs2017_winter_s2_25_p293,s2_25
23170,spring,ROIs1158_spring_s2_142_p799,s2_142
3219,spring,ROIs1158_spring_s2_15_p482,s2_15
25667,winter,ROIs2017_winter_s2_21_p759,s2_21
30138,winter,ROIs2017_winter_s2_61_p710,s2_61
36277,winter,ROIs2017_winter_s2_112_p679,s2_112
19465,spring,ROIs1158_spring_s2_126_p744,s2_126
18118,spring,ROIs1158_spring_s2_121_p818,s2_121
3286,spring,ROIs1158_spring_s2_15_p555,s2_15
34190,winter,ROIs2017_winter_s2_94_p573,s2_94
11517,spring,ROIs1158_spring_s2_100_p526,s2_100
28532,winter,ROIs2017_winter_s2_49_p718,s2_49
3064,spring,ROIs1158_spring_s2_15_p310,s2_15
28249,winter,ROIs2017_winter_s2_49_p425,s2_49
24948,winter,ROIs2017_winter_s2_8_p620,s2_8
28576,winter,ROIs2017_winter_s2_49_p764,s2_49
31226,winter,ROIs2017_winter_s2_64_p413,s2_64
24579,winter,ROIs2017_winter_s2_8_p238,s2_8
6983,spring,ROIs1158_spring_s2_45_p684,s2_45
26484,winter,ROIs2017_winter_s2_42_p80,s2_42
2124,spring,ROIs1158_spring_s2_8_p692,s2_8
38299,winter,ROIs2017_winter_s2_146_p730,s2_146
21037,spring,ROIs1158_spring_s2_132_p750,s2_132
466,spring,ROIs1158_spring_s2_1_p512,s2_1
2070,spring,ROIs1158_spring_s2_8_p636,s2_8
29960,winter,ROIs2017_winter_s2_61_p469,s2_61
32972,winter,ROIs2017_winter_s2_75_p714,s2_75
26396,winter,ROIs2017_winter_s2_25_p790,s2_25
14556,spring,ROIs1158_spring_s2_115_p237,s2_115
24430,winter,ROIs2017_winter_s2_8_p83,s2_8
25898,winter,ROIs2017_winter_s2_25_p215,s2_25
36340,winter,ROIs2017_winter_s2_112_p748,s2_112
24074,spring,ROIs1158_spring_s2_147_p291,s2_147
28335,winter,ROIs2017_winter_s2_49_p514,s2_49
5398,spring,ROIs1158_spring_s2_39_p428,s2_39
25470,winter,ROIs2017_winter_s2_21_p420,s2_21
32647,winter,ROIs2017_winter_s2_75_p338,s2_75
29886,winter,ROIs2017_winter_s2_61_p345,s2_61
34104,winter,ROIs2017_winter_s2_94_p484,s2_94
11356,spring,ROIs1158_spring_s2_100_p358,s2_100
29243,winter,ROIs2017_winter_s2_59_p315,s2_59
20937,spring,ROIs1158_spring_s2_132_p647,s2_132
33994,winter,ROIs2017_winter_s2_94_p370,s2_94
35381,winter,ROIs2017_winter_s2_104_p284,s2_104
27368,winter,ROIs2017_winter_s2_47_p213,s2_47
26032,winter,ROIs2017_winter_s2_25_p356,s2_25
23645,spring,ROIs1158_spring_s2_145_p489,s2_145
7632,spring,ROIs1158_spring_s2_58_p735,s2_58
20433,spring,ROIs1158_spring_s2_132_p125,s2_132
18519,spring,ROIs1158_spring_s2_124_p518,s2_124
34121,winter,ROIs2017_winter_s2_94_p502,s2_94
26747,winter,ROIs2017_winter_s2_42_p353,s2_42
28164,winter,ROIs2017_winter_s2_49_p337,s2_49
23233,spring,ROIs1158_spring_s2_145_p63,s2_145
33701,winter,ROIs2017_winter_s2_94_p67,s2_94
18293,spring,ROIs1158_spring_s2_124_p282,s2_124
17271,spring,ROIs1158_spring_s2_120_p606,s2_120
3561,spring,ROIs1158_spring_s2_21_p53,s2_21
26260,winter,ROIs2017_winter_s2_25_p620,s2_25
12863,spring,ROIs1158_spring_s2_109_p750,s2_109
14991,spring,ROIs1158_spring_s2_115_p690,s2_115
26649,winter,ROIs2017_winter_s2_42_p251,s2_42
31961,winter,ROIs2017_winter_s2_68_p362,s2_68
16170,spring,ROIs1158_spring_s2_119_p253,s2_119
37097,winter,ROIs2017_winter_s2_116_p643,s2_116
15856,spring,ROIs1158_spring_s2_117_p799,s2_117
6789,spring,ROIs1158_spring_s2_45_p474,s2_45
21760,spring,ROIs1158_spring_s2_134_p751,s2_134
31125,winter,ROIs2017_winter_s2_64_p308,s2_64
32373,winter,ROIs2017_winter_s2_68_p831,s2_68
32472,winter,ROIs2017_winter_s2_75_p135,s2_75
23609,spring,ROIs1158_spring_s2_145_p452,s2_145
26517,winter,ROIs2017_winter_s2_42_p114,s2_42
25836,winter,ROIs2017_winter_s2_25_p151,s2_25
3079,spring,ROIs1158_spring_s2_15_p326,s2_15
21276,spring,ROIs1158_spring_s2_134_p186,s2_134
32180,winter,ROIs2017_winter_s2_68_p591,s2_68
17377,spring,ROIs1158_spring_s2_120_p716,s2_120
10195,spring,ROIs1158_spring_s2_77_p200,s2_77
34298,winter,ROIs2017_winter_s2_94_p685,s2_94
4936,spring,ROIs1158_spring_s2_26_p766,s2_26
4740,spring,ROIs1158_spring_s2_26_p562,s2_26
24784,winter,ROIs2017_winter_s2_8_p450,s2_8
10438,spring,ROIs1158_spring_s2_77_p524,s2_77
19279,spring,ROIs1158_spring_s2_126_p552,s2_126
36322,winter,ROIs2017_winter_s2_112_p728,s2_112
34326,winter,ROIs2017_winter_s2_94_p714,s2_94
25536,winter,ROIs2017_winter_s2_21_p565,s2_21
37008,winter,ROIs2017_winter_s2_116_p550,s2_116
17438,spring,ROIs1158_spring_s2_120_p779,s2_120
1674,spring,ROIs1158_spring_s2_8_p226,s2_8
33347,winter,ROIs2017_winter_s2_81_p312,s2_81
12082,spring,ROIs1158_spring_s2_101_p315,s2_101
16322,spring,ROIs1158_spring_s2_119_p429,s2_119
33575,winter,ROIs2017_winter_s2_81_p553,s2_81
20341,spring,ROIs1158_spring_s2_132_p30,s2_132
27671,winter,ROIs2017_winter_s2_47_p576,s2_47
173,spring,ROIs1158_spring_s2_1_p209,s2_1
33306,winter,ROIs2017_winter_s2_81_p265,s2_81
27273,winter,ROIs2017_winter_s2_47_p98,s2_47
24234,spring,ROIs1158_spring_s2_147_p581,s2_147
37326,winter,ROIs2017_winter_s2_135_p78,s2_135
11582,spring,ROIs1158_spring_s2_100_p597,s2_100
27451,winter,ROIs2017_winter_s2_47_p311,s2_47
32381,winter,ROIs2017_winter_s2_68_p839,s2_68
26070,winter,ROIs2017_winter_s2_25_p397,s2_25
25038,winter,ROIs2017_winter_s2_8_p713,s2_8
5122,spring,ROIs1158_spring_s2_39_p143,s2_39
25269,winter,ROIs2017_winter_s2_21_p161,s2_21
2609,spring,ROIs1158_spring_s2_9_p432,s2_9
8908,spring,ROIs1158_spring_s2_66_p447,s2_66
21461,spring,ROIs1158_spring_s2_134_p409,s2_134
15196,spring,ROIs1158_spring_s2_117_p95,s2_117
15068,spring,ROIs1158_spring_s2_115_p770,s2_115
18426,spring,ROIs1158_spring_s2_124_p422,s2_124
28292,winter,ROIs2017_winter_s2_49_p470,s2_49
11004,spring,ROIs1158_spring_s2_97_p736,s2_97
25228,winter,ROIs2017_winter_s2_21_p108,s2_21
16463,spring,ROIs1158_spring_s2_119_p582,s2_119
27556,winter,ROIs2017_winter_s2_47_p441,s2_47
15732,spring,ROIs1158_spring_s2_117_p667,s2_117
114,spring,ROIs1158_spring_s2_1_p148,s2_1
37157,winter,ROIs2017_winter_s2_116_p707,s2_116
27171,winter,ROIs2017_winter_s2_42_p792,s2_42
13085,spring,ROIs1158_spring_s2_110_p242,s2_110
26908,winter,ROIs2017_winter_s2_42_p519,s2_42
28679,winter,ROIs2017_winter_s2_55_p92,s2_55
35161,winter,ROIs2017_winter_s2_102_p937,s2_102
4273,spring,ROIs1158_spring_s2_26_p44,s2_26
5570,spring,ROIs1158_spring_s2_39_p604,s2_39
1588,spring,ROIs1158_spring_s2_8_p137,s2_8
732,spring,ROIs1158_spring_s2_1_p788,s2_1
26189,winter,ROIs2017_winter_s2_25_p535,s2_25
8478,spring,ROIs1158_spring_s2_63_p811,s2_63
31530,winter,ROIs2017_winter_s2_64_p728,s2_64
36416,winter,ROIs2017_winter_s2_112_p828,s2_112
24413,winter,ROIs2017_winter_s2_8_p66,s2_8
1269,spring,ROIs1158_spring_s2_6_p593,s2_6
32784,winter,ROIs2017_winter_s2_75_p496,s2_75
23651,spring,ROIs1158_spring_s2_145_p496,s2_145
24180,spring,ROIs1158_spring_s2_147_p475,s2_147
6390,spring,ROIs1158_spring_s2_45_p61,s2_45
28715,winter,ROIs2017_winter_s2_55_p129,s2_55
24142,spring,ROIs1158_spring_s2_147_p411,s2_147
27870,winter,ROIs2017_winter_s2_47_p820,s2_47
4894,spring,ROIs1158_spring_s2_26_p721,s2_26
25939,winter,ROIs2017_winter_s2_25_p257,s2_25
36367,winter,ROIs2017_winter_s2_112_p777,s2_112
26083,winter,ROIs2017_winter_s2_25_p413,s2_25
9722,spring,ROIs1158_spring_s2_75_p523,s2_75
1135,spring,ROIs1158_spring_s2_6_p428,s2_6
37176,winter,ROIs2017_winter_s2_116_p729,s2_116
26285,winter,ROIs2017_winter_s2_25_p650,s2_25
22234,spring,ROIs1158_spring_s2_141_p463,s2_141
31126,winter,ROIs2017_winter_s2_64_p309,s2_64
2314,spring,ROIs1158_spring_s2_9_p99,s2_9
34355,winter,ROIs2017_winter_s2_94_p744,s2_94
26239,winter,ROIs2017_winter_s2_25_p594,s2_25
7891,spring,ROIs1158_spring_s2_63_p204,s2_63
36838,winter,ROIs2017_winter_s2_116_p374,s2_116
35388,winter,ROIs2017_winter_s2_104_p294,s2_104
2172,spring,ROIs1158_spring_s2_8_p742,s2_8
21945,spring,ROIs1158_spring_s2_141_p137,s2_141
31318,winter,ROIs2017_winter_s2_64_p508,s2_64
36649,winter,ROIs2017_winter_s2_116_p179,s2_116
36657,winter,ROIs2017_winter_s2_116_p187,s2_116
7763,spring,ROIs1158_spring_s2_63_p71,s2_63
32924,winter,ROIs2017_winter_s2_75_p658,s2_75
7273,spring,ROIs1158_spring_s2_58_p296,s2_58
21169,spring,ROIs1158_spring_s2_134_p75,s2_134
29032,winter,ROIs2017_winter_s2_59_p97,s2_59
34609,winter,ROIs2017_winter_s2_102_p230,s2_102
16461,spring,ROIs1158_spring_s2_119_p579,s2_119
29554,winter,ROIs2017_winter_s2_59_p664,s2_59
34997,winter,ROIs2017_winter_s2_102_p721,s2_102
1115,spring,ROIs1158_spring_s2_6_p402,s2_6
3244,spring,ROIs1158_spring_s2_15_p510,s2_15
3920,spring,ROIs1158_spring_s2_21_p576,s2_21
9013,spring,ROIs1158_spring_s2_66_p561,s2_66
16961,spring,ROIs1158_spring_s2_120_p285,s2_120
28101,winter,ROIs2017_winter_s2_49_p272,s2_49
7023,spring,ROIs1158_spring_s2_45_p748,s2_45
24217,spring,ROIs1158_spring_s2_147_p538,s2_147
21333,spring,ROIs1158_spring_s2_134_p245,s2_134
14420,spring,ROIs1158_spring_s2_115_p96,s2_115
22456,spring,ROIs1158_spring_s2_141_p714,s2_141
28800,winter,ROIs2017_winter_s2_55_p218,s2_55
37621,winter,ROIs2017_winter_s2_135_p423,s2_135
3446,spring,ROIs1158_spring_s2_15_p726,s2_15
28830,winter,ROIs2017_winter_s2_55_p252,s2_55
702,spring,ROIs1158_spring_s2_1_p757,s2_1
17494,spring,ROIs1158_spring_s2_120_p837,s2_120
8351,spring,ROIs1158_spring_s2_63_p680,s2_63
1620,spring,ROIs1158_spring_s2_8_p170,s2_8
22831,spring,ROIs1158_spring_s2_142_p357,s2_142
33583,winter,ROIs2017_winter_s2_81_p561,s2_81
36683,winter,ROIs2017_winter_s2_116_p214,s2_116
12703,spring,ROIs1158_spring_s2_109_p365,s2_109
24837,winter,ROIs2017_winter_s2_8_p505,s2_8
34996,winter,ROIs2017_winter_s2_102_p720,s2_102
26337,winter,ROIs2017_winter_s2_25_p713,s2_25
31741,winter,ROIs2017_winter_s2_68_p134,s2_68
7886,spring,ROIs1158_spring_s2_63_p198,s2_63
22335,spring,ROIs1158_spring_s2_141_p576,s2_141
33341,winter,ROIs2017_winter_s2_81_p306,s2_81
11099,spring,ROIs1158_spring_s2_100_p89,s2_100
5419,spring,ROIs1158_spring_s2_39_p449,s2_39
21834,spring,ROIs1158_spring_s2_134_p828,s2_134
34521,winter,ROIs2017_winter_s2_102_p122,s2_102
8792,spring,ROIs1158_spring_s2_66_p325,s2_66
19366,spring,ROIs1158_spring_s2_126_p642,s2_126
37804,winter,ROIs2017_winter_s2_146_p84,s2_146
34845,winter,ROIs2017_winter_s2_102_p507,s2_102
525,spring,ROIs1158_spring_s2_1_p573,s2_1
37456,winter,ROIs2017_winter_s2_135_p224,s2_135
3995,spring,ROIs1158_spring_s2_21_p657,s2_21
21955,spring,ROIs1158_spring_s2_141_p150,s2_141
22900,spring,ROIs1158_spring_s2_142_p447,s2_142
36362,winter,ROIs2017_winter_s2_112_p770,s2_112
14192,spring,ROIs1158_spring_s2_113_p648,s2_113
31210,winter,ROIs2017_winter_s2_64_p396,s2_64
4771,spring,ROIs1158_spring_s2_26_p594,s2_26
12699,spring,ROIs1158_spring_s2_109_p344,s2_109
31411,winter,ROIs2017_winter_s2_64_p604,s2_64
5665,spring,ROIs1158_spring_s2_39_p703,s2_39
30737,winter,ROIs2017_winter_s2_62_p715,s2_62
680,spring,ROIs1158_spring_s2_1_p734,s2_1
18919,spring,ROIs1158_spring_s2_126_p121,s2_126
6893,spring,ROIs1158_spring_s2_45_p584,s2_45
34487,winter,ROIs2017_winter_s2_102_p83,s2_102
23654,spring,ROIs1158_spring_s2_145_p499,s2_145
153,spring,ROIs1158_spring_s2_1_p188,s2_1
19717,spring,ROIs1158_spring_s2_128_p194,s2_128
10325,spring,ROIs1158_spring_s2_77_p393,s2_77
1411,spring,ROIs1158_spring_s2_6_p756,s2_6
19843,spring,ROIs1158_spring_s2_128_p326,s2_128
17864,spring,ROIs1158_spring_s2_121_p500,s2_121
34321,winter,ROIs2017_winter_s2_94_p709,s2_94
36762,winter,ROIs2017_winter_s2_116_p296,s2_116
9411,spring,ROIs1158_spring_s2_75_p194,s2_75
30540,winter,ROIs2017_winter_s2_62_p509,s2_62
24381,winter,ROIs2017_winter_s2_8_p33,s2_8
25320,winter,ROIs2017_winter_s2_21_p234,s2_21
12754,spring,ROIs1158_spring_s2_109_p484,s2_109
5940,spring,ROIs1158_spring_s2_40_p213,s2_40
8144,spring,ROIs1158_spring_s2_63_p466,s2_63
33408,winter,ROIs2017_winter_s2_81_p375,s2_81
29093,winter,ROIs2017_winter_s2_59_p160,s2_59
35076,winter,ROIs2017_winter_s2_102_p846,s2_102
18203,spring,ROIs1158_spring_s2_124_p162,s2_124
2104,spring,ROIs1158_spring_s2_8_p672,s2_8
29555,winter,ROIs2017_winter_s2_59_p665,s2_59
36905,winter,ROIs2017_winter_s2_116_p444,s2_116
29308,winter,ROIs2017_winter_s2_59_p383,s2_59
2164,spring,ROIs1158_spring_s2_8_p734,s2_8
32263,winter,ROIs2017_winter_s2_68_p699,s2_68
11274,spring,ROIs1158_spring_s2_100_p274,s2_100
5692,spring,ROIs1158_spring_s2_39_p731,s2_39
29499,winter,ROIs2017_winter_s2_59_p585,s2_59
7321,spring,ROIs1158_spring_s2_58_p354,s2_58
33441,winter,ROIs2017_winter_s2_81_p410,s2_81
6650,spring,ROIs1158_spring_s2_45_p330,s2_45
20322,spring,ROIs1158_spring_s2_128_p822,s2_128
35441,winter,ROIs2017_winter_s2_104_p356,s2_104
36641,winter,ROIs2017_winter_s2_116_p170,s2_116
33083,winter,ROIs2017_winter_s2_81_p30,s2_81
30391,winter,ROIs2017_winter_s2_62_p289,s2_62
30071,winter,ROIs2017_winter_s2_61_p628,s2_61
15313,spring,ROIs1158_spring_s2_117_p220,s2_117
38312,winter,ROIs2017_winter_s2_146_p749,s2_146
33736,winter,ROIs2017_winter_s2_94_p103,s2_94
15760,spring,ROIs1158_spring_s2_117_p697,s2_117
22776,spring,ROIs1158_spring_s2_142_p280,s2_142
32562,winter,ROIs2017_winter_s2_75_p238,s2_75
18358,spring,ROIs1158_spring_s2_124_p350,s2_124
28021,winter,ROIs2017_winter_s2_49_p187,s2_49
5450,spring,ROIs1158_spring_s2_39_p482,s2_39
3871,spring,ROIs1158_spring_s2_21_p523,s2_21
31516,winter,ROIs2017_winter_s2_64_p713,s2_64
25731,winter,ROIs2017_winter_s2_25_p42,s2_25
31713,winter,ROIs2017_winter_s2_68_p105,s2_68
32490,winter,ROIs2017_winter_s2_75_p154,s2_75
13019,spring,ROIs1158_spring_s2_110_p168,s2_110
34565,winter,ROIs2017_winter_s2_102_p176,s2_102
29694,winter,ROIs2017_winter_s2_61_p47,s2_61
38131,winter,ROIs2017_winter_s2_146_p512,s2_146
35474,winter,ROIs2017_winter_s2_104_p394,s2_104
29685,winter,ROIs2017_winter_s2_61_p38,s2_61
10314,spring,ROIs1158_spring_s2_77_p369,s2_77
14163,spring,ROIs1158_spring_s2_113_p615,s2_113
1762,spring,ROIs1158_spring_s2_8_p317,s2_8
27788,winter,ROIs2017_winter_s2_47_p718,s2_47
11596,spring,ROIs1158_spring_s2_100_p612,s2_100
2162,spring,ROIs1158_spring_s2_8_p732,s2_8
30477,winter,ROIs2017_winter_s2_62_p428,s2_62
30786,winter,ROIs2017_winter_s2_62_p766,s2_62
13793,spring,ROIs1158_spring_s2_113_p211,s2_113
26363,winter,ROIs2017_winter_s2_25_p745,s2_25
10691,spring,ROIs1158_spring_s2_77_p786,s2_77
30986,winter,ROIs2017_winter_s2_64_p164,s2_64
30596,winter,ROIs2017_winter_s2_62_p569,s2_62
15826,spring,ROIs1158_spring_s2_117_p767,s2_117
35824,winter,ROIs2017_winter_s2_112_p195,s2_112
27949,winter,ROIs2017_winter_s2_49_p107,s2_49
6399,spring,ROIs1158_spring_s2_45_p70,s2_45
26896,winter,ROIs2017_winter_s2_42_p507,s2_42
4753,spring,ROIs1158_spring_s2_26_p575,s2_26
37855,winter,ROIs2017_winter_s2_146_p148,s2_146
27002,winter,ROIs2017_winter_s2_42_p617,s2_42
5694,spring,ROIs1158_spring_s2_39_p733,s2_39
36436,winter,ROIs2017_winter_s2_112_p855,s2_112
33947,winter,ROIs2017_winter_s2_94_p322,s2_94
6786,spring,ROIs1158_spring_s2_45_p471,s2_45
5418,spring,ROIs1158_spring_s2_39_p448,s2_39
37702,winter,ROIs2017_winter_s2_135_p529,s2_135
27115,winter,ROIs2017_winter_s2_42_p734,s2_42
27342,winter,ROIs2017_winter_s2_47_p182,s2_47
1452,spring,ROIs1158_spring_s2_6_p805,s2_6
31969,winter,ROIs2017_winter_s2_68_p370,s2_68
33202,winter,ROIs2017_winter_s2_81_p155,s2_81
10064,spring,ROIs1158_spring_s2_77_p65,s2_77
13406,spring,ROIs1158_spring_s2_110_p622,s2_110
37594,winter,ROIs2017_winter_s2_135_p390,s2_135
19066,spring,ROIs1158_spring_s2_126_p331,s2_126
24582,winter,ROIs2017_winter_s2_8_p241,s2_8
25966,winter,ROIs2017_winter_s2_25_p285,s2_25
16089,spring,ROIs1158_spring_s2_119_p160,s2_119
13824,spring,ROIs1158_spring_s2_113_p243,s2_113
13977,spring,ROIs1158_spring_s2_113_p405,s2_113
10570,spring,ROIs1158_spring_s2_77_p660,s2_77
9477,spring,ROIs1158_spring_s2_75_p267,s2_75
21330,spring,ROIs1158_spring_s2_134_p242,s2_134
29417,winter,ROIs2017_winter_s2_59_p496,s2_59
10947,spring,ROIs1158_spring_s2_97_p611,s2_97
29391,winter,ROIs2017_winter_s2_59_p469,s2_59
13105,spring,ROIs1158_spring_s2_110_p269,s2_110
12848,spring,ROIs1158_spring_s2_109_p718,s2_109
25491,winter,ROIs2017_winter_s2_21_p468,s2_21
24653,winter,ROIs2017_winter_s2_8_p314,s2_8
2228,spring,ROIs1158_spring_s2_8_p800,s2_8
899,spring,ROIs1158_spring_s2_6_p149,s2_6
34890,winter,ROIs2017_winter_s2_102_p562,s2_102
16394,spring,ROIs1158_spring_s2_119_p510,s2_119
11054,spring,ROIs1158_spring_s2_100_p43,s2_100
26609,winter,ROIs2017_winter_s2_42_p210,s2_42
12652,spring,ROIs1158_spring_s2_109_p229,s2_109
29777,winter,ROIs2017_winter_s2_61_p186,s2_61
4673,spring,ROIs1158_spring_s2_26_p492,s2_26
29992,winter,ROIs2017_winter_s2_61_p512,s2_61
15329,spring,ROIs1158_spring_s2_117_p236,s2_117
31403,winter,ROIs2017_winter_s2_64_p596,s2_64
31273,winter,ROIs2017_winter_s2_64_p461,s2_64
29331,winter,ROIs2017_winter_s2_59_p407,s2_59
31203,winter,ROIs2017_winter_s2_64_p389,s2_64
33678,winter,ROIs2017_winter_s2_81_p710,s2_81
2980,spring,ROIs1158_spring_s2_15_p223,s2_15
35932,winter,ROIs2017_winter_s2_112_p311,s2_112
37786,winter,ROIs2017_winter_s2_146_p61,s2_146
18895,spring,ROIs1158_spring_s2_126_p96,s2_126
25289,winter,ROIs2017_winter_s2_21_p188,s2_21
4563,spring,ROIs1158_spring_s2_26_p374,s2_26
7786,spring,ROIs1158_spring_s2_63_p95,s2_63
27589,winter,ROIs2017_winter_s2_47_p479,s2_47
15347,spring,ROIs1158_spring_s2_117_p256,s2_117
18331,spring,ROIs1158_spring_s2_124_p322,s2_124
26245,winter,ROIs2017_winter_s2_25_p600,s2_25
21380,spring,ROIs1158_spring_s2_134_p294,s2_134
23349,spring,ROIs1158_spring_s2_145_p183,s2_145
35790,winter,ROIs2017_winter_s2_112_p159,s2_112
31484,winter,ROIs2017_winter_s2_64_p680,s2_64
32106,winter,ROIs2017_winter_s2_68_p512,s2_68
7818,spring,ROIs1158_spring_s2_63_p128,s2_63
3966,spring,ROIs1158_spring_s2_21_p626,s2_21
1957,spring,ROIs1158_spring_s2_8_p519,s2_8
27505,winter,ROIs2017_winter_s2_47_p375,s2_47
31090,winter,ROIs2017_winter_s2_64_p272,s2_64
24992,winter,ROIs2017_winter_s2_8_p665,s2_8
31378,winter,ROIs2017_winter_s2_64_p570,s2_64
30691,winter,ROIs2017_winter_s2_62_p668,s2_62
31183,winter,ROIs2017_winter_s2_64_p368,s2_64
30494,winter,ROIs2017_winter_s2_62_p446,s2_62
37879,winter,ROIs2017_winter_s2_146_p181,s2_146
16631,spring,ROIs1158_spring_s2_119_p756,s2_119
27774,winter,ROIs2017_winter_s2_47_p704,s2_47
24808,winter,ROIs2017_winter_s2_8_p475,s2_8
31266,winter,ROIs2017_winter_s2_64_p454,s2_64
12121,spring,ROIs1158_spring_s2_101_p356,s2_101
17980,spring,ROIs1158_spring_s2_121_p644,s2_121
4047,spring,ROIs1158_spring_s2_21_p711,s2_21
15954,spring,ROIs1158_spring_s2_117_p905,s2_117
4752,spring,ROIs1158_spring_s2_26_p574,s2_26
15,spring,ROIs1158_spring_s2_1_p45,s2_1
30690,winter,ROIs2017_winter_s2_62_p666,s2_62
35757,winter,ROIs2017_winter_s2_112_p122,s2_112
3177,spring,ROIs1158_spring_s2_15_p434,s2_15
36208,winter,ROIs2017_winter_s2_112_p606,s2_112
28340,winter,ROIs2017_winter_s2_49_p519,s2_49
27249,winter,ROIs2017_winter_s2_47_p69,s2_47
33684,winter,ROIs2017_winter_s2_81_p751,s2_81
33586,winter,ROIs2017_winter_s2_81_p564,s2_81
28032,winter,ROIs2017_winter_s2_49_p198,s2_49
25149,winter,ROIs2017_winter_s2_8_p828,s2_8
12701,spring,ROIs1158_spring_s2_109_p346,s2_109
36959,winter,ROIs2017_winter_s2_116_p500,s2_116
36550,winter,ROIs2017_winter_s2_116_p76,s2_116
7652,spring,ROIs1158_spring_s2_58_p760,s2_58
27026,winter,ROIs2017_winter_s2_42_p642,s2_42
34971,winter,ROIs2017_winter_s2_102_p683,s2_102
25945,winter,ROIs2017_winter_s2_25_p264,s2_25
8282,spring,ROIs1158_spring_s2_63_p608,s2_63
8826,spring,ROIs1158_spring_s2_66_p360,s2_66
27479,winter,ROIs2017_winter_s2_47_p344,s2_47
34233,winter,ROIs2017_winter_s2_94_p618,s2_94
14066,spring,ROIs1158_spring_s2_113_p505,s2_113
8320,spring,ROIs1158_spring_s2_63_p648,s2_63
30537,winter,ROIs2017_winter_s2_62_p506,s2_62
27920,winter,ROIs2017_winter_s2_49_p70,s2_49
18977,spring,ROIs1158_spring_s2_126_p239,s2_126
16691,spring,ROIs1158_spring_s2_119_p818,s2_119
16792,spring,ROIs1158_spring_s2_120_p110,s2_120
33560,winter,ROIs2017_winter_s2_81_p533,s2_81
28301,winter,ROIs2017_winter_s2_49_p479,s2_49
17829,spring,ROIs1158_spring_s2_121_p458,s2_121
11220,spring,ROIs1158_spring_s2_100_p219,s2_100
32055,winter,ROIs2017_winter_s2_68_p459,s2_68
32115,winter,ROIs2017_winter_s2_68_p521,s2_68
9168,spring,ROIs1158_spring_s2_66_p732,s2_66
15342,spring,ROIs1158_spring_s2_117_p251,s2_117
26850,winter,ROIs2017_winter_s2_42_p459,s2_42
2535,spring,ROIs1158_spring_s2_9_p356,s2_9
29152,winter,ROIs2017_winter_s2_59_p221,s2_59
18481,spring,ROIs1158_spring_s2_124_p479,s2_124
29556,winter,ROIs2017_winter_s2_59_p666,s2_59
26157,winter,ROIs2017_winter_s2_25_p496,s2_25
1222,spring,ROIs1158_spring_s2_6_p534,s2_6
24657,winter,ROIs2017_winter_s2_8_p318,s2_8
624,spring,ROIs1158_spring_s2_1_p676,s2_1
5981,spring,ROIs1158_spring_s2_40_p269,s2_40
14997,spring,ROIs1158_spring_s2_115_p697,s2_115
32504,winter,ROIs2017_winter_s2_75_p171,s2_75
18201,spring,ROIs1158_spring_s2_124_p160,s2_124
9894,spring,ROIs1158_spring_s2_75_p701,s2_75
31619,winter,ROIs2017_winter_s2_64_p820,s2_64
943,spring,ROIs1158_spring_s2_6_p198,s2_6
34559,winter,ROIs2017_winter_s2_102_p170,s2_102
33607,winter,ROIs2017_winter_s2_81_p595,s2_81
21856,spring,ROIs1158_spring_s2_141_p39,s2_141
30379,winter,ROIs2017_winter_s2_62_p266,s2_62
33060,winter,ROIs2017_winter_s2_75_p815,s2_75
1664,spring,ROIs1158_spring_s2_8_p216,s2_8
20386,spring,ROIs1158_spring_s2_132_p76,s2_132
4933,spring,ROIs1158_spring_s2_26_p763,s2_26
37153,winter,ROIs2017_winter_s2_116_p703,s2_116
36160,winter,ROIs2017_winter_s2_112_p553,s2_112
5368,spring,ROIs1158_spring_s2_39_p398,s2_39
30842,winter,ROIs2017_winter_s2_62_p827,s2_62
21192,spring,ROIs1158_spring_s2_134_p99,s2_134
37102,winter,ROIs2017_winter_s2_116_p648,s2_116
29668,winter,ROIs2017_winter_s2_59_p832,s2_59
36974,winter,ROIs2017_winter_s2_116_p515,s2_116
37132,winter,ROIs2017_winter_s2_116_p679,s2_116
5305,spring,ROIs1158_spring_s2_39_p331,s2_39
22654,spring,ROIs1158_spring_s2_142_p130,s2_142
27078,winter,ROIs2017_winter_s2_42_p695,s2_42
29721,winter,ROIs2017_winter_s2_61_p109,s2_61
25584,winter,ROIs2017_winter_s2_21_p639,s2_21
32987,winter,ROIs2017_winter_s2_75_p730,s2_75
14708,spring,ROIs1158_spring_s2_115_p397,s2_115
10678,spring,ROIs1158_spring_s2_77_p772,s2_77
34944,winter,ROIs2017_winter_s2_102_p632,s2_102
14969,spring,ROIs1158_spring_s2_115_p668,s2_115
24985,winter,ROIs2017_winter_s2_8_p658,s2_8
36355,winter,ROIs2017_winter_s2_112_p763,s2_112
30805,winter,ROIs2017_winter_s2_62_p786,s2_62
28226,winter,ROIs2017_winter_s2_49_p401,s2_49
9704,spring,ROIs1158_spring_s2_75_p504,s2_75
14619,spring,ROIs1158_spring_s2_115_p305,s2_115
27207,winter,ROIs2017_winter_s2_42_p829,s2_42
35439,winter,ROIs2017_winter_s2_104_p354,s2_104
18581,spring,ROIs1158_spring_s2_124_p583,s2_124
31942,winter,ROIs2017_winter_s2_68_p342,s2_68
669,spring,ROIs1158_spring_s2_1_p722,s2_1
30476,winter,ROIs2017_winter_s2_62_p419,s2_62
23931,spring,ROIs1158_spring_s2_145_p817,s2_145
30674,winter,ROIs2017_winter_s2_62_p650,s2_62
18458,spring,ROIs1158_spring_s2_124_p455,s2_124
21163,spring,ROIs1158_spring_s2_134_p69,s2_134
24831,winter,ROIs2017_winter_s2_8_p499,s2_8
20353,spring,ROIs1158_spring_s2_132_p42,s2_132
10425,spring,ROIs1158_spring_s2_77_p510,s2_77
13546,spring,ROIs1158_spring_s2_110_p767,s2_110
25599,winter,ROIs2017_winter_s2_21_p654,s2_21
23853,spring,ROIs1158_spring_s2_145_p705,s2_145
20191,spring,ROIs1158_spring_s2_128_p686,s2_128
2233,spring,ROIs1158_spring_s2_8_p805,s2_8
33752,winter,ROIs2017_winter_s2_94_p120,s2_94
4151,spring,ROIs1158_spring_s2_21_p823,s2_21
34418,winter,ROIs2017_winter_s2_94_p809,s2_94
33744,winter,ROIs2017_winter_s2_94_p111,s2_94
27006,winter,ROIs2017_winter_s2_42_p621,s2_42
30872,winter,ROIs2017_winter_s2_64_p46,s2_64
22586,spring,ROIs1158_spring_s2_142_p47,s2_142
25530,winter,ROIs2017_winter_s2_21_p559,s2_21
29394,winter,ROIs2017_winter_s2_59_p472,s2_59
33206,winter,ROIs2017_winter_s2_81_p159,s2_81
20034,spring,ROIs1158_spring_s2_128_p524,s2_128
20304,spring,ROIs1158_spring_s2_128_p803,s2_128
29874,winter,ROIs2017_winter_s2_61_p327,s2_61
3403,spring,ROIs1158_spring_s2_15_p680,s2_15
31442,winter,ROIs2017_winter_s2_64_p636,s2_64
18058,spring,ROIs1158_spring_s2_121_p745,s2_121
37719,winter,ROIs2017_winter_s2_135_p553,s2_135
4109,spring,ROIs1158_spring_s2_21_p779,s2_21
24933,winter,ROIs2017_winter_s2_8_p604,s2_8
487,spring,ROIs1158_spring_s2_1_p534,s2_1
12236,spring,ROIs1158_spring_s2_101_p475,s2_101
7290,spring,ROIs1158_spring_s2_58_p313,s2_58
17785,spring,ROIs1158_spring_s2_121_p390,s2_121
21828,spring,ROIs1158_spring_s2_134_p822,s2_134
35581,winter,ROIs2017_winter_s2_104_p521,s2_104
38160,winter,ROIs2017_winter_s2_146_p547,s2_146
36997,winter,ROIs2017_winter_s2_116_p539,s2_116
5291,spring,ROIs1158_spring_s2_39_p315,s2_39
36677,winter,ROIs2017_winter_s2_116_p208,s2_116
28608,winter,ROIs2017_winter_s2_49_p809,s2_49
36084,winter,ROIs2017_winter_s2_112_p473,s2_112
37478,winter,ROIs2017_winter_s2_135_p250,s2_135
15125,spring,ROIs1158_spring_s2_115_p829,s2_115
26581,winter,ROIs2017_winter_s2_42_p181,s2_42
22504,spring,ROIs1158_spring_s2_141_p768,s2_141
13187,spring,ROIs1158_spring_s2_110_p388,s2_110
37213,winter,ROIs2017_winter_s2_116_p767,s2_116
14128,spring,ROIs1158_spring_s2_113_p573,s2_113
37690,winter,ROIs2017_winter_s2_135_p510,s2_135
26689,winter,ROIs2017_winter_s2_42_p293,s2_42
12964,spring,ROIs1158_spring_s2_110_p109,s2_110
33310,winter,ROIs2017_winter_s2_81_p269,s2_81
14643,spring,ROIs1158_spring_s2_115_p330,s2_115
28122,winter,ROIs2017_winter_s2_49_p294,s2_49
32027,winter,ROIs2017_winter_s2_68_p430,s2_68
33099,winter,ROIs2017_winter_s2_81_p46,s2_81
22036,spring,ROIs1158_spring_s2_141_p240,s2_141
29013,winter,ROIs2017_winter_s2_59_p77,s2_59
32108,winter,ROIs2017_winter_s2_68_p514,s2_68
34873,winter,ROIs2017_winter_s2_102_p540,s2_102
33346,winter,ROIs2017_winter_s2_81_p311,s2_81
28734,winter,ROIs2017_winter_s2_55_p149,s2_55
15818,spring,ROIs1158_spring_s2_117_p759,s2_117
27570,winter,ROIs2017_winter_s2_47_p455,s2_47
26251,winter,ROIs2017_winter_s2_25_p606,s2_25
31186,winter,ROIs2017_winter_s2_64_p371,s2_64
31272,winter,ROIs2017_winter_s2_64_p460,s2_64
32478,winter,ROIs2017_winter_s2_75_p141,s2_75
4821,spring,ROIs1158_spring_s2_26_p646,s2_26
24162,spring,ROIs1158_spring_s2_147_p444,s2_147
31960,winter,ROIs2017_winter_s2_68_p361,s2_68
1453,spring,ROIs1158_spring_s2_6_p806,s2_6
33011,winter,ROIs2017_winter_s2_75_p758,s2_75
30535,winter,ROIs2017_winter_s2_62_p504,s2_62
36566,winter,ROIs2017_winter_s2_116_p93,s2_116
20772,spring,ROIs1158_spring_s2_132_p476,s2_132
22861,spring,ROIs1158_spring_s2_142_p394,s2_142
29450,winter,ROIs2017_winter_s2_59_p530,s2_59
14595,spring,ROIs1158_spring_s2_115_p279,s2_115
10235,spring,ROIs1158_spring_s2_77_p242,s2_77
4131,spring,ROIs1158_spring_s2_21_p801,s2_21
8151,spring,ROIs1158_spring_s2_63_p473,s2_63
24773,winter,ROIs2017_winter_s2_8_p439,s2_8
3304,spring,ROIs1158_spring_s2_15_p575,s2_15
7681,spring,ROIs1158_spring_s2_58_p794,s2_58
16848,spring,ROIs1158_spring_s2_120_p168,s2_120
13758,spring,ROIs1158_spring_s2_113_p175,s2_113
33713,winter,ROIs2017_winter_s2_94_p79,s2_94
28145,winter,ROIs2017_winter_s2_49_p317,s2_49
25243,winter,ROIs2017_winter_s2_21_p129,s2_21
30362,winter,ROIs2017_winter_s2_62_p237,s2_62
36544,winter,ROIs2017_winter_s2_116_p70,s2_116
33693,winter,ROIs2017_winter_s2_94_p59,s2_94
13975,spring,ROIs1158_spring_s2_113_p403,s2_113
27246,winter,ROIs2017_winter_s2_47_p66,s2_47
4476,spring,ROIs1158_spring_s2_26_p279,s2_26
29482,winter,ROIs2017_winter_s2_59_p563,s2_59
7667,spring,ROIs1158_spring_s2_58_p775,s2_58
30822,winter,ROIs2017_winter_s2_62_p806,s2_62
21041,spring,ROIs1158_spring_s2_132_p755,s2_132
27590,winter,ROIs2017_winter_s2_47_p480,s2_47
16106,spring,ROIs1158_spring_s2_119_p181,s2_119
19573,spring,ROIs1158_spring_s2_128_p44,s2_128
32396,winter,ROIs2017_winter_s2_75_p43,s2_75
28673,winter,ROIs2017_winter_s2_55_p85,s2_55
21651,spring,ROIs1158_spring_s2_134_p639,s2_134
3033,spring,ROIs1158_spring_s2_15_p278,s2_15
36887,winter,ROIs2017_winter_s2_116_p425,s2_116
31683,winter,ROIs2017_winter_s2_68_p74,s2_68
26546,winter,ROIs2017_winter_s2_42_p144,s2_42
2312,spring,ROIs1158_spring_s2_9_p97,s2_9
3334,spring,ROIs1158_spring_s2_15_p606,s2_15
25561,winter,ROIs2017_winter_s2_21_p610,s2_21
31188,winter,ROIs2017_winter_s2_64_p373,s2_64
8780,spring,ROIs1158_spring_s2_66_p312,s2_66
37136,winter,ROIs2017_winter_s2_116_p683,s2_116
29103,winter,ROIs2017_winter_s2_59_p170,s2_59
16734,spring,ROIs1158_spring_s2_120_p50,s2_120
5698,spring,ROIs1158_spring_s2_39_p737,s2_39
34234,winter,ROIs2017_winter_s2_94_p619,s2_94
10930,spring,ROIs1158_spring_s2_97_p560,s2_97
30818,winter,ROIs2017_winter_s2_62_p802,s2_62
3657,spring,ROIs1158_spring_s2_21_p270,s2_21
20155,spring,ROIs1158_spring_s2_128_p649,s2_128
8532,spring,ROIs1158_spring_s2_66_p55,s2_66
31507,winter,ROIs2017_winter_s2_64_p704,s2_64
29522,winter,ROIs2017_winter_s2_59_p608,s2_59
24563,winter,ROIs2017_winter_s2_8_p221,s2_8
31103,winter,ROIs2017_winter_s2_64_p285,s2_64
32838,winter,ROIs2017_winter_s2_75_p558,s2_75
21808,spring,ROIs1158_spring_s2_134_p801,s2_134
18425,spring,ROIs1158_spring_s2_124_p421,s2_124
37371,winter,ROIs2017_winter_s2_135_p129,s2_135
34966,winter,ROIs2017_winter_s2_102_p666,s2_102
19578,spring,ROIs1158_spring_s2_128_p49,s2_128
26219,winter,ROIs2017_winter_s2_25_p569,s2_25
8754,spring,ROIs1158_spring_s2_66_p285,s2_66
4229,spring,ROIs1158_spring_s2_21_p907,s2_21
33231,winter,ROIs2017_winter_s2_81_p185,s2_81
5550,spring,ROIs1158_spring_s2_39_p584,s2_39
27598,winter,ROIs2017_winter_s2_47_p488,s2_47
23189,spring,ROIs1158_spring_s2_142_p824,s2_142
30485,winter,ROIs2017_winter_s2_62_p437,s2_62
38053,winter,ROIs2017_winter_s2_146_p408,s2_146
21736,spring,ROIs1158_spring_s2_134_p727,s2_134
28450,winter,ROIs2017_winter_s2_49_p633,s2_49
12565,spring,ROIs1158_spring_s2_101_p835,s2_101
2047,spring,ROIs1158_spring_s2_8_p613,s2_8
38008,winter,ROIs2017_winter_s2_146_p351,s2_146
26153,winter,ROIs2017_winter_s2_25_p491,s2_25
22860,spring,ROIs1158_spring_s2_142_p393,s2_142
30153,winter,ROIs2017_winter_s2_61_p730,s2_61
19156,spring,ROIs1158_spring_s2_126_p424,s2_126
9937,spring,ROIs1158_spring_s2_75_p745,s2_75
25335,winter,ROIs2017_winter_s2_21_p249,s2_21
16446,spring,ROIs1158_spring_s2_119_p564,s2_119
12828,spring,ROIs1158_spring_s2_109_p660,s2_109
14960,spring,ROIs1158_spring_s2_115_p658,s2_115
13238,spring,ROIs1158_spring_s2_110_p445,s2_110
32424,winter,ROIs2017_winter_s2_75_p79,s2_75
581,spring,ROIs1158_spring_s2_1_p631,s2_1
23781,spring,ROIs1158_spring_s2_145_p630,s2_145
17130,spring,ROIs1158_spring_s2_120_p460,s2_120
29341,winter,ROIs2017_winter_s2_59_p417,s2_59
9331,spring,ROIs1158_spring_s2_75_p105,s2_75
9620,spring,ROIs1158_spring_s2_75_p417,s2_75
26154,winter,ROIs2017_winter_s2_25_p492,s2_25
29942,winter,ROIs2017_winter_s2_61_p444,s2_61
37197,winter,ROIs2017_winter_s2_116_p750,s2_116
9003,spring,ROIs1158_spring_s2_66_p550,s2_66
32063,winter,ROIs2017_winter_s2_68_p468,s2_68
5892,spring,ROIs1158_spring_s2_40_p151,s2_40
35946,winter,ROIs2017_winter_s2_112_p325,s2_112
38075,winter,ROIs2017_winter_s2_146_p436,s2_146
29337,winter,ROIs2017_winter_s2_59_p413,s2_59
23292,spring,ROIs1158_spring_s2_145_p124,s2_145
15503,spring,ROIs1158_spring_s2_117_p422,s2_117
28569,winter,ROIs2017_winter_s2_49_p757,s2_49
19906,spring,ROIs1158_spring_s2_128_p391,s2_128
34101,winter,ROIs2017_winter_s2_94_p481,s2_94
15541,spring,ROIs1158_spring_s2_117_p462,s2_117
24566,winter,ROIs2017_winter_s2_8_p224,s2_8
11889,spring,ROIs1158_spring_s2_101_p115,s2_101
24675,winter,ROIs2017_winter_s2_8_p337,s2_8
11995,spring,ROIs1158_spring_s2_101_p225,s2_101
35236,winter,ROIs2017_winter_s2_104_p113,s2_104
27310,winter,ROIs2017_winter_s2_47_p140,s2_47
10147,spring,ROIs1158_spring_s2_77_p151,s2_77
32285,winter,ROIs2017_winter_s2_68_p726,s2_68
20992,spring,ROIs1158_spring_s2_132_p704,s2_132
24433,winter,ROIs2017_winter_s2_8_p86,s2_8
9611,spring,ROIs1158_spring_s2_75_p408,s2_75
25795,winter,ROIs2017_winter_s2_25_p108,s2_25
35151,winter,ROIs2017_winter_s2_102_p925,s2_102
26633,winter,ROIs2017_winter_s2_42_p235,s2_42
26885,winter,ROIs2017_winter_s2_42_p496,s2_42
7307,spring,ROIs1158_spring_s2_58_p335,s2_58
26424,winter,ROIs2017_winter_s2_25_p830,s2_25
13229,spring,ROIs1158_spring_s2_110_p436,s2_110
35753,winter,ROIs2017_winter_s2_112_p118,s2_112
1223,spring,ROIs1158_spring_s2_6_p535,s2_6
38066,winter,ROIs2017_winter_s2_146_p426,s2_146
4574,spring,ROIs1158_spring_s2_26_p387,s2_26
7078,spring,ROIs1158_spring_s2_58_p56,s2_58
35536,winter,ROIs2017_winter_s2_104_p468,s2_104
19761,spring,ROIs1158_spring_s2_128_p241,s2_128
7809,spring,ROIs1158_spring_s2_63_p119,s2_63
36666,winter,ROIs2017_winter_s2_116_p196,s2_116
11141,spring,ROIs1158_spring_s2_100_p134,s2_100
36079,winter,ROIs2017_winter_s2_112_p468,s2_112
4474,spring,ROIs1158_spring_s2_26_p277,s2_26
29569,winter,ROIs2017_winter_s2_59_p693,s2_59
11990,spring,ROIs1158_spring_s2_101_p220,s2_101
26093,winter,ROIs2017_winter_s2_25_p423,s2_25
36722,winter,ROIs2017_winter_s2_116_p254,s2_116
33338,winter,ROIs2017_winter_s2_81_p303,s2_81
10955,spring,ROIs1158_spring_s2_97_p619,s2_97
31238,winter,ROIs2017_winter_s2_64_p425,s2_64
7183,spring,ROIs1158_spring_s2_58_p186,s2_58
10976,spring,ROIs1158_spring_s2_97_p674,s2_97
26590,winter,ROIs2017_winter_s2_42_p190,s2_42
26292,winter,ROIs2017_winter_s2_25_p657,s2_25
12604,spring,ROIs1158_spring_s2_109_p113,s2_109
26065,winter,ROIs2017_winter_s2_25_p392,s2_25
5094,spring,ROIs1158_spring_s2_39_p115,s2_39
19065,spring,ROIs1158_spring_s2_126_p330,s2_126
24412,winter,ROIs2017_winter_s2_8_p65,s2_8
29051,winter,ROIs2017_winter_s2_59_p117,s2_59
29069,winter,ROIs2017_winter_s2_59_p135,s2_59
21423,spring,ROIs1158_spring_s2_134_p338,s2_134
2217,spring,ROIs1158_spring_s2_8_p789,s2_8
9170,spring,ROIs1158_spring_s2_66_p734,s2_66
29934,winter,ROIs2017_winter_s2_61_p436,s2_61
10743,spring,ROIs1158_spring_s2_77_p839,s2_77
30244,winter,ROIs2017_winter_s2_62_p41,s2_62
3486,spring,ROIs1158_spring_s2_15_p767,s2_15
18621,spring,ROIs1158_spring_s2_124_p624,s2_124
26640,winter,ROIs2017_winter_s2_42_p242,s2_42
1997,spring,ROIs1158_spring_s2_8_p561,s2_8
9905,spring,ROIs1158_spring_s2_75_p712,s2_75
35433,winter,ROIs2017_winter_s2_104_p346,s2_104
29125,winter,ROIs2017_winter_s2_59_p193,s2_59
22925,spring,ROIs1158_spring_s2_142_p479,s2_142
5223,spring,ROIs1158_spring_s2_39_p245,s2_39
2833,spring,ROIs1158_spring_s2_15_p71,s2_15
30210,winter,ROIs2017_winter_s2_61_p803,s2_61
23976,spring,ROIs1158_spring_s2_147_p99,s2_147
36004,winter,ROIs2017_winter_s2_112_p387,s2_112
20575,spring,ROIs1158_spring_s2_132_p272,s2_132
30684,winter,ROIs2017_winter_s2_62_p660,s2_62
27453,winter,ROIs2017_winter_s2_47_p313,s2_47
28695,winter,ROIs2017_winter_s2_55_p108,s2_55
35605,winter,ROIs2017_winter_s2_104_p549,s2_104
31727,winter,ROIs2017_winter_s2_68_p120,s2_68
37587,winter,ROIs2017_winter_s2_135_p383,s2_135
23597,spring,ROIs1158_spring_s2_145_p440,s2_145
12287,spring,ROIs1158_spring_s2_101_p528,s2_101
35184,winter,ROIs2017_winter_s2_104_p51,s2_104
23208,spring,ROIs1158_spring_s2_145_p37,s2_145
38137,winter,ROIs2017_winter_s2_146_p518,s2_146
8226,spring,ROIs1158_spring_s2_63_p550,s2_63
2392,spring,ROIs1158_spring_s2_9_p188,s2_9
30466,winter,ROIs2017_winter_s2_62_p409,s2_62
34376,winter,ROIs2017_winter_s2_94_p766,s2_94
25146,winter,ROIs2017_winter_s2_8_p825,s2_8
26726,winter,ROIs2017_winter_s2_42_p331,s2_42
5347,spring,ROIs1158_spring_s2_39_p375,s2_39
37718,winter,ROIs2017_winter_s2_135_p545,s2_135
29940,winter,ROIs2017_winter_s2_61_p442,s2_61
36142,winter,ROIs2017_winter_s2_112_p535,s2_112
23608,spring,ROIs1158_spring_s2_145_p451,s2_145
7932,spring,ROIs1158_spring_s2_63_p246,s2_63
10381,spring,ROIs1158_spring_s2_77_p465,s2_77
11600,spring,ROIs1158_spring_s2_100_p616,s2_100
2791,spring,ROIs1158_spring_s2_9_p839,s2_9
27371,winter,ROIs2017_winter_s2_47_p216,s2_47
10390,spring,ROIs1158_spring_s2_77_p474,s2_77
23909,spring,ROIs1158_spring_s2_145_p781,s2_145
30240,winter,ROIs2017_winter_s2_62_p37,s2_62
26890,winter,ROIs2017_winter_s2_42_p501,s2_42
27795,winter,ROIs2017_winter_s2_47_p730,s2_47
7286,spring,ROIs1158_spring_s2_58_p309,s2_58
36932,winter,ROIs2017_winter_s2_116_p472,s2_116
31735,winter,ROIs2017_winter_s2_68_p128,s2_68
19663,spring,ROIs1158_spring_s2_128_p137,s2_128
25113,winter,ROIs2017_winter_s2_8_p791,s2_8
5131,spring,ROIs1158_spring_s2_39_p152,s2_39
32777,winter,ROIs2017_winter_s2_75_p488,s2_75
30760,winter,ROIs2017_winter_s2_62_p739,s2_62
17593,spring,ROIs1158_spring_s2_121_p149,s2_121
29491,winter,ROIs2017_winter_s2_59_p572,s2_59
29615,winter,ROIs2017_winter_s2_59_p766,s2_59
36894,winter,ROIs2017_winter_s2_116_p432,s2_116
11367,spring,ROIs1158_spring_s2_100_p369,s2_100
28503,winter,ROIs2017_winter_s2_49_p688,s2_49
7782,spring,ROIs1158_spring_s2_63_p91,s2_63
37074,winter,ROIs2017_winter_s2_116_p619,s2_116
26863,winter,ROIs2017_winter_s2_42_p473,s2_42
24470,winter,ROIs2017_winter_s2_8_p125,s2_8
29334,winter,ROIs2017_winter_s2_59_p410,s2_59
28899,winter,ROIs2017_winter_s2_55_p332,s2_55
11182,spring,ROIs1158_spring_s2_100_p177,s2_100
20118,spring,ROIs1158_spring_s2_128_p611,s2_128
34963,winter,ROIs2017_winter_s2_102_p663,s2_102
32828,winter,ROIs2017_winter_s2_75_p547,s2_75
14980,spring,ROIs1158_spring_s2_115_p679,s2_115
33924,winter,ROIs2017_winter_s2_94_p298,s2_94
34301,winter,ROIs2017_winter_s2_94_p688,s2_94
37230,winter,ROIs2017_winter_s2_116_p785,s2_116
23281,spring,ROIs1158_spring_s2_145_p112,s2_145
4802,spring,ROIs1158_spring_s2_26_p626,s2_26
29935,winter,ROIs2017_winter_s2_61_p437,s2_61
36246,winter,ROIs2017_winter_s2_112_p646,s2_112
31502,winter,ROIs2017_winter_s2_64_p699,s2_64
38146,winter,ROIs2017_winter_s2_146_p528,s2_146
14706,spring,ROIs1158_spring_s2_115_p395,s2_115
29166,winter,ROIs2017_winter_s2_59_p236,s2_59
19457,spring,ROIs1158_spring_s2_126_p736,s2_126
34200,winter,ROIs2017_winter_s2_94_p584,s2_94
9385,spring,ROIs1158_spring_s2_75_p165,s2_75
22396,spring,ROIs1158_spring_s2_141_p648,s2_141
33887,winter,ROIs2017_winter_s2_94_p259,s2_94
27152,winter,ROIs2017_winter_s2_42_p772,s2_42
17824,spring,ROIs1158_spring_s2_121_p448,s2_121
30046,winter,ROIs2017_winter_s2_61_p590,s2_61
34489,winter,ROIs2017_winter_s2_102_p85,s2_102
31749,winter,ROIs2017_winter_s2_68_p142,s2_68
12545,spring,ROIs1158_spring_s2_101_p815,s2_101
36789,winter,ROIs2017_winter_s2_116_p324,s2_116
10176,spring,ROIs1158_spring_s2_77_p181,s2_77
30803,winter,ROIs2017_winter_s2_62_p784,s2_62
675,spring,ROIs1158_spring_s2_1_p729,s2_1
24374,spring,ROIs1158_spring_s2_147_p825,s2_147
7983,spring,ROIs1158_spring_s2_63_p299,s2_63
29540,winter,ROIs2017_winter_s2_59_p636,s2_59
15213,spring,ROIs1158_spring_s2_117_p112,s2_117
12715,spring,ROIs1158_spring_s2_109_p394,s2_109
23463,spring,ROIs1158_spring_s2_145_p301,s2_145
19478,spring,ROIs1158_spring_s2_126_p758,s2_126
29248,winter,ROIs2017_winter_s2_59_p321,s2_59
8637,spring,ROIs1158_spring_s2_66_p164,s2_66
34679,winter,ROIs2017_winter_s2_102_p316,s2_102
6895,spring,ROIs1158_spring_s2_45_p586,s2_45
19903,spring,ROIs1158_spring_s2_128_p388,s2_128
28099,winter,ROIs2017_winter_s2_49_p270,s2_49
27610,winter,ROIs2017_winter_s2_47_p505,s2_47
5513,spring,ROIs1158_spring_s2_39_p547,s2_39
25637,winter,ROIs2017_winter_s2_21_p710,s2_21
27757,winter,ROIs2017_winter_s2_47_p682,s2_47
30484,winter,ROIs2017_winter_s2_62_p436,s2_62
24783,winter,ROIs2017_winter_s2_8_p449,s2_8
25182,winter,ROIs2017_winter_s2_21_p51,s2_21
18360,spring,ROIs1158_spring_s2_124_p352,s2_124
31924,winter,ROIs2017_winter_s2_68_p324,s2_68
1864,spring,ROIs1158_spring_s2_8_p423,s2_8
33448,winter,ROIs2017_winter_s2_81_p417,s2_81
10465,spring,ROIs1158_spring_s2_77_p552,s2_77
5266,spring,ROIs1158_spring_s2_39_p289,s2_39
3262,spring,ROIs1158_spring_s2_15_p529,s2_15
8576,spring,ROIs1158_spring_s2_66_p101,s2_66
29768,winter,ROIs2017_winter_s2_61_p177,s2_61
36813,winter,ROIs2017_winter_s2_116_p349,s2_116
33309,winter,ROIs2017_winter_s2_81_p268,s2_81
38339,winter,ROIs2017_winter_s2_146_p791,s2_146
33070,winter,ROIs2017_winter_s2_75_p828,s2_75
11545,spring,ROIs1158_spring_s2_100_p557,s2_100
29642,winter,ROIs2017_winter_s2_59_p802,s2_59
18634,spring,ROIs1158_spring_s2_124_p637,s2_124
22798,spring,ROIs1158_spring_s2_142_p310,s2_142
36129,winter,ROIs2017_winter_s2_112_p520,s2_112
27730,winter,ROIs2017_winter_s2_47_p650,s2_47
32164,winter,ROIs2017_winter_s2_68_p574,s2_68
23748,spring,ROIs1158_spring_s2_145_p596,s2_145
17644,spring,ROIs1158_spring_s2_121_p212,s2_121
29194,winter,ROIs2017_winter_s2_59_p265,s2_59
28149,winter,ROIs2017_winter_s2_49_p322,s2_49
19364,spring,ROIs1158_spring_s2_126_p640,s2_126
30367,winter,ROIs2017_winter_s2_62_p242,s2_62
24428,winter,ROIs2017_winter_s2_8_p81,s2_8
21677,spring,ROIs1158_spring_s2_134_p665,s2_134
12973,spring,ROIs1158_spring_s2_110_p119,s2_110
25515,winter,ROIs2017_winter_s2_21_p534,s2_21
30552,winter,ROIs2017_winter_s2_62_p524,s2_62
2737,spring,ROIs1158_spring_s2_9_p615,s2_9
12333,spring,ROIs1158_spring_s2_101_p575,s2_101
16837,spring,ROIs1158_spring_s2_120_p157,s2_120
4989,spring,ROIs1158_spring_s2_39_p10,s2_39
32131,winter,ROIs2017_winter_s2_68_p538,s2_68
4955,spring,ROIs1158_spring_s2_26_p792,s2_26
1077,spring,ROIs1158_spring_s2_6_p360,s2_6
29526,winter,ROIs2017_winter_s2_59_p622,s2_59
24511,winter,ROIs2017_winter_s2_8_p167,s2_8
32573,winter,ROIs2017_winter_s2_75_p252,s2_75
27812,winter,ROIs2017_winter_s2_47_p747,s2_47
5337,spring,ROIs1158_spring_s2_39_p365,s2_39
36222,winter,ROIs2017_winter_s2_112_p622,s2_112
21526,spring,ROIs1158_spring_s2_134_p509,s2_134
24815,winter,ROIs2017_winter_s2_8_p482,s2_8
1537,spring,ROIs1158_spring_s2_8_p84,s2_8
37214,winter,ROIs2017_winter_s2_116_p768,s2_116
24978,winter,ROIs2017_winter_s2_8_p651,s2_8
11033,spring,ROIs1158_spring_s2_97_p816,s2_97
6081,spring,ROIs1158_spring_s2_40_p410,s2_40
17985,spring,ROIs1158_spring_s2_121_p649,s2_121
36979,winter,ROIs2017_winter_s2_116_p520,s2_116
2490,spring,ROIs1158_spring_s2_9_p301,s2_9
25975,winter,ROIs2017_winter_s2_25_p295,s2_25
378,spring,ROIs1158_spring_s2_1_p421,s2_1
21561,spring,ROIs1158_spring_s2_134_p545,s2_134
26085,winter,ROIs2017_winter_s2_25_p415,s2_25
32944,winter,ROIs2017_winter_s2_75_p682,s2_75
34990,winter,ROIs2017_winter_s2_102_p714,s2_102
34456,winter,ROIs2017_winter_s2_102_p47,s2_102
21556,spring,ROIs1158_spring_s2_134_p540,s2_134
29806,winter,ROIs2017_winter_s2_61_p233,s2_61
12186,spring,ROIs1158_spring_s2_101_p423,s2_101
35514,winter,ROIs2017_winter_s2_104_p444,s2_104
29138,winter,ROIs2017_winter_s2_59_p207,s2_59
1769,spring,ROIs1158_spring_s2_8_p325,s2_8
14322,spring,ROIs1158_spring_s2_113_p803,s2_113
3327,spring,ROIs1158_spring_s2_15_p599,s2_15
32861,winter,ROIs2017_winter_s2_75_p585,s2_75
3987,spring,ROIs1158_spring_s2_21_p647,s2_21
15031,spring,ROIs1158_spring_s2_115_p732,s2_115
35202,winter,ROIs2017_winter_s2_104_p74,s2_104
18308,spring,ROIs1158_spring_s2_124_p298,s2_124
27063,winter,ROIs2017_winter_s2_42_p680,s2_42
20232,spring,ROIs1158_spring_s2_128_p729,s2_128
20017,spring,ROIs1158_spring_s2_128_p506,s2_128
36530,winter,ROIs2017_winter_s2_116_p55,s2_116
33544,winter,ROIs2017_winter_s2_81_p516,s2_81
10405,spring,ROIs1158_spring_s2_77_p489,s2_77
26852,winter,ROIs2017_winter_s2_42_p461,s2_42
36831,winter,ROIs2017_winter_s2_116_p367,s2_116
3673,spring,ROIs1158_spring_s2_21_p304,s2_21
18718,spring,ROIs1158_spring_s2_124_p724,s2_124
32970,winter,ROIs2017_winter_s2_75_p712,s2_75
36917,winter,ROIs2017_winter_s2_116_p456,s2_116
20399,spring,ROIs1158_spring_s2_132_p90,s2_132
33741,winter,ROIs2017_winter_s2_94_p108,s2_94
34638,winter,ROIs2017_winter_s2_102_p264,s2_102
33492,winter,ROIs2017_winter_s2_81_p462,s2_81
12912,spring,ROIs1158_spring_s2_110_p55,s2_110
13639,spring,ROIs1158_spring_s2_113_p51,s2_113
27480,winter,ROIs2017_winter_s2_47_p345,s2_47
32717,winter,ROIs2017_winter_s2_75_p417,s2_75
36168,winter,ROIs2017_winter_s2_112_p563,s2_112
17615,spring,ROIs1158_spring_s2_121_p177,s2_121
16027,spring,ROIs1158_spring_s2_119_p86,s2_119
18568,spring,ROIs1158_spring_s2_124_p569,s2_124
9727,spring,ROIs1158_spring_s2_75_p528,s2_75
35576,winter,ROIs2017_winter_s2_104_p516,s2_104
34377,winter,ROIs2017_winter_s2_94_p767,s2_94
15166,spring,ROIs1158_spring_s2_117_p63,s2_117
33242,winter,ROIs2017_winter_s2_81_p196,s2_81
8523,spring,ROIs1158_spring_s2_66_p46,s2_66
17975,spring,ROIs1158_spring_s2_121_p639,s2_121
38331,winter,ROIs2017_winter_s2_146_p777,s2_146
24321,spring,ROIs1158_spring_s2_147_p733,s2_147
32632,winter,ROIs2017_winter_s2_75_p320,s2_75
19759,spring,ROIs1158_spring_s2_128_p239,s2_128
37746,winter,ROIs2017_winter_s2_135_p587,s2_135
16649,spring,ROIs1158_spring_s2_119_p774,s2_119
4366,spring,ROIs1158_spring_s2_26_p155,s2_26
38350,winter,ROIs2017_winter_s2_146_p807,s2_146
36094,winter,ROIs2017_winter_s2_112_p483,s2_112
17056,spring,ROIs1158_spring_s2_120_p384,s2_120
32430,winter,ROIs2017_winter_s2_75_p85,s2_75
34486,winter,ROIs2017_winter_s2_102_p82,s2_102
20913,spring,ROIs1158_spring_s2_132_p622,s2_132
36605,winter,ROIs2017_winter_s2_116_p133,s2_116
29462,winter,ROIs2017_winter_s2_59_p542,s2_59
17831,spring,ROIs1158_spring_s2_121_p460,s2_121
35211,winter,ROIs2017_winter_s2_104_p83,s2_104
34756,winter,ROIs2017_winter_s2_102_p405,s2_102
27649,winter,ROIs2017_winter_s2_47_p549,s2_47
7580,spring,ROIs1158_spring_s2_58_p673,s2_58
30307,winter,ROIs2017_winter_s2_62_p122,s2_62
29870,winter,ROIs2017_winter_s2_61_p323,s2_61
5287,spring,ROIs1158_spring_s2_39_p311,s2_39
33622,winter,ROIs2017_winter_s2_81_p611,s2_81
36627,winter,ROIs2017_winter_s2_116_p156,s2_116
31928,winter,ROIs2017_winter_s2_68_p328,s2_68
24887,winter,ROIs2017_winter_s2_8_p557,s2_8
37115,winter,ROIs2017_winter_s2_116_p661,s2_116
31113,winter,ROIs2017_winter_s2_64_p296,s2_64
30989,winter,ROIs2017_winter_s2_64_p167,s2_64
35616,winter,ROIs2017_winter_s2_104_p562,s2_104
38116,winter,ROIs2017_winter_s2_146_p490,s2_146
17580,spring,ROIs1158_spring_s2_121_p130,s2_121
34842,winter,ROIs2017_winter_s2_102_p504,s2_102
27037,winter,ROIs2017_winter_s2_42_p653,s2_42
30285,winter,ROIs2017_winter_s2_62_p89,s2_62
17688,spring,ROIs1158_spring_s2_121_p269,s2_121
36631,winter,ROIs2017_winter_s2_116_p160,s2_116
31379,winter,ROIs2017_winter_s2_64_p571,s2_64
33881,winter,ROIs2017_winter_s2_94_p253,s2_94
33799,winter,ROIs2017_winter_s2_94_p168,s2_94
23800,spring,ROIs1158_spring_s2_145_p650,s2_145
14712,spring,ROIs1158_spring_s2_115_p401,s2_115
11498,spring,ROIs1158_spring_s2_100_p506,s2_100
26830,winter,ROIs2017_winter_s2_42_p439,s2_42
6840,spring,ROIs1158_spring_s2_45_p527,s2_45
29373,winter,ROIs2017_winter_s2_59_p450,s2_59
24929,winter,ROIs2017_winter_s2_8_p600,s2_8
32779,winter,ROIs2017_winter_s2_75_p490,s2_75
23623,spring,ROIs1158_spring_s2_145_p467,s2_145
21791,spring,ROIs1158_spring_s2_134_p784,s2_134
19029,spring,ROIs1158_spring_s2_126_p293,s2_126
35171,winter,ROIs2017_winter_s2_104_p35,s2_104
18928,spring,ROIs1158_spring_s2_126_p130,s2_126
10785,spring,ROIs1158_spring_s2_97_p125,s2_97
31251,winter,ROIs2017_winter_s2_64_p439,s2_64
3209,spring,ROIs1158_spring_s2_15_p470,s2_15
15876,spring,ROIs1158_spring_s2_117_p821,s2_117
24715,winter,ROIs2017_winter_s2_8_p379,s2_8
36980,winter,ROIs2017_winter_s2_116_p521,s2_116
3201,spring,ROIs1158_spring_s2_15_p461,s2_15
28140,winter,ROIs2017_winter_s2_49_p312,s2_49
37622,winter,ROIs2017_winter_s2_135_p424,s2_135
37352,winter,ROIs2017_winter_s2_135_p107,s2_135
16480,spring,ROIs1158_spring_s2_119_p599,s2_119
24041,spring,ROIs1158_spring_s2_147_p219,s2_147
33620,winter,ROIs2017_winter_s2_81_p608,s2_81
24848,winter,ROIs2017_winter_s2_8_p516,s2_8
22969,spring,ROIs1158_spring_s2_142_p537,s2_142
12295,spring,ROIs1158_spring_s2_101_p536,s2_101
28607,winter,ROIs2017_winter_s2_49_p808,s2_49
35596,winter,ROIs2017_winter_s2_104_p540,s2_104
29710,winter,ROIs2017_winter_s2_61_p83,s2_61
15188,spring,ROIs1158_spring_s2_117_p85,s2_117
11310,spring,ROIs1158_spring_s2_100_p312,s2_100
11415,spring,ROIs1158_spring_s2_100_p418,s2_100
10779,spring,ROIs1158_spring_s2_97_p98,s2_97
37546,winter,ROIs2017_winter_s2_135_p332,s2_135
16710,spring,ROIs1158_spring_s2_119_p837,s2_119
25625,winter,ROIs2017_winter_s2_21_p698,s2_21
34998,winter,ROIs2017_winter_s2_102_p722,s2_102
34988,winter,ROIs2017_winter_s2_102_p700,s2_102
22282,spring,ROIs1158_spring_s2_141_p516,s2_141
37365,winter,ROIs2017_winter_s2_135_p123,s2_135
22952,spring,ROIs1158_spring_s2_142_p513,s2_142
31208,winter,ROIs2017_winter_s2_64_p394,s2_64
35575,winter,ROIs2017_winter_s2_104_p515,s2_104
20777,spring,ROIs1158_spring_s2_132_p481,s2_132
35923,winter,ROIs2017_winter_s2_112_p300,s2_112
26524,winter,ROIs2017_winter_s2_42_p122,s2_42
26436,winter,ROIs2017_winter_s2_42_p31,s2_42
11864,spring,ROIs1158_spring_s2_101_p90,s2_101
18761,spring,ROIs1158_spring_s2_124_p769,s2_124
35387,winter,ROIs2017_winter_s2_104_p293,s2_104
36691,winter,ROIs2017_winter_s2_116_p222,s2_116
28825,winter,ROIs2017_winter_s2_55_p247,s2_55
7778,spring,ROIs1158_spring_s2_63_p86,s2_63
27540,winter,ROIs2017_winter_s2_47_p420,s2_47
25540,winter,ROIs2017_winter_s2_21_p569,s2_21
6521,spring,ROIs1158_spring_s2_45_p196,s2_45
28404,winter,ROIs2017_winter_s2_49_p586,s2_49
12282,spring,ROIs1158_spring_s2_101_p523,s2_101
29779,winter,ROIs2017_winter_s2_61_p192,s2_61
4564,spring,ROIs1158_spring_s2_26_p375,s2_26
37339,winter,ROIs2017_winter_s2_135_p94,s2_135
8963,spring,ROIs1158_spring_s2_66_p507,s2_66
30662,winter,ROIs2017_winter_s2_62_p637,s2_62
26299,winter,ROIs2017_winter_s2_25_p664,s2_25
26352,winter,ROIs2017_winter_s2_25_p734,s2_25
13511,spring,ROIs1158_spring_s2_110_p731,s2_110
4385,spring,ROIs1158_spring_s2_26_p178,s2_26
36848,winter,ROIs2017_winter_s2_116_p385,s2_116
1078,spring,ROIs1158_spring_s2_6_p361,s2_6
2923,spring,ROIs1158_spring_s2_15_p164,s2_15
26058,winter,ROIs2017_winter_s2_25_p385,s2_25
6077,spring,ROIs1158_spring_s2_40_p397,s2_40
31335,winter,ROIs2017_winter_s2_64_p526,s2_64
10413,spring,ROIs1158_spring_s2_77_p498,s2_77
13029,spring,ROIs1158_spring_s2_110_p179,s2_110
27357,winter,ROIs2017_winter_s2_47_p197,s2_47
33911,winter,ROIs2017_winter_s2_94_p284,s2_94
1956,spring,ROIs1158_spring_s2_8_p518,s2_8
21160,spring,ROIs1158_spring_s2_134_p66,s2_134
29978,winter,ROIs2017_winter_s2_61_p495,s2_61
36690,winter,ROIs2017_winter_s2_116_p221,s2_116
31282,winter,ROIs2017_winter_s2_64_p471,s2_64
34712,winter,ROIs2017_winter_s2_102_p354,s2_102
22044,spring,ROIs1158_spring_s2_141_p248,s2_141
15992,spring,ROIs1158_spring_s2_119_p47,s2_119
14410,spring,ROIs1158_spring_s2_115_p85,s2_115
10346,spring,ROIs1158_spring_s2_77_p424,s2_77
3570,spring,ROIs1158_spring_s2_21_p79,s2_21
28786,winter,ROIs2017_winter_s2_55_p202,s2_55
13868,spring,ROIs1158_spring_s2_113_p288,s2_113
29212,winter,ROIs2017_winter_s2_59_p283,s2_59
11280,spring,ROIs1158_spring_s2_100_p280,s2_100
16980,spring,ROIs1158_spring_s2_120_p305,s2_120
34226,winter,ROIs2017_winter_s2_94_p611,s2_94
31528,winter,ROIs2017_winter_s2_64_p726,s2_64
20483,spring,ROIs1158_spring_s2_132_p177,s2_132
19337,spring,ROIs1158_spring_s2_126_p612,s2_126
31257,winter,ROIs2017_winter_s2_64_p445,s2_64
29759,winter,ROIs2017_winter_s2_61_p162,s2_61
1803,spring,ROIs1158_spring_s2_8_p360,s2_8
4427,spring,ROIs1158_spring_s2_26_p224,s2_26
34333,winter,ROIs2017_winter_s2_94_p721,s2_94
5156,spring,ROIs1158_spring_s2_39_p177,s2_39
2562,spring,ROIs1158_spring_s2_9_p384,s2_9
26218,winter,ROIs2017_winter_s2_25_p568,s2_25
8019,spring,ROIs1158_spring_s2_63_p336,s2_63
7184,spring,ROIs1158_spring_s2_58_p187,s2_58
20947,spring,ROIs1158_spring_s2_132_p657,s2_132
32352,winter,ROIs2017_winter_s2_68_p805,s2_68
9569,spring,ROIs1158_spring_s2_75_p364,s2_75
31644,winter,ROIs2017_winter_s2_68_p34,s2_68
15365,spring,ROIs1158_spring_s2_117_p274,s2_117
14303,spring,ROIs1158_spring_s2_113_p780,s2_113
30133,winter,ROIs2017_winter_s2_61_p705,s2_61
28604,winter,ROIs2017_winter_s2_49_p805,s2_49
27957,winter,ROIs2017_winter_s2_49_p115,s2_49
21943,spring,ROIs1158_spring_s2_141_p135,s2_141
37035,winter,ROIs2017_winter_s2_116_p578,s2_116
35484,winter,ROIs2017_winter_s2_104_p406,s2_104
21136,spring,ROIs1158_spring_s2_134_p41,s2_134
11128,spring,ROIs1158_spring_s2_100_p120,s2_100
5676,spring,ROIs1158_spring_s2_39_p714,s2_39
37784,winter,ROIs2017_winter_s2_146_p59,s2_146
21594,spring,ROIs1158_spring_s2_134_p579,s2_134
26603,winter,ROIs2017_winter_s2_42_p204,s2_42
8384,spring,ROIs1158_spring_s2_63_p714,s2_63
7361,spring,ROIs1158_spring_s2_58_p399,s2_58
27336,winter,ROIs2017_winter_s2_47_p171,s2_47
12270,spring,ROIs1158_spring_s2_101_p510,s2_101
36251,winter,ROIs2017_winter_s2_112_p653,s2_112
18429,spring,ROIs1158_spring_s2_124_p425,s2_124
24730,winter,ROIs2017_winter_s2_8_p394,s2_8
27215,winter,ROIs2017_winter_s2_42_p837,s2_42
34770,winter,ROIs2017_winter_s2_102_p419,s2_102
35945,winter,ROIs2017_winter_s2_112_p324,s2_112
5388,spring,ROIs1158_spring_s2_39_p418,s2_39
38243,winter,ROIs2017_winter_s2_146_p655,s2_146
14196,spring,ROIs1158_spring_s2_113_p652,s2_113
37896,winter,ROIs2017_winter_s2_146_p205,s2_146
9488,spring,ROIs1158_spring_s2_75_p278,s2_75
22552,spring,ROIs1158_spring_s2_141_p822,s2_141
13846,spring,ROIs1158_spring_s2_113_p266,s2_113
1497,spring,ROIs1158_spring_s2_8_p43,s2_8
12698,spring,ROIs1158_spring_s2_109_p343,s2_109
23939,spring,ROIs1158_spring_s2_145_p837,s2_145
31675,winter,ROIs2017_winter_s2_68_p66,s2_68
4971,spring,ROIs1158_spring_s2_26_p821,s2_26
20746,spring,ROIs1158_spring_s2_132_p449,s2_132
9184,spring,ROIs1158_spring_s2_66_p748,s2_66
9800,spring,ROIs1158_spring_s2_75_p603,s2_75
23459,spring,ROIs1158_spring_s2_145_p297,s2_145
29312,winter,ROIs2017_winter_s2_59_p387,s2_59
34883,winter,ROIs2017_winter_s2_102_p550,s2_102
13771,spring,ROIs1158_spring_s2_113_p188,s2_113
13419,spring,ROIs1158_spring_s2_110_p635,s2_110
28664,winter,ROIs2017_winter_s2_55_p76,s2_55
24596,winter,ROIs2017_winter_s2_8_p255,s2_8
23736,spring,ROIs1158_spring_s2_145_p584,s2_145
4645,spring,ROIs1158_spring_s2_26_p462,s2_26
21835,spring,ROIs1158_spring_s2_134_p829,s2_134
5321,spring,ROIs1158_spring_s2_39_p347,s2_39
11193,spring,ROIs1158_spring_s2_100_p190,s2_100
5449,spring,ROIs1158_spring_s2_39_p481,s2_39
36337,winter,ROIs2017_winter_s2_112_p745,s2_112
38219,winter,ROIs2017_winter_s2_146_p619,s2_146
29585,winter,ROIs2017_winter_s2_59_p722,s2_59
35602,winter,ROIs2017_winter_s2_104_p546,s2_104
16407,spring,ROIs1158_spring_s2_119_p524,s2_119
34468,winter,ROIs2017_winter_s2_102_p59,s2_102
28638,winter,ROIs2017_winter_s2_55_p44,s2_55
22611,spring,ROIs1158_spring_s2_142_p76,s2_142
36510,winter,ROIs2017_winter_s2_116_p35,s2_116
23897,spring,ROIs1158_spring_s2_145_p769,s2_145
9278,spring,ROIs1158_spring_s2_75_p44,s2_75
10318,spring,ROIs1158_spring_s2_77_p373,s2_77
21162,spring,ROIs1158_spring_s2_134_p68,s2_134
28105,winter,ROIs2017_winter_s2_49_p276,s2_49
18065,spring,ROIs1158_spring_s2_121_p752,s2_121
26654,winter,ROIs2017_winter_s2_42_p256,s2_42
32162,winter,ROIs2017_winter_s2_68_p572,s2_68
24735,winter,ROIs2017_winter_s2_8_p399,s2_8
26645,winter,ROIs2017_winter_s2_42_p247,s2_42
31054,winter,ROIs2017_winter_s2_64_p235,s2_64
14014,spring,ROIs1158_spring_s2_113_p447,s2_113
26905,winter,ROIs2017_winter_s2_42_p516,s2_42
32122,winter,ROIs2017_winter_s2_68_p529,s2_68
6790,spring,ROIs1158_spring_s2_45_p475,s2_45
28412,winter,ROIs2017_winter_s2_49_p594,s2_49
23503,spring,ROIs1158_spring_s2_145_p342,s2_145
19140,spring,ROIs1158_spring_s2_126_p408,s2_126
32846,winter,ROIs2017_winter_s2_75_p569,s2_75
34735,winter,ROIs2017_winter_s2_102_p382,s2_102
25798,winter,ROIs2017_winter_s2_25_p111,s2_25
14361,spring,ROIs1158_spring_s2_115_p35,s2_115
26209,winter,ROIs2017_winter_s2_25_p559,s2_25
32379,winter,ROIs2017_winter_s2_68_p837,s2_68
25282,winter,ROIs2017_winter_s2_21_p181,s2_21
32658,winter,ROIs2017_winter_s2_75_p350,s2_75
29108,winter,ROIs2017_winter_s2_59_p176,s2_59
11306,spring,ROIs1158_spring_s2_100_p308,s2_100
7496,spring,ROIs1158_spring_s2_58_p569,s2_58
21543,spring,ROIs1158_spring_s2_134_p527,s2_134
31365,winter,ROIs2017_winter_s2_64_p557,s2_64
4414,spring,ROIs1158_spring_s2_26_p211,s2_26
21615,spring,ROIs1158_spring_s2_134_p601,s2_134
30696,winter,ROIs2017_winter_s2_62_p673,s2_62
35220,winter,ROIs2017_winter_s2_104_p94,s2_104
26404,winter,ROIs2017_winter_s2_25_p798,s2_25
29102,winter,ROIs2017_winter_s2_59_p169,s2_59
33604,winter,ROIs2017_winter_s2_81_p592,s2_81
