index,sample_id,RMSE,MAE,PSNR,SAM,SSIM,LPIPS
0,ROIs2017_winter_s2_63_p30,0.06283041834831238,0.039764653891325,24.03660011291504,10.961203575134277,0.8031735420227051,0.5076742172241211
1,ROIs2017_winter_s2_63_p31,0.055606771260499954,0.03599823638796806,25.09744644165039,9.824750900268555,0.8397113084793091,0.48397135734558105
2,ROIs2017_winter_s2_63_p32,0.0476207472383976,0.03222453594207764,26.444076538085938,9.252941131591797,0.8559484481811523,0.4789729118347168
3,ROIs2017_winter_s2_63_p33,0.03918180242180824,0.028143910691142082,28.13831329345703,8.135103225708008,0.8828154802322388,0.4550211429595947
4,ROIs2017_winter_s2_63_p34,0.031103147193789482,0.022558894008398056,30.143911361694336,7.7112250328063965,0.9263113141059875,0.3615363836288452
5,ROIs2017_winter_s2_63_p35,0.03015919029712677,0.021834595128893852,30.411605834960938,8.080845832824707,0.933847963809967,0.3393033742904663
6,ROIs2017_winter_s2_63_p36,0.02546961046755314,0.01914188079535961,31.879554748535156,7.863471984863281,0.9471079111099243,0.31188157200813293
7,ROIs2017_winter_s2_63_p37,0.02741079218685627,0.020964860916137695,31.24156951904297,7.474987983703613,0.9400596022605896,0.3469284176826477
8,ROIs2017_winter_s2_63_p38,0.03833583742380142,0.026156453415751457,28.32790184020996,8.728734970092773,0.9121266603469849,0.381103515625
9,ROIs2017_winter_s2_63_p39,0.04919382929801941,0.03342914581298828,26.161788940429688,9.632899284362793,0.8529521226882935,0.45576614141464233
10,ROIs2017_winter_s2_63_p40,0.056717440485954285,0.03778986632823944,24.925668716430664,10.91072940826416,0.8323192596435547,0.4678001403808594
11,ROIs2017_winter_s2_63_p41,0.06209997087717056,0.041117504239082336,24.138174057006836,11.958516120910645,0.8257014155387878,0.45331647992134094
12,ROIs2017_winter_s2_63_p42,0.06319897621870041,0.04109891131520271,23.985801696777344,12.082743644714355,0.8306080102920532,0.44507062435150146
13,ROIs2017_winter_s2_63_p43,0.054350074380636215,0.036337707191705704,25.295997619628906,9.565211296081543,0.8571199178695679,0.4374725818634033
14,ROIs2017_winter_s2_63_p44,0.04906487464904785,0.03450785204768181,26.184587478637695,9.654451370239258,0.8548181056976318,0.4439102113246918
15,ROIs2017_winter_s2_63_p45,0.0527484267950058,0.03744767606258392,25.555810928344727,10.5831937789917,0.8213207721710205,0.46565189957618713
16,ROIs2017_winter_s2_63_p46,0.06417607516050339,0.0446322076022625,23.852537155151367,12.899439811706543,0.7845914363861084,0.5065720081329346
17,ROIs2017_winter_s2_63_p47,0.06597528606653214,0.04319502413272858,23.612375259399414,12.373440742492676,0.7906708717346191,0.49715033173561096
18,ROIs2017_winter_s2_63_p48,0.05757059529423714,0.037494417279958725,24.79598617553711,10.912543296813965,0.8148239254951477,0.48717424273490906
19,ROIs2017_winter_s2_63_p49,0.045526906847953796,0.032751765102148056,26.834638595581055,9.402240753173828,0.8550167083740234,0.4603773355484009
20,ROIs2017_winter_s2_63_p50,0.04134713485836983,0.030818812549114227,27.671091079711914,10.099648475646973,0.8605174422264099,0.44539183378219604
21,ROIs2017_winter_s2_63_p51,0.057483598589897156,0.04124179482460022,24.80912208557129,11.606158256530762,0.8109743595123291,0.5040296316146851
22,ROIs2017_winter_s2_63_p52,0.06490607559680939,0.04734276980161667,23.75429344177246,13.209349632263184,0.7932930588722229,0.5317627191543579
23,ROIs2017_winter_s2_63_p53,0.06288724392652512,0.04632072523236275,24.028749465942383,12.44660758972168,0.7951752543449402,0.5325063467025757
24,ROIs2017_winter_s2_63_p54,0.06229328736662865,0.045634329319000244,24.111175537109375,11.87736701965332,0.7861781120300293,0.5228015780448914
25,ROIs2017_winter_s2_63_p55,0.06860821694135666,0.04963807016611099,23.272478103637695,13.213894844055176,0.7735927104949951,0.4832878112792969
26,ROIs2017_winter_s2_63_p56,0.07224223017692566,0.05246385559439659,22.824176788330078,14.081846237182617,0.7682982087135315,0.469981849193573
27,ROIs2017_winter_s2_63_p57,0.06682025641202927,0.04929233714938164,23.5018367767334,12.999439239501953,0.7689415812492371,0.48311036825180054
28,ROIs2017_winter_s2_63_p59,0.06095457449555397,0.03863910213112831,24.29987335205078,10.689298629760742,0.7995043396949768,0.5230610370635986
29,ROIs2017_winter_s2_63_p60,0.05659395083785057,0.03651783987879753,24.944599151611328,10.164607048034668,0.8346293568611145,0.4878157675266266
30,ROIs2017_winter_s2_63_p61,0.04626232385635376,0.030594978481531143,26.695451736450195,9.252442359924316,0.8591326475143433,0.482025146484375
31,ROIs2017_winter_s2_63_p62,0.049122974276542664,0.03316429257392883,26.174306869506836,9.812366485595703,0.8545975685119629,0.49498018622398376
32,ROIs2017_winter_s2_63_p63,0.033570803701877594,0.023435231298208237,29.480764389038086,7.267541408538818,0.9187634587287903,0.3704882860183716
33,ROIs2017_winter_s2_63_p64,0.03064461424946785,0.022000737488269806,30.272918701171875,8.18188762664795,0.9308471083641052,0.3566437363624573
34,ROIs2017_winter_s2_63_p65,0.038696300238370895,0.025568975135684013,28.246612548828125,8.866682052612305,0.9167705774307251,0.3672170341014862
35,ROIs2017_winter_s2_63_p66,0.04634253680706024,0.029631612822413445,26.680404663085938,9.320515632629395,0.9009414315223694,0.38321593403816223
36,ROIs2017_winter_s2_63_p67,0.05121719464659691,0.033106643706560135,25.811683654785156,11.401859283447266,0.8768980503082275,0.38056254386901855
37,ROIs2017_winter_s2_63_p68,0.055046264082193375,0.037100329995155334,25.185441970825195,11.572421073913574,0.8711453676223755,0.4144825041294098
38,ROIs2017_winter_s2_63_p69,0.04490354284644127,0.03167439252138138,26.954387664794922,9.240056037902832,0.8913921117782593,0.4096447825431824
39,ROIs2017_winter_s2_63_p70,0.042807161808013916,0.030356578528881073,27.369670867919922,7.863735675811768,0.9007444381713867,0.36735838651657104
40,ROIs2017_winter_s2_63_p71,0.052252236753702164,0.036099400371313095,25.637903213500977,8.978878021240234,0.8862248659133911,0.4054500460624695
41,ROIs2017_winter_s2_63_p72,0.05463157221674919,0.03758164867758751,25.25112533569336,10.356674194335938,0.8676944375038147,0.4502685070037842
42,ROIs2017_winter_s2_63_p73,0.05047548934817314,0.03512353450059891,25.93838882446289,10.450033187866211,0.8428962230682373,0.4795379638671875
43,ROIs2017_winter_s2_63_p74,0.05862308666110039,0.0403461754322052,24.638626098632812,11.691313743591309,0.8054108023643494,0.5109924077987671
44,ROIs2017_winter_s2_63_p75,0.0672975704073906,0.04656897485256195,23.440013885498047,13.245885848999023,0.7791354656219482,0.5286214351654053
45,ROIs2017_winter_s2_63_p76,0.05918148532509804,0.040221381932497025,24.556283950805664,11.687811851501465,0.7934911251068115,0.4892228841781616
46,ROIs2017_winter_s2_63_p77,0.05556732416152954,0.03628318011760712,25.103609085083008,11.483016014099121,0.816092848777771,0.48050767183303833
47,ROIs2017_winter_s2_63_p78,0.046122267842292786,0.03345995023846626,26.721786499023438,9.397795677185059,0.8548548817634583,0.4651950001716614
48,ROIs2017_winter_s2_63_p79,0.05358921363949776,0.038187749683856964,25.4184513092041,10.603644371032715,0.8267456293106079,0.4899597465991974
49,ROIs2017_winter_s2_63_p80,0.06636909395456314,0.04598299041390419,23.560680389404297,13.351591110229492,0.7891604900360107,0.5150581002235413
50,ROIs2017_winter_s2_63_p81,0.06911032646894455,0.04789287596940994,23.209142684936523,14.020139694213867,0.7815404534339905,0.5325834155082703
51,ROIs2017_winter_s2_63_p82,0.06300421804189682,0.04471947252750397,24.01260757446289,12.589851379394531,0.7855835556983948,0.5365740060806274
52,ROIs2017_winter_s2_63_p83,0.06410559266805649,0.04498641565442085,23.862079620361328,12.171825408935547,0.7799441814422607,0.5163463950157166
53,ROIs2017_winter_s2_63_p84,0.06474698334932327,0.044118449091911316,23.775611877441406,12.517436027526855,0.780453085899353,0.503365695476532
54,ROIs2017_winter_s2_63_p85,0.06524775177240372,0.044451285153627396,23.708688735961914,12.809874534606934,0.7850315570831299,0.4844265878200531
55,ROIs2017_winter_s2_63_p86,0.06250490993261337,0.04432888701558113,24.081716537475586,12.515353202819824,0.7917167544364929,0.48626160621643066
56,ROIs2017_winter_s2_63_p88,0.049284517765045166,0.03239360824227333,26.14579200744629,10.760737419128418,0.8110769987106323,0.5345112085342407
57,ROIs2017_winter_s2_63_p89,0.04935155436396599,0.03264874964952469,26.133983612060547,10.080574989318848,0.8477708697319031,0.483508825302124
58,ROIs2017_winter_s2_63_p90,0.04209000617265701,0.028749264776706696,27.516420364379883,8.429182052612305,0.8813749551773071,0.45780524611473083
59,ROIs2017_winter_s2_63_p91,0.04957902804017067,0.033550918102264404,26.094039916992188,9.646793365478516,0.8590372204780579,0.4779483675956726
60,ROIs2017_winter_s2_63_p92,0.04021499678492546,0.02796098403632641,27.91223907470703,8.508356094360352,0.8927228450775146,0.40808117389678955
61,ROIs2017_winter_s2_63_p93,0.030336489900946617,0.02204158715903759,30.360694885253906,8.063117980957031,0.9292933940887451,0.36582136154174805
62,ROIs2017_winter_s2_63_p94,0.0476214699447155,0.030035432428121567,26.44394302368164,9.32216739654541,0.8995665907859802,0.3902673125267029
63,ROIs2017_winter_s2_63_p95,0.05144088715314865,0.03381403163075447,25.77383041381836,9.513819694519043,0.8798204660415649,0.40124475955963135
64,ROIs2017_winter_s2_63_p96,0.04632054269313812,0.03194929659366608,26.684528350830078,9.721273422241211,0.8810238242149353,0.39675506949424744
65,ROIs2017_winter_s2_63_p97,0.0468604750931263,0.032464392483234406,26.583866119384766,9.196076393127441,0.852057933807373,0.46941572427749634
66,ROIs2017_winter_s2_63_p98,0.053108587861061096,0.03574373200535774,25.496707916259766,10.477215766906738,0.8328044414520264,0.44730108976364136
67,ROIs2017_winter_s2_63_p99,0.04778962954878807,0.03305954486131668,26.413326263427734,9.057923316955566,0.8726913928985596,0.40476706624031067
68,ROIs2017_winter_s2_63_p100,0.051013827323913574,0.03476220369338989,25.846240997314453,9.734579086303711,0.8668847680091858,0.4343487024307251
69,ROIs2017_winter_s2_63_p101,0.05399005860090256,0.036803070455789566,25.35372543334961,10.873924255371094,0.8349380493164062,0.47702163457870483
70,ROIs2017_winter_s2_63_p102,0.05358201265335083,0.03747808188199997,25.419618606567383,11.683757781982422,0.8131663799285889,0.49603086709976196
71,ROIs2017_winter_s2_63_p103,0.06097565218806267,0.04175302013754845,24.296871185302734,12.648699760437012,0.7961664795875549,0.513731837272644
72,ROIs2017_winter_s2_63_p104,0.05947504937648773,0.04034668952226639,24.513303756713867,11.390046119689941,0.8037959933280945,0.5247713923454285
73,ROIs2017_winter_s2_63_p105,0.05402291938662529,0.036734018474817276,25.348438262939453,10.908337593078613,0.8062777519226074,0.4703640043735504
74,ROIs2017_winter_s2_63_p106,0.05631265044212341,0.037465207278728485,24.98788070678711,11.617889404296875,0.818071722984314,0.45849838852882385
75,ROIs2017_winter_s2_63_p107,0.05305533483624458,0.03602017089724541,25.505420684814453,10.745022773742676,0.8420757055282593,0.45493173599243164
76,ROIs2017_winter_s2_63_p108,0.058591123670339584,0.037397705018520355,24.64336395263672,11.262896537780762,0.8195207118988037,0.46794024109840393
77,ROIs2017_winter_s2_63_p109,0.061182115226984024,0.04161373898386955,24.26751136779785,11.640811920166016,0.7973183989524841,0.48764950037002563
78,ROIs2017_winter_s2_63_p110,0.061951182782649994,0.04415995627641678,24.159008026123047,12.304619789123535,0.7864711284637451,0.5327407121658325
79,ROIs2017_winter_s2_63_p111,0.05768878385424614,0.041805487126111984,24.778173446655273,11.34804630279541,0.7917872071266174,0.5285564661026001
80,ROIs2017_winter_s2_63_p112,0.05951258912682533,0.0412219762802124,24.507823944091797,11.511883735656738,0.7915292382240295,0.489876389503479
81,ROIs2017_winter_s2_63_p113,0.0600266307592392,0.0403420589864254,24.433120727539062,11.740181922912598,0.796759843826294,0.4828483462333679
82,ROIs2017_winter_s2_63_p114,0.058005448430776596,0.0401180200278759,24.73062515258789,11.606096267700195,0.8049930334091187,0.4798921048641205
83,ROIs2017_winter_s2_63_p115,0.061679575592279434,0.04380851238965988,24.197174072265625,12.721160888671875,0.7971919775009155,0.4963527023792267
84,ROIs2017_winter_s2_63_p117,0.04326309263706207,0.028493426740169525,27.27764892578125,10.189723014831543,0.8334411382675171,0.5120830535888672
85,ROIs2017_winter_s2_63_p118,0.043550971895456314,0.029878539964556694,27.220041275024414,9.41179084777832,0.8583544492721558,0.4639829993247986
86,ROIs2017_winter_s2_63_p119,0.044085998088121414,0.03138905391097069,27.11398696899414,8.997496604919434,0.8614892363548279,0.4816216826438904
87,ROIs2017_winter_s2_63_p120,0.045899324119091034,0.03290905803442001,26.76387596130371,9.680365562438965,0.8460497856140137,0.47975316643714905
88,ROIs2017_winter_s2_63_p121,0.04247261583805084,0.030643727630376816,27.437820434570312,10.240941047668457,0.8563897609710693,0.4406016170978546
89,ROIs2017_winter_s2_63_p122,0.04284531623125076,0.027751008048653603,27.361934661865234,11.385100364685059,0.8810999393463135,0.3782808780670166
90,ROIs2017_winter_s2_63_p123,0.05169668793678284,0.03239159658551216,25.730745315551758,10.88746452331543,0.8816616535186768,0.3837733864784241
91,ROIs2017_winter_s2_63_p124,0.051611512899398804,0.03431596979498863,25.745067596435547,10.541473388671875,0.8701988458633423,0.41234636306762695
92,ROIs2017_winter_s2_63_p125,0.04094519838690758,0.02744489535689354,27.755939483642578,9.008868217468262,0.8882047533988953,0.37825897336006165
93,ROIs2017_winter_s2_63_p126,0.054576169699430466,0.03629794344305992,25.259937286376953,11.499549865722656,0.8269277215003967,0.4537634253501892
94,ROIs2017_winter_s2_63_p127,0.0597485788166523,0.03961104154586792,24.473447799682617,12.605202674865723,0.798639714717865,0.4352990388870239
95,ROIs2017_winter_s2_63_p128,0.05590192228555679,0.03760151192545891,25.051464080810547,11.50809097290039,0.8224606513977051,0.42280280590057373
96,ROIs2017_winter_s2_63_p129,0.05360399931669235,0.037061482667922974,25.416057586669922,11.291118621826172,0.8288081288337708,0.4313669800758362
97,ROIs2017_winter_s2_63_p130,0.06043921038508415,0.04430805519223213,24.373626708984375,12.440082550048828,0.7910034656524658,0.4732311964035034
98,ROIs2017_winter_s2_63_p131,0.06672612577676773,0.04860561341047287,23.514081954956055,13.367063522338867,0.7700360417366028,0.4882075786590576
99,ROIs2017_winter_s2_63_p132,0.0640297457575798,0.045882731676101685,23.872365951538086,12.496006965637207,0.7773692607879639,0.5193392038345337
100,ROIs2017_winter_s2_63_p133,0.05330093204975128,0.03722372651100159,25.46530532836914,10.429211616516113,0.798365592956543,0.48542991280555725
101,ROIs2017_winter_s2_63_p134,0.0550948902964592,0.03698015213012695,25.17777442932129,11.496844291687012,0.8008455038070679,0.4562191963195801
102,ROIs2017_winter_s2_63_p135,0.04378774017095566,0.03273280709981918,27.172948837280273,9.12795352935791,0.8542643785476685,0.46154171228408813
103,ROIs2017_winter_s2_63_p136,0.04025226831436157,0.029708612710237503,27.904193878173828,9.530285835266113,0.8769440650939941,0.4433774948120117
104,ROIs2017_winter_s2_63_p137,0.04808333143591881,0.03221882879734039,26.360109329223633,10.260026931762695,0.854939877986908,0.4526594281196594
105,ROIs2017_winter_s2_63_p138,0.04953095689415932,0.034527409821748734,26.102466583251953,10.432353973388672,0.8249409198760986,0.4763404428958893
106,ROIs2017_winter_s2_63_p139,0.049845315515995026,0.036046262830495834,26.047513961791992,10.337004661560059,0.8164777755737305,0.4991542100906372
107,ROIs2017_winter_s2_63_p140,0.05147710070014,0.03529403731226921,25.767719268798828,10.712084770202637,0.8181573748588562,0.501335859298706
108,ROIs2017_winter_s2_63_p141,0.05651271343231201,0.03759029507637024,24.957077026367188,11.637887001037598,0.807091236114502,0.49128568172454834
109,ROIs2017_winter_s2_63_p142,0.05633784830570221,0.03765245899558067,24.98399543762207,11.843202590942383,0.8062865734100342,0.47835493087768555
110,ROIs2017_winter_s2_63_p143,0.05477827042341232,0.0367768220603466,25.227832794189453,11.417052268981934,0.8080955147743225,0.4782619774341583
111,ROIs2017_winter_s2_63_p144,0.05813261866569519,0.04048515483736992,24.711605072021484,12.039068222045898,0.8027383089065552,0.5049965977668762
112,ROIs2017_winter_s2_63_p146,0.03821858391165733,0.02574092708528042,28.354509353637695,8.470019340515137,0.8524371385574341,0.5309388637542725
113,ROIs2017_winter_s2_63_p147,0.043675798922777176,0.03020315058529377,27.1951847076416,9.042485237121582,0.8556852340698242,0.5055804252624512
114,ROIs2017_winter_s2_63_p148,0.04879777133464813,0.035193342715501785,26.231998443603516,9.881056785583496,0.8346372842788696,0.5097434520721436
115,ROIs2017_winter_s2_63_p149,0.052598997950553894,0.0381598174571991,25.580448150634766,10.59790325164795,0.8173717856407166,0.5090991854667664
116,ROIs2017_winter_s2_63_p150,0.051621079444885254,0.03788797929883003,25.743457794189453,10.912796974182129,0.8158239722251892,0.47367823123931885
117,ROIs2017_winter_s2_63_p151,0.039888475090265274,0.029622983187437057,27.983051300048828,9.46004867553711,0.8676787614822388,0.4115893840789795
118,ROIs2017_winter_s2_63_p152,0.04383018985390663,0.02966860495507717,27.164533615112305,10.089924812316895,0.8846505284309387,0.3945242762565613
119,ROIs2017_winter_s2_63_p153,0.04378363862633705,0.031236007809638977,27.173765182495117,10.123104095458984,0.8684771060943604,0.4315647780895233
120,ROIs2017_winter_s2_63_p154,0.042976174503564835,0.0289983581751585,27.335445404052734,9.573078155517578,0.8815805315971375,0.39582452178001404
121,ROIs2017_winter_s2_63_p155,0.05415359139442444,0.037390876561403275,25.327455520629883,10.595959663391113,0.8555561900138855,0.4081961512565613
122,ROIs2017_winter_s2_63_p156,0.05970476567745209,0.04023853316903114,24.479820251464844,12.589224815368652,0.8258908987045288,0.4180002212524414
123,ROIs2017_winter_s2_63_p157,0.04362012445926666,0.03250917047262192,27.20626449584961,8.365514755249023,0.8766876459121704,0.40598994493484497
124,ROIs2017_winter_s2_63_p158,0.04516088590025902,0.03393437713384628,26.904752731323242,9.212397575378418,0.8623467683792114,0.4234788417816162
125,ROIs2017_winter_s2_63_p159,0.06057245656847954,0.0423174649477005,24.354496002197266,12.384182929992676,0.8125362396240234,0.4712498188018799
126,ROIs2017_winter_s2_63_p160,0.06174706667661667,0.04316750168800354,24.18767547607422,12.27418327331543,0.8005577325820923,0.4771774411201477
127,ROIs2017_winter_s2_63_p161,0.06092413142323494,0.04459037259221077,24.304214477539062,12.018950462341309,0.7844468355178833,0.5178630352020264
128,ROIs2017_winter_s2_63_p162,0.055953361093997955,0.03948105499148369,25.043476104736328,11.328478813171387,0.7882658243179321,0.4834230840206146
129,ROIs2017_winter_s2_63_p163,0.052605994045734406,0.037003614008426666,25.57929801940918,10.888736724853516,0.8162147998809814,0.4765752851963043
130,ROIs2017_winter_s2_63_p164,0.044267892837524414,0.033671922981739044,27.078224182128906,9.507654190063477,0.8496642708778381,0.4833357632160187
131,ROIs2017_winter_s2_63_p165,0.04109107330441475,0.030800435692071915,27.72504997253418,9.68026065826416,0.860237717628479,0.48324835300445557
132,ROIs2017_winter_s2_63_p166,0.042441777884960175,0.030344322323799133,27.44413185119629,10.962575912475586,0.86239093542099,0.4670604467391968
133,ROIs2017_winter_s2_63_p167,0.044118769466876984,0.031308915466070175,27.107534408569336,9.40192699432373,0.8527228832244873,0.4825967848300934
134,ROIs2017_winter_s2_63_p168,0.04877191781997681,0.0332292877137661,26.236602783203125,10.629598617553711,0.8437663912773132,0.4754945933818817
135,ROIs2017_winter_s2_63_p169,0.05298525094985962,0.03489464148879051,25.51690101623535,11.149988174438477,0.8329680562019348,0.46910783648490906
136,ROIs2017_winter_s2_63_p170,0.055687472224235535,0.03640400245785713,25.084850311279297,11.312292098999023,0.8264319896697998,0.47225815057754517
137,ROIs2017_winter_s2_63_p171,0.05003604292869568,0.03357060253620148,26.01434326171875,10.200708389282227,0.8474754691123962,0.4610925316810608
138,ROIs2017_winter_s2_63_p172,0.05335497856140137,0.03411265090107918,25.45650291442871,10.529382705688477,0.8215502500534058,0.46883755922317505
139,ROIs2017_winter_s2_63_p173,0.05973494052886963,0.03869680315256119,24.475431442260742,11.413793563842773,0.7975118160247803,0.4724225401878357
140,ROIs2017_winter_s2_63_p175,0.04785418137907982,0.031960636377334595,26.40160369873047,9.461299896240234,0.82027268409729,0.5646334886550903
141,ROIs2017_winter_s2_63_p176,0.047839149832725525,0.03378439322113991,26.404333114624023,9.485167503356934,0.8460960984230042,0.5391918420791626
142,ROIs2017_winter_s2_63_p177,0.050108566880226135,0.03646080568432808,26.001760482788086,10.156323432922363,0.8267824649810791,0.5274738073348999
143,ROIs2017_winter_s2_63_p178,0.05902862548828125,0.042304087430238724,24.578746795654297,11.712831497192383,0.8014174699783325,0.5314038991928101
144,ROIs2017_winter_s2_63_p179,0.06103867292404175,0.04311751574277878,24.287899017333984,12.042744636535645,0.7966940402984619,0.5472988486289978
145,ROIs2017_winter_s2_63_p180,0.054629627615213394,0.038785066455602646,25.251436233520508,10.571867942810059,0.824759304523468,0.5045263171195984
146,ROIs2017_winter_s2_63_p181,0.03726246953010559,0.027607517316937447,28.574569702148438,7.917685031890869,0.8838356733322144,0.44350433349609375
147,ROIs2017_winter_s2_63_p182,0.055146828293800354,0.03910423442721367,25.16958999633789,10.674883842468262,0.8267942070960999,0.47210028767585754
148,ROIs2017_winter_s2_63_p183,0.05833076313138008,0.03977422043681145,24.68204689025879,11.327422142028809,0.8228126764297485,0.46579164266586304
149,ROIs2017_winter_s2_63_p184,0.037809666246175766,0.02537699043750763,28.44794464111328,7.910950183868408,0.9125956296920776,0.3486829400062561
150,ROIs2017_winter_s2_63_p185,0.03689185529947281,0.023033468052744865,28.661392211914062,8.653645515441895,0.9231407642364502,0.299646258354187
151,ROIs2017_winter_s2_63_p186,0.04419822618365288,0.028825871646404266,27.09190559387207,10.17076301574707,0.898232638835907,0.35612621903419495
152,ROIs2017_winter_s2_63_p187,0.03952864930033684,0.029216814786195755,28.0617618560791,10.01417350769043,0.8876750469207764,0.4053192734718323
153,ROIs2017_winter_s2_63_p188,0.048352744430303574,0.036038827151060104,26.31157875061035,9.693648338317871,0.8540666699409485,0.4434272050857544
154,ROIs2017_winter_s2_63_p189,0.05610381066799164,0.039377909153699875,25.020153045654297,12.121195793151855,0.8259586095809937,0.46753621101379395
155,ROIs2017_winter_s2_63_p190,0.05629679188132286,0.04146236181259155,24.99032974243164,11.471085548400879,0.8094487190246582,0.49059662222862244
156,ROIs2017_winter_s2_63_p191,0.053316593170166016,0.039256274700164795,25.462753295898438,10.662479400634766,0.806839108467102,0.48767057061195374
157,ROIs2017_winter_s2_63_p192,0.04316946864128113,0.033237338066101074,27.296466827392578,9.559430122375488,0.8472678661346436,0.5038678646087646
158,ROIs2017_winter_s2_63_p193,0.04751437529921532,0.03660045191645622,26.463499069213867,10.172987937927246,0.8346079587936401,0.5157824158668518
159,ROIs2017_winter_s2_63_p194,0.052274711430072784,0.0400785394012928,25.634170532226562,11.717528343200684,0.8094291687011719,0.5071108341217041
160,ROIs2017_winter_s2_63_p195,0.04872141778469086,0.036348290741443634,26.245601654052734,10.659799575805664,0.8164191246032715,0.5044242739677429
161,ROIs2017_winter_s2_63_p196,0.04533937945961952,0.03251705691218376,26.8704891204834,9.564817428588867,0.8469278812408447,0.47820764780044556
162,ROIs2017_winter_s2_63_p197,0.048246704041957855,0.035458121448755264,26.330646514892578,9.53322696685791,0.8465479612350464,0.46596425771713257
163,ROIs2017_winter_s2_63_p198,0.048900555819272995,0.03536055609583855,26.21372413635254,9.869756698608398,0.839790403842926,0.4667092561721802
164,ROIs2017_winter_s2_63_p199,0.03786671906709671,0.02722111903131008,28.434846878051758,8.119824409484863,0.8850647211074829,0.4501384198665619
165,ROIs2017_winter_s2_63_p200,0.03741992264986038,0.025577852502465248,28.53794288635254,9.633330345153809,0.9080249071121216,0.39129987359046936
166,ROIs2017_winter_s2_63_p201,0.03699333593249321,0.02688656747341156,28.637531280517578,7.7345356941223145,0.902393102645874,0.4306214153766632
167,ROIs2017_winter_s2_63_p202,0.05677112191915512,0.03828892856836319,24.917449951171875,11.07681655883789,0.8175813555717468,0.45943525433540344
168,ROIs2017_winter_s2_63_p204,0.05497166886925697,0.03733515366911888,25.197221755981445,11.202966690063477,0.8059941530227661,0.5643636584281921
169,ROIs2017_winter_s2_63_p205,0.05618555471301079,0.038745589554309845,25.00750732421875,11.164745330810547,0.8085050582885742,0.5388253927230835
170,ROIs2017_winter_s2_63_p206,0.056915879249572754,0.04000866040587425,24.89533233642578,11.442463874816895,0.8046504259109497,0.5461512804031372
171,ROIs2017_winter_s2_63_p207,0.0634469985961914,0.043575186282396317,23.951780319213867,12.541739463806152,0.79817134141922,0.5535395741462708
172,ROIs2017_winter_s2_63_p208,0.06557757407426834,0.04543393477797508,23.664894104003906,13.310111999511719,0.7974245548248291,0.5487185716629028
173,ROIs2017_winter_s2_63_p209,0.056480493396520615,0.03935791924595833,24.96202850341797,11.261969566345215,0.8179343938827515,0.5048666596412659
174,ROIs2017_winter_s2_63_p210,0.04463200271129608,0.031264688819646835,27.0070743560791,8.93665885925293,0.8604547381401062,0.4561087489128113
175,ROIs2017_winter_s2_63_p211,0.05300320312380791,0.03506610170006752,25.513957977294922,10.580211639404297,0.8311974406242371,0.4752093255519867
176,ROIs2017_winter_s2_63_p212,0.055134452879428864,0.03645927831530571,25.171539306640625,10.516407012939453,0.8303464651107788,0.4721227288246155
177,ROIs2017_winter_s2_63_p213,0.03468232974410057,0.02459365501999855,29.19783592224121,7.843532562255859,0.9140833616256714,0.3650655746459961
178,ROIs2017_winter_s2_63_p214,0.03567434847354889,0.02338496409356594,28.952880859375,8.917835235595703,0.9191762208938599,0.33890894055366516
179,ROIs2017_winter_s2_63_p215,0.04425641894340515,0.03150849789381027,27.080476760864258,10.257112503051758,0.8753308653831482,0.4220663011074066
180,ROIs2017_winter_s2_63_p216,0.05064594745635986,0.036122340708971024,25.909107208251953,9.773036003112793,0.8389763832092285,0.4744454026222229
181,ROIs2017_winter_s2_63_p217,0.05762813240289688,0.03861930966377258,24.787311553955078,11.158207893371582,0.8210279941558838,0.47137802839279175
182,ROIs2017_winter_s2_63_p218,0.05941866338253021,0.04091895371675491,24.521541595458984,12.11571216583252,0.818732500076294,0.48257139325141907
183,ROIs2017_winter_s2_63_p219,0.057609133422374725,0.04348791390657425,24.79017448425293,11.953593254089355,0.8074789643287659,0.49938708543777466
184,ROIs2017_winter_s2_63_p220,0.05560575798153877,0.042645104229450226,25.09760284423828,11.629405975341797,0.7984813451766968,0.5090240240097046
185,ROIs2017_winter_s2_63_p221,0.049676213413476944,0.03860338404774666,26.0770320892334,10.898748397827148,0.8113266229629517,0.5090489983558655
186,ROIs2017_winter_s2_63_p222,0.0542483851313591,0.04202139377593994,25.312267303466797,12.491039276123047,0.8040761947631836,0.5160810947418213
187,ROIs2017_winter_s2_63_p223,0.05898277461528778,0.04549391567707062,24.58549690246582,13.819962501525879,0.7860070466995239,0.5191749334335327
188,ROIs2017_winter_s2_63_p224,0.05302241072058678,0.039661720395088196,25.51081085205078,11.801936149597168,0.8014779090881348,0.4960230588912964
189,ROIs2017_winter_s2_63_p225,0.0499456413090229,0.03485674783587456,26.030048370361328,10.74169635772705,0.8279701471328735,0.46904540061950684
190,ROIs2017_winter_s2_63_p226,0.04854327067732811,0.034903835505247116,26.277420043945312,10.072941780090332,0.846031904220581,0.4576825499534607
191,ROIs2017_winter_s2_63_p227,0.04766293987631798,0.03538278490304947,26.436384201049805,9.318941116333008,0.8544100522994995,0.4505206346511841
192,ROIs2017_winter_s2_63_p228,0.03662455081939697,0.027062127366662025,28.72455406188965,9.48388957977295,0.8920110464096069,0.4097537398338318
193,ROIs2017_winter_s2_63_p229,0.036183904856443405,0.02589159458875656,28.82969093322754,10.323060035705566,0.898327112197876,0.38403791189193726
194,ROIs2017_winter_s2_63_p230,0.03582200035452843,0.02583126723766327,28.91700553894043,9.677271842956543,0.9073412418365479,0.3699343204498291
195,ROIs2017_winter_s2_63_p231,0.05162158980965614,0.036598291248083115,25.743371963500977,10.068143844604492,0.8384223580360413,0.46767184138298035
196,ROIs2017_winter_s2_63_p233,0.05693914368748665,0.03951041027903557,24.891780853271484,11.962774276733398,0.8087034821510315,0.5520009994506836
197,ROIs2017_winter_s2_63_p234,0.06352955847978592,0.04410289227962494,23.94048309326172,12.80672550201416,0.8013554811477661,0.51951003074646
198,ROIs2017_winter_s2_63_p235,0.06499768793582916,0.04494377598166466,23.74204444885254,12.456008911132812,0.7937473058700562,0.5199181437492371
199,ROIs2017_winter_s2_63_p236,0.06359438598155975,0.04420024901628494,23.931625366210938,12.481813430786133,0.7889301180839539,0.5439725518226624
200,ROIs2017_winter_s2_63_p237,0.06567172706127167,0.04601064324378967,23.65243148803711,13.516535758972168,0.7961421012878418,0.524361252784729
201,ROIs2017_winter_s2_63_p238,0.061670832335948944,0.04285047948360443,24.198406219482422,12.628914833068848,0.8112937808036804,0.5002080798149109
202,ROIs2017_winter_s2_63_p239,0.051274482160806656,0.03349865972995758,25.801973342895508,10.174762725830078,0.8361620903015137,0.49628573656082153
203,ROIs2017_winter_s2_63_p240,0.042477287352085114,0.02870979532599449,27.436866760253906,8.360352516174316,0.8701517581939697,0.4590055048465729
204,ROIs2017_winter_s2_63_p241,0.04202774167060852,0.029144518077373505,27.529279708862305,8.047300338745117,0.8893111944198608,0.42647597193717957
205,ROIs2017_winter_s2_63_p242,0.043366070836782455,0.02813102677464485,27.256999969482422,9.38957405090332,0.9038674235343933,0.3643835186958313
206,ROIs2017_winter_s2_63_p243,0.03455587849020958,0.023610621690750122,29.229562759399414,8.880816459655762,0.9187796115875244,0.3456534147262573
207,ROIs2017_winter_s2_63_p244,0.04054168611764908,0.029632454738020897,27.841964721679688,9.373136520385742,0.8756537437438965,0.4256197214126587
208,ROIs2017_winter_s2_63_p245,0.05094278231263161,0.036524977535009384,25.858346939086914,9.61606502532959,0.8403089642524719,0.49375179409980774
209,ROIs2017_winter_s2_63_p246,0.05712544545531273,0.037080373615026474,24.86341094970703,10.90029525756836,0.8252619504928589,0.485437273979187
210,ROIs2017_winter_s2_63_p247,0.05771957337856293,0.038161881268024445,24.77353858947754,11.452493667602539,0.8192036151885986,0.4936341345310211
211,ROIs2017_winter_s2_63_p248,0.059532530605793,0.04236314445734024,24.504913330078125,12.576497077941895,0.799001932144165,0.4903862774372101
212,ROIs2017_winter_s2_63_p249,0.05921200290322304,0.04589380696415901,24.551807403564453,12.604607582092285,0.7824679017066956,0.5187753438949585
213,ROIs2017_winter_s2_63_p250,0.05619771033525467,0.04415902867913246,25.00562858581543,12.10578441619873,0.7852357625961304,0.5219920873641968
214,ROIs2017_winter_s2_63_p251,0.05775004252791405,0.04475326091051102,24.768953323364258,12.840784072875977,0.7903085947036743,0.5251172780990601
215,ROIs2017_winter_s2_63_p252,0.05649764835834503,0.04266487807035446,24.959394454956055,12.20433235168457,0.7907706499099731,0.5165764689445496
216,ROIs2017_winter_s2_63_p253,0.051601722836494446,0.03876323252916336,25.74671745300293,10.732378005981445,0.8015938401222229,0.5033642053604126
217,ROIs2017_winter_s2_63_p254,0.05036091059446335,0.03756406903266907,25.958127975463867,10.199471473693848,0.8232771158218384,0.4892178475856781
218,ROIs2017_winter_s2_63_p255,0.043279826641082764,0.03353161737322807,27.2742919921875,9.426894187927246,0.8514646291732788,0.48385488986968994
219,ROIs2017_winter_s2_63_p256,0.0454164519906044,0.032763347029685974,26.855735778808594,12.558791160583496,0.8587374687194824,0.4421665370464325
220,ROIs2017_winter_s2_63_p257,0.04325181618332863,0.03163062781095505,27.2799129486084,12.459898948669434,0.8634932041168213,0.424585223197937
221,ROIs2017_winter_s2_63_p258,0.04775521159172058,0.0335947647690773,26.419584274291992,11.806241989135742,0.8607932329177856,0.43909603357315063
222,ROIs2017_winter_s2_63_p259,0.051541756838560104,0.0341494157910347,25.756816864013672,11.287884712219238,0.8701950311660767,0.4397689700126648
223,ROIs2017_winter_s2_63_p260,0.047492191195487976,0.03316821530461311,26.46755599975586,9.702804565429688,0.8556109666824341,0.45147836208343506
224,ROIs2017_winter_s2_63_p262,0.05796876549720764,0.04038720950484276,24.736120223999023,12.253241539001465,0.8012904524803162,0.5486576557159424
225,ROIs2017_winter_s2_63_p263,0.05783150717616081,0.03846531733870506,24.756710052490234,11.188819885253906,0.8154429197311401,0.5237752199172974
226,ROIs2017_winter_s2_63_p264,0.058991651982069016,0.03909727931022644,24.584190368652344,10.913287162780762,0.8224297761917114,0.49571725726127625
227,ROIs2017_winter_s2_63_p265,0.061218734830617905,0.041463952511548996,24.262313842773438,11.434586524963379,0.8003484010696411,0.5005984902381897
228,ROIs2017_winter_s2_63_p266,0.06818166375160217,0.046838004142045975,23.32664680480957,13.413097381591797,0.7905086278915405,0.4986165165901184
229,ROIs2017_winter_s2_63_p267,0.07015208154916763,0.048782140016555786,23.079187393188477,14.222498893737793,0.7982268333435059,0.5084700584411621
230,ROIs2017_winter_s2_63_p268,0.06043717637658119,0.039394963532686234,24.373916625976562,11.39075756072998,0.8172991275787354,0.5059660077095032
231,ROIs2017_winter_s2_63_p269,0.05145878344774246,0.03312314301729202,25.77081298828125,9.699958801269531,0.8444901704788208,0.4852238893508911
232,ROIs2017_winter_s2_63_p270,0.05026056990027428,0.03408391773700714,25.975452423095703,10.961019515991211,0.8681875467300415,0.4298121929168701
233,ROIs2017_winter_s2_63_p271,0.048521630465984344,0.03265561908483505,26.281291961669922,11.565051078796387,0.8737833499908447,0.40873682498931885
234,ROIs2017_winter_s2_63_p272,0.05252940207719803,0.03389637544751167,25.59195327758789,11.340047836303711,0.8734427690505981,0.4072135090827942
235,ROIs2017_winter_s2_63_p273,0.05120856687426567,0.03591642528772354,25.813148498535156,10.801243782043457,0.867252767086029,0.45212507247924805
236,ROIs2017_winter_s2_63_p274,0.04456207528710365,0.03339723125100136,27.020692825317383,10.226364135742188,0.8676947355270386,0.4697938561439514
237,ROIs2017_winter_s2_63_p275,0.04390367120504379,0.032281726598739624,27.149982452392578,9.789072036743164,0.8714126348495483,0.4631742835044861
238,ROIs2017_winter_s2_63_p276,0.04790694639086723,0.033722374588251114,26.392030715942383,9.770356178283691,0.8533793687820435,0.475679874420166
239,ROIs2017_winter_s2_63_p277,0.054499901831150055,0.03680652007460594,25.272085189819336,11.253061294555664,0.813639760017395,0.48508596420288086
240,ROIs2017_winter_s2_63_p278,0.05556149035692215,0.04019588977098465,25.104522705078125,11.741170883178711,0.7943131327629089,0.4950495958328247
241,ROIs2017_winter_s2_63_p279,0.06168602034449577,0.04679631441831589,24.196264266967773,13.288495063781738,0.7707921266555786,0.5403800010681152
242,ROIs2017_winter_s2_63_p280,0.062297478318214417,0.047030121088027954,24.110591888427734,13.308605194091797,0.7711849808692932,0.5445454120635986
243,ROIs2017_winter_s2_63_p281,0.060194604098796844,0.04587678983807564,24.40884780883789,12.350303649902344,0.7782002687454224,0.5312631130218506
244,ROIs2017_winter_s2_63_p282,0.05625615641474724,0.04360958933830261,24.996601104736328,11.393287658691406,0.7875485420227051,0.5198164582252502
245,ROIs2017_winter_s2_63_p283,0.052444905042648315,0.042037636041641235,25.605934143066406,11.7158203125,0.7936955094337463,0.5188915133476257
246,ROIs2017_winter_s2_63_p284,0.0511430986225605,0.040945835411548615,25.824260711669922,11.856871604919434,0.8034142851829529,0.5095827579498291
247,ROIs2017_winter_s2_63_p285,0.04599843546748161,0.03593135252594948,26.74513816833496,10.324629783630371,0.8284253478050232,0.4984164237976074
248,ROIs2017_winter_s2_63_p286,0.04147779569029808,0.03196122497320175,27.643688201904297,9.983031272888184,0.8390300869941711,0.505764365196228
249,ROIs2017_winter_s2_63_p287,0.048621878027915955,0.035912368446588516,26.26336669921875,10.84660816192627,0.8362007141113281,0.5143246054649353
250,ROIs2017_winter_s2_63_p288,0.05163120478391647,0.036698855459690094,25.741756439208984,10.8794527053833,0.8523846864700317,0.5002924799919128
251,ROIs2017_winter_s2_63_p289,0.04936295375227928,0.03325921297073364,26.131975173950195,11.62464427947998,0.8719966411590576,0.4302382469177246
252,ROIs2017_winter_s2_63_p291,0.055875349789857864,0.03892594575881958,25.05559730529785,12.063563346862793,0.8085287809371948,0.5279770493507385
253,ROIs2017_winter_s2_63_p292,0.05443930625915527,0.03565024212002754,25.281749725341797,10.520991325378418,0.8230706453323364,0.5149986743927002
254,ROIs2017_winter_s2_63_p293,0.052479200065135956,0.03364390879869461,25.600257873535156,9.685556411743164,0.8580349683761597,0.4931964874267578
255,ROIs2017_winter_s2_63_p294,0.05494698882102966,0.035295888781547546,25.201122283935547,10.095853805541992,0.851951539516449,0.46753156185150146
256,ROIs2017_winter_s2_63_p295,0.06266552954912186,0.040862031280994415,24.05942726135254,11.55605697631836,0.8116555213928223,0.4866136908531189
257,ROIs2017_winter_s2_63_p296,0.06961707025766373,0.0459139421582222,23.145687103271484,13.004060745239258,0.7892050743103027,0.5045837163925171
258,ROIs2017_winter_s2_63_p297,0.06421729922294617,0.0419422872364521,23.846960067749023,11.967150688171387,0.803114652633667,0.5036174058914185
259,ROIs2017_winter_s2_63_p298,0.06036655604839325,0.03905891254544258,24.384075164794922,11.24667739868164,0.8176990747451782,0.48012733459472656
260,ROIs2017_winter_s2_63_p299,0.05722828954458237,0.03841967135667801,24.8477840423584,10.508378982543945,0.8252373933792114,0.47907131910324097
261,ROIs2017_winter_s2_63_p300,0.057242438197135925,0.03923928737640381,24.845638275146484,10.72144889831543,0.8213272094726562,0.4916281998157501
262,ROIs2017_winter_s2_63_p301,0.05713379755616188,0.03860541805624962,24.862138748168945,10.553855895996094,0.8341782689094543,0.4767936170101166
263,ROIs2017_winter_s2_63_p302,0.061407480388879776,0.04014083370566368,24.23557472229004,11.624250411987305,0.8218362331390381,0.48220425844192505
264,ROIs2017_winter_s2_63_p303,0.05452693998813629,0.0374392494559288,25.267780303955078,11.456908226013184,0.8239713907241821,0.5005324482917786
265,ROIs2017_winter_s2_63_p304,0.05038632079958916,0.03479429706931114,25.95374870300293,10.676067352294922,0.8295836448669434,0.5069859027862549
266,ROIs2017_winter_s2_63_p305,0.049030859023332596,0.0345793254673481,26.19061279296875,10.169526100158691,0.8365156650543213,0.4946242570877075
267,ROIs2017_winter_s2_63_p306,0.047058481723070145,0.033740926533937454,26.5472412109375,9.94324779510498,0.8425092101097107,0.4798571765422821
268,ROIs2017_winter_s2_63_p307,0.05190705135464668,0.037357211112976074,25.69547462463379,11.094011306762695,0.8122603893280029,0.48865002393722534
269,ROIs2017_winter_s2_63_p308,0.061139754951000214,0.044700123369693756,24.273527145385742,13.578132629394531,0.7820020914077759,0.5113548040390015
270,ROIs2017_winter_s2_63_p309,0.06309935450553894,0.04538559541106224,23.999502182006836,13.386391639709473,0.7714725136756897,0.5170412063598633
271,ROIs2017_winter_s2_63_p310,0.060495566576719284,0.04521169140934944,24.365528106689453,12.574782371520996,0.7764281034469604,0.5200672149658203
272,ROIs2017_winter_s2_63_p311,0.05740410462021828,0.044868241995573044,24.821144104003906,12.333968162536621,0.7788906097412109,0.5277079343795776
273,ROIs2017_winter_s2_63_p312,0.05622677132487297,0.044256046414375305,25.001136779785156,13.036792755126953,0.7779992818832397,0.5186188817024231
274,ROIs2017_winter_s2_63_p313,0.05726798251271248,0.044913239777088165,24.84176254272461,13.885075569152832,0.783373236656189,0.5086910724639893
275,ROIs2017_winter_s2_63_p314,0.053431227803230286,0.0412738099694252,25.4440975189209,12.253578186035156,0.7971241474151611,0.502745509147644
276,ROIs2017_winter_s2_63_p315,0.051929034292697906,0.04026094451546669,25.691795349121094,10.978151321411133,0.7955987453460693,0.5099173784255981
277,ROIs2017_winter_s2_63_p316,0.05335472151637077,0.039288878440856934,25.45654296875,11.008491516113281,0.8073145151138306,0.5125226378440857
278,ROIs2017_winter_s2_63_p317,0.05613262578845024,0.03792409226298332,25.01569366455078,10.903450012207031,0.8166430592536926,0.5046349763870239
279,ROIs2017_winter_s2_63_p318,0.05157531425356865,0.034659530967473984,25.751163482666016,9.982257843017578,0.8314012289047241,0.49617433547973633
280,ROIs2017_winter_s2_63_p320,0.05180198326706886,0.035086918622255325,25.71307373046875,10.892796516418457,0.8235412836074829,0.5015860795974731
281,ROIs2017_winter_s2_63_p321,0.055679984390735626,0.03698498010635376,25.08601951599121,11.016009330749512,0.8118979930877686,0.49388372898101807
282,ROIs2017_winter_s2_63_p322,0.05252427980303764,0.03452451154589653,25.59280014038086,10.095626831054688,0.8389859199523926,0.4902539849281311
283,ROIs2017_winter_s2_63_p323,0.033527273684740067,0.023996399715542793,29.492034912109375,7.382906436920166,0.9137285947799683,0.4067028760910034
284,ROIs2017_winter_s2_63_p324,0.050567906349897385,0.032359205186367035,25.922500610351562,9.785139083862305,0.8498289585113525,0.47608014941215515
285,ROIs2017_winter_s2_63_p325,0.060615137219429016,0.037999413907527924,24.34838104248047,11.169316291809082,0.8059650659561157,0.49063077569007874
286,ROIs2017_winter_s2_63_p326,0.06401585787534714,0.0416305810213089,23.87424659729004,12.324993133544922,0.7926173806190491,0.49704253673553467
287,ROIs2017_winter_s2_63_p327,0.06337589025497437,0.04123912379145622,23.96152114868164,12.159672737121582,0.7962165474891663,0.496684730052948
288,ROIs2017_winter_s2_63_p328,0.06720434874296188,0.04304245114326477,23.45205307006836,12.286861419677734,0.7861670255661011,0.49372076988220215
289,ROIs2017_winter_s2_63_p329,0.0732179582118988,0.04725331813097,22.70764923095703,13.270968437194824,0.7764506340026855,0.4999062418937683
290,ROIs2017_winter_s2_63_p330,0.06766518205404282,0.04337615892291069,23.3926944732666,12.375992774963379,0.8039628267288208,0.49722906947135925
291,ROIs2017_winter_s2_63_p331,0.06001235917210579,0.03911338001489639,24.4351863861084,11.77580738067627,0.8175561428070068,0.4962453246116638
292,ROIs2017_winter_s2_63_p332,0.05747012421488762,0.038822367787361145,24.8111572265625,11.954290390014648,0.8103066086769104,0.495267391204834
293,ROIs2017_winter_s2_63_p333,0.057112887501716614,0.03920987248420715,24.865318298339844,11.778852462768555,0.8009623289108276,0.49855273962020874
294,ROIs2017_winter_s2_63_p334,0.0576293021440506,0.04190431162714958,24.787132263183594,11.974488258361816,0.7992756962776184,0.5099219083786011
295,ROIs2017_winter_s2_63_p335,0.05533788353204727,0.04090204834938049,25.139551162719727,11.442583084106445,0.8139594793319702,0.4963075518608093
296,ROIs2017_winter_s2_63_p336,0.053279150277376175,0.039888281375169754,25.468854904174805,11.191892623901367,0.8086718320846558,0.4964275658130646
297,ROIs2017_winter_s2_63_p337,0.056673042476177216,0.04224632307887077,24.932470321655273,12.267297744750977,0.7953490018844604,0.5129859447479248
298,ROIs2017_winter_s2_63_p338,0.05649443343281746,0.040055349469184875,24.95988655090332,11.535429000854492,0.7950586080551147,0.500786542892456
299,ROIs2017_winter_s2_63_p339,0.0553792305290699,0.03969525545835495,25.133060455322266,11.660028457641602,0.7979826331138611,0.4916751980781555
300,ROIs2017_winter_s2_63_p340,0.053534045815467834,0.040409792214632034,25.427398681640625,11.92027473449707,0.8009705543518066,0.5153705477714539
301,ROIs2017_winter_s2_63_p341,0.05409400910139084,0.042394209653139114,25.337017059326172,12.206811904907227,0.7989985346794128,0.5135127902030945
302,ROIs2017_winter_s2_63_p342,0.056449927389621735,0.04417680948972702,24.966733932495117,12.555342674255371,0.793684720993042,0.5047080516815186
303,ROIs2017_winter_s2_63_p343,0.05871285870671272,0.04563328996300697,24.625337600708008,11.77431583404541,0.7850582599639893,0.5104213356971741
304,ROIs2017_winter_s2_63_p344,0.06038830056786537,0.04696986451745033,24.380943298339844,11.49960708618164,0.7787821888923645,0.5330429673194885
305,ROIs2017_winter_s2_63_p345,0.05793716013431549,0.042716991156339645,24.740856170654297,11.503660202026367,0.7861533164978027,0.5338490009307861
306,ROIs2017_winter_s2_63_p346,0.06450088322162628,0.04382729157805443,23.80868911743164,12.352243423461914,0.7796943187713623,0.5173359513282776
307,ROIs2017_winter_s2_63_p347,0.06804177910089493,0.04399930685758591,23.344486236572266,12.410107612609863,0.7931658029556274,0.5019974708557129
308,ROIs2017_winter_s2_63_p349,0.04985585808753967,0.032657425850629807,26.045677185058594,9.981941223144531,0.8262962102890015,0.5054802298545837
309,ROIs2017_winter_s2_63_p350,0.05356266722083092,0.035569243133068085,25.42275619506836,11.034077644348145,0.8091550469398499,0.5049134492874146
310,ROIs2017_winter_s2_63_p351,0.05218982696533203,0.03524014353752136,25.648284912109375,10.860374450683594,0.8174195289611816,0.5028325915336609
311,ROIs2017_winter_s2_63_p352,0.05157344415783882,0.03379405662417412,25.75147819519043,10.12066650390625,0.8745215535163879,0.43463462591171265
312,ROIs2017_winter_s2_63_p353,0.04240597039461136,0.028035050258040428,27.451459884643555,8.239792823791504,0.9028372764587402,0.40918466448783875
313,ROIs2017_winter_s2_63_p354,0.052282560616731644,0.033681269735097885,25.632862091064453,10.31983757019043,0.8360726237297058,0.4777141213417053
314,ROIs2017_winter_s2_63_p355,0.05995192378759384,0.039526332169771194,24.443939208984375,11.733762741088867,0.8008425235748291,0.4930058717727661
315,ROIs2017_winter_s2_63_p356,0.06440030783414841,0.04264352098107338,23.822242736816406,12.592100143432617,0.7874377965927124,0.5003339648246765
316,ROIs2017_winter_s2_63_p357,0.07033852487802505,0.045076336711645126,23.056135177612305,12.817091941833496,0.773651123046875,0.49746328592300415
317,ROIs2017_winter_s2_63_p358,0.06962951272726059,0.04529643803834915,23.144132614135742,12.713447570800781,0.7756053805351257,0.4922226369380951
318,ROIs2017_winter_s2_63_p359,0.061425261199474335,0.04025357589125633,24.23305892944336,11.912859916687012,0.8069530725479126,0.49890559911727905
319,ROIs2017_winter_s2_63_p360,0.051973648369312286,0.03563306853175163,25.684337615966797,10.745739936828613,0.8345777988433838,0.5066244602203369
320,ROIs2017_winter_s2_63_p361,0.04906309023499489,0.03557548671960831,26.18490219116211,10.49062728881836,0.8385776281356812,0.49303239583969116
321,ROIs2017_winter_s2_63_p362,0.05459194630384445,0.03933045640587807,25.257427215576172,11.425437927246094,0.8084806799888611,0.4913555085659027
322,ROIs2017_winter_s2_63_p363,0.059196364134550095,0.04257886856794357,24.554100036621094,12.449234008789062,0.793217658996582,0.5101079940795898
323,ROIs2017_winter_s2_63_p364,0.05946027487516403,0.04288507625460625,24.515460968017578,12.495734214782715,0.7992984056472778,0.516278862953186
324,ROIs2017_winter_s2_63_p365,0.056381210684776306,0.04215521365404129,24.977312088012695,11.513223648071289,0.7934638857841492,0.5002865791320801
325,ROIs2017_winter_s2_63_p366,0.05465118959546089,0.04006356745958328,25.248008728027344,11.632853507995605,0.7907519340515137,0.5054717063903809
326,ROIs2017_winter_s2_63_p367,0.05338912084698677,0.03657744452357292,25.450944900512695,11.07735824584961,0.8075268864631653,0.49657195806503296
327,ROIs2017_winter_s2_63_p368,0.0546739436686039,0.03726828843355179,25.24439239501953,11.229562759399414,0.8169176578521729,0.4962928593158722
328,ROIs2017_winter_s2_63_p369,0.05230991542339325,0.037780918180942535,25.628320693969727,11.382630348205566,0.8142330050468445,0.4973253607749939
329,ROIs2017_winter_s2_63_p370,0.050511907786130905,0.03835415840148926,25.9321231842041,11.905244827270508,0.8157730102539062,0.5113352537155151
330,ROIs2017_winter_s2_63_p371,0.05794024467468262,0.04439063370227814,24.740394592285156,12.830399513244629,0.8002912402153015,0.5413545370101929
331,ROIs2017_winter_s2_63_p372,0.0622994489967823,0.04826756939291954,24.110315322875977,12.171165466308594,0.7865512371063232,0.5140090584754944
332,ROIs2017_winter_s2_63_p373,0.06033558398485184,0.04660242423415184,24.388530731201172,11.370474815368652,0.7889573574066162,0.5193200707435608
333,ROIs2017_winter_s2_63_p374,0.05681789293885231,0.04270773380994797,24.910297393798828,11.45527458190918,0.7857565879821777,0.5329710841178894
334,ROIs2017_winter_s2_63_p375,0.06104595214128494,0.043003782629966736,24.286861419677734,11.785600662231445,0.7810057997703552,0.5236868262290955
335,ROIs2017_winter_s2_63_p376,0.06368222087621689,0.04354100301861763,23.919635772705078,12.103642463684082,0.8037540912628174,0.49252092838287354
336,ROIs2017_winter_s2_63_p378,0.04413684830069542,0.02927849441766739,27.103975296020508,9.208059310913086,0.8402964472770691,0.5132931470870972
337,ROIs2017_winter_s2_63_p379,0.046621449291706085,0.03097112476825714,26.628284454345703,9.94833755493164,0.8358947038650513,0.5122656226158142
338,ROIs2017_winter_s2_63_p380,0.04718978703022003,0.03240882605314255,26.523040771484375,10.262643814086914,0.8331336975097656,0.49257075786590576
339,ROIs2017_winter_s2_63_p381,0.0493873693048954,0.033945295959711075,26.127683639526367,10.222037315368652,0.843996524810791,0.49113956093788147
340,ROIs2017_winter_s2_63_p382,0.04701082035899162,0.03148381784558296,26.55604362487793,9.302366256713867,0.8689336776733398,0.44582051038742065
341,ROIs2017_winter_s2_63_p383,0.048382245004177094,0.03172207996249199,26.30628204345703,9.496665954589844,0.861161470413208,0.43556007742881775
342,ROIs2017_winter_s2_63_p384,0.05612994357943535,0.036477264016866684,25.016109466552734,10.912989616394043,0.8249830603599548,0.47025632858276367
343,ROIs2017_winter_s2_63_p385,0.0629541203379631,0.0415000393986702,24.01951789855957,12.129867553710938,0.8004413843154907,0.48927822709083557
344,ROIs2017_winter_s2_63_p386,0.06952881813049316,0.046507325023412704,23.156702041625977,13.164937973022461,0.7725555896759033,0.4998989701271057
345,ROIs2017_winter_s2_63_p387,0.06567635387182236,0.043408989906311035,23.651819229125977,12.125929832458496,0.7781853675842285,0.4994686245918274
346,ROIs2017_winter_s2_63_p388,0.05756829306483269,0.038475196808576584,24.79633331298828,11.265386581420898,0.804479718208313,0.4935506284236908
347,ROIs2017_winter_s2_63_p389,0.05525808408856392,0.038198184221982956,25.152082443237305,11.334333419799805,0.8136862516403198,0.4953240156173706
348,ROIs2017_winter_s2_63_p390,0.05405723676085472,0.038248393684625626,25.342924118041992,11.338822364807129,0.8169494867324829,0.5004537105560303
349,ROIs2017_winter_s2_63_p391,0.05092175304889679,0.035923004150390625,25.8619327545166,10.689698219299316,0.8190420866012573,0.49847888946533203
350,ROIs2017_winter_s2_63_p392,0.05246799439191818,0.03626316785812378,25.60211181640625,10.778736114501953,0.8170732259750366,0.4997483193874359
351,ROIs2017_winter_s2_63_p393,0.05437226966023445,0.037548743188381195,25.292451858520508,11.168988227844238,0.8057724833488464,0.5052772760391235
352,ROIs2017_winter_s2_63_p394,0.053690388798713684,0.03853970393538475,25.402069091796875,11.248226165771484,0.8023485541343689,0.5058473348617554
353,ROIs2017_winter_s2_63_p395,0.05146268755197525,0.03670709207653999,25.770151138305664,11.201637268066406,0.8052502870559692,0.4855680465698242
354,ROIs2017_winter_s2_63_p396,0.05494490638375282,0.0381474494934082,25.201452255249023,11.597949981689453,0.8080846071243286,0.4729169011116028
355,ROIs2017_winter_s2_63_p397,0.048948198556900024,0.03659083694219589,26.20526885986328,10.790797233581543,0.8374596238136292,0.46896228194236755
356,ROIs2017_winter_s2_63_p398,0.04866500943899155,0.036858610808849335,26.255664825439453,11.043438911437988,0.823538064956665,0.5011368989944458
357,ROIs2017_winter_s2_63_p399,0.05254211649298668,0.03900236636400223,25.5898494720459,12.762089729309082,0.8085895776748657,0.5289020538330078
358,ROIs2017_winter_s2_63_p400,0.05715304985642433,0.04304385185241699,24.859214782714844,13.62291145324707,0.8038018941879272,0.5371915102005005
359,ROIs2017_winter_s2_63_p401,0.058706529438495636,0.044924892485141754,24.626272201538086,12.68391227722168,0.7937123775482178,0.5110567212104797
360,ROIs2017_winter_s2_63_p402,0.05916507914662361,0.04583575204014778,24.558692932128906,12.08045768737793,0.7886439561843872,0.513190746307373
361,ROIs2017_winter_s2_63_p403,0.05646565556526184,0.04352916032075882,24.964313507080078,11.01467514038086,0.7925409078598022,0.5221124887466431
362,ROIs2017_winter_s2_63_p404,0.05262637510895729,0.03920569643378258,25.575931549072266,10.40144157409668,0.8023658990859985,0.522921085357666
363,ROIs2017_winter_s2_63_p405,0.053865183144807816,0.03996571525931358,25.373838424682617,11.296521186828613,0.8142820000648499,0.49846896529197693
364,ROIs2017_winter_s2_63_p407,0.04062925651669502,0.027234135195612907,27.823223114013672,8.885868072509766,0.8578714728355408,0.47948724031448364
365,ROIs2017_winter_s2_63_p408,0.04378840699791908,0.028885357081890106,27.17281723022461,9.148626327514648,0.855477511882782,0.48869210481643677
366,ROIs2017_winter_s2_63_p409,0.04410993680357933,0.029851462692022324,27.109272003173828,9.215075492858887,0.8533753752708435,0.48307090997695923
367,ROIs2017_winter_s2_63_p410,0.05066751688718796,0.03439297527074814,25.90540885925293,10.505531311035156,0.8264098167419434,0.4901264011859894
368,ROIs2017_winter_s2_63_p411,0.053112760186195374,0.03571384400129318,25.496023178100586,10.527542114257812,0.8299553394317627,0.4831092655658722
369,ROIs2017_winter_s2_63_p412,0.037696950137615204,0.027065370231866837,28.473875045776367,7.646083831787109,0.9030370116233826,0.3972288966178894
370,ROIs2017_winter_s2_63_p413,0.03997435048222542,0.027971571311354637,27.964372634887695,7.970246315002441,0.8999487161636353,0.40726691484451294
371,ROIs2017_winter_s2_63_p414,0.05345306172966957,0.035096392035484314,25.440547943115234,10.142464637756348,0.8439508676528931,0.4532738924026489
372,ROIs2017_winter_s2_63_p415,0.058032866567373276,0.03967946022748947,24.726520538330078,11.67319393157959,0.8113248348236084,0.4586144685745239
373,ROIs2017_winter_s2_63_p416,0.06535809487104416,0.04434660077095032,23.694015502929688,13.044537544250488,0.7789385318756104,0.487042635679245
374,ROIs2017_winter_s2_63_p417,0.062219541519880295,0.0418720580637455,24.1214656829834,12.41413688659668,0.7881948947906494,0.5051901936531067
375,ROIs2017_winter_s2_63_p418,0.060483627021312714,0.04152998328208923,24.367244720458984,12.088004112243652,0.7992165684700012,0.5020158886909485
376,ROIs2017_winter_s2_63_p419,0.06091831997036934,0.04252474009990692,24.305042266845703,12.233574867248535,0.7957971096038818,0.5086722373962402
377,ROIs2017_winter_s2_63_p420,0.05515916645526886,0.039181966334581375,25.167646408081055,11.403112411499023,0.805341362953186,0.4913056492805481
378,ROIs2017_winter_s2_63_p421,0.04909465089440346,0.033886320888996124,26.1793155670166,10.543615341186523,0.8237757086753845,0.49092423915863037
379,ROIs2017_winter_s2_63_p422,0.04901799559593201,0.03387128934264183,26.192890167236328,10.60411548614502,0.8221936225891113,0.5009502172470093
380,ROIs2017_winter_s2_63_p423,0.054244041442871094,0.03819979727268219,25.312959671020508,11.842962265014648,0.8083107471466064,0.48247697949409485
381,ROIs2017_winter_s2_63_p424,0.05595415458083153,0.03982136771082878,25.043354034423828,12.110823631286621,0.8023273348808289,0.47071364521980286
382,ROIs2017_winter_s2_63_p425,0.05960506200790405,0.041950684040784836,24.494338989257812,12.517651557922363,0.7930770516395569,0.4786478281021118
383,ROIs2017_winter_s2_63_p426,0.058504000306129456,0.04324429854750633,24.656291961669922,12.551706314086914,0.7942257523536682,0.49832963943481445
384,ROIs2017_winter_s2_63_p427,0.05539398267865181,0.04201093316078186,25.130748748779297,13.165221214294434,0.801788866519928,0.5053240656852722
385,ROIs2017_winter_s2_63_p428,0.0543484129011631,0.04060579091310501,25.2962646484375,13.327670097351074,0.7993969321250916,0.5268559455871582
386,ROIs2017_winter_s2_63_p429,0.05402441322803497,0.04007793590426445,25.34819793701172,12.35678768157959,0.8109052181243896,0.515163779258728
387,ROIs2017_winter_s2_63_p430,0.054819561541080475,0.04045111685991287,25.221290588378906,11.923401832580566,0.8074979782104492,0.48717570304870605
388,ROIs2017_winter_s2_63_p431,0.05455372482538223,0.041335493326187134,25.263511657714844,11.55389404296875,0.8037585020065308,0.49709275364875793
389,ROIs2017_winter_s2_63_p432,0.0541992262005806,0.04104606434702873,25.320138931274414,10.372899055480957,0.8154728412628174,0.5132291316986084
390,ROIs2017_winter_s2_63_p433,0.051316507160663605,0.038819570094347,25.794858932495117,10.163442611694336,0.8122478723526001,0.5184770822525024
391,ROIs2017_winter_s2_63_p434,0.05194670706987381,0.03942803293466568,25.688838958740234,10.38515853881836,0.8156704902648926,0.5025103092193604
392,ROIs2017_winter_s2_63_p436,0.03663880378007889,0.02591315284371376,28.721176147460938,7.807814121246338,0.8881415128707886,0.45174214243888855
393,ROIs2017_winter_s2_63_p437,0.04270085692405701,0.028996532782912254,27.39126968383789,8.515667915344238,0.8700690865516663,0.4719613194465637
394,ROIs2017_winter_s2_63_p438,0.045890141278505325,0.030582401901483536,26.76561164855957,9.160050392150879,0.8514508008956909,0.4879857301712036
395,ROIs2017_winter_s2_63_p439,0.050069745630025864,0.03312074765563011,26.00849151611328,10.165214538574219,0.8279318809509277,0.49950820207595825
396,ROIs2017_winter_s2_63_p440,0.05315990000963211,0.035409606993198395,25.488319396972656,10.462328910827637,0.8253915905952454,0.5000866651535034
397,ROIs2017_winter_s2_63_p441,0.040056873112916946,0.028566081076860428,27.946456909179688,7.690196514129639,0.8957489132881165,0.43742886185646057
398,ROIs2017_winter_s2_63_p442,0.04490010067820549,0.02898969128727913,26.955055236816406,9.195809364318848,0.9018036127090454,0.3828842043876648
399,ROIs2017_winter_s2_63_p443,0.0450686477124691,0.03017994947731495,26.922510147094727,9.538116455078125,0.8921960592269897,0.38559621572494507
400,ROIs2017_winter_s2_63_p444,0.038589511066675186,0.027277039363980293,28.27061653137207,8.728269577026367,0.8865679502487183,0.393115758895874
401,ROIs2017_winter_s2_63_p445,0.05681456997990608,0.03791436180472374,24.910804748535156,11.516914367675781,0.8208764791488647,0.4691871404647827
402,ROIs2017_winter_s2_63_p446,0.060869112610816956,0.04088013246655464,24.31205940246582,12.345792770385742,0.7987964153289795,0.5012691020965576
403,ROIs2017_winter_s2_63_p447,0.06207681819796562,0.041296690702438354,24.14141082763672,12.122509002685547,0.7997292876243591,0.4932232201099396
404,ROIs2017_winter_s2_63_p448,0.06394727528095245,0.042908743023872375,23.883560180664062,12.762831687927246,0.7941597700119019,0.50288325548172
405,ROIs2017_winter_s2_63_p449,0.058511290699243546,0.041540343314409256,24.65520668029785,12.470240592956543,0.8020591735839844,0.4912988245487213
406,ROIs2017_winter_s2_63_p450,0.052430517971515656,0.03701424226164818,25.608318328857422,11.295092582702637,0.8219587802886963,0.481680691242218
407,ROIs2017_winter_s2_63_p451,0.05174294114112854,0.03596176207065582,25.722978591918945,11.310714721679688,0.830287754535675,0.4885612428188324
408,ROIs2017_winter_s2_63_p452,0.054270315915346146,0.03791020065546036,25.308752059936523,11.870421409606934,0.8201514482498169,0.48606181144714355
409,ROIs2017_winter_s2_63_p453,0.055980417877435684,0.039294254034757614,25.039276123046875,12.021732330322266,0.7970095872879028,0.48279887437820435
410,ROIs2017_winter_s2_63_p454,0.059801097959280014,0.04131137579679489,24.465816497802734,12.313985824584961,0.786861002445221,0.4882603883743286
411,ROIs2017_winter_s2_63_p455,0.06380826234817505,0.04343373328447342,23.902462005615234,12.734846115112305,0.7892602682113647,0.49437910318374634
412,ROIs2017_winter_s2_63_p456,0.06547997146844864,0.04578724876046181,23.67782974243164,13.91864013671875,0.786173939704895,0.502312421798706
413,ROIs2017_winter_s2_63_p457,0.05786922574043274,0.04216654226183891,24.751049041748047,13.270724296569824,0.7867131233215332,0.5245954990386963
414,ROIs2017_winter_s2_63_p458,0.056001316756010056,0.040669865906238556,25.036033630371094,11.971704483032227,0.794118344783783,0.5244188904762268
415,ROIs2017_winter_s2_63_p459,0.06033478304743767,0.043672434985637665,24.38864517211914,12.487974166870117,0.7950868606567383,0.5237911939620972
416,ROIs2017_winter_s2_63_p460,0.05613098293542862,0.04156247526407242,25.015947341918945,11.29945182800293,0.8124284148216248,0.5083733201026917
417,ROIs2017_winter_s2_63_p461,0.052969612181186676,0.03981228172779083,25.51946449279785,10.37592601776123,0.8177543878555298,0.502549946308136
418,ROIs2017_winter_s2_63_p462,0.052183736115694046,0.03909340500831604,25.6492977142334,10.298601150512695,0.8073858022689819,0.5023999214172363
419,ROIs2017_winter_s2_63_p463,0.05231556296348572,0.03945707157254219,25.627382278442383,10.21166706085205,0.8183660507202148,0.5037683248519897
420,ROIs2017_winter_s2_63_p465,0.046473484486341476,0.03279267996549606,26.655895233154297,10.011818885803223,0.8676209449768066,0.4726600646972656
421,ROIs2017_winter_s2_63_p466,0.04549732431769371,0.03185905143618584,26.84028434753418,9.287504196166992,0.8738442659378052,0.47078192234039307
422,ROIs2017_winter_s2_63_p467,0.04659431427717209,0.03112407959997654,26.63334083557129,9.333511352539062,0.8462094068527222,0.478199303150177
423,ROIs2017_winter_s2_63_p468,0.043506670743227005,0.029773034155368805,27.2288818359375,8.964617729187012,0.8601961135864258,0.45481792092323303
424,ROIs2017_winter_s2_63_p469,0.04271138831973076,0.030024804174900055,27.389127731323242,8.222088813781738,0.8793407678604126,0.4347020983695984
425,ROIs2017_winter_s2_63_p470,0.04119395092129707,0.028173910453915596,27.703330993652344,8.051353454589844,0.9003821611404419,0.4146571755409241
426,ROIs2017_winter_s2_63_p471,0.04661206528544426,0.030279435217380524,26.63003158569336,9.19263744354248,0.8940156102180481,0.4059430956840515
427,ROIs2017_winter_s2_63_p472,0.0522545762360096,0.034178946167230606,25.63751220703125,10.603858947753906,0.8674296140670776,0.4139818847179413
428,ROIs2017_winter_s2_63_p473,0.04858331382274628,0.03266576677560806,26.2702579498291,10.996813774108887,0.8628054261207581,0.42021340131759644
429,ROIs2017_winter_s2_63_p474,0.046557530760765076,0.034161876887083054,26.640201568603516,10.083455085754395,0.8629308938980103,0.44395142793655396
430,ROIs2017_winter_s2_63_p475,0.04936691001057625,0.0338045135140419,26.131282806396484,10.12685489654541,0.8457624316215515,0.46888530254364014
431,ROIs2017_winter_s2_63_p476,0.05852517485618591,0.03889617696404457,24.653146743774414,11.457558631896973,0.8177413940429688,0.5011642575263977
432,ROIs2017_winter_s2_63_p477,0.061020851135253906,0.04120494797825813,24.290435791015625,12.24523639678955,0.8070764541625977,0.4906487464904785
433,ROIs2017_winter_s2_63_p478,0.06320173293352127,0.04370366036891937,23.985422134399414,12.639579772949219,0.8027486801147461,0.4873223900794983
434,ROIs2017_winter_s2_63_p479,0.059539489448070526,0.03973742946982384,24.50389862060547,11.824336051940918,0.8213456869125366,0.47548559308052063
435,ROIs2017_winter_s2_63_p480,0.05028725042939186,0.03462179750204086,25.970842361450195,10.811958312988281,0.8494813442230225,0.45765501260757446
436,ROIs2017_winter_s2_63_p481,0.04940278083086014,0.03430303931236267,26.12497329711914,10.049177169799805,0.8607281446456909,0.4490286111831665
437,ROIs2017_winter_s2_63_p482,0.05606065317988396,0.037621378898620605,25.026836395263672,11.030799865722656,0.8230054974555969,0.47496455907821655
438,ROIs2017_winter_s2_63_p483,0.05682284012436867,0.03862903267145157,24.909542083740234,11.451385498046875,0.8035717010498047,0.4931730031967163
439,ROIs2017_winter_s2_63_p484,0.06068900600075722,0.04042469710111618,24.337799072265625,12.11158561706543,0.8017432689666748,0.49082979559898376
440,ROIs2017_winter_s2_63_p485,0.06461599469184875,0.04326733946800232,23.79319953918457,12.968292236328125,0.7868455648422241,0.4879969358444214
441,ROIs2017_winter_s2_63_p486,0.05681619420647621,0.04116324335336685,24.910560607910156,12.383975982666016,0.7904167175292969,0.4985926151275635
442,ROIs2017_winter_s2_63_p487,0.05556013062596321,0.04081852734088898,25.104734420776367,11.912213325500488,0.7925002574920654,0.508800745010376
443,ROIs2017_winter_s2_63_p488,0.05870763957500458,0.042614132165908813,24.62610626220703,11.962133407592773,0.7931336164474487,0.5191309452056885
444,ROIs2017_winter_s2_63_p489,0.058011192828416824,0.04275545850396156,24.729764938354492,11.31872272491455,0.7990902066230774,0.5215166807174683
445,ROIs2017_winter_s2_63_p490,0.05506521090865135,0.04179384186863899,25.18245506286621,10.454368591308594,0.7999606132507324,0.513005256652832
446,ROIs2017_winter_s2_63_p491,0.05469522625207901,0.04167521744966507,25.241012573242188,10.436544418334961,0.7957444190979004,0.5232856273651123
447,ROIs2017_winter_s2_63_p492,0.056165263056755066,0.04240249842405319,25.010644912719727,11.412893295288086,0.7969926595687866,0.5287538170814514
448,ROIs2017_winter_s2_63_p494,0.04116540774703026,0.02949542924761772,27.7093505859375,8.341781616210938,0.851926326751709,0.5046225786209106
449,ROIs2017_winter_s2_63_p495,0.04670267552137375,0.03271985799074173,26.61316680908203,9.272961616516113,0.8432903289794922,0.4858252704143524
450,ROIs2017_winter_s2_63_p496,0.04443144425749779,0.030021686106920242,27.046192169189453,9.423588752746582,0.8602709770202637,0.4486476182937622
451,ROIs2017_winter_s2_63_p497,0.04113130643963814,0.027501406148076057,27.716550827026367,9.360311508178711,0.8896573185920715,0.39319461584091187
452,ROIs2017_winter_s2_63_p498,0.037965111434459686,0.025857534259557724,28.41230583190918,8.406997680664062,0.9009783864021301,0.38292497396469116
453,ROIs2017_winter_s2_63_p499,0.038098908960819244,0.02705327980220318,28.38174819946289,7.841031551361084,0.9025355577468872,0.3969278931617737
454,ROIs2017_winter_s2_63_p500,0.0503123439848423,0.03323932737112045,25.966508865356445,10.04346752166748,0.8811739683151245,0.4019371569156647
455,ROIs2017_winter_s2_63_p501,0.05039677023887634,0.03439626470208168,25.951948165893555,10.29444694519043,0.8612523078918457,0.4210225045681
456,ROIs2017_winter_s2_63_p502,0.043157514184713364,0.031848132610321045,27.298871994018555,9.327881813049316,0.8590838313102722,0.45510053634643555
457,ROIs2017_winter_s2_63_p503,0.04645095020532608,0.033027999103069305,26.66010856628418,9.308659553527832,0.8444298505783081,0.48617613315582275
458,ROIs2017_winter_s2_63_p504,0.05420953407883644,0.03557530790567398,25.3184871673584,10.341279029846191,0.8327265977859497,0.4816891551017761
459,ROIs2017_winter_s2_63_p505,0.057472120970487595,0.03711657598614693,24.810855865478516,10.872106552124023,0.8318562507629395,0.4817008376121521
460,ROIs2017_winter_s2_63_p506,0.05598538741469383,0.036977339535951614,25.03850555419922,11.256967544555664,0.8214832544326782,0.48633408546447754
461,ROIs2017_winter_s2_63_p507,0.061275120824575424,0.04158859699964523,24.254318237304688,12.15947151184082,0.7986356616020203,0.492155522108078
462,ROIs2017_winter_s2_63_p508,0.057673946022987366,0.038990169763565063,24.78040885925293,11.314323425292969,0.8158109188079834,0.48771634697914124
463,ROIs2017_winter_s2_63_p509,0.03668344393372536,0.027412571012973785,28.71059799194336,9.313552856445312,0.8912833333015442,0.4097171723842621
464,ROIs2017_winter_s2_63_p510,0.039768122136592865,0.0271551962941885,28.009300231933594,10.626214981079102,0.8957195281982422,0.3608386218547821
465,ROIs2017_winter_s2_63_p511,0.05184914171695709,0.036639440804719925,25.705167770385742,9.398785591125488,0.8684800863265991,0.41330382227897644
466,ROIs2017_winter_s2_63_p512,0.05758189782500267,0.04020828753709793,24.794281005859375,11.293793678283691,0.8169658184051514,0.4491213262081146
467,ROIs2017_winter_s2_63_p513,0.05912807956337929,0.04223228991031647,24.564123153686523,12.439375877380371,0.791179895401001,0.4832232594490051
468,ROIs2017_winter_s2_63_p514,0.05825359746813774,0.041849467903375626,24.693546295166016,12.558144569396973,0.7999762296676636,0.4791410565376282
469,ROIs2017_winter_s2_63_p515,0.05407025292515755,0.041245486587285995,25.34083366394043,11.67113208770752,0.8100485801696777,0.4768635034561157
470,ROIs2017_winter_s2_63_p516,0.0542413629591465,0.040828704833984375,25.313386917114258,11.602649688720703,0.8093845844268799,0.5004866123199463
471,ROIs2017_winter_s2_63_p517,0.052518561482429504,0.03916780278086662,25.593746185302734,10.861214637756348,0.818134069442749,0.5121660232543945
472,ROIs2017_winter_s2_63_p518,0.053761545568704605,0.040297895669937134,25.390565872192383,11.030923843383789,0.8002785444259644,0.517900824546814
473,ROIs2017_winter_s2_63_p519,0.0550612173974514,0.0421643927693367,25.18308448791504,11.006668090820312,0.7969371676445007,0.5148485898971558
474,ROIs2017_winter_s2_63_p520,0.05363863334059715,0.04175672307610512,25.410444259643555,10.535463333129883,0.8044201135635376,0.49885281920433044
475,ROIs2017_winter_s2_63_p521,0.05929863825440407,0.04572045058012009,24.539108276367188,12.373281478881836,0.7801942825317383,0.5173367261886597
476,ROIs2017_winter_s2_63_p523,0.047035589814186096,0.031398944556713104,26.551467895507812,9.05815315246582,0.8430157899856567,0.4880526661872864
477,ROIs2017_winter_s2_63_p524,0.04937927424907684,0.0335877351462841,26.129108428955078,9.672619819641113,0.8428343534469604,0.47738465666770935
478,ROIs2017_winter_s2_63_p525,0.048574741929769516,0.032884079962968826,26.27178955078125,10.01170825958252,0.8507601618766785,0.46942853927612305
479,ROIs2017_winter_s2_63_p526,0.041669100522994995,0.02816345915198326,27.60371971130371,8.871763229370117,0.8810922503471375,0.4488062560558319
480,ROIs2017_winter_s2_63_p527,0.04619888216257095,0.030580921098589897,26.707372665405273,9.138843536376953,0.8842920660972595,0.41136425733566284
481,ROIs2017_winter_s2_63_p528,0.043189145624637604,0.030600663274526596,27.292509078979492,8.766517639160156,0.8847968578338623,0.3944827914237976
482,ROIs2017_winter_s2_63_p529,0.04237806051969528,0.03127960115671158,27.45718002319336,9.045574188232422,0.8831492066383362,0.4025387763977051
483,ROIs2017_winter_s2_63_p530,0.043269794434309006,0.03198631480336189,27.276304244995117,8.850546836853027,0.8704296350479126,0.4271434545516968
484,ROIs2017_winter_s2_63_p531,0.052157897502183914,0.036235153675079346,25.653600692749023,10.297996520996094,0.8347780704498291,0.46101948618888855
485,ROIs2017_winter_s2_63_p532,0.05639483407139778,0.037966202944517136,24.9752140045166,10.789787292480469,0.810016930103302,0.49367615580558777
486,ROIs2017_winter_s2_63_p533,0.05684615671634674,0.037749189883470535,24.905977249145508,10.647092819213867,0.8150547742843628,0.4829009175300598
487,ROIs2017_winter_s2_63_p534,0.052023254334926605,0.03603058680891991,25.676050186157227,9.929540634155273,0.8460328578948975,0.458750456571579
488,ROIs2017_winter_s2_63_p535,0.056242071092128754,0.03703279420733452,24.998777389526367,11.028337478637695,0.8310614824295044,0.4874700903892517
489,ROIs2017_winter_s2_63_p536,0.05729668214917183,0.03759654238820076,24.83740997314453,11.14063549041748,0.8056955337524414,0.49116945266723633
490,ROIs2017_winter_s2_63_p537,0.05360405892133713,0.037606459110975266,25.416048049926758,11.027641296386719,0.8116216063499451,0.4971008598804474
491,ROIs2017_winter_s2_63_p538,0.04587399959564209,0.03488669544458389,26.768667221069336,9.79416561126709,0.8457255363464355,0.4944154918193817
492,ROIs2017_winter_s2_63_p539,0.039509937167167664,0.030039316043257713,28.065874099731445,9.93635082244873,0.8728640079498291,0.4538916349411011
493,ROIs2017_winter_s2_63_p540,0.040622614324092865,0.029152926057577133,27.824642181396484,11.144051551818848,0.887793779373169,0.4024491310119629
494,ROIs2017_winter_s2_63_p541,0.04568589851260185,0.03457614779472351,26.80435562133789,10.27101993560791,0.8505457639694214,0.44800233840942383
495,ROIs2017_winter_s2_63_p542,0.05604272335767746,0.042818810790777206,25.029617309570312,12.511377334594727,0.7880829572677612,0.4884563088417053
496,ROIs2017_winter_s2_63_p543,0.05378492549061775,0.04109642654657364,25.386789321899414,12.206758499145508,0.7999700307846069,0.4936845302581787
497,ROIs2017_winter_s2_63_p544,0.05577876791357994,0.0418977215886116,25.070621490478516,12.186104774475098,0.8086700439453125,0.4922216832637787
498,ROIs2017_winter_s2_63_p545,0.05614462122321129,0.041349444538354874,25.013837814331055,11.968085289001465,0.8053990006446838,0.5006541609764099
499,ROIs2017_winter_s2_63_p546,0.0506100170314312,0.03785810247063637,25.915271759033203,11.250249862670898,0.8126446604728699,0.5054542422294617
500,ROIs2017_winter_s2_63_p547,0.05023437738418579,0.03848739340901375,25.97998046875,11.58890438079834,0.8009971380233765,0.5076061487197876
501,ROIs2017_winter_s2_63_p548,0.05123459920287132,0.03909775987267494,25.808732986450195,11.463945388793945,0.7991156578063965,0.5141927003860474
502,ROIs2017_winter_s2_63_p549,0.05711879953742027,0.04360842704772949,24.864418029785156,11.760810852050781,0.7923715710639954,0.4916008710861206
503,ROIs2017_winter_s2_63_p550,0.060392897576093674,0.04649573192000389,24.38028335571289,12.601608276367188,0.7836571931838989,0.4951549470424652
504,ROIs2017_winter_s2_63_p552,0.04625488445162773,0.03119998425245285,26.696849822998047,8.97377872467041,0.860405445098877,0.481887549161911
505,ROIs2017_winter_s2_63_p553,0.03841277211904526,0.02767997793853283,28.310487747192383,7.727040767669678,0.8931811451911926,0.43041855096817017
506,ROIs2017_winter_s2_63_p554,0.04553887993097305,0.03278009966015816,26.832353591918945,9.196996688842773,0.8636670112609863,0.44927653670310974
507,ROIs2017_winter_s2_63_p555,0.04268649220466614,0.03062637522816658,27.39419174194336,8.39841079711914,0.877578616142273,0.44444739818573
508,ROIs2017_winter_s2_63_p556,0.04490441083908081,0.029307179152965546,26.954221725463867,8.457167625427246,0.887753963470459,0.3974818289279938
509,ROIs2017_winter_s2_63_p557,0.044107191264629364,0.03175115957856178,27.109811782836914,8.24215316772461,0.8761638402938843,0.39340925216674805
510,ROIs2017_winter_s2_63_p558,0.043139584362506866,0.0324697308242321,27.30248260498047,8.475317001342773,0.8749974966049194,0.4067421555519104
511,ROIs2017_winter_s2_63_p559,0.04179918020963669,0.03153357654809952,27.57664680480957,8.669992446899414,0.8734649419784546,0.4242302179336548
512,ROIs2017_winter_s2_63_p560,0.04212027043104172,0.031437184661626816,27.510175704956055,8.489914894104004,0.8679831624031067,0.4528244733810425
513,ROIs2017_winter_s2_63_p561,0.049215830862522125,0.033060234040021896,26.15790367126465,9.641467094421387,0.8443648815155029,0.4654284119606018
514,ROIs2017_winter_s2_63_p562,0.04985426738858223,0.033921338617801666,26.04595375061035,9.81679916381836,0.8432072401046753,0.46007972955703735
515,ROIs2017_winter_s2_63_p563,0.041556231677532196,0.03161650896072388,27.62727928161621,8.456395149230957,0.8737690448760986,0.4306744933128357
516,ROIs2017_winter_s2_63_p564,0.043211229145526886,0.031176365911960602,27.288070678710938,9.053060531616211,0.8763790130615234,0.4265037178993225
517,ROIs2017_winter_s2_63_p565,0.05242875590920448,0.03541554510593414,25.608612060546875,10.314872741699219,0.830123782157898,0.47839054465293884
518,ROIs2017_winter_s2_63_p566,0.053043656051158905,0.03680197894573212,25.50733184814453,10.866501808166504,0.8138472437858582,0.4904857575893402
519,ROIs2017_winter_s2_63_p567,0.053507208824157715,0.037659212946891785,25.43175506591797,11.275187492370605,0.8142495155334473,0.4973433017730713
520,ROIs2017_winter_s2_63_p568,0.05136808007955551,0.036840494722127914,25.7861328125,10.838539123535156,0.8284153938293457,0.498942106962204
521,ROIs2017_winter_s2_63_p569,0.04694150388240814,0.034970931708812714,26.56886100769043,10.111577987670898,0.848171591758728,0.499798983335495
522,ROIs2017_winter_s2_63_p570,0.05033297464251518,0.03796479478478432,25.96294593811035,10.842384338378906,0.8284409046173096,0.4949389696121216
523,ROIs2017_winter_s2_63_p571,0.05396455526351929,0.0409683994948864,25.35782814025879,11.818848609924316,0.8008497953414917,0.5037042498588562
524,ROIs2017_winter_s2_63_p572,0.0541454516351223,0.03992616385221481,25.32876205444336,12.162521362304688,0.8011202812194824,0.4964030385017395
525,ROIs2017_winter_s2_63_p573,0.05663169547915459,0.04038282856345177,24.938810348510742,12.22611141204834,0.8006542921066284,0.5007684230804443
526,ROIs2017_winter_s2_63_p574,0.05548614636063576,0.039433803409338,25.116308212280273,11.711827278137207,0.7966145277023315,0.5056682825088501
527,ROIs2017_winter_s2_63_p575,0.05098896473646164,0.03815939277410507,25.85047721862793,11.71568489074707,0.8004112839698792,0.5068521499633789
528,ROIs2017_winter_s2_63_p576,0.04968186095356941,0.03847065940499306,26.076045989990234,11.88161563873291,0.8049163222312927,0.5135343074798584
529,ROIs2017_winter_s2_63_p577,0.05120827257633209,0.03928149864077568,25.81319808959961,11.329123497009277,0.7980269193649292,0.5136003494262695
530,ROIs2017_winter_s2_63_p578,0.057648394256830215,0.0430179163813591,24.784255981445312,11.791777610778809,0.7869605422019958,0.49488383531570435
531,ROIs2017_winter_s2_63_p579,0.05869840830564499,0.0442742183804512,24.627473831176758,11.789812088012695,0.7957707643508911,0.5001651048660278
532,ROIs2017_winter_s2_63_p581,0.05003786459565163,0.0336749367415905,26.01402473449707,10.285367965698242,0.8259508609771729,0.5102309584617615
533,ROIs2017_winter_s2_63_p582,0.03737582266330719,0.027627363801002502,28.548185348510742,7.725277423858643,0.8840358257293701,0.45136091113090515
534,ROIs2017_winter_s2_63_p583,0.03891351446509361,0.02761417254805565,28.1979923248291,8.376812934875488,0.8892215490341187,0.41775232553482056
535,ROIs2017_winter_s2_63_p584,0.035770852118730545,0.024800924584269524,28.929414749145508,8.202346801757812,0.9043157696723938,0.3861420750617981
536,ROIs2017_winter_s2_63_p585,0.03127649798989296,0.02100531943142414,30.095638275146484,8.322712898254395,0.916466474533081,0.33879950642585754
537,ROIs2017_winter_s2_63_p586,0.035757504403591156,0.025379952043294907,28.93265724182129,8.23108959197998,0.8992711901664734,0.3428201973438263
538,ROIs2017_winter_s2_63_p587,0.04210059344768524,0.030504439026117325,27.514236450195312,8.578498840332031,0.8839449882507324,0.3724764883518219
539,ROIs2017_winter_s2_63_p588,0.04121938720345497,0.02954106219112873,27.69797134399414,8.776397705078125,0.8875757455825806,0.37575623393058777
540,ROIs2017_winter_s2_63_p589,0.040220342576503754,0.02950429357588291,27.911087036132812,9.111292839050293,0.8763346672058105,0.4128310978412628
541,ROIs2017_winter_s2_63_p590,0.036892976611852646,0.026139114052057266,28.6611270904541,9.034685134887695,0.8977759480476379,0.3588707149028778
542,ROIs2017_winter_s2_63_p591,0.04566522315144539,0.030017675831913948,26.80828857421875,9.860747337341309,0.8924611210823059,0.3590018153190613
543,ROIs2017_winter_s2_63_p592,0.04246780648827553,0.03192191943526268,27.438804626464844,8.847972869873047,0.87071293592453,0.4315297603607178
544,ROIs2017_winter_s2_63_p593,0.04003436118364334,0.031011756509542465,27.951343536376953,8.61412525177002,0.87177574634552,0.43686598539352417
545,ROIs2017_winter_s2_63_p594,0.042558666318655014,0.03196758031845093,27.420242309570312,9.099526405334473,0.8489190936088562,0.4724004864692688
546,ROIs2017_winter_s2_63_p595,0.04840603470802307,0.03527000546455383,26.302011489868164,10.406325340270996,0.8193554282188416,0.5091513395309448
547,ROIs2017_winter_s2_63_p596,0.05454966425895691,0.03802688419818878,25.264158248901367,11.220796585083008,0.8061931133270264,0.49764251708984375
548,ROIs2017_winter_s2_63_p597,0.057409174740314484,0.03933674842119217,24.82037353515625,11.110373497009277,0.8152016401290894,0.4824802577495575
549,ROIs2017_winter_s2_63_p598,0.053228773176670074,0.03690788522362709,25.477073669433594,10.86484432220459,0.8368300199508667,0.48200976848602295
550,ROIs2017_winter_s2_63_p599,0.05107615143060684,0.03608383238315582,25.83563804626465,10.993955612182617,0.8296706676483154,0.4849361479282379
551,ROIs2017_winter_s2_63_p600,0.05116066709160805,0.03667983412742615,25.82127571105957,10.672348022460938,0.8211854100227356,0.49428343772888184
552,ROIs2017_winter_s2_63_p601,0.05212629213929176,0.037729501724243164,25.658864974975586,11.1292142868042,0.8178455829620361,0.4925503730773926
553,ROIs2017_winter_s2_63_p602,0.05538821592926979,0.040785856544971466,25.131654739379883,12.312886238098145,0.8012816309928894,0.5040637254714966
554,ROIs2017_winter_s2_63_p603,0.05404592677950859,0.040202636271715164,25.344741821289062,12.173673629760742,0.7937538623809814,0.5236775875091553
555,ROIs2017_winter_s2_63_p604,0.05180535838007927,0.0390687920153141,25.712507247924805,12.061495780944824,0.7946205139160156,0.5111774206161499
556,ROIs2017_winter_s2_63_p605,0.051280148327350616,0.03938799723982811,25.801013946533203,11.810638427734375,0.7946597337722778,0.5231258273124695
557,ROIs2017_winter_s2_63_p606,0.053204648196697235,0.0406871922314167,25.48101043701172,11.239742279052734,0.7852089405059814,0.5240049958229065
558,ROIs2017_winter_s2_63_p607,0.05427950993180275,0.040580108761787415,25.307283401489258,11.094054222106934,0.7940471172332764,0.4901896119117737
559,ROIs2017_winter_s2_63_p608,0.053929537534713745,0.04023575037717819,25.363466262817383,11.596356391906738,0.8075332641601562,0.48434361815452576
560,ROIs2017_winter_s2_63_p610,0.050416700541973114,0.03506477549672127,25.94851303100586,10.403778076171875,0.8248257637023926,0.5070903897285461
561,ROIs2017_winter_s2_63_p611,0.04798305034637451,0.032830409705638885,26.37824249267578,9.939552307128906,0.838271975517273,0.49289828538894653
562,ROIs2017_winter_s2_63_p612,0.03924473747611046,0.026995200663805008,28.124372482299805,8.918396949768066,0.8936589956283569,0.4022928774356842
563,ROIs2017_winter_s2_63_p613,0.0348234660923481,0.024029288440942764,29.162561416625977,8.466826438903809,0.9165998697280884,0.34471485018730164
564,ROIs2017_winter_s2_63_p614,0.02988688461482525,0.020657438784837723,30.490386962890625,8.454889297485352,0.9282335638999939,0.31853872537612915
565,ROIs2017_winter_s2_63_p615,0.03146389126777649,0.022097278386354446,30.043752670288086,8.793244361877441,0.9132884740829468,0.3161385655403137
566,ROIs2017_winter_s2_63_p616,0.039223458617925644,0.0276721753180027,28.12908363342285,10.547731399536133,0.8847715854644775,0.35449230670928955
567,ROIs2017_winter_s2_63_p617,0.04204360023140907,0.030637359246611595,27.5260009765625,10.004843711853027,0.875159502029419,0.3932511806488037
568,ROIs2017_winter_s2_63_p618,0.04289420694112778,0.03156176581978798,27.352027893066406,9.111371040344238,0.8688591718673706,0.4233616590499878
569,ROIs2017_winter_s2_63_p619,0.043716397136449814,0.02980921044945717,27.187114715576172,10.163670539855957,0.8788207173347473,0.3607785999774933
570,ROIs2017_winter_s2_63_p620,0.05553619563579559,0.035213567316532135,25.108478546142578,10.925776481628418,0.8694916367530823,0.37458035349845886
571,ROIs2017_winter_s2_63_p621,0.050067491829395294,0.034694042056798935,26.00888442993164,10.286347389221191,0.8411250114440918,0.4398954212665558
572,ROIs2017_winter_s2_63_p622,0.04650668427348137,0.03436090424656868,26.64969253540039,10.495448112487793,0.8397827744483948,0.46766290068626404
573,ROIs2017_winter_s2_63_p623,0.04781311750411987,0.03568732365965843,26.409061431884766,11.053632736206055,0.8215368986129761,0.5125268697738647
574,ROIs2017_winter_s2_63_p624,0.050803519785404205,0.03664790466427803,25.882125854492188,11.196643829345703,0.8046538829803467,0.5162677764892578
575,ROIs2017_winter_s2_63_p625,0.051438599824905396,0.03581783547997475,25.774219512939453,10.687392234802246,0.8096742033958435,0.4941123425960541
576,ROIs2017_winter_s2_63_p626,0.051849473267793655,0.036206383258104324,25.70511245727539,10.265836715698242,0.8164654970169067,0.48345911502838135
577,ROIs2017_winter_s2_63_p627,0.04731963947415352,0.03509444370865822,26.49917221069336,10.23076057434082,0.8345510959625244,0.4822336733341217
578,ROIs2017_winter_s2_63_p628,0.04670175164937973,0.034674860537052155,26.613338470458984,10.349238395690918,0.8329809308052063,0.4944532513618469
579,ROIs2017_winter_s2_63_p629,0.049747176468372345,0.03706319257616997,26.064632415771484,10.575722694396973,0.8134288787841797,0.509351372718811
580,ROIs2017_winter_s2_63_p630,0.05268939957022667,0.04014362767338753,25.565536499023438,11.326030731201172,0.806002676486969,0.5127297639846802
581,ROIs2017_winter_s2_63_p631,0.05320349335670471,0.04065508395433426,25.481197357177734,12.33527660369873,0.7979308366775513,0.5088432431221008
582,ROIs2017_winter_s2_63_p632,0.050551917403936386,0.03838377073407173,25.925247192382812,12.175891876220703,0.7976347208023071,0.5146909952163696
583,ROIs2017_winter_s2_63_p633,0.05246196314692497,0.03945298120379448,25.603111267089844,11.862920761108398,0.7814270257949829,0.5143405199050903
584,ROIs2017_winter_s2_63_p634,0.05538949370384216,0.04247278720140457,25.131452560424805,12.448948860168457,0.7594764232635498,0.5390340089797974
585,ROIs2017_winter_s2_63_p635,0.057368017733097076,0.04406695440411568,24.826602935791016,12.468195915222168,0.7608414888381958,0.5231049060821533
586,ROIs2017_winter_s2_63_p636,0.05668164789676666,0.04376906901597977,24.93115234375,12.533988952636719,0.7784078121185303,0.5029608011245728
587,ROIs2017_winter_s2_63_p637,0.05402786657214165,0.042200494557619095,25.347644805908203,12.84667682647705,0.7979661226272583,0.4808931350708008
588,ROIs2017_winter_s2_63_p639,0.04978764057159424,0.03447233885526657,26.05756950378418,10.21410083770752,0.833381175994873,0.5061393976211548
589,ROIs2017_winter_s2_63_p640,0.05141349509358406,0.03495219349861145,25.778457641601562,10.093299865722656,0.8307812213897705,0.4944336712360382
590,ROIs2017_winter_s2_63_p641,0.04191379249095917,0.028168397024273872,27.5528621673584,8.83712387084961,0.8898898363113403,0.3926432728767395
591,ROIs2017_winter_s2_63_p642,0.03614291176199913,0.024570928886532784,28.83953857421875,8.849966049194336,0.9147243499755859,0.34767916798591614
592,ROIs2017_winter_s2_63_p643,0.03302188962697983,0.022143233567476273,29.623964309692383,8.663810729980469,0.9244881868362427,0.33314138650894165
593,ROIs2017_winter_s2_63_p644,0.04056176915764809,0.025776492431759834,27.837661743164062,9.618650436401367,0.8976629972457886,0.3548703193664551
594,ROIs2017_winter_s2_63_p645,0.04134666547179222,0.030992625281214714,27.671192169189453,10.1777982711792,0.8686573505401611,0.4133642315864563
595,ROIs2017_winter_s2_63_p646,0.0496511347591877,0.03676842525601387,26.081417083740234,10.120591163635254,0.8384280800819397,0.4532909691333771
596,ROIs2017_winter_s2_63_p647,0.05129329860210419,0.03651030361652374,25.79878807067871,10.279855728149414,0.8304866552352905,0.4870259165763855
597,ROIs2017_winter_s2_63_p648,0.043601665645837784,0.031935542821884155,27.20993995666504,9.65356159210205,0.8622073531150818,0.4279455542564392
598,ROIs2017_winter_s2_63_p649,0.048159096390008926,0.03343534097075462,26.346435546875,9.448822021484375,0.8541623950004578,0.4489646852016449
599,ROIs2017_winter_s2_63_p650,0.0505501925945282,0.03567884489893913,25.9255428314209,10.346087455749512,0.8327252864837646,0.47687849402427673
600,ROIs2017_winter_s2_63_p651,0.048151370137929916,0.03558832034468651,26.347827911376953,11.115055084228516,0.8272817134857178,0.49061885476112366
601,ROIs2017_winter_s2_63_p652,0.0525413453578949,0.03875051066279411,25.589977264404297,12.390337944030762,0.810410737991333,0.5314235687255859
602,ROIs2017_winter_s2_63_p653,0.055691901594400406,0.039914339780807495,25.08415985107422,11.944540023803711,0.7922312021255493,0.5070693492889404
603,ROIs2017_winter_s2_63_p654,0.05137411504983902,0.037115003913640976,25.785112380981445,10.450959205627441,0.8160139322280884,0.4812092185020447
604,ROIs2017_winter_s2_63_p655,0.04523603618144989,0.03461892530322075,26.890308380126953,9.31619930267334,0.8371355533599854,0.46958205103874207
605,ROIs2017_winter_s2_63_p656,0.04708081856369972,0.036141566932201385,26.543121337890625,10.273865699768066,0.8211572170257568,0.4931829571723938
606,ROIs2017_winter_s2_63_p657,0.048949576914310455,0.0368117019534111,26.20502281188965,10.970895767211914,0.8104633092880249,0.49821147322654724
607,ROIs2017_winter_s2_63_p658,0.0548466295003891,0.041453950107097626,25.21700096130371,11.6307373046875,0.7843364477157593,0.5084167122840881
608,ROIs2017_winter_s2_63_p659,0.05617130175232887,0.04179883748292923,25.00971031188965,12.105912208557129,0.7843953967094421,0.5095205307006836
609,ROIs2017_winter_s2_63_p660,0.0531526654958725,0.03987579792737961,25.489500045776367,12.165019035339355,0.7902028560638428,0.5181487798690796
610,ROIs2017_winter_s2_63_p661,0.05120654031634331,0.03880796208977699,25.813491821289062,11.243440628051758,0.7909252643585205,0.5233648419380188
611,ROIs2017_winter_s2_63_p662,0.05318724364042282,0.039682786911726,25.483848571777344,11.148923873901367,0.7752659320831299,0.5330631136894226
612,ROIs2017_winter_s2_63_p663,0.05699034035205841,0.04327479749917984,24.883975982666016,11.842530250549316,0.7541743516921997,0.5267384648323059
613,ROIs2017_winter_s2_63_p664,0.06008746474981308,0.04573927819728851,24.42432403564453,12.558646202087402,0.7557116746902466,0.5038120746612549
614,ROIs2017_winter_s2_63_p665,0.060449305921792984,0.046181246638298035,24.372175216674805,13.517860412597656,0.7667970657348633,0.501434326171875
615,ROIs2017_winter_s2_63_p666,0.06237221136689186,0.049177706241607666,24.10017967224121,14.423047065734863,0.7693655490875244,0.49059247970581055
616,ROIs2017_winter_s2_63_p668,0.04942106083035469,0.033223967999219894,26.12175941467285,9.751662254333496,0.8420571088790894,0.50914067029953
617,ROIs2017_winter_s2_63_p669,0.04957032948732376,0.0336301214993,26.095563888549805,9.360039710998535,0.8548274636268616,0.47158265113830566
618,ROIs2017_winter_s2_63_p670,0.04065658152103424,0.027141205966472626,27.8173828125,8.602177619934082,0.8935800194740295,0.38943785429000854
619,ROIs2017_winter_s2_63_p671,0.04144687205553055,0.026894353330135345,27.650165557861328,9.204305648803711,0.9003922939300537,0.3753901720046997
620,ROIs2017_winter_s2_63_p672,0.044617753475904465,0.028069140389561653,27.00984764099121,9.740808486938477,0.8950381278991699,0.3788001537322998
621,ROIs2017_winter_s2_63_p673,0.050174273550510406,0.032473932951688766,25.990379333496094,10.488025665283203,0.8742161989212036,0.3992403745651245
622,ROIs2017_winter_s2_63_p674,0.04311902076005936,0.030742770060896873,27.306623458862305,8.898521423339844,0.8484911322593689,0.47832170128822327
623,ROIs2017_winter_s2_63_p675,0.04431630298495293,0.03095383755862713,27.068729400634766,9.787230491638184,0.8348000049591064,0.5020783543586731
624,ROIs2017_winter_s2_63_p676,0.048948779702186584,0.03444778174161911,26.205162048339844,10.000246047973633,0.8311495780944824,0.5044490098953247
625,ROIs2017_winter_s2_63_p677,0.04726772382855415,0.03484468534588814,26.508705139160156,9.516379356384277,0.8320829272270203,0.4962025582790375
626,ROIs2017_winter_s2_63_p678,0.04623068496584892,0.03391889110207558,26.701393127441406,9.831138610839844,0.8253112435340881,0.511618971824646
627,ROIs2017_winter_s2_63_p679,0.04420913755893707,0.03337560221552849,27.089759826660156,9.986842155456543,0.8286411762237549,0.5234866142272949
628,ROIs2017_winter_s2_63_p680,0.043939799070358276,0.033264387398958206,27.142839431762695,10.064330101013184,0.8277643322944641,0.5215617418289185
629,ROIs2017_winter_s2_63_p681,0.051120005548000336,0.03733239695429802,25.828182220458984,10.721209526062012,0.8097656965255737,0.5264878273010254
630,ROIs2017_winter_s2_63_p682,0.056086763739585876,0.04057181626558304,25.022794723510742,11.460126876831055,0.7929823994636536,0.5222311615943909
631,ROIs2017_winter_s2_63_p683,0.05550011619925499,0.04037882015109062,25.114124298095703,11.446002960205078,0.8065145611763,0.48990994691848755
632,ROIs2017_winter_s2_63_p684,0.052151743322610855,0.03919687867164612,25.65462303161621,11.440275192260742,0.8190988302230835,0.4654327929019928
633,ROIs2017_winter_s2_63_p685,0.05272531881928444,0.04064105078577995,25.559616088867188,11.220296859741211,0.8191659450531006,0.46985137462615967
634,ROIs2017_winter_s2_63_p686,0.05526856705546379,0.042777467519044876,25.150436401367188,11.296497344970703,0.8100777864456177,0.4717578887939453
635,ROIs2017_winter_s2_63_p687,0.05815039947628975,0.04489155113697052,24.708946228027344,11.478870391845703,0.787419319152832,0.504615306854248
636,ROIs2017_winter_s2_63_p688,0.05694366991519928,0.04238768294453621,24.89109230041504,10.806089401245117,0.7912622690200806,0.5132516622543335
637,ROIs2017_winter_s2_63_p689,0.05632663145661354,0.0421002022922039,24.98572540283203,10.889442443847656,0.7967666387557983,0.5077649354934692
638,ROIs2017_winter_s2_63_p690,0.05597350746393204,0.042661361396312714,25.04034996032715,11.448555946350098,0.7815555930137634,0.5201053619384766
639,ROIs2017_winter_s2_63_p691,0.05277452990412712,0.03989512845873833,25.551513671875,11.308673858642578,0.7749925255775452,0.5314139723777771
640,ROIs2017_winter_s2_63_p692,0.052851706743240356,0.03968708589673042,25.538818359375,10.863019943237305,0.7792446613311768,0.518164873123169
641,ROIs2017_winter_s2_63_p693,0.05827943980693817,0.043140068650245667,24.689693450927734,11.283539772033691,0.7936083078384399,0.4982112944126129
642,ROIs2017_winter_s2_63_p694,0.06151965260505676,0.04600073769688606,24.219724655151367,12.514759063720703,0.793205976486206,0.48340925574302673
643,ROIs2017_winter_s2_63_p695,0.06460852921009064,0.04939296841621399,23.794204711914062,14.717960357666016,0.7676340341567993,0.49707522988319397
644,ROIs2017_winter_s2_63_p697,0.04764674976468086,0.03199329972267151,26.439334869384766,9.443166732788086,0.846114456653595,0.49462175369262695
645,ROIs2017_winter_s2_63_p698,0.048004746437072754,0.03232010453939438,26.374317169189453,9.557745933532715,0.847943902015686,0.479045569896698
646,ROIs2017_winter_s2_63_p699,0.0463312566280365,0.030339132994413376,26.682519912719727,9.505014419555664,0.8848133087158203,0.4103938937187195
647,ROIs2017_winter_s2_63_p700,0.050977639853954315,0.03225955367088318,25.852405548095703,10.306736946105957,0.8814300298690796,0.3919811248779297
648,ROIs2017_winter_s2_63_p701,0.0528288260102272,0.034902174025774,25.54258155822754,11.065573692321777,0.8632780313491821,0.42750778794288635
649,ROIs2017_winter_s2_63_p702,0.04321969673037529,0.03028351254761219,27.286367416381836,8.613639831542969,0.8588447570800781,0.47182440757751465
650,ROIs2017_winter_s2_63_p703,0.04469582065939903,0.030507422983646393,26.99466323852539,9.478093147277832,0.8253092169761658,0.5174429416656494
651,ROIs2017_winter_s2_63_p704,0.04478119686245918,0.0314410999417305,26.97808837890625,10.083452224731445,0.8227428793907166,0.5158857703208923
652,ROIs2017_winter_s2_63_p705,0.04815392196178436,0.03420476242899895,26.347368240356445,10.464629173278809,0.8245207071304321,0.5060579776763916
653,ROIs2017_winter_s2_63_p706,0.04886304587125778,0.03524327278137207,26.22039031982422,10.268765449523926,0.8184036016464233,0.4987754225730896
654,ROIs2017_winter_s2_63_p707,0.05163765698671341,0.03725399449467659,25.74066925048828,10.632201194763184,0.807624101638794,0.5003127455711365
655,ROIs2017_winter_s2_63_p708,0.048292435705661774,0.035966772586107254,26.322420120239258,10.03277587890625,0.8213583827018738,0.5008119344711304
656,ROIs2017_winter_s2_63_p709,0.04684126004576683,0.035659123212099075,26.58742904663086,9.552807807922363,0.8216767907142639,0.509644627571106
657,ROIs2017_winter_s2_63_p710,0.05197234824299812,0.03857169672846794,25.684551239013672,10.211578369140625,0.8022373914718628,0.5059185028076172
658,ROIs2017_winter_s2_63_p711,0.05596569925546646,0.04135621711611748,25.041563034057617,11.01169490814209,0.7959463596343994,0.5114539265632629
659,ROIs2017_winter_s2_63_p712,0.05570012331008911,0.04067825525999069,25.082876205444336,11.758243560791016,0.8019566535949707,0.5002517104148865
660,ROIs2017_winter_s2_63_p713,0.05329976603388786,0.03921627998352051,25.465492248535156,12.559792518615723,0.8008197546005249,0.4793041944503784
661,ROIs2017_winter_s2_63_p714,0.05375371128320694,0.040335096418857574,25.391834259033203,12.362889289855957,0.8079045414924622,0.47514769434928894
662,ROIs2017_winter_s2_63_p715,0.055333975702524185,0.0417291633784771,25.14016342163086,12.253582000732422,0.8158462047576904,0.4553912281990051
663,ROIs2017_winter_s2_63_p716,0.054717276245355606,0.03968149423599243,25.237510681152344,11.682180404663086,0.8075907826423645,0.47456473112106323
664,ROIs2017_winter_s2_63_p717,0.051977600902318954,0.03711743280291557,25.683673858642578,10.748335838317871,0.7999911904335022,0.49164867401123047
665,ROIs2017_winter_s2_63_p718,0.053673386573791504,0.03897666931152344,25.40481948852539,10.862119674682617,0.7960520386695862,0.4977484941482544
666,ROIs2017_winter_s2_63_p719,0.05781719088554382,0.044189583510160446,24.758861541748047,11.697369575500488,0.7729021310806274,0.5179122090339661
667,ROIs2017_winter_s2_63_p720,0.06106017157435417,0.048005249351263046,24.284839630126953,12.663331985473633,0.7630937099456787,0.5083527565002441
668,ROIs2017_winter_s2_63_p721,0.062259797006845474,0.04797197878360748,24.115846633911133,12.19698429107666,0.7787213325500488,0.477319598197937
669,ROIs2017_winter_s2_63_p722,0.060234881937503815,0.04505498334765434,24.403039932250977,11.486701011657715,0.8064248561859131,0.46461519598960876
670,ROIs2017_winter_s2_63_p723,0.05972832068800926,0.04547468572854996,24.476394653320312,12.104321479797363,0.8028929233551025,0.4650067090988159
671,ROIs2017_winter_s2_63_p724,0.05905778333544731,0.044822558760643005,24.57445526123047,13.331449508666992,0.7851459980010986,0.4911721646785736
672,ROIs2017_winter_s2_63_p726,0.03564946725964546,0.0257549025118351,28.958940505981445,7.652915954589844,0.8814334273338318,0.47910597920417786
673,ROIs2017_winter_s2_63_p727,0.039839424192905426,0.027718666940927505,27.993738174438477,8.556656837463379,0.8526421785354614,0.4933730959892273
674,ROIs2017_winter_s2_63_p728,0.041580840945243835,0.02873447723686695,27.622135162353516,8.623032569885254,0.8510857820510864,0.48723161220550537
675,ROIs2017_winter_s2_63_p729,0.04004490748047829,0.02836512215435505,27.949054718017578,8.288954734802246,0.8760545253753662,0.4670568108558655
676,ROIs2017_winter_s2_63_p730,0.04082207381725311,0.029618479311466217,27.7820987701416,8.9557523727417,0.8723194599151611,0.4637855291366577
677,ROIs2017_winter_s2_63_p731,0.04883234575390816,0.03346658870577812,26.22585105895996,9.868634223937988,0.8273220062255859,0.5025427341461182
678,ROIs2017_winter_s2_63_p732,0.05113585665822029,0.03529169037938118,25.825490951538086,10.086979866027832,0.8138223886489868,0.5033006072044373
679,ROIs2017_winter_s2_63_p733,0.05289382487535477,0.036980073899030685,25.53190040588379,10.836403846740723,0.8059213757514954,0.49207019805908203
680,ROIs2017_winter_s2_63_p734,0.05388252064585686,0.037206269800662994,25.371044158935547,11.981846809387207,0.7998621463775635,0.4971972405910492
681,ROIs2017_winter_s2_63_p735,0.05450078099966049,0.038095053285360336,25.27194595336914,11.627922058105469,0.7936557531356812,0.5043588280677795
682,ROIs2017_winter_s2_63_p736,0.05577104911208153,0.039213038980960846,25.071823120117188,11.051606178283691,0.7958006858825684,0.4947478771209717
683,ROIs2017_winter_s2_63_p737,0.05605272576212883,0.0413423553109169,25.028066635131836,11.117025375366211,0.80428546667099,0.48206257820129395
684,ROIs2017_winter_s2_63_p738,0.05270812660455704,0.03797737509012222,25.562448501586914,11.304144859313965,0.8095205426216125,0.4803711473941803
685,ROIs2017_winter_s2_63_p739,0.05631112679839134,0.040187038481235504,24.988117218017578,11.679136276245117,0.7971459031105042,0.4814121723175049
686,ROIs2017_winter_s2_63_p740,0.057435326278209686,0.043043725192546844,24.816417694091797,11.181089401245117,0.7984013557434082,0.47817203402519226
687,ROIs2017_winter_s2_63_p741,0.05477195978164673,0.04191531613469124,25.22883415222168,10.501500129699707,0.8197446465492249,0.47071316838264465
688,ROIs2017_winter_s2_63_p742,0.05788462609052658,0.043304216116666794,24.748735427856445,11.5403413772583,0.8176680207252502,0.4413970708847046
689,ROIs2017_winter_s2_63_p743,0.0613141693174839,0.04515056684613228,24.24878692626953,12.9530029296875,0.7996818423271179,0.45731014013290405
690,ROIs2017_winter_s2_63_p744,0.057192590087652206,0.04009795933961868,24.853206634521484,12.637710571289062,0.8120547533035278,0.470581591129303
691,ROIs2017_winter_s2_63_p745,0.052201151847839355,0.03575810790061951,25.646400451660156,11.463430404663086,0.8248662948608398,0.4820519685745239
692,ROIs2017_winter_s2_63_p746,0.04910963773727417,0.033806174993515015,26.176666259765625,10.722739219665527,0.8211683630943298,0.4922589659690857
693,ROIs2017_winter_s2_63_p747,0.04853012412786484,0.03394390642642975,26.279773712158203,10.437385559082031,0.8038803339004517,0.5093910694122314
694,ROIs2017_winter_s2_63_p748,0.054444361478090286,0.03953788802027702,25.280941009521484,11.331154823303223,0.785888135433197,0.500192403793335
695,ROIs2017_winter_s2_63_p749,0.06113867461681366,0.04719909653067589,24.273679733276367,12.752091407775879,0.7789927124977112,0.4841916561126709
696,ROIs2017_winter_s2_63_p750,0.06816399097442627,0.0533413365483284,23.328899383544922,13.105551719665527,0.781439483165741,0.47124481201171875
697,ROIs2017_winter_s2_63_p751,0.06555403769016266,0.050332896411418915,23.668012619018555,12.947376251220703,0.7823582291603088,0.4683566093444824
698,ROIs2017_winter_s2_63_p752,0.05852195993065834,0.04586070403456688,24.653623580932617,13.987462997436523,0.7814533114433289,0.49700528383255005
699,ROIs2017_winter_s2_63_p753,0.05361846461892128,0.04277084022760391,25.413713455200195,12.872376441955566,0.7959264516830444,0.5167432427406311
700,ROIs2017_winter_s2_63_p755,0.038477055728435516,0.028515400364995003,28.29596519470215,8.665050506591797,0.8755769729614258,0.5073477029800415
701,ROIs2017_winter_s2_63_p756,0.03863300010561943,0.028059152886271477,28.260831832885742,8.252602577209473,0.8588755130767822,0.517221212387085
702,ROIs2017_winter_s2_63_p757,0.0457618348300457,0.0312512032687664,26.789932250976562,9.141316413879395,0.8316197395324707,0.5059994459152222
703,ROIs2017_winter_s2_63_p758,0.04898988828063011,0.03336296230554581,26.197872161865234,9.450494766235352,0.8380019664764404,0.4757766127586365
704,ROIs2017_winter_s2_63_p759,0.04293565824627876,0.030753906816244125,27.343637466430664,8.5768461227417,0.8592187166213989,0.4841504991054535
705,ROIs2017_winter_s2_63_p760,0.04786308854818344,0.03327590972185135,26.399986267089844,9.925697326660156,0.8277988433837891,0.5072324872016907
706,ROIs2017_winter_s2_63_p761,0.05452251806855202,0.03755497559905052,25.268482208251953,10.656944274902344,0.808539867401123,0.49977418780326843
707,ROIs2017_winter_s2_63_p762,0.05276218056678772,0.03622647374868393,25.553546905517578,10.23023509979248,0.8180708885192871,0.4866352379322052
708,ROIs2017_winter_s2_63_p763,0.050589364022016525,0.03404828533530235,25.91881561279297,11.040892601013184,0.8306928873062134,0.49357062578201294
709,ROIs2017_winter_s2_63_p764,0.0508437342941761,0.03414074331521988,25.87525177001953,11.158276557922363,0.8295600414276123,0.48308706283569336
710,ROIs2017_winter_s2_63_p765,0.04995112121105194,0.03372133895754814,26.029094696044922,10.466777801513672,0.8287870287895203,0.477731317281723
711,ROIs2017_winter_s2_63_p766,0.05271584913134575,0.036128848791122437,25.56117820739746,11.289956092834473,0.8303031921386719,0.4727703928947449
712,ROIs2017_winter_s2_63_p767,0.056038256734609604,0.03936348110437393,25.03030776977539,12.11937427520752,0.8247394561767578,0.4702390432357788
713,ROIs2017_winter_s2_63_p768,0.05338259041309357,0.040013886988162994,25.452007293701172,10.445893287658691,0.8311725854873657,0.4481874108314514
714,ROIs2017_winter_s2_63_p769,0.05505900830030441,0.04208613559603691,25.18343162536621,10.922523498535156,0.8284049034118652,0.4464109539985657
715,ROIs2017_winter_s2_63_p770,0.0532350055873394,0.04164334759116173,25.476055145263672,10.28773021697998,0.8390370011329651,0.44423195719718933
716,ROIs2017_winter_s2_63_p771,0.0576997846364975,0.04411815106868744,24.77651596069336,11.079068183898926,0.8232990503311157,0.4375104010105133
717,ROIs2017_winter_s2_63_p772,0.06063869968056679,0.0432005412876606,24.34500503540039,12.256318092346191,0.8079352378845215,0.46986818313598633
718,ROIs2017_winter_s2_63_p773,0.054411355406045914,0.03679635748267174,25.286209106445312,11.339861869812012,0.8285344839096069,0.4736817479133606
719,ROIs2017_winter_s2_63_p774,0.02838638611137867,0.020752618089318275,30.93779754638672,8.398048400878906,0.9307054877281189,0.31046363711357117
720,ROIs2017_winter_s2_63_p775,0.02758185938000679,0.020571814849972725,31.187530517578125,9.569162368774414,0.9234931468963623,0.3351590633392334
721,ROIs2017_winter_s2_63_p776,0.037884246557950974,0.028893906623125076,28.43082618713379,10.339219093322754,0.869848370552063,0.43443411588668823
722,ROIs2017_winter_s2_63_p777,0.04906598478555679,0.038235295563936234,26.184389114379883,10.15892219543457,0.8138020634651184,0.5131223797798157
723,ROIs2017_winter_s2_63_p778,0.05149605870246887,0.04005945846438408,25.7645206451416,11.001811981201172,0.8011611104011536,0.5055246353149414
724,ROIs2017_winter_s2_63_p779,0.05594354495406151,0.04450751468539238,25.045001983642578,11.416841506958008,0.8087464570999146,0.48203152418136597
725,ROIs2017_winter_s2_63_p780,0.05803016945719719,0.046767327934503555,24.7269229888916,12.271717071533203,0.8019387722015381,0.45744550228118896
726,ROIs2017_winter_s2_63_p781,0.05425072833895683,0.04376079514622688,25.3118896484375,12.376094818115234,0.8087734580039978,0.4684749245643616
727,ROIs2017_winter_s2_63_p782,0.04941475763916969,0.04008544608950615,26.122867584228516,11.941884994506836,0.8245785236358643,0.4896075129508972
728,ROIs2017_winter_s2_63_p784,0.040707144886255264,0.029890382662415504,27.80658721923828,8.72512149810791,0.8525397777557373,0.5442946553230286
729,ROIs2017_winter_s2_63_p785,0.043384332209825516,0.031125284731388092,27.253341674804688,8.92632007598877,0.8452552556991577,0.5502898097038269
730,ROIs2017_winter_s2_63_p786,0.04634399712085724,0.03184675797820091,26.680130004882812,9.291110038757324,0.8362854719161987,0.5159258246421814
731,ROIs2017_winter_s2_63_p787,0.048760786652565,0.033275581896305084,26.23858642578125,9.421293258666992,0.8347871899604797,0.5053423643112183
732,ROIs2017_winter_s2_63_p788,0.046613920480012894,0.03211431950330734,26.62968635559082,9.038992881774902,0.837364912033081,0.4990045428276062
733,ROIs2017_winter_s2_63_p789,0.048043616116046906,0.03285178542137146,26.367284774780273,10.18425464630127,0.823702871799469,0.4991356432437897
734,ROIs2017_winter_s2_63_p790,0.05723069608211517,0.03820107504725456,24.84741973876953,12.233436584472656,0.8053856492042542,0.4789997935295105
735,ROIs2017_winter_s2_63_p791,0.05807812139391899,0.03890001028776169,24.719751358032227,12.315973281860352,0.8153966665267944,0.468963086605072
736,ROIs2017_winter_s2_63_p792,0.05058535560965538,0.037015654146671295,25.919504165649414,10.138582229614258,0.8535140752792358,0.44014739990234375
737,ROIs2017_winter_s2_63_p793,0.03608524426817894,0.02673575095832348,28.85340690612793,7.883291244506836,0.8907303810119629,0.3835790455341339
738,ROIs2017_winter_s2_63_p794,0.03885723650455475,0.029082324355840683,28.210561752319336,8.892086029052734,0.8788377046585083,0.41117429733276367
739,ROIs2017_winter_s2_63_p795,0.04162466898560524,0.032216012477874756,27.612987518310547,8.73245906829834,0.8680248260498047,0.43852588534355164
740,ROIs2017_winter_s2_63_p796,0.03840823471546173,0.029927976429462433,28.311511993408203,9.370890617370605,0.8640207648277283,0.42966872453689575
741,ROIs2017_winter_s2_63_p797,0.04476568102836609,0.03372911736369133,26.981096267700195,9.676758766174316,0.8544221520423889,0.44095170497894287
742,ROIs2017_winter_s2_63_p798,0.05316358804702759,0.03964691236615181,25.487712860107422,10.67108154296875,0.8294039964675903,0.4511786103248596
743,ROIs2017_winter_s2_63_p799,0.05211583897471428,0.040379442274570465,25.660606384277344,11.350184440612793,0.8131561875343323,0.4828670620918274
744,ROIs2017_winter_s2_63_p800,0.048149555921554565,0.03677143156528473,26.348154067993164,10.69445514678955,0.8131538033485413,0.4888521730899811
745,ROIs2017_winter_s2_63_p801,0.043027039617300034,0.03040987439453602,27.325170516967773,9.659167289733887,0.8338683247566223,0.48548462986946106
746,ROIs2017_winter_s2_63_p802,0.0322367288172245,0.024428246542811394,29.83298110961914,7.489470958709717,0.9119386672973633,0.39342549443244934
747,ROIs2017_winter_s2_63_p803,0.02480677329003811,0.019047008827328682,32.10859680175781,8.813789367675781,0.9425146579742432,0.2870504558086395
748,ROIs2017_winter_s2_63_p804,0.03253884240984917,0.0234104972332716,29.751956939697266,10.270060539245605,0.9118528366088867,0.3373897075653076
749,ROIs2017_winter_s2_63_p805,0.04629863053560257,0.035212740302085876,26.688636779785156,10.05302906036377,0.8265389800071716,0.5049684643745422
750,ROIs2017_winter_s2_63_p806,0.0532907210290432,0.04244370013475418,25.466968536376953,12.334087371826172,0.78364098072052,0.5219219326972961
751,ROIs2017_winter_s2_63_p807,0.055992092937231064,0.04416603595018387,25.037464141845703,11.956188201904297,0.8037753105163574,0.49275198578834534
752,ROIs2017_winter_s2_63_p808,0.05586858093738556,0.04431404545903206,25.05664825439453,11.70356559753418,0.8292713165283203,0.4568987488746643
753,ROIs2017_winter_s2_63_p809,0.05384213849902153,0.043084610253572464,25.37755584716797,11.883353233337402,0.8411321043968201,0.4520215690135956
754,ROIs2017_winter_s2_63_p810,0.05182962492108345,0.04172425717115402,25.708438873291016,11.728358268737793,0.8394900560379028,0.4649282693862915
755,ROIs2017_winter_s2_63_p811,0.05374697595834732,0.04268278554081917,25.392921447753906,12.882842063903809,0.8155240416526794,0.48423102498054504
756,ROIs2017_winter_s2_63_p813,0.041482094675302505,0.030625395476818085,27.642786026000977,8.920671463012695,0.8436737060546875,0.5476242303848267
757,ROIs2017_winter_s2_63_p814,0.041574615985155106,0.029946036636829376,27.62343406677246,8.795659065246582,0.8422324657440186,0.5538078546524048
758,ROIs2017_winter_s2_63_p815,0.04129756987094879,0.028674080967903137,27.68151092529297,8.651054382324219,0.8484678268432617,0.5196526050567627
759,ROIs2017_winter_s2_63_p816,0.04264286905527115,0.02897496148943901,27.403072357177734,8.72239875793457,0.8420670032501221,0.5233559608459473
760,ROIs2017_winter_s2_63_p817,0.048029374331235886,0.032640695571899414,26.369861602783203,9.890082359313965,0.8223298192024231,0.5132523775100708
761,ROIs2017_winter_s2_63_p818,0.05364024266600609,0.03658968210220337,25.410184860229492,11.807869911193848,0.8184725046157837,0.4794219136238098
762,ROIs2017_winter_s2_63_p819,0.05698692053556442,0.038467902690172195,24.88449478149414,12.613130569458008,0.8275048136711121,0.4634960889816284
763,ROIs2017_winter_s2_63_p820,0.04238941892981529,0.03050411120057106,27.454851150512695,8.326814651489258,0.8777974247932434,0.38434743881225586
764,ROIs2017_winter_s2_63_p821,0.03087433986365795,0.022722024470567703,30.208049774169922,8.342423439025879,0.8958403468132019,0.3545587956905365
765,ROIs2017_winter_s2_63_p822,0.030354226008057594,0.022548722103238106,30.355615615844727,8.807724952697754,0.8982511758804321,0.37597304582595825
766,ROIs2017_winter_s2_63_p823,0.0388326570391655,0.03050621971487999,28.2160587310791,9.220698356628418,0.8748578429222107,0.4074390232563019
767,ROIs2017_winter_s2_63_p824,0.048942845314741135,0.03847910836338997,26.20621681213379,9.46430778503418,0.8485179543495178,0.44438523054122925
768,ROIs2017_winter_s2_63_p825,0.05015688017010689,0.0378185398876667,25.993392944335938,10.08649730682373,0.8352651000022888,0.4638775587081909
769,ROIs2017_winter_s2_63_p826,0.04896411672234535,0.03563333675265312,26.202442169189453,10.361401557922363,0.8306851387023926,0.477203369140625
770,ROIs2017_winter_s2_63_p827,0.048746660351753235,0.036592647433280945,26.241104125976562,10.439290046691895,0.8090490102767944,0.4814458191394806
771,ROIs2017_winter_s2_63_p828,0.05049511045217514,0.037803202867507935,25.935012817382812,11.022407531738281,0.8029552102088928,0.4860185980796814
772,ROIs2017_winter_s2_63_p829,0.05092523992061615,0.03717314824461937,25.861339569091797,10.937037467956543,0.8201062679290771,0.46947190165519714
773,ROIs2017_winter_s2_63_p830,0.04555075988173485,0.031613338738679886,26.830089569091797,9.571393966674805,0.8666841983795166,0.4411189556121826
774,ROIs2017_winter_s2_63_p831,0.024871913716197014,0.01949043571949005,32.0858154296875,8.289815902709961,0.9462153911590576,0.26657339930534363
775,ROIs2017_winter_s2_63_p832,0.026345452293753624,0.019666552543640137,31.585886001586914,9.116128921508789,0.9362407922744751,0.29260170459747314
776,ROIs2017_winter_s2_63_p833,0.03669453784823418,0.026293383911252022,28.707971572875977,11.058612823486328,0.8857104778289795,0.3790721893310547
777,ROIs2017_winter_s2_63_p834,0.049110230058431625,0.036989230662584305,26.176559448242188,10.697001457214355,0.8093302845954895,0.5147536993026733
778,ROIs2017_winter_s2_63_p835,0.053477220237255096,0.041850440204143524,25.436622619628906,12.60778522491455,0.7941445112228394,0.5217288136482239
779,ROIs2017_winter_s2_63_p836,0.05310177803039551,0.04156426340341568,25.497817993164062,12.01888370513916,0.8111146092414856,0.5002512335777283
780,ROIs2017_winter_s2_63_p837,0.05182775482535362,0.04084298759698868,25.70875358581543,11.596283912658691,0.8208581209182739,0.49945059418678284
781,ROIs2017_winter_s2_63_p838,0.051126543432474136,0.04005138948559761,25.827072143554688,12.326208114624023,0.8241977691650391,0.4915558993816376
782,ROIs2017_winter_s2_63_p839,0.05120468512177467,0.040332913398742676,25.813806533813477,12.896395683288574,0.8162802457809448,0.5012158155441284
783,ROIs2017_winter_s2_63_p840,0.05509147420525551,0.043501295149326324,25.178314208984375,13.295796394348145,0.7987689971923828,0.49642735719680786
