index,sample_id,RMSE,MAE,PSNR,SAM,SSIM,LPIPS
0,ROIs2017_winter_s2_63_p30,0.06250841170549393,0.04197569191455841,24.08123016357422,11.515390396118164,0.797085165977478,0.5216625928878784
1,ROIs2017_winter_s2_63_p31,0.05938201770186424,0.04024718329310417,24.526901245117188,10.858566284179688,0.8265671133995056,0.49060913920402527
2,ROIs2017_winter_s2_63_p32,0.054128289222717285,0.037461500614881516,25.331514358520508,10.716107368469238,0.8378998041152954,0.48580777645111084
3,ROIs2017_winter_s2_63_p33,0.04840156063437462,0.03367430344223976,26.302814483642578,10.04121208190918,0.8551491498947144,0.47641128301620483
4,ROIs2017_winter_s2_63_p34,0.04164860397577286,0.02994661219418049,27.60799217224121,8.459138870239258,0.8990078568458557,0.39887264370918274
5,ROIs2017_winter_s2_63_p35,0.040982458740472794,0.030097659677267075,27.74803924560547,8.129121780395508,0.9076883792877197,0.38415417075157166
6,ROIs2017_winter_s2_63_p36,0.037739504128694534,0.02773280255496502,28.46407699584961,7.6402387619018555,0.9227381944656372,0.3727768659591675
7,ROIs2017_winter_s2_63_p37,0.04292192682623863,0.03060026280581951,27.346416473388672,8.589116096496582,0.9086641073226929,0.4073672294616699
8,ROIs2017_winter_s2_63_p38,0.04457962512969971,0.03142435476183891,27.01727294921875,8.926579475402832,0.8904190063476562,0.4167124629020691
9,ROIs2017_winter_s2_63_p39,0.05317790061235428,0.03676356002688408,25.48537826538086,10.31387996673584,0.8438659906387329,0.4495745599269867
10,ROIs2017_winter_s2_63_p40,0.06121654435992241,0.0435989573597908,24.262622833251953,11.796550750732422,0.8178547620773315,0.49214035272598267
11,ROIs2017_winter_s2_63_p41,0.06923728436231613,0.049437012523412704,23.193199157714844,12.770044326782227,0.8076977729797363,0.4685378670692444
12,ROIs2017_winter_s2_63_p42,0.06758709251880646,0.04623568058013916,23.402727127075195,12.109684944152832,0.822431206703186,0.44688111543655396
13,ROIs2017_winter_s2_63_p43,0.06347747892141342,0.042472392320632935,23.94760513305664,10.937018394470215,0.8314684629440308,0.45844361186027527
14,ROIs2017_winter_s2_63_p44,0.05934510752558708,0.039346423000097275,24.53230094909668,10.655817031860352,0.8354111909866333,0.44929519295692444
15,ROIs2017_winter_s2_63_p45,0.056171201169490814,0.03722211718559265,25.009727478027344,11.412742614746094,0.8157210350036621,0.4555051624774933
16,ROIs2017_winter_s2_63_p46,0.06404506415128708,0.04341069608926773,23.87028694152832,12.666864395141602,0.7787243723869324,0.5121433138847351
17,ROIs2017_winter_s2_63_p47,0.06501643359661102,0.044427540153265,23.739538192749023,12.762471199035645,0.780550479888916,0.527442216873169
18,ROIs2017_winter_s2_63_p48,0.06258892267942429,0.04340381175279617,24.070051193237305,12.047667503356934,0.8011047840118408,0.512310802936554
19,ROIs2017_winter_s2_63_p49,0.054241638630628586,0.03716591000556946,25.313343048095703,12.002498626708984,0.8346464037895203,0.46653252840042114
20,ROIs2017_winter_s2_63_p50,0.04690197855234146,0.0341016948223114,26.5761775970459,10.46737289428711,0.8475208878517151,0.42690613865852356
21,ROIs2017_winter_s2_63_p51,0.05945209041237831,0.04090229421854019,24.516658782958984,11.95309066772461,0.8082805871963501,0.48592355847358704
22,ROIs2017_winter_s2_63_p52,0.06288962811231613,0.04436984285712242,24.028419494628906,12.714147567749023,0.7953038215637207,0.5357239842414856
23,ROIs2017_winter_s2_63_p53,0.06294682621955872,0.0468783937394619,24.020523071289062,13.297355651855469,0.7877592444419861,0.5444315075874329
24,ROIs2017_winter_s2_63_p54,0.06435734778642654,0.048423878848552704,23.828039169311523,13.322524070739746,0.7734720706939697,0.5306316018104553
25,ROIs2017_winter_s2_63_p55,0.06933227926492691,0.05040756240487099,23.181289672851562,14.394027709960938,0.7667073011398315,0.4900386929512024
26,ROIs2017_winter_s2_63_p56,0.07259032875299454,0.05221368744969368,22.782424926757812,15.078953742980957,0.7678723931312561,0.489718496799469
27,ROIs2017_winter_s2_63_p57,0.06562825292348862,0.04721183329820633,23.65818214416504,13.883811950683594,0.7765073776245117,0.49756211042404175
28,ROIs2017_winter_s2_63_p59,0.05967126414179802,0.03946409747004509,24.48469352722168,10.841859817504883,0.79972904920578,0.5405716300010681
29,ROIs2017_winter_s2_63_p60,0.058237362653017044,0.03939841315150261,24.695966720581055,10.719558715820312,0.8282386660575867,0.4926099181175232
30,ROIs2017_winter_s2_63_p61,0.050410035997629166,0.03477947786450386,25.949661254882812,10.450723648071289,0.8467162847518921,0.49264851212501526
31,ROIs2017_winter_s2_63_p62,0.0513000562787056,0.03550611063838005,25.797643661499023,10.578618049621582,0.845218300819397,0.49332040548324585
32,ROIs2017_winter_s2_63_p63,0.049879040569067,0.034674134105443954,26.04163932800293,9.413535118103027,0.8758604526519775,0.42357146739959717
33,ROIs2017_winter_s2_63_p64,0.04141326993703842,0.03011307492852211,27.657207489013672,8.226247787475586,0.9024466872215271,0.4044879674911499
34,ROIs2017_winter_s2_63_p65,0.04177918657660484,0.02992001548409462,27.58080291748047,8.272298812866211,0.9020255208015442,0.4161641299724579
35,ROIs2017_winter_s2_63_p66,0.04372929781675339,0.031093917787075043,27.184551239013672,8.561685562133789,0.8964410424232483,0.4351556599140167
36,ROIs2017_winter_s2_63_p67,0.043213751167058945,0.03083842806518078,27.287561416625977,8.523380279541016,0.8890624046325684,0.4239157438278198
37,ROIs2017_winter_s2_63_p68,0.0499638170003891,0.0344022698700428,26.026887893676758,9.027071952819824,0.8715135455131531,0.43021416664123535
38,ROIs2017_winter_s2_63_p69,0.05488022789359093,0.03725723177194595,25.211681365966797,10.227093696594238,0.855680525302887,0.4406888484954834
39,ROIs2017_winter_s2_63_p70,0.058662205934524536,0.040430814027786255,24.63283348083496,10.720324516296387,0.8573642373085022,0.407534122467041
40,ROIs2017_winter_s2_63_p71,0.0629366859793663,0.04298819229006767,24.021923065185547,10.70863151550293,0.8512641191482544,0.42834556102752686
41,ROIs2017_winter_s2_63_p72,0.06348824501037598,0.042174339294433594,23.946134567260742,10.764158248901367,0.8415035605430603,0.4624096155166626
42,ROIs2017_winter_s2_63_p73,0.05919136852025986,0.03859715908765793,24.554834365844727,10.595551490783691,0.830763578414917,0.459299772977829
43,ROIs2017_winter_s2_63_p74,0.060740627348423004,0.03907809406518936,24.330415725708008,11.74789810180664,0.8041412830352783,0.4898035526275635
44,ROIs2017_winter_s2_63_p75,0.06748651713132858,0.04731648787856102,23.415660858154297,13.263920783996582,0.7677754163742065,0.520901083946228
45,ROIs2017_winter_s2_63_p76,0.063779816031456,0.04665365815162659,23.906335830688477,12.52891731262207,0.7731188535690308,0.5117830038070679
46,ROIs2017_winter_s2_63_p77,0.06023421883583069,0.04149540141224861,24.403133392333984,12.182156562805176,0.803961455821991,0.4871451258659363
47,ROIs2017_winter_s2_63_p78,0.052862416952848434,0.035396676510572433,25.53706169128418,11.190203666687012,0.8385595083236694,0.4584822952747345
48,ROIs2017_winter_s2_63_p79,0.05747051164507866,0.03846425563097,24.811100006103516,11.772302627563477,0.8224008083343506,0.48436108231544495
49,ROIs2017_winter_s2_63_p80,0.06642961502075195,0.044304877519607544,23.552764892578125,12.87920093536377,0.786892294883728,0.5193098187446594
50,ROIs2017_winter_s2_63_p81,0.0673074796795845,0.04558512941002846,23.438735961914062,13.223795890808105,0.7769850492477417,0.5370248556137085
51,ROIs2017_winter_s2_63_p82,0.06452523916959763,0.04616823419928551,23.805408477783203,13.363274574279785,0.77237868309021,0.5305845141410828
52,ROIs2017_winter_s2_63_p83,0.06864790618419647,0.050022415816783905,23.2674560546875,13.658687591552734,0.7607529759407043,0.5230157375335693
53,ROIs2017_winter_s2_63_p84,0.0666869655251503,0.04809189587831497,23.519182205200195,13.510736465454102,0.7653757333755493,0.5183217525482178
54,ROIs2017_winter_s2_63_p85,0.06498165428638458,0.045985158532857895,23.744184494018555,13.334159851074219,0.7775946259498596,0.512138843536377
55,ROIs2017_winter_s2_63_p86,0.061535682529211044,0.04356677085161209,24.21746063232422,13.155735969543457,0.7912096977233887,0.5115780830383301
56,ROIs2017_winter_s2_63_p88,0.05233338475227356,0.034936051815748215,25.62442398071289,10.600041389465332,0.8070282936096191,0.5275214910507202
57,ROIs2017_winter_s2_63_p89,0.052304957062006,0.035575129091739655,25.62914276123047,10.250797271728516,0.8387468457221985,0.4691028296947479
58,ROIs2017_winter_s2_63_p90,0.04974387586116791,0.03437051177024841,26.06520652770996,9.822344779968262,0.8610247373580933,0.4744199514389038
59,ROIs2017_winter_s2_63_p91,0.05557850003242493,0.037827007472515106,25.101863861083984,10.751937866210938,0.8434590697288513,0.4824709892272949
60,ROIs2017_winter_s2_63_p92,0.053162164986133575,0.03612690046429634,25.487945556640625,10.082640647888184,0.8600566387176514,0.43860581517219543
61,ROIs2017_winter_s2_63_p93,0.044999103993177414,0.031440772116184235,26.935922622680664,8.58420181274414,0.895789623260498,0.4067766070365906
62,ROIs2017_winter_s2_63_p94,0.04834707826375961,0.03313679248094559,26.312597274780273,8.857610702514648,0.8862640857696533,0.42168480157852173
63,ROIs2017_winter_s2_63_p95,0.05221753194928169,0.035667769610881805,25.643674850463867,9.430583000183105,0.86716228723526,0.4352835714817047
64,ROIs2017_winter_s2_63_p96,0.05132206156849861,0.035275764763355255,25.79391860961914,9.5620698928833,0.8621604442596436,0.43172991275787354
65,ROIs2017_winter_s2_63_p97,0.05498196557164192,0.036908723413944244,25.19559669494629,10.755414962768555,0.8350508213043213,0.4732174575328827
66,ROIs2017_winter_s2_63_p98,0.06000913679599762,0.03950915113091469,24.435653686523438,11.827461242675781,0.8206630945205688,0.4582161605358124
67,ROIs2017_winter_s2_63_p99,0.058283671736717224,0.0389096699655056,24.689062118530273,10.832708358764648,0.8457649350166321,0.4065071642398834
68,ROIs2017_winter_s2_63_p100,0.06001880764961243,0.0397413894534111,24.43425178527832,10.879340171813965,0.8445682525634766,0.43295803666114807
69,ROIs2017_winter_s2_63_p101,0.06201216205954552,0.04062031954526901,24.15046501159668,11.682544708251953,0.8227547407150269,0.4640660285949707
70,ROIs2017_winter_s2_63_p102,0.05578833445906639,0.03606880083680153,25.06913185119629,11.327299118041992,0.8136208653450012,0.48341822624206543
71,ROIs2017_winter_s2_63_p103,0.05788843706250191,0.03790712356567383,24.748165130615234,11.739178657531738,0.8021923303604126,0.5144641995429993
72,ROIs2017_winter_s2_63_p104,0.06191735714673996,0.043602872639894485,24.16375160217285,11.931595802307129,0.790903627872467,0.5316926836967468
73,ROIs2017_winter_s2_63_p105,0.0662047490477562,0.04873243719339371,23.582218170166016,12.351468086242676,0.7742595672607422,0.5022776126861572
74,ROIs2017_winter_s2_63_p106,0.06284268200397491,0.04343289136886597,24.034908294677734,12.630890846252441,0.7983356714248657,0.465402215719223
75,ROIs2017_winter_s2_63_p107,0.057923849672079086,0.03960941359400749,24.74285316467285,11.522666931152344,0.8286430835723877,0.4617111086845398
76,ROIs2017_winter_s2_63_p108,0.061243936419487,0.041664786636829376,24.258739471435547,11.785134315490723,0.8126377463340759,0.48114508390426636
77,ROIs2017_winter_s2_63_p109,0.06297504156827927,0.043410539627075195,24.016630172729492,12.252519607543945,0.7914136648178101,0.5071828365325928
78,ROIs2017_winter_s2_63_p110,0.06238248571753502,0.04490724205970764,24.09874725341797,12.269571304321289,0.7797743082046509,0.5397294163703918
79,ROIs2017_winter_s2_63_p111,0.06410752236843109,0.04756977781653404,23.861820220947266,12.403807640075684,0.7757261395454407,0.5347641706466675
80,ROIs2017_winter_s2_63_p112,0.06620003283023834,0.0478716641664505,23.582836151123047,12.61889362335205,0.7764453887939453,0.5221972465515137
81,ROIs2017_winter_s2_63_p113,0.06170109286904335,0.043732915073633194,24.194143295288086,12.361493110656738,0.7886645793914795,0.508413553237915
82,ROIs2017_winter_s2_63_p114,0.05789301544427872,0.04034943878650665,24.74747657775879,12.034419059753418,0.80086350440979,0.5040525794029236
83,ROIs2017_winter_s2_63_p115,0.05985371395945549,0.04206208139657974,24.458179473876953,12.797796249389648,0.7956622838973999,0.509882926940918
84,ROIs2017_winter_s2_63_p117,0.047949980944395065,0.0322292186319828,26.384231567382812,10.320741653442383,0.8248664140701294,0.506047248840332
85,ROIs2017_winter_s2_63_p118,0.05107371136546135,0.03468030318617821,25.83605194091797,10.571195602416992,0.8366957306861877,0.4572966992855072
86,ROIs2017_winter_s2_63_p119,0.052483562380075455,0.03603915497660637,25.59953498840332,10.320838928222656,0.8389519453048706,0.476357638835907
87,ROIs2017_winter_s2_63_p120,0.05590542033314705,0.03833049535751343,25.05092430114746,11.010642051696777,0.826255202293396,0.4720282554626465
88,ROIs2017_winter_s2_63_p121,0.054111842066049576,0.036730825901031494,25.334156036376953,11.465462684631348,0.8305865526199341,0.42940932512283325
89,ROIs2017_winter_s2_63_p122,0.04652221500873566,0.03252812474966049,26.646793365478516,9.597848892211914,0.8693292140960693,0.3969731330871582
90,ROIs2017_winter_s2_63_p123,0.050081826746463776,0.03373724967241287,26.006397247314453,9.146697998046875,0.8758469223976135,0.41104039549827576
91,ROIs2017_winter_s2_63_p124,0.05401989445090294,0.035614676773548126,25.348926544189453,9.554919242858887,0.8593629002571106,0.43609413504600525
92,ROIs2017_winter_s2_63_p125,0.050046131014823914,0.03389681503176689,26.012590408325195,9.510777473449707,0.8610097169876099,0.4228827953338623
93,ROIs2017_winter_s2_63_p126,0.0620262436568737,0.04153301939368248,24.14849090576172,12.538485527038574,0.8154808282852173,0.4627411961555481
94,ROIs2017_winter_s2_63_p127,0.07094518095254898,0.047611381858587265,22.981544494628906,14.083913803100586,0.7854115962982178,0.4749644994735718
95,ROIs2017_winter_s2_63_p128,0.06279323995113373,0.04138703644275665,24.041744232177734,12.550212860107422,0.8043252229690552,0.4413200914859772
96,ROIs2017_winter_s2_63_p129,0.05887225270271301,0.039080675691366196,24.601787567138672,12.637958526611328,0.8110578060150146,0.45355820655822754
97,ROIs2017_winter_s2_63_p130,0.06381631642580032,0.04386802017688751,23.9013671875,13.665792465209961,0.7906542420387268,0.47818878293037415
98,ROIs2017_winter_s2_63_p131,0.06503361463546753,0.04543059691786766,23.737241744995117,13.3048677444458,0.7771288156509399,0.49811407923698425
99,ROIs2017_winter_s2_63_p132,0.06125914677977562,0.043460115790367126,24.256582260131836,12.526978492736816,0.7796608805656433,0.5172205567359924
100,ROIs2017_winter_s2_63_p133,0.061180099844932556,0.04347854480147362,24.267797470092773,12.190240859985352,0.7847630977630615,0.5105483531951904
101,ROIs2017_winter_s2_63_p134,0.06479933857917786,0.04449879378080368,23.76858901977539,12.8375825881958,0.7802261114120483,0.48530885577201843
102,ROIs2017_winter_s2_63_p135,0.05160268768668175,0.03627723827958107,25.746553421020508,10.519466400146484,0.8264132738113403,0.44326603412628174
103,ROIs2017_winter_s2_63_p136,0.04748643934726715,0.033760856837034225,26.468608856201172,9.54664134979248,0.8558865785598755,0.42848485708236694
104,ROIs2017_winter_s2_63_p137,0.05069013684988022,0.035444971174001694,25.901531219482422,10.136947631835938,0.8523474931716919,0.43449658155441284
105,ROIs2017_winter_s2_63_p138,0.05568435415625572,0.039874117821455,25.085336685180664,11.121818542480469,0.8180713057518005,0.48924559354782104
106,ROIs2017_winter_s2_63_p139,0.06199680641293526,0.045924410223960876,24.15261459350586,11.810627937316895,0.7978008985519409,0.5222105979919434
107,ROIs2017_winter_s2_63_p140,0.06473997980356216,0.046787798404693604,23.776548385620117,12.009866714477539,0.7977341413497925,0.5283216238021851
108,ROIs2017_winter_s2_63_p141,0.06391243636608124,0.04430161416530609,23.88829231262207,12.225375175476074,0.7969855070114136,0.5126748085021973
109,ROIs2017_winter_s2_63_p142,0.059408724308013916,0.0413210391998291,24.522994995117188,11.92475414276123,0.802537202835083,0.492860347032547
110,ROIs2017_winter_s2_63_p143,0.05525342375040054,0.038754597306251526,25.152816772460938,11.530569076538086,0.8044916987419128,0.5028481483459473
111,ROIs2017_winter_s2_63_p144,0.05683378502726555,0.0395575687289238,24.907867431640625,12.06118392944336,0.7978382110595703,0.5096739530563354
112,ROIs2017_winter_s2_63_p146,0.04197557643055916,0.02861965261399746,27.540069580078125,9.251110076904297,0.8420594334602356,0.5199508666992188
113,ROIs2017_winter_s2_63_p147,0.050296686589717865,0.03451843932271004,25.96921157836914,10.328842163085938,0.8379801511764526,0.48817208409309387
114,ROIs2017_winter_s2_63_p148,0.05517365783452988,0.03931814059615135,25.16536521911621,10.983174324035645,0.8199158906936646,0.49464309215545654
115,ROIs2017_winter_s2_63_p149,0.05720521882176399,0.04008321836590767,24.851287841796875,11.743997573852539,0.8072852492332458,0.4985071122646332
116,ROIs2017_winter_s2_63_p150,0.05539701506495476,0.038297004997730255,25.130271911621094,12.149286270141602,0.8060482144355774,0.46473193168640137
117,ROIs2017_winter_s2_63_p151,0.04806943237781525,0.03365467116236687,26.362621307373047,10.530421257019043,0.8413456678390503,0.4169372022151947
118,ROIs2017_winter_s2_63_p152,0.0463104285299778,0.03203370049595833,26.686424255371094,8.951150894165039,0.869333028793335,0.41488707065582275
119,ROIs2017_winter_s2_63_p153,0.05032407492399216,0.03461896628141403,25.96448516845703,9.863969802856445,0.8502759337425232,0.4347684979438782
120,ROIs2017_winter_s2_63_p154,0.05123039335012436,0.035153258591890335,25.809444427490234,9.91859245300293,0.8548076152801514,0.42663460969924927
121,ROIs2017_winter_s2_63_p155,0.059716545045375824,0.03970494866371155,24.47810935974121,11.86015510559082,0.8379785418510437,0.4220830798149109
122,ROIs2017_winter_s2_63_p156,0.06607717275619507,0.04475719481706619,23.598974227905273,13.044942855834961,0.8178361654281616,0.4310595989227295
123,ROIs2017_winter_s2_63_p157,0.05981280654668808,0.04112705960869789,24.464115142822266,12.020696640014648,0.8262596130371094,0.41812604665756226
124,ROIs2017_winter_s2_63_p158,0.056486889719963074,0.03901835158467293,24.961048126220703,12.246358871459961,0.825558066368103,0.4308726191520691
125,ROIs2017_winter_s2_63_p159,0.06489232182502747,0.045600250363349915,23.756134033203125,13.441084861755371,0.8063321113586426,0.4793858230113983
126,ROIs2017_winter_s2_63_p160,0.06927178055047989,0.04970657452940941,23.188875198364258,13.659771919250488,0.7849688529968262,0.5005385875701904
127,ROIs2017_winter_s2_63_p161,0.06890431046485901,0.05134554207324982,23.23507308959961,13.443244934082031,0.7643703818321228,0.5149580240249634
128,ROIs2017_winter_s2_63_p162,0.0690121054649353,0.04937071353197098,23.221494674682617,13.041423797607422,0.7700679302215576,0.5008200407028198
129,ROIs2017_winter_s2_63_p163,0.05619709566235542,0.03909225016832352,25.00572395324707,11.57882308959961,0.8098318576812744,0.48628199100494385
130,ROIs2017_winter_s2_63_p164,0.04394269362092018,0.03188415244221687,27.14226722717285,9.439618110656738,0.8449997901916504,0.4605027437210083
131,ROIs2017_winter_s2_63_p165,0.04126855731010437,0.02972007356584072,27.6876163482666,8.96340560913086,0.857290506362915,0.45858147740364075
132,ROIs2017_winter_s2_63_p166,0.0398998036980629,0.028399286791682243,27.9805850982666,8.611433982849121,0.8659673929214478,0.44734132289886475
133,ROIs2017_winter_s2_63_p167,0.045298751443624496,0.031380441039800644,26.878276824951172,9.960844993591309,0.849445641040802,0.4711017608642578
134,ROIs2017_winter_s2_63_p168,0.05307658389210701,0.0373518206179142,25.50193977355957,11.219160079956055,0.8371063470840454,0.4891805052757263
135,ROIs2017_winter_s2_63_p169,0.058198682963848114,0.04033930227160454,24.701738357543945,11.395873069763184,0.8254907131195068,0.4877208471298218
136,ROIs2017_winter_s2_63_p170,0.056912440806627274,0.03874494135379791,24.895856857299805,10.707348823547363,0.8286585211753845,0.4667060077190399
137,ROIs2017_winter_s2_63_p171,0.0520005002617836,0.03621232137084007,25.679851531982422,10.080360412597656,0.84394371509552,0.45136940479278564
138,ROIs2017_winter_s2_63_p172,0.054462771862745285,0.037700116634368896,25.278005599975586,10.871079444885254,0.8172469139099121,0.4926895201206207
139,ROIs2017_winter_s2_63_p173,0.0604216530919075,0.04134144261479378,24.376148223876953,12.110904693603516,0.7891286015510559,0.4994106590747833
140,ROIs2017_winter_s2_63_p175,0.0508040189743042,0.034545350819826126,25.882038116455078,10.384182929992676,0.8092584609985352,0.5632129907608032
141,ROIs2017_winter_s2_63_p176,0.053518060594797134,0.03856011852622032,25.42999267578125,10.364167213439941,0.8349782228469849,0.5120282173156738
142,ROIs2017_winter_s2_63_p177,0.05394212156534195,0.03939569741487503,25.361440658569336,10.805910110473633,0.8180116415023804,0.5172735452651978
143,ROIs2017_winter_s2_63_p178,0.059889767318964005,0.04103612154722214,24.45294952392578,11.850057601928711,0.7944139838218689,0.5231717228889465
144,ROIs2017_winter_s2_63_p179,0.06332939118146896,0.04303087666630745,23.9678955078125,12.419560432434082,0.7856056690216064,0.5377005934715271
145,ROIs2017_winter_s2_63_p180,0.05865475535392761,0.04039953276515007,24.633934020996094,12.037148475646973,0.8142262101173401,0.5049127340316772
146,ROIs2017_winter_s2_63_p181,0.04943603277206421,0.034737687557935715,26.119129180908203,9.83497142791748,0.8536756634712219,0.44732987880706787
147,ROIs2017_winter_s2_63_p182,0.0599193312227726,0.041409797966480255,24.44866180419922,11.942173957824707,0.8128795623779297,0.47184252738952637
148,ROIs2017_winter_s2_63_p183,0.0625414177775383,0.04290233552455902,24.076644897460938,12.069028854370117,0.8121494054794312,0.48414650559425354
149,ROIs2017_winter_s2_63_p184,0.050479330122470856,0.03495841100811958,25.937728881835938,9.665887832641602,0.8646419048309326,0.42376089096069336
150,ROIs2017_winter_s2_63_p185,0.045162975788116455,0.03152093291282654,26.90435028076172,8.394743919372559,0.8913305401802063,0.367683470249176
151,ROIs2017_winter_s2_63_p186,0.04579745605587959,0.03262665122747421,26.783172607421875,8.455930709838867,0.8837868571281433,0.3920847475528717
152,ROIs2017_winter_s2_63_p187,0.04462267830967903,0.03187566250562668,27.008888244628906,9.00529670715332,0.8723671436309814,0.4240267872810364
153,ROIs2017_winter_s2_63_p188,0.05329064279794693,0.037498388439416885,25.46697998046875,10.97253131866455,0.8393462896347046,0.44958239793777466
154,ROIs2017_winter_s2_63_p189,0.060794442892074585,0.04345116764307022,24.322723388671875,12.468183517456055,0.8173649907112122,0.47114306688308716
155,ROIs2017_winter_s2_63_p190,0.06455665081739426,0.04649142175912857,23.80118179321289,12.914680480957031,0.7945143580436707,0.49854686856269836
156,ROIs2017_winter_s2_63_p191,0.057896263897418976,0.04150613769888878,24.746990203857422,11.867398262023926,0.800502598285675,0.4916909337043762
157,ROIs2017_winter_s2_63_p192,0.043412867933511734,0.03137484937906265,27.247631072998047,9.898741722106934,0.8426254391670227,0.4848100543022156
158,ROIs2017_winter_s2_63_p193,0.045034199953079224,0.03236254304647446,26.92915153503418,10.34884262084961,0.8373748064041138,0.5059421062469482
159,ROIs2017_winter_s2_63_p194,0.04795941710472107,0.03443927317857742,26.382522583007812,10.983831405639648,0.8120195865631104,0.501882016658783
160,ROIs2017_winter_s2_63_p195,0.04949372261762619,0.034543365240097046,26.108999252319336,11.000962257385254,0.8088288307189941,0.513518214225769
161,ROIs2017_winter_s2_63_p196,0.04793790727853775,0.03266408294439316,26.386417388916016,10.335908889770508,0.8410617113113403,0.4824797511100769
162,ROIs2017_winter_s2_63_p197,0.05152392014861107,0.03634219616651535,25.759822845458984,10.822903633117676,0.8411147594451904,0.4642951488494873
163,ROIs2017_winter_s2_63_p198,0.05598970130085945,0.03955504670739174,25.037837982177734,11.143485069274902,0.8263822793960571,0.46960335969924927
164,ROIs2017_winter_s2_63_p199,0.051654670387506485,0.03597969189286232,25.737808227539062,10.188758850097656,0.8464726209640503,0.44209930300712585
165,ROIs2017_winter_s2_63_p200,0.047019653022289276,0.03380850702524185,26.554410934448242,9.022906303405762,0.8781535625457764,0.42186498641967773
166,ROIs2017_winter_s2_63_p201,0.05222509801387787,0.03707924112677574,25.642414093017578,10.23375129699707,0.8615549802780151,0.4276033639907837
167,ROIs2017_winter_s2_63_p202,0.060215290635824203,0.04163595661520958,24.405864715576172,11.728350639343262,0.8124858140945435,0.4575037360191345
168,ROIs2017_winter_s2_63_p204,0.053261470049619675,0.03594778850674629,25.471736907958984,11.569013595581055,0.7955036759376526,0.5762771368026733
169,ROIs2017_winter_s2_63_p205,0.05525742098689079,0.03833740949630737,25.152189254760742,11.599903106689453,0.7984631061553955,0.5553245544433594
170,ROIs2017_winter_s2_63_p206,0.05597532540559769,0.03918389603495598,25.040069580078125,11.66293716430664,0.7922032475471497,0.5560132265090942
171,ROIs2017_winter_s2_63_p207,0.06162426620721817,0.04232391342520714,24.20496368408203,12.580121994018555,0.784904956817627,0.5542815923690796
172,ROIs2017_winter_s2_63_p208,0.0652824193239212,0.04612506553530693,23.70407485961914,13.697184562683105,0.7797921895980835,0.5466557741165161
173,ROIs2017_winter_s2_63_p209,0.059180401265621185,0.041329000145196915,24.55644416809082,12.388734817504883,0.8045662045478821,0.5113053321838379
174,ROIs2017_winter_s2_63_p210,0.04978359118103981,0.034993890672922134,26.05827522277832,9.86217975616455,0.8478397727012634,0.4584960341453552
175,ROIs2017_winter_s2_63_p211,0.05761532112956047,0.03946836665272713,24.78923988342285,10.989598274230957,0.8232475519180298,0.47719526290893555
176,ROIs2017_winter_s2_63_p212,0.060320980846881866,0.0411500409245491,24.39063262939453,11.22608470916748,0.8190964460372925,0.4880830645561218
177,ROIs2017_winter_s2_63_p213,0.05272062495350838,0.036202140152454376,25.560388565063477,9.867076873779297,0.8613004684448242,0.4244697690010071
178,ROIs2017_winter_s2_63_p214,0.04638523980975151,0.03293189778923988,26.672405242919922,8.911500930786133,0.8862102031707764,0.3838502764701843
179,ROIs2017_winter_s2_63_p215,0.051483992487192154,0.036174651235342026,25.766555786132812,9.959208488464355,0.8526986837387085,0.4353339374065399
180,ROIs2017_winter_s2_63_p216,0.055247288197278976,0.03824983537197113,25.15378189086914,10.895198822021484,0.8244363069534302,0.49441057443618774
181,ROIs2017_winter_s2_63_p217,0.06187007948756218,0.04296702891588211,24.170387268066406,11.790948867797852,0.8098870515823364,0.4900045096874237
182,ROIs2017_winter_s2_63_p218,0.06329543888568878,0.044790275394916534,23.972551345825195,12.579030990600586,0.807903528213501,0.49448949098587036
183,ROIs2017_winter_s2_63_p219,0.06114739552140236,0.04390014335513115,24.27243995666504,13.009373664855957,0.8004037737846375,0.49083441495895386
184,ROIs2017_winter_s2_63_p220,0.057311639189720154,0.041447632014751434,24.83514404296875,12.237298011779785,0.7996849417686462,0.4991912841796875
185,ROIs2017_winter_s2_63_p221,0.04963104799389839,0.03608712553977966,26.08493423461914,11.227460861206055,0.8153222799301147,0.49485883116722107
186,ROIs2017_winter_s2_63_p222,0.05090954899787903,0.03715037927031517,25.864013671875,11.65996265411377,0.8104588389396667,0.5191945433616638
187,ROIs2017_winter_s2_63_p223,0.05502663180232048,0.04176795110106468,25.18854331970215,12.99061393737793,0.7869439125061035,0.5187451839447021
188,ROIs2017_winter_s2_63_p224,0.053922057151794434,0.038736119866371155,25.364669799804688,12.244404792785645,0.7962722778320312,0.5078263878822327
189,ROIs2017_winter_s2_63_p225,0.056544072926044464,0.0394156277179718,24.952259063720703,11.62802791595459,0.8200294971466064,0.4855516254901886
190,ROIs2017_winter_s2_63_p226,0.05419492349028587,0.03871622681617737,25.32082748413086,10.850992202758789,0.8378730416297913,0.451271116733551
191,ROIs2017_winter_s2_63_p227,0.051503732800483704,0.03697318583726883,25.763225555419922,10.40600872039795,0.8466418981552124,0.4464084506034851
192,ROIs2017_winter_s2_63_p228,0.04596264287829399,0.033597640693187714,26.75189971923828,9.276690483093262,0.8695478439331055,0.4201696813106537
193,ROIs2017_winter_s2_63_p229,0.04282176494598389,0.03188173845410347,27.36670684814453,8.845937728881836,0.8801707029342651,0.4076601266860962
194,ROIs2017_winter_s2_63_p230,0.04423780366778374,0.03302162140607834,27.084129333496094,8.951123237609863,0.8803664445877075,0.40285933017730713
195,ROIs2017_winter_s2_63_p231,0.055701375007629395,0.039617400616407394,25.08268165588379,10.938982009887695,0.8322787880897522,0.4553319215774536
196,ROIs2017_winter_s2_63_p233,0.0598006397485733,0.04641599953174591,24.465883255004883,12.993910789489746,0.7766918540000916,0.575671911239624
197,ROIs2017_winter_s2_63_p234,0.06531678140163422,0.05070491507649422,23.699504852294922,14.213382720947266,0.772371232509613,0.5734879970550537
198,ROIs2017_winter_s2_63_p235,0.06482189148664474,0.049234263598918915,23.765565872192383,13.713214874267578,0.7689019441604614,0.5603469610214233
199,ROIs2017_winter_s2_63_p236,0.062065184116363525,0.04528636485338211,24.14303970336914,13.354962348937988,0.7702982425689697,0.562563419342041
200,ROIs2017_winter_s2_63_p237,0.06484536081552505,0.046834297478199005,23.762420654296875,14.156132698059082,0.7782445549964905,0.5436265468597412
201,ROIs2017_winter_s2_63_p238,0.06154279410839081,0.04344939440488815,24.21645736694336,13.285561561584473,0.7978334426879883,0.5156749486923218
202,ROIs2017_winter_s2_63_p239,0.053259871900081635,0.036124441772699356,25.471996307373047,11.062310218811035,0.8276070356369019,0.4982336163520813
203,ROIs2017_winter_s2_63_p240,0.05034177005290985,0.034270379692316055,25.96143341064453,9.79978084564209,0.8485394716262817,0.4708929657936096
204,ROIs2017_winter_s2_63_p241,0.05329778790473938,0.03613008186221123,25.465816497802734,9.951996803283691,0.8559918999671936,0.4503350555896759
205,ROIs2017_winter_s2_63_p242,0.04883724823594093,0.03368579223752022,26.2249755859375,9.401721000671387,0.8804385662078857,0.40643882751464844
206,ROIs2017_winter_s2_63_p243,0.04246809706091881,0.030553828924894333,27.438743591308594,8.57248592376709,0.8964910507202148,0.39332816004753113
207,ROIs2017_winter_s2_63_p244,0.05048246309161186,0.036101844161748886,25.937191009521484,9.814846992492676,0.8509050607681274,0.4543249011039734
208,ROIs2017_winter_s2_63_p245,0.05815661698579788,0.040537651628255844,24.708019256591797,11.036640167236328,0.8200442790985107,0.4978294372558594
209,ROIs2017_winter_s2_63_p246,0.06174616143107414,0.04207537695765495,24.187801361083984,11.481101036071777,0.8163195848464966,0.49314814805984497
210,ROIs2017_winter_s2_63_p247,0.061483949422836304,0.0435628741979599,24.224767684936523,12.2496337890625,0.8079125285148621,0.5138193368911743
211,ROIs2017_winter_s2_63_p248,0.06644176691770554,0.0487813800573349,23.551176071166992,13.59701919555664,0.7818673849105835,0.5166558027267456
212,ROIs2017_winter_s2_63_p249,0.06372205913066864,0.047875888645648956,23.914203643798828,13.366836547851562,0.7790653705596924,0.5113625526428223
213,ROIs2017_winter_s2_63_p250,0.05571334809064865,0.04264413192868233,25.0808162689209,11.739431381225586,0.7926278114318848,0.514261782169342
214,ROIs2017_winter_s2_63_p251,0.05728257820010185,0.0442793108522892,24.83955192565918,12.43836498260498,0.788768470287323,0.5181004405021667
215,ROIs2017_winter_s2_63_p252,0.05838616564869881,0.044240791350603104,24.67380142211914,13.212836265563965,0.7785555124282837,0.5197382569313049
216,ROIs2017_winter_s2_63_p253,0.057245779782533646,0.04189927875995636,24.845130920410156,12.180634498596191,0.7905811071395874,0.5156025886535645
217,ROIs2017_winter_s2_63_p254,0.056891340762376785,0.04095863923430443,24.899078369140625,11.746368408203125,0.8155258893966675,0.4984346926212311
218,ROIs2017_winter_s2_63_p255,0.0463254339993,0.03400442376732826,26.683612823486328,10.17734432220459,0.8436643481254578,0.4547513425350189
219,ROIs2017_winter_s2_63_p256,0.03930005058646202,0.029561085626482964,28.112136840820312,8.471790313720703,0.8723552227020264,0.42886245250701904
220,ROIs2017_winter_s2_63_p257,0.03961491957306862,0.029919950291514397,28.042823791503906,8.669971466064453,0.873854398727417,0.4267638027667999
221,ROIs2017_winter_s2_63_p258,0.04695574939250946,0.03436435014009476,26.56622314453125,9.698456764221191,0.8596144318580627,0.44215166568756104
222,ROIs2017_winter_s2_63_p259,0.04756281152367592,0.034573037177324295,26.45465087890625,9.502129554748535,0.8660891652107239,0.4515666663646698
223,ROIs2017_winter_s2_63_p260,0.05105939880013466,0.0366663858294487,25.83848762512207,10.19087028503418,0.8502383828163147,0.4406847655773163
224,ROIs2017_winter_s2_63_p262,0.06382650136947632,0.04979792982339859,23.899978637695312,13.536996841430664,0.7608381509780884,0.5940434336662292
225,ROIs2017_winter_s2_63_p263,0.05925271660089493,0.04349679499864578,24.54583740234375,12.771944046020508,0.7963919043540955,0.5502644181251526
226,ROIs2017_winter_s2_63_p264,0.062284160405397415,0.04499448835849762,24.112449645996094,12.510052680969238,0.8032217621803284,0.5093246698379517
227,ROIs2017_winter_s2_63_p265,0.06482348591089249,0.04728676751255989,23.76535415649414,13.033950805664062,0.7786213159561157,0.5291877388954163
228,ROIs2017_winter_s2_63_p266,0.06804979592561722,0.05004894360899925,23.343463897705078,14.59704303741455,0.7710318565368652,0.5297803282737732
229,ROIs2017_winter_s2_63_p267,0.06990556418895721,0.04991713911294937,23.109764099121094,15.033055305480957,0.7804403305053711,0.5326170325279236
230,ROIs2017_winter_s2_63_p268,0.06006256118416786,0.04073456674814224,24.42792510986328,12.422982215881348,0.8059289455413818,0.5241673588752747
231,ROIs2017_winter_s2_63_p269,0.05476851761341095,0.036699533462524414,25.229379653930664,10.390295028686523,0.8358091115951538,0.49840113520622253
232,ROIs2017_winter_s2_63_p270,0.05115286633372307,0.03509950637817383,25.822599411010742,9.630581855773926,0.8583245873451233,0.4501652419567108
233,ROIs2017_winter_s2_63_p271,0.044079482555389404,0.031593915075063705,27.115270614624023,8.988260269165039,0.8748160600662231,0.42169684171676636
234,ROIs2017_winter_s2_63_p272,0.04749247059226036,0.03272588551044464,26.467504501342773,9.12344741821289,0.8758267760276794,0.433579683303833
235,ROIs2017_winter_s2_63_p273,0.053526077419519424,0.037076033651828766,25.428693771362305,10.235189437866211,0.8558193445205688,0.4633956849575043
236,ROIs2017_winter_s2_63_p274,0.05026044696569443,0.03580905869603157,25.975475311279297,10.494266510009766,0.848749041557312,0.4743001461029053
237,ROIs2017_winter_s2_63_p275,0.04981568083167076,0.03517165780067444,26.052677154541016,10.49325942993164,0.8486205339431763,0.4707544147968292
238,ROIs2017_winter_s2_63_p276,0.054516784846782684,0.0379694402217865,25.26939582824707,11.213403701782227,0.8324273228645325,0.4872741103172302
239,ROIs2017_winter_s2_63_p277,0.059407610446214676,0.04139619693160057,24.523160934448242,12.192480087280273,0.7996913194656372,0.5132200717926025
240,ROIs2017_winter_s2_63_p278,0.061867620795965195,0.04441206157207489,24.170732498168945,12.99171257019043,0.7798330187797546,0.5139382481575012
241,ROIs2017_winter_s2_63_p279,0.06222366541624069,0.046607207506895065,24.120887756347656,13.108898162841797,0.7694603204727173,0.5356063842773438
242,ROIs2017_winter_s2_63_p280,0.06389559805393219,0.048642463982105255,23.890581130981445,13.660959243774414,0.7594097256660461,0.5429791212081909
243,ROIs2017_winter_s2_63_p281,0.06358753144741058,0.04786553978919983,23.93256187438965,13.341980934143066,0.7663835287094116,0.5113183856010437
244,ROIs2017_winter_s2_63_p282,0.06013162434101105,0.04508890584111214,24.41794204711914,12.330299377441406,0.784478485584259,0.5097351670265198
245,ROIs2017_winter_s2_63_p283,0.04885612800717354,0.037209223955869675,26.221620559692383,11.104915618896484,0.8046002388000488,0.5022287368774414
246,ROIs2017_winter_s2_63_p284,0.04923129826784134,0.03736468777060509,26.155174255371094,11.222804069519043,0.8087212443351746,0.4915451407432556
247,ROIs2017_winter_s2_63_p285,0.04628274589776993,0.03386960178613663,26.691617965698242,11.042803764343262,0.8245029449462891,0.48549532890319824
248,ROIs2017_winter_s2_63_p286,0.0409463569521904,0.029652947559952736,27.75569725036621,10.206730842590332,0.8410276174545288,0.49045470356941223
249,ROIs2017_winter_s2_63_p287,0.05143558606505394,0.03597111627459526,25.77472686767578,10.539087295532227,0.8361920714378357,0.4828367233276367
250,ROIs2017_winter_s2_63_p288,0.052425920963287354,0.036640774458646774,25.609081268310547,10.14040756225586,0.8482223749160767,0.46809884905815125
251,ROIs2017_winter_s2_63_p289,0.042656060308218,0.03144116327166557,27.40038299560547,9.07645034790039,0.876072347164154,0.4415527880191803
252,ROIs2017_winter_s2_63_p291,0.061282165348529816,0.04758322238922119,24.253318786621094,13.56684398651123,0.7694367170333862,0.5572487115859985
253,ROIs2017_winter_s2_63_p292,0.055348753929138184,0.039226680994033813,25.13784408569336,11.963959693908691,0.8067988157272339,0.5358196496963501
254,ROIs2017_winter_s2_63_p293,0.05655043199658394,0.038283560425043106,24.951282501220703,10.864935874938965,0.8426856398582458,0.4914998412132263
255,ROIs2017_winter_s2_63_p294,0.05806250870227814,0.03972652554512024,24.722084045410156,11.185829162597656,0.8382901549339294,0.48025092482566833
256,ROIs2017_winter_s2_63_p295,0.06322945654392242,0.044764041900634766,23.981611251831055,12.961058616638184,0.7956665754318237,0.5142226219177246
257,ROIs2017_winter_s2_63_p296,0.06897569447755814,0.047797441482543945,23.2260799407959,14.156805992126465,0.77281653881073,0.5437079668045044
258,ROIs2017_winter_s2_63_p297,0.0643812045454979,0.043601591140031815,23.824817657470703,12.955397605895996,0.7916997671127319,0.5190093517303467
259,ROIs2017_winter_s2_63_p298,0.06197702884674072,0.04178771376609802,24.155385971069336,11.886695861816406,0.8094539642333984,0.49127185344696045
260,ROIs2017_winter_s2_63_p299,0.06329793483018875,0.0421210452914238,23.97220802307129,11.546869277954102,0.8104445934295654,0.48304808139801025
261,ROIs2017_winter_s2_63_p300,0.06299110502004623,0.041987109929323196,24.014415740966797,11.727326393127441,0.8080487847328186,0.49586379528045654
262,ROIs2017_winter_s2_63_p301,0.06465527415275574,0.043246977031230927,23.787919998168945,11.745057106018066,0.8145840167999268,0.4809686541557312
263,ROIs2017_winter_s2_63_p302,0.06433127820491791,0.043282318860292435,23.83155632019043,12.480793952941895,0.8109273314476013,0.4868878722190857
264,ROIs2017_winter_s2_63_p303,0.056619517505168915,0.0392778217792511,24.940677642822266,12.299800872802734,0.8135179281234741,0.5029935240745544
265,ROIs2017_winter_s2_63_p304,0.05465381219983101,0.0372864194214344,25.24759292602539,11.81624984741211,0.8174158334732056,0.5080210566520691
266,ROIs2017_winter_s2_63_p305,0.05777033418416977,0.03932802751660347,24.76590347290039,11.695716857910156,0.816779613494873,0.5005701780319214
267,ROIs2017_winter_s2_63_p306,0.055260151624679565,0.03817637637257576,25.151758193969727,10.961570739746094,0.8209708333015442,0.4867977499961853
268,ROIs2017_winter_s2_63_p307,0.05688193440437317,0.0395597405731678,24.9005126953125,12.080707550048828,0.7984164953231812,0.4949989318847656
269,ROIs2017_winter_s2_63_p308,0.06179819628596306,0.04421178251504898,24.18048667907715,13.338388442993164,0.772110104560852,0.5080050230026245
270,ROIs2017_winter_s2_63_p309,0.06394011527299881,0.04620356485247612,23.884532928466797,13.55545711517334,0.7567636966705322,0.5234537720680237
271,ROIs2017_winter_s2_63_p310,0.06609158962965012,0.04896320775151253,23.597076416015625,13.23814582824707,0.7638596296310425,0.524077296257019
272,ROIs2017_winter_s2_63_p311,0.05731457471847534,0.04407496750354767,24.834697723388672,11.985962867736816,0.7816106081008911,0.5146397352218628
273,ROIs2017_winter_s2_63_p312,0.05217963084578514,0.03986814618110657,25.649978637695312,11.706379890441895,0.789214551448822,0.5121809244155884
274,ROIs2017_winter_s2_63_p313,0.05314584821462631,0.04035095125436783,25.490612030029297,12.467497825622559,0.7919172048568726,0.5159391164779663
275,ROIs2017_winter_s2_63_p314,0.050711750984191895,0.03800620511174202,25.897829055786133,12.031084060668945,0.798005998134613,0.5106256604194641
276,ROIs2017_winter_s2_63_p315,0.048558201640844345,0.035620544105768204,26.274749755859375,10.81965446472168,0.8029810190200806,0.5116017460823059
277,ROIs2017_winter_s2_63_p316,0.05368728190660477,0.036938052624464035,25.402572631835938,11.4734468460083,0.810394287109375,0.5040382146835327
278,ROIs2017_winter_s2_63_p317,0.059151891618967056,0.03958791121840477,24.560626983642578,11.968729019165039,0.8085983991622925,0.5083619952201843
279,ROIs2017_winter_s2_63_p318,0.055122409015893936,0.037945233285427094,25.17343521118164,10.952929496765137,0.822719931602478,0.49659350514411926
280,ROIs2017_winter_s2_63_p320,0.05653825402259827,0.04273490980267525,24.953153610229492,12.384539604187012,0.7956749200820923,0.5189589262008667
281,ROIs2017_winter_s2_63_p321,0.05652286484837532,0.041152872145175934,24.95551872253418,12.206417083740234,0.7958176136016846,0.5299496650695801
282,ROIs2017_winter_s2_63_p322,0.054760806262493134,0.03777356818318367,25.230606079101562,10.557489395141602,0.8319873809814453,0.487493097782135
283,ROIs2017_winter_s2_63_p323,0.04453094303607941,0.031230242922902107,27.026763916015625,8.90676212310791,0.8846822381019592,0.4376802146434784
284,ROIs2017_winter_s2_63_p324,0.052721500396728516,0.03575670346617699,25.560245513916016,10.68384075164795,0.84197998046875,0.47945636510849
285,ROIs2017_winter_s2_63_p325,0.06153608858585358,0.041337188333272934,24.217403411865234,12.142064094543457,0.7958716154098511,0.5104209184646606
286,ROIs2017_winter_s2_63_p326,0.06348259747028351,0.04332008585333824,23.94690704345703,13.089773178100586,0.7836428284645081,0.5208948850631714
287,ROIs2017_winter_s2_63_p327,0.06294060498476028,0.042797502130270004,24.021381378173828,12.74577808380127,0.7887353897094727,0.5156337022781372
288,ROIs2017_winter_s2_63_p328,0.06830037385225296,0.045160483568906784,23.311538696289062,12.751221656799316,0.7791882157325745,0.5109614729881287
289,ROIs2017_winter_s2_63_p329,0.07340515404939651,0.04861891269683838,22.685468673706055,13.695908546447754,0.7675570249557495,0.5155369639396667
290,ROIs2017_winter_s2_63_p330,0.06862813979387283,0.04573472961783409,23.269956588745117,12.973333358764648,0.79315584897995,0.5094537138938904
291,ROIs2017_winter_s2_63_p331,0.06222911924123764,0.04254115745425224,24.120128631591797,12.331259727478027,0.8064873218536377,0.5023784041404724
292,ROIs2017_winter_s2_63_p332,0.06033068150281906,0.042951926589012146,24.389236450195312,12.66165828704834,0.7995290756225586,0.5005971193313599
293,ROIs2017_winter_s2_63_p333,0.05947461351752281,0.04158294200897217,24.513368606567383,12.644866943359375,0.793440043926239,0.506095290184021
294,ROIs2017_winter_s2_63_p334,0.06104200333356857,0.04241444543004036,24.287425994873047,12.904362678527832,0.7880209684371948,0.5066688656806946
295,ROIs2017_winter_s2_63_p335,0.05993177741765976,0.04185507073998451,24.446857452392578,12.753357887268066,0.8003896474838257,0.4952942132949829
296,ROIs2017_winter_s2_63_p336,0.05816242843866348,0.041201747953891754,24.707149505615234,12.676228523254395,0.7959758043289185,0.4995424151420593
297,ROIs2017_winter_s2_63_p337,0.05934344604611397,0.043708015233278275,24.53254508972168,12.900679588317871,0.782073438167572,0.5064265131950378
298,ROIs2017_winter_s2_63_p338,0.06133705750107765,0.04481969028711319,24.245540618896484,12.662354469299316,0.7775919437408447,0.5173467397689819
299,ROIs2017_winter_s2_63_p339,0.061707038432359695,0.04594128951430321,24.19330596923828,12.684223175048828,0.780892550945282,0.513610303401947
300,ROIs2017_winter_s2_63_p340,0.056172341108322144,0.04366784915328026,25.00954818725586,12.290700912475586,0.7867568135261536,0.5126467347145081
301,ROIs2017_winter_s2_63_p341,0.053769323974847794,0.04260282963514328,25.389310836791992,12.187394142150879,0.7919402718544006,0.5079001784324646
302,ROIs2017_winter_s2_63_p342,0.05443302169442177,0.042614296078681946,25.28274917602539,12.848374366760254,0.7902882099151611,0.5122122764587402
303,ROIs2017_winter_s2_63_p343,0.055370572954416275,0.0426030158996582,25.13442039489746,12.698802947998047,0.7849656939506531,0.5178283452987671
304,ROIs2017_winter_s2_63_p344,0.05642890930175781,0.04273514822125435,24.969968795776367,12.243363380432129,0.7824252843856812,0.5279082655906677
305,ROIs2017_winter_s2_63_p345,0.05674619600176811,0.03992689400911331,24.9212646484375,12.035622596740723,0.7867212295532227,0.5251941084861755
306,ROIs2017_winter_s2_63_p346,0.06477927416563034,0.04386680945754051,23.771278381347656,12.870680809020996,0.7754793167114258,0.5283884406089783
307,ROIs2017_winter_s2_63_p347,0.06838362663984299,0.045954629778862,23.30095672607422,12.807807922363281,0.7872709631919861,0.5267285704612732
308,ROIs2017_winter_s2_63_p349,0.05011675879359245,0.03502454236149788,26.000343322753906,10.745647430419922,0.8184213638305664,0.5023788213729858
309,ROIs2017_winter_s2_63_p350,0.05634881183505058,0.04039105400443077,24.98230743408203,11.640750885009766,0.7982690334320068,0.5118942260742188
310,ROIs2017_winter_s2_63_p351,0.0542476661503315,0.038430579006671906,25.3123779296875,11.352354049682617,0.810267448425293,0.5099914073944092
311,ROIs2017_winter_s2_63_p352,0.04921479895710945,0.033892638981342316,26.1580867767334,9.738264083862305,0.8631125688552856,0.46305525302886963
312,ROIs2017_winter_s2_63_p353,0.04913409799337387,0.03349975124001503,26.172340393066406,9.829246520996094,0.8747054934501648,0.4425768256187439
313,ROIs2017_winter_s2_63_p354,0.05629459396004677,0.038725681602954865,24.990665435791016,11.57282829284668,0.8211338520050049,0.49106138944625854
314,ROIs2017_winter_s2_63_p355,0.06275317817926407,0.04439987614750862,24.047286987304688,12.981697082519531,0.7856577634811401,0.5151605606079102
315,ROIs2017_winter_s2_63_p356,0.0644189715385437,0.04499635100364685,23.81972312927246,13.369049072265625,0.7772015929222107,0.5326302647590637
316,ROIs2017_winter_s2_63_p357,0.06994212418794632,0.04730952903628349,23.105222702026367,13.382613182067871,0.7643089294433594,0.524176836013794
317,ROIs2017_winter_s2_63_p358,0.06984244287014008,0.047714538872241974,23.117610931396484,13.473079681396484,0.7623819708824158,0.5187587738037109
318,ROIs2017_winter_s2_63_p359,0.06271357834339142,0.042706698179244995,24.05276870727539,12.740129470825195,0.7948375940322876,0.5121615529060364
319,ROIs2017_winter_s2_63_p360,0.0563015341758728,0.03770989179611206,24.989595413208008,11.690624237060547,0.8237931728363037,0.5026460886001587
320,ROIs2017_winter_s2_63_p361,0.053714267909526825,0.03730730339884758,25.39820671081543,11.529717445373535,0.8258088231086731,0.4896390438079834
321,ROIs2017_winter_s2_63_p362,0.05783994495868683,0.04147787392139435,24.755443572998047,12.280319213867188,0.8003618717193604,0.49158790707588196
322,ROIs2017_winter_s2_63_p363,0.06197477877140045,0.044582247734069824,24.15570068359375,13.328838348388672,0.7784113883972168,0.5094525218009949
323,ROIs2017_winter_s2_63_p364,0.062030963599681854,0.04411857947707176,24.147830963134766,13.637755393981934,0.7843993306159973,0.51557856798172
324,ROIs2017_winter_s2_63_p365,0.05948367342352867,0.04424571990966797,24.51204490661621,12.852965354919434,0.7801629900932312,0.5098313689231873
325,ROIs2017_winter_s2_63_p366,0.06040932610630989,0.04538137465715408,24.377920150756836,12.772445678710938,0.7718545198440552,0.510095477104187
326,ROIs2017_winter_s2_63_p367,0.06338749080896378,0.04594479501247406,23.959930419921875,12.412452697753906,0.7871246337890625,0.5076982378959656
327,ROIs2017_winter_s2_63_p368,0.06028641760349274,0.042883310467004776,24.395610809326172,12.132763862609863,0.8016893863677979,0.49910059571266174
328,ROIs2017_winter_s2_63_p369,0.05555291846394539,0.04108703136444092,25.10586166381836,12.207271575927734,0.8002511262893677,0.500944197177887
329,ROIs2017_winter_s2_63_p370,0.05345804616808891,0.04101622849702835,25.439739227294922,12.814867973327637,0.7969386577606201,0.5206234455108643
330,ROIs2017_winter_s2_63_p371,0.06082381680607796,0.049078717827796936,24.318527221679688,14.137164115905762,0.7765213847160339,0.5468385219573975
331,ROIs2017_winter_s2_63_p372,0.06229130178689957,0.048791538923978806,24.111452102661133,13.647844314575195,0.7771443128585815,0.5179606080055237
332,ROIs2017_winter_s2_63_p373,0.058813318610191345,0.044434934854507446,24.610485076904297,12.982841491699219,0.7871071100234985,0.52446049451828
333,ROIs2017_winter_s2_63_p374,0.0569157712161541,0.04141053184866905,24.895347595214844,12.402758598327637,0.7796143293380737,0.5405460596084595
334,ROIs2017_winter_s2_63_p375,0.06255115568637848,0.04282088577747345,24.075294494628906,12.61060619354248,0.776321291923523,0.5414029359817505
335,ROIs2017_winter_s2_63_p376,0.06593602150678635,0.04397983103990555,23.61754608154297,13.009771347045898,0.7979090213775635,0.5048751831054688
336,ROIs2017_winter_s2_63_p378,0.046375032514333725,0.0321229062974453,26.67431640625,9.883312225341797,0.8347898721694946,0.49769264459609985
337,ROIs2017_winter_s2_63_p379,0.050490815192461014,0.03540917858481407,25.935752868652344,10.581594467163086,0.8276244401931763,0.5002398490905762
338,ROIs2017_winter_s2_63_p380,0.049975838512182236,0.0356501042842865,26.024799346923828,11.167535781860352,0.822778046131134,0.504029393196106
339,ROIs2017_winter_s2_63_p381,0.052977632731199265,0.03646615147590637,25.518150329589844,11.289294242858887,0.8294713497161865,0.5046945810317993
340,ROIs2017_winter_s2_63_p382,0.05348683148622513,0.03615250810980797,25.435062408447266,10.817078590393066,0.8480358719825745,0.4662672281265259
341,ROIs2017_winter_s2_63_p383,0.05309605598449707,0.0361190028488636,25.498754501342773,10.6965970993042,0.8465350866317749,0.4483017027378082
342,ROIs2017_winter_s2_63_p384,0.06021655723452568,0.041945990175008774,24.40567970275879,11.834673881530762,0.812593936920166,0.4790842533111572
343,ROIs2017_winter_s2_63_p385,0.06642697006464005,0.047835588455200195,23.55311393737793,13.45888614654541,0.7815553545951843,0.517866849899292
344,ROIs2017_winter_s2_63_p386,0.07171338051557541,0.05212554335594177,22.887996673583984,14.400821685791016,0.752042293548584,0.5280454158782959
345,ROIs2017_winter_s2_63_p387,0.0682237446308136,0.048388876020908356,23.3212890625,13.185748100280762,0.7604376077651978,0.5182313919067383
346,ROIs2017_winter_s2_63_p388,0.061178214848041534,0.042170166969299316,24.268064498901367,12.261272430419922,0.7908903956413269,0.49117153882980347
347,ROIs2017_winter_s2_63_p389,0.05803730711340904,0.03954320028424263,24.725854873657227,12.00826644897461,0.8068540692329407,0.4926815330982208
348,ROIs2017_winter_s2_63_p390,0.05562077835202217,0.038281623274087906,25.095260620117188,11.915185928344727,0.8104847073554993,0.4988662004470825
349,ROIs2017_winter_s2_63_p391,0.05410449579358101,0.03793737292289734,25.3353328704834,11.655872344970703,0.8095505237579346,0.4977523684501648
350,ROIs2017_winter_s2_63_p392,0.056069888174533844,0.039368219673633575,25.025407791137695,11.88815975189209,0.8030012845993042,0.508889377117157
351,ROIs2017_winter_s2_63_p393,0.058724455535411835,0.04162006825208664,24.623620986938477,12.573393821716309,0.787717342376709,0.5151664614677429
352,ROIs2017_winter_s2_63_p394,0.05821031704545021,0.04233675077557564,24.700000762939453,12.783256530761719,0.7836220860481262,0.5145874619483948
353,ROIs2017_winter_s2_63_p395,0.05620789900422096,0.04097071290016174,25.004053115844727,12.428455352783203,0.7899081707000732,0.5061159133911133
354,ROIs2017_winter_s2_63_p396,0.05987456813454628,0.04269867017865181,24.455150604248047,12.414401054382324,0.7947506904602051,0.4879728853702545
355,ROIs2017_winter_s2_63_p397,0.05773215740919113,0.041375141590833664,24.771644592285156,11.878445625305176,0.8102194666862488,0.4813512861728668
356,ROIs2017_winter_s2_63_p398,0.05352933704853058,0.03913118317723274,25.428163528442383,11.952531814575195,0.8081777095794678,0.4942395091056824
357,ROIs2017_winter_s2_63_p399,0.05405627191066742,0.03900620713829994,25.343076705932617,12.970256805419922,0.7957860231399536,0.5324522852897644
358,ROIs2017_winter_s2_63_p400,0.05931640416383743,0.046765126287937164,24.5365047454834,14.584819793701172,0.7807126045227051,0.5534064769744873
359,ROIs2017_winter_s2_63_p401,0.060223884880542755,0.04699765518307686,24.40462303161621,14.103591918945312,0.7793537378311157,0.5272469520568848
360,ROIs2017_winter_s2_63_p402,0.05852985382080078,0.04517379403114319,24.65245246887207,13.51647663116455,0.7841848134994507,0.5210477709770203
361,ROIs2017_winter_s2_63_p403,0.055817943066358566,0.042454399168491364,25.064523696899414,12.3468599319458,0.7900853157043457,0.523298442363739
362,ROIs2017_winter_s2_63_p404,0.05361607298254967,0.03769437223672867,25.414100646972656,11.899537086486816,0.8031632304191589,0.5280352234840393
363,ROIs2017_winter_s2_63_p405,0.05331766605377197,0.0374639593064785,25.46257781982422,12.010125160217285,0.8188286423683167,0.5020259618759155
364,ROIs2017_winter_s2_63_p407,0.044114548712968826,0.030709100887179375,27.10836410522461,9.779359817504883,0.8480674028396606,0.4707704186439514
365,ROIs2017_winter_s2_63_p408,0.047333888709545135,0.03230341523885727,26.49655532836914,10.047183990478516,0.8464674949645996,0.4813646078109741
366,ROIs2017_winter_s2_63_p409,0.04754504933953285,0.03304736316204071,26.457897186279297,10.173392295837402,0.8438700437545776,0.4876081347465515
367,ROIs2017_winter_s2_63_p410,0.05187183618545532,0.03669947758316994,25.70136833190918,11.428832054138184,0.8143125176429749,0.5062044858932495
368,ROIs2017_winter_s2_63_p411,0.05618647113442421,0.039234649389982224,25.007366180419922,11.608105659484863,0.8154712319374084,0.4986807703971863
369,ROIs2017_winter_s2_63_p412,0.04833051934838295,0.033420152962207794,26.31557273864746,9.631308555603027,0.8715839385986328,0.43583017587661743
370,ROIs2017_winter_s2_63_p413,0.04878537356853485,0.033555496484041214,26.234207153320312,9.829256057739258,0.8679619431495667,0.438696026802063
371,ROIs2017_winter_s2_63_p414,0.05678718537092209,0.039133407175540924,24.91499137878418,11.491680145263672,0.8273987770080566,0.46658003330230713
372,ROIs2017_winter_s2_63_p415,0.0638439878821373,0.0456194244325161,23.897602081298828,13.831511497497559,0.783442497253418,0.4789142906665802
373,ROIs2017_winter_s2_63_p416,0.07187172770500183,0.05089186131954193,22.868839263916016,15.173510551452637,0.7539005279541016,0.5053816437721252
374,ROIs2017_winter_s2_63_p417,0.06738024950027466,0.04669709876179695,23.42934799194336,13.517280578613281,0.7759995460510254,0.5038477182388306
375,ROIs2017_winter_s2_63_p418,0.0615195594727993,0.042937714606523514,24.219738006591797,12.62902545928955,0.7931110858917236,0.5094165205955505
376,ROIs2017_winter_s2_63_p419,0.06327300518751144,0.04464075714349747,23.975631713867188,13.138192176818848,0.7864704132080078,0.5251944661140442
377,ROIs2017_winter_s2_63_p420,0.05947553366422653,0.04178978502750397,24.513235092163086,12.64465618133545,0.7965750694274902,0.5137174725532532
378,ROIs2017_winter_s2_63_p421,0.05566277727484703,0.03897668048739433,25.088701248168945,11.775376319885254,0.810887336730957,0.5164759159088135
379,ROIs2017_winter_s2_63_p422,0.05666758492588997,0.0404486209154129,24.933307647705078,11.86275577545166,0.8079957365989685,0.5133036971092224
380,ROIs2017_winter_s2_63_p423,0.06245887652039528,0.04513274133205414,24.088117599487305,13.002389907836914,0.792229175567627,0.4958619475364685
381,ROIs2017_winter_s2_63_p424,0.0641116127371788,0.046572960913181305,23.861265182495117,13.207114219665527,0.7851444482803345,0.49165764451026917
382,ROIs2017_winter_s2_63_p425,0.06438354402780533,0.04675856605172157,23.82450294494629,13.203035354614258,0.7790426015853882,0.49354317784309387
383,ROIs2017_winter_s2_63_p426,0.06138291582465172,0.04458816722035408,24.23904800415039,13.142118453979492,0.7844730615615845,0.4919929504394531
384,ROIs2017_winter_s2_63_p427,0.05752720683813095,0.04152004048228264,24.802534103393555,13.053665161132812,0.7920882701873779,0.49736422300338745
385,ROIs2017_winter_s2_63_p428,0.05546623095870018,0.040243640542030334,25.119426727294922,13.385516166687012,0.7882205247879028,0.5359989404678345
386,ROIs2017_winter_s2_63_p429,0.056729625910520554,0.04354974254965782,24.92380142211914,13.643773078918457,0.791423499584198,0.5322165489196777
387,ROIs2017_winter_s2_63_p430,0.05878359079360962,0.045704811811447144,24.614877700805664,13.874445915222168,0.7865359783172607,0.5097306370735168
388,ROIs2017_winter_s2_63_p431,0.05515025183558464,0.042528681457042694,25.169050216674805,13.094828605651855,0.7949619889259338,0.5129879117012024
389,ROIs2017_winter_s2_63_p432,0.052612658590078354,0.03915546089410782,25.578195571899414,11.933969497680664,0.8174314498901367,0.515446662902832
390,ROIs2017_winter_s2_63_p433,0.05139593407511711,0.03700489178299904,25.781423568725586,11.806001663208008,0.8161646127700806,0.521155834197998
391,ROIs2017_winter_s2_63_p434,0.0516834519803524,0.0370241180062294,25.73297119140625,11.835087776184082,0.8197095394134521,0.5097914338111877
392,ROIs2017_winter_s2_63_p436,0.04168464243412018,0.028940893709659576,27.600479125976562,9.110247611999512,0.8662346601486206,0.4546859860420227
393,ROIs2017_winter_s2_63_p437,0.04891927167773247,0.033138614147901535,26.21040153503418,9.883400917053223,0.8498004674911499,0.48371079564094543
394,ROIs2017_winter_s2_63_p438,0.05037698894739151,0.03441353514790535,25.955354690551758,9.967178344726562,0.8417596817016602,0.4855327010154724
395,ROIs2017_winter_s2_63_p439,0.05335061997175217,0.03789807856082916,25.457212448120117,11.044157981872559,0.8164209127426147,0.5031626224517822
396,ROIs2017_winter_s2_63_p440,0.056376054883003235,0.03996669501066208,24.978105545043945,11.266806602478027,0.8143494129180908,0.5046209096908569
397,ROIs2017_winter_s2_63_p441,0.04772099852561951,0.03253624960780144,26.425809860229492,9.38196086883545,0.8679087162017822,0.45490384101867676
398,ROIs2017_winter_s2_63_p442,0.04587143659591675,0.031726665794849396,26.769153594970703,9.137269020080566,0.8845232725143433,0.4335786998271942
399,ROIs2017_winter_s2_63_p443,0.04615209624171257,0.032971303910017014,26.716171264648438,10.12682056427002,0.8682676553726196,0.4384433627128601
400,ROIs2017_winter_s2_63_p444,0.050124187022447586,0.035716935992240906,25.999052047729492,11.69431209564209,0.8380731344223022,0.42849621176719666
401,ROIs2017_winter_s2_63_p445,0.06475468724966049,0.04441133886575699,23.77457618713379,13.8939790725708,0.7933955192565918,0.46351364254951477
402,ROIs2017_winter_s2_63_p446,0.06722958385944366,0.0465175099670887,23.44879150390625,13.42757797241211,0.7857449650764465,0.49203237891197205
403,ROIs2017_winter_s2_63_p447,0.06466224789619446,0.0447787307202816,23.786985397338867,12.859748840332031,0.7911503314971924,0.49737969040870667
404,ROIs2017_winter_s2_63_p448,0.06750807166099548,0.04743444174528122,23.412885665893555,13.701148986816406,0.7794718742370605,0.520760715007782
405,ROIs2017_winter_s2_63_p449,0.06638035178184509,0.04776715487241745,23.5592098236084,13.790610313415527,0.7852944731712341,0.5223038196563721
406,ROIs2017_winter_s2_63_p450,0.06402035057544708,0.04577255994081497,23.873638153076172,12.835962295532227,0.8034964799880981,0.5081760883331299
407,ROIs2017_winter_s2_63_p451,0.060532551258802414,0.04297550022602081,24.360219955444336,12.061293601989746,0.8185188174247742,0.4807271659374237
408,ROIs2017_winter_s2_63_p452,0.06020956113934517,0.04290500655770302,24.40669059753418,12.390510559082031,0.8113285303115845,0.4752596318721771
409,ROIs2017_winter_s2_63_p453,0.06219702959060669,0.044501159340143204,24.124605178833008,12.727806091308594,0.7840400338172913,0.4852103888988495
410,ROIs2017_winter_s2_63_p454,0.06377311050891876,0.04598914086818695,23.907245635986328,13.027765274047852,0.7729111909866333,0.4911268949508667
411,ROIs2017_winter_s2_63_p455,0.06550434231758118,0.04656725749373436,23.67460060119629,13.486113548278809,0.7753164768218994,0.5084182024002075
412,ROIs2017_winter_s2_63_p456,0.06635631620883942,0.04688302427530289,23.562355041503906,14.169939994812012,0.7719588279724121,0.5166664123535156
413,ROIs2017_winter_s2_63_p457,0.0593307726085186,0.04333788901567459,24.534399032592773,13.991369247436523,0.7749014496803284,0.5252518653869629
414,ROIs2017_winter_s2_63_p458,0.05892862007021904,0.04358261078596115,24.593475341796875,13.25982666015625,0.7777401804924011,0.5204121470451355
415,ROIs2017_winter_s2_63_p459,0.06376242637634277,0.04917009174823761,23.908702850341797,14.209168434143066,0.7679874897003174,0.5466185808181763
416,ROIs2017_winter_s2_63_p460,0.05627664923667908,0.04180464521050453,24.993436813354492,13.024078369140625,0.8028725385665894,0.5269152522087097
417,ROIs2017_winter_s2_63_p461,0.0530460886657238,0.03894723579287529,25.506935119628906,12.017457962036133,0.8156945109367371,0.5232857465744019
418,ROIs2017_winter_s2_63_p462,0.053342778235673904,0.037955380976200104,25.45848846435547,12.080997467041016,0.8075308799743652,0.5231204032897949
419,ROIs2017_winter_s2_63_p463,0.05249219015240669,0.037544045597314835,25.598106384277344,12.109406471252441,0.8181273937225342,0.5027646422386169
420,ROIs2017_winter_s2_63_p465,0.041273023933172226,0.030022375285625458,27.686674118041992,9.074380874633789,0.8692241907119751,0.46891874074935913
421,ROIs2017_winter_s2_63_p466,0.04730100929737091,0.03309866786003113,26.50259017944336,9.488390922546387,0.8583196997642517,0.4691164493560791
422,ROIs2017_winter_s2_63_p467,0.05081493780016899,0.034949369728565216,25.880172729492188,10.05119514465332,0.8365545272827148,0.47338175773620605
423,ROIs2017_winter_s2_63_p468,0.04902340844273567,0.03407870605587959,26.191930770874023,10.217164993286133,0.8431142568588257,0.46012866497039795
424,ROIs2017_winter_s2_63_p469,0.04994599148631096,0.0342816524207592,26.029987335205078,9.902612686157227,0.8513228893280029,0.4462891221046448
425,ROIs2017_winter_s2_63_p470,0.048132434487342834,0.03254098817706108,26.35124397277832,9.189981460571289,0.8718297481536865,0.4396851658821106
426,ROIs2017_winter_s2_63_p471,0.05053745582699776,0.034173112362623215,25.927732467651367,9.641021728515625,0.8764758110046387,0.4378299415111542
427,ROIs2017_winter_s2_63_p472,0.04989725723862648,0.035079892724752426,26.03846549987793,10.502099990844727,0.8545911312103271,0.44244009256362915
428,ROIs2017_winter_s2_63_p473,0.044773537665605545,0.03223445266485214,26.979572296142578,9.555770874023438,0.8575583100318909,0.43487030267715454
429,ROIs2017_winter_s2_63_p474,0.046775348484516144,0.03306465968489647,26.599658966064453,9.466574668884277,0.8577110767364502,0.4438599944114685
430,ROIs2017_winter_s2_63_p475,0.05461343005299568,0.03820306062698364,25.254011154174805,10.978139877319336,0.8314825892448425,0.463384747505188
431,ROIs2017_winter_s2_63_p476,0.06514184176921844,0.045312199741601944,23.722801208496094,12.393450736999512,0.8022245168685913,0.4992314875125885
432,ROIs2017_winter_s2_63_p477,0.0634031668305397,0.04461396858096123,23.957782745361328,13.208403587341309,0.7927777767181396,0.5151077508926392
433,ROIs2017_winter_s2_63_p478,0.0654396265745163,0.04624899849295616,23.683185577392578,13.614109992980957,0.7881426215171814,0.5121262073516846
434,ROIs2017_winter_s2_63_p479,0.06671921163797379,0.04658925160765648,23.51498031616211,12.814276695251465,0.8053414821624756,0.47854870557785034
435,ROIs2017_winter_s2_63_p480,0.05538482218980789,0.038899343460798264,25.132186889648438,11.001285552978516,0.8454229831695557,0.4492342174053192
436,ROIs2017_winter_s2_63_p481,0.053878530859947205,0.037433281540870667,25.371685028076172,10.745424270629883,0.8487071394920349,0.44477778673171997
437,ROIs2017_winter_s2_63_p482,0.06074362248182297,0.041746653616428375,24.329986572265625,11.869461059570312,0.8101648092269897,0.4742549657821655
438,ROIs2017_winter_s2_63_p483,0.06022688373923302,0.04258681461215019,24.404191970825195,12.250524520874023,0.7898563742637634,0.5025933980941772
439,ROIs2017_winter_s2_63_p484,0.06161676347255707,0.043092042207717896,24.206024169921875,12.678230285644531,0.7899754643440247,0.5115776062011719
440,ROIs2017_winter_s2_63_p485,0.06486866623163223,0.04469340667128563,23.75930404663086,13.370681762695312,0.7752496004104614,0.515292763710022
441,ROIs2017_winter_s2_63_p486,0.05862511321902275,0.04265544191002846,24.63832664489746,13.104836463928223,0.7812513709068298,0.5088492631912231
442,ROIs2017_winter_s2_63_p487,0.05813693627715111,0.04277544841170311,24.71095848083496,12.889698028564453,0.7827840447425842,0.515863835811615
443,ROIs2017_winter_s2_63_p488,0.059861380606889725,0.04356631264090538,24.45706558227539,12.900049209594727,0.7815402746200562,0.5268639326095581
444,ROIs2017_winter_s2_63_p489,0.0573345385491848,0.0419655404984951,24.831674575805664,12.311418533325195,0.7943574786186218,0.5332983732223511
445,ROIs2017_winter_s2_63_p490,0.05398159474134445,0.04062493145465851,25.355087280273438,11.551592826843262,0.7982702255249023,0.5271496176719666
446,ROIs2017_winter_s2_63_p491,0.05354113131761551,0.03934425860643387,25.426250457763672,11.821465492248535,0.795696496963501,0.5300827026367188
447,ROIs2017_winter_s2_63_p492,0.05540190264582634,0.04038844630122185,25.129507064819336,12.584898948669434,0.7959104776382446,0.5152008533477783
448,ROIs2017_winter_s2_63_p494,0.04551420360803604,0.0317978635430336,26.837060928344727,9.6744384765625,0.8368242979049683,0.4994158446788788
449,ROIs2017_winter_s2_63_p495,0.05005022883415222,0.03497261181473732,26.011878967285156,10.11711311340332,0.8324862718582153,0.48771756887435913
450,ROIs2017_winter_s2_63_p496,0.04977474734187126,0.03435657173395157,26.059818267822266,10.990178108215332,0.836105227470398,0.4684348404407501
451,ROIs2017_winter_s2_63_p497,0.04477531462907791,0.03153261914849281,26.97922706604004,10.457167625427246,0.8612396717071533,0.4280300736427307
452,ROIs2017_winter_s2_63_p498,0.043401673436164856,0.030704563483595848,27.2498722076416,9.11821174621582,0.87413090467453,0.411048948764801
453,ROIs2017_winter_s2_63_p499,0.045103009790182114,0.03107825480401516,26.915891647338867,9.200150489807129,0.8762927651405334,0.4381615221500397
454,ROIs2017_winter_s2_63_p500,0.04906202480196953,0.03338516876101494,26.185091018676758,9.38170337677002,0.87693190574646,0.4383114278316498
455,ROIs2017_winter_s2_63_p501,0.05566381290555,0.0383848212659359,25.08854103088379,10.399624824523926,0.8460022211074829,0.4332807958126068
456,ROIs2017_winter_s2_63_p502,0.051347315311431885,0.036097075790166855,25.78964614868164,10.486242294311523,0.8372350931167603,0.44133424758911133
457,ROIs2017_winter_s2_63_p503,0.04927954077720642,0.0342266745865345,26.14666748046875,10.054102897644043,0.8350657224655151,0.46894925832748413
458,ROIs2017_winter_s2_63_p504,0.057950012385845184,0.03947494179010391,24.73893165588379,10.83922290802002,0.8232109546661377,0.46848994493484497
459,ROIs2017_winter_s2_63_p505,0.06269101798534393,0.042686983942985535,24.055892944335938,11.632315635681152,0.8187130689620972,0.467761754989624
460,ROIs2017_winter_s2_63_p506,0.05926353111863136,0.041909266263246536,24.544248580932617,12.429417610168457,0.8062940835952759,0.5048072338104248
461,ROIs2017_winter_s2_63_p507,0.06486152112483978,0.046451766043901443,23.7602596282959,13.364405632019043,0.7791330814361572,0.5171166658401489
462,ROIs2017_winter_s2_63_p508,0.06350629776716232,0.044346883893013,23.94366455078125,12.422337532043457,0.7998006939888,0.49139630794525146
463,ROIs2017_winter_s2_63_p509,0.04657921940088272,0.033363014459609985,26.636157989501953,9.841602325439453,0.862288773059845,0.42721080780029297
464,ROIs2017_winter_s2_63_p510,0.04895647242665291,0.034552671015262604,26.203800201416016,9.408485412597656,0.871181070804596,0.40470197796821594
465,ROIs2017_winter_s2_63_p511,0.06228598579764366,0.04280972108244896,24.112194061279297,11.520212173461914,0.8376436233520508,0.4174613058567047
466,ROIs2017_winter_s2_63_p512,0.062364667654037476,0.04407873749732971,24.101228713989258,12.13431453704834,0.8033790588378906,0.45410239696502686
467,ROIs2017_winter_s2_63_p513,0.06114959716796875,0.04367358237504959,24.27212905883789,12.650009155273438,0.7848576307296753,0.4871506690979004
468,ROIs2017_winter_s2_63_p514,0.060010507702827454,0.043698713183403015,24.435453414916992,12.759645462036133,0.7937609553337097,0.4836758077144623
469,ROIs2017_winter_s2_63_p515,0.05774896964430809,0.04377167299389839,24.769115447998047,12.543964385986328,0.8033286929130554,0.4947511553764343
470,ROIs2017_winter_s2_63_p516,0.05703818053007126,0.04254189878702164,24.87668800354004,12.686866760253906,0.8031145334243774,0.5206059813499451
471,ROIs2017_winter_s2_63_p517,0.053875114768743515,0.039297085255384445,25.372236251831055,12.313448905944824,0.8130355477333069,0.5305343866348267
472,ROIs2017_winter_s2_63_p518,0.05245409533381462,0.03911156207323074,25.604412078857422,11.684304237365723,0.8003658652305603,0.5322333574295044
473,ROIs2017_winter_s2_63_p519,0.052773915231227875,0.04066182300448418,25.551612854003906,11.549542427062988,0.7977023124694824,0.5309087634086609
474,ROIs2017_winter_s2_63_p520,0.0509650744497776,0.03900983929634094,25.85454750061035,11.67766284942627,0.8047086000442505,0.5087640881538391
475,ROIs2017_winter_s2_63_p521,0.05619801953434944,0.04180719330906868,25.00558090209961,12.804699897766113,0.7830126285552979,0.5088240504264832
476,ROIs2017_winter_s2_63_p523,0.05083901807665825,0.03442012146115303,25.876056671142578,9.75135612487793,0.8369917869567871,0.48877108097076416
477,ROIs2017_winter_s2_63_p524,0.05171697959303856,0.036118485033512115,25.727338790893555,10.147964477539062,0.8384623527526855,0.47080540657043457
478,ROIs2017_winter_s2_63_p525,0.052341531962156296,0.03633732348680496,25.62307357788086,11.965367317199707,0.8276654481887817,0.47746211290359497
479,ROIs2017_winter_s2_63_p526,0.051664479076862335,0.03551097214221954,25.736160278320312,11.549956321716309,0.8429514169692993,0.45765793323516846
480,ROIs2017_winter_s2_63_p527,0.051881082355976105,0.0352742038667202,25.69982147216797,9.767908096313477,0.8592328429222107,0.44838038086891174
481,ROIs2017_winter_s2_63_p528,0.04947936534881592,0.03334789723157883,26.11151885986328,9.651460647583008,0.8588156700134277,0.45778852701187134
482,ROIs2017_winter_s2_63_p529,0.04795549437403679,0.03345925733447075,26.38323211669922,9.438400268554688,0.8685663938522339,0.4481603801250458
483,ROIs2017_winter_s2_63_p530,0.050027355551719666,0.03495558723807335,26.015850067138672,9.84028148651123,0.856585681438446,0.4356062412261963
484,ROIs2017_winter_s2_63_p531,0.05684700980782509,0.03922146558761597,24.90584945678711,10.965042114257812,0.8247054219245911,0.4526478052139282
485,ROIs2017_winter_s2_63_p532,0.06052884832024574,0.04232084006071091,24.36075210571289,11.52438735961914,0.7994979023933411,0.4963997006416321
486,ROIs2017_winter_s2_63_p533,0.061305709183216095,0.04241672530770302,24.249982833862305,11.315299034118652,0.8044592142105103,0.4821588397026062
487,ROIs2017_winter_s2_63_p534,0.05614596977829933,0.038778260350227356,25.013628005981445,10.684354782104492,0.8343653678894043,0.44885438680648804
488,ROIs2017_winter_s2_63_p535,0.058418791741132736,0.04069571569561958,24.668949127197266,11.499655723571777,0.8257850408554077,0.46985572576522827
489,ROIs2017_winter_s2_63_p536,0.06129083409905434,0.04315774515271187,24.252090454101562,12.188132286071777,0.7911613583564758,0.5062880516052246
490,ROIs2017_winter_s2_63_p537,0.05822603404521942,0.04128608480095863,24.697656631469727,12.161821365356445,0.7952529788017273,0.5026307702064514
491,ROIs2017_winter_s2_63_p538,0.05089401826262474,0.03604235127568245,25.86666488647461,11.378652572631836,0.8290476202964783,0.48520591855049133
492,ROIs2017_winter_s2_63_p539,0.04659454897046089,0.03322426602244377,26.633298873901367,10.174680709838867,0.85295569896698,0.4591713547706604
493,ROIs2017_winter_s2_63_p540,0.0459352470934391,0.03288984298706055,26.757080078125,9.569782257080078,0.872499942779541,0.4365006685256958
494,ROIs2017_winter_s2_63_p541,0.050829946994781494,0.036896105855703354,25.877607345581055,10.81544303894043,0.8377078175544739,0.4491298198699951
495,ROIs2017_winter_s2_63_p542,0.05659685656428337,0.04165152832865715,24.944154739379883,12.377791404724121,0.7896766662597656,0.4860706329345703
496,ROIs2017_winter_s2_63_p543,0.055612191557884216,0.04148486256599426,25.096599578857422,12.468327522277832,0.7949023246765137,0.4985947012901306
497,ROIs2017_winter_s2_63_p544,0.058384306728839874,0.04371848702430725,24.674076080322266,12.84844970703125,0.8021917343139648,0.5054755210876465
498,ROIs2017_winter_s2_63_p545,0.05904369428753853,0.04340518265962601,24.57653045654297,13.030901908874512,0.7987397909164429,0.5264374017715454
499,ROIs2017_winter_s2_63_p546,0.05299752950668335,0.0393328033387661,25.514888763427734,12.557944297790527,0.8053613901138306,0.5143266916275024
500,ROIs2017_winter_s2_63_p547,0.0504794605076313,0.03917470574378967,25.937707901000977,12.461660385131836,0.7950129508972168,0.513710081577301
501,ROIs2017_winter_s2_63_p548,0.050490427762269974,0.038816921412944794,25.935819625854492,12.37301254272461,0.7958275079727173,0.5415144562721252
502,ROIs2017_winter_s2_63_p549,0.05455416068434715,0.04153543338179588,25.263442993164062,12.952388763427734,0.7933032512664795,0.5117274522781372
503,ROIs2017_winter_s2_63_p550,0.05810987949371338,0.04405887424945831,24.715002059936523,13.247514724731445,0.787173330783844,0.5060597062110901
504,ROIs2017_winter_s2_63_p552,0.05124649405479431,0.0347239188849926,25.806716918945312,9.947931289672852,0.8454466462135315,0.47993847727775574
505,ROIs2017_winter_s2_63_p553,0.049154117703437805,0.033958714455366135,26.168804168701172,9.517454147338867,0.863850474357605,0.4504826068878174
506,ROIs2017_winter_s2_63_p554,0.0569424033164978,0.03949322924017906,24.891284942626953,11.724983215332031,0.8322156071662903,0.4531030058860779
507,ROIs2017_winter_s2_63_p555,0.05604676902294159,0.03840939328074455,25.028987884521484,11.242806434631348,0.8416590690612793,0.43197473883628845
508,ROIs2017_winter_s2_63_p556,0.057847149670124054,0.038851719349622726,24.75436019897461,10.155567169189453,0.8527953028678894,0.4238247871398926
509,ROIs2017_winter_s2_63_p557,0.05724133551120758,0.03840716928243637,24.845806121826172,10.690666198730469,0.8419178128242493,0.43315666913986206
510,ROIs2017_winter_s2_63_p558,0.05062488093972206,0.03490741550922394,25.912721633911133,9.994165420532227,0.8586175441741943,0.4268156886100769
511,ROIs2017_winter_s2_63_p559,0.04805678501725197,0.03422100096940994,26.364906311035156,9.495366096496582,0.861953616142273,0.4409610629081726
512,ROIs2017_winter_s2_63_p560,0.05042501911520958,0.03538117557764053,25.94707679748535,10.100271224975586,0.8430483937263489,0.46349698305130005
513,ROIs2017_winter_s2_63_p561,0.05361930653452873,0.036971308290958405,25.413578033447266,10.701478004455566,0.8317427635192871,0.47748488187789917
514,ROIs2017_winter_s2_63_p562,0.053730838000774384,0.037377338856458664,25.39552879333496,10.73534107208252,0.8320232629776001,0.4718703627586365
515,ROIs2017_winter_s2_63_p563,0.04842054843902588,0.03425542265176773,26.299407958984375,10.012426376342773,0.8506527543067932,0.45802485942840576
516,ROIs2017_winter_s2_63_p564,0.050817836076021194,0.034856367856264114,25.87967872619629,10.15411376953125,0.8515792489051819,0.45665615797042847
517,ROIs2017_winter_s2_63_p565,0.05535179376602173,0.03833521530032158,25.137367248535156,10.952574729919434,0.8231091499328613,0.4783554673194885
518,ROIs2017_winter_s2_63_p566,0.05552951246500015,0.039437588304281235,25.109521865844727,11.685622215270996,0.8043288588523865,0.4959680140018463
519,ROIs2017_winter_s2_63_p567,0.055182620882987976,0.038984622806310654,25.16395378112793,12.018165588378906,0.8041442036628723,0.49304476380348206
520,ROIs2017_winter_s2_63_p568,0.05551266670227051,0.0397026501595974,25.112159729003906,11.766947746276855,0.8179694414138794,0.49909502267837524
521,ROIs2017_winter_s2_63_p569,0.05330494046211243,0.03860148414969444,25.464651107788086,11.406963348388672,0.8327330350875854,0.506790280342102
522,ROIs2017_winter_s2_63_p570,0.05357707291841507,0.03923305496573448,25.420419692993164,11.838708877563477,0.818321704864502,0.5041341781616211
523,ROIs2017_winter_s2_63_p571,0.055679917335510254,0.04089698940515518,25.086029052734375,12.603455543518066,0.7962055206298828,0.5214568376541138
524,ROIs2017_winter_s2_63_p572,0.05444861575961113,0.03998257592320442,25.280263900756836,12.861620903015137,0.790635347366333,0.5178462266921997
525,ROIs2017_winter_s2_63_p573,0.056935712695121765,0.0406750924885273,24.89230728149414,12.843744277954102,0.7910895943641663,0.5201895833015442
526,ROIs2017_winter_s2_63_p574,0.05966191366314888,0.04185894876718521,24.48605728149414,12.883917808532715,0.787295937538147,0.5235711932182312
527,ROIs2017_winter_s2_63_p575,0.05588456988334656,0.04065601900219917,25.05416488647461,12.83137035369873,0.791347324848175,0.5036391019821167
528,ROIs2017_winter_s2_63_p576,0.051020633429288864,0.03871230036020279,25.84508514404297,12.501642227172852,0.8012651205062866,0.51311856508255
529,ROIs2017_winter_s2_63_p577,0.05268285050988197,0.03978334739804268,25.566614151000977,12.420208930969238,0.7944392561912537,0.535201370716095
530,ROIs2017_winter_s2_63_p578,0.060469381511211395,0.04518315568566322,24.36928939819336,13.31202220916748,0.7815165519714355,0.5125607848167419
531,ROIs2017_winter_s2_63_p579,0.05998094752430916,0.045054782181978226,24.439735412597656,13.26557731628418,0.7923988699913025,0.5076777338981628
532,ROIs2017_winter_s2_63_p581,0.05096803605556488,0.03534172102808952,25.854042053222656,11.165104866027832,0.8162452578544617,0.5262082815170288
533,ROIs2017_winter_s2_63_p582,0.045952294021844864,0.03179088979959488,26.753856658935547,9.467185974121094,0.8604446649551392,0.4650017023086548
534,ROIs2017_winter_s2_63_p583,0.04869051277637482,0.03427008539438248,26.251113891601562,9.696205139160156,0.8625842332839966,0.4259536862373352
535,ROIs2017_winter_s2_63_p584,0.04711112752556801,0.03312660753726959,26.53753089904785,9.265800476074219,0.8728617429733276,0.4053735136985779
536,ROIs2017_winter_s2_63_p585,0.04059798642992973,0.028214413672685623,27.829910278320312,8.009014129638672,0.8908615112304688,0.3776589035987854
537,ROIs2017_winter_s2_63_p586,0.04238753020763397,0.02917422726750374,27.455238342285156,9.13927936553955,0.8827438354492188,0.3782227635383606
538,ROIs2017_winter_s2_63_p587,0.046379659324884415,0.03133891895413399,26.67344856262207,9.6580171585083,0.8730745315551758,0.39406025409698486
539,ROIs2017_winter_s2_63_p588,0.045746687799692154,0.03174396604299545,26.792808532714844,9.324019432067871,0.8718663454055786,0.417344868183136
540,ROIs2017_winter_s2_63_p589,0.04598003253340721,0.032444197684526443,26.74861717224121,9.376662254333496,0.8590031266212463,0.4493124783039093
541,ROIs2017_winter_s2_63_p590,0.04253792390227318,0.029640965163707733,27.424476623535156,8.769603729248047,0.8788117170333862,0.42595070600509644
542,ROIs2017_winter_s2_63_p591,0.04515067860484123,0.031278714537620544,26.906715393066406,9.145284652709961,0.8776382207870483,0.428340345621109
543,ROIs2017_winter_s2_63_p592,0.048450544476509094,0.03425825387239456,26.294025421142578,10.369112968444824,0.8451074361801147,0.4630225896835327
544,ROIs2017_winter_s2_63_p593,0.04499806836247444,0.03239363431930542,26.93612289428711,10.165194511413574,0.8452296257019043,0.4675772190093994
545,ROIs2017_winter_s2_63_p594,0.0462314635515213,0.033472537994384766,26.701248168945312,10.017478942871094,0.8351473808288574,0.47350797057151794
546,ROIs2017_winter_s2_63_p595,0.05082052946090698,0.036942996084690094,25.87921905517578,11.151693344116211,0.8118582963943481,0.4996035099029541
547,ROIs2017_winter_s2_63_p596,0.060115501284599304,0.043055400252342224,24.420272827148438,12.385543823242188,0.7922700643539429,0.507534921169281
548,ROIs2017_winter_s2_63_p597,0.06523364037275314,0.046095527708530426,23.710567474365234,12.391200065612793,0.7987384796142578,0.4927552044391632
549,ROIs2017_winter_s2_63_p598,0.05936875939369202,0.04172437638044357,24.52884292602539,11.872499465942383,0.8233258724212646,0.49028387665748596
550,ROIs2017_winter_s2_63_p599,0.05522943660616875,0.039258938282728195,25.15658950805664,12.014959335327148,0.8191386461257935,0.49255555868148804
551,ROIs2017_winter_s2_63_p600,0.056538697332143784,0.040459662675857544,24.953083038330078,12.2575044631958,0.808189332485199,0.5042648911476135
552,ROIs2017_winter_s2_63_p601,0.056225523352622986,0.04115578159689903,25.001331329345703,12.464391708374023,0.8039180636405945,0.5081487894058228
553,ROIs2017_winter_s2_63_p602,0.05885377526283264,0.04288311302661896,24.60451316833496,12.965736389160156,0.7930703163146973,0.5081602931022644
554,ROIs2017_winter_s2_63_p603,0.05865780636668205,0.04236575588583946,24.63348388671875,13.044118881225586,0.7873174548149109,0.5180783271789551
555,ROIs2017_winter_s2_63_p604,0.05558779835700989,0.04009059816598892,25.10041046142578,12.803648948669434,0.7899826765060425,0.5007644295692444
556,ROIs2017_winter_s2_63_p605,0.053204990923404694,0.03904120251536369,25.480953216552734,12.308366775512695,0.7946692705154419,0.5090498924255371
557,ROIs2017_winter_s2_63_p606,0.056308563798666,0.04138937592506409,24.988513946533203,12.1093168258667,0.7826415300369263,0.5347611308097839
558,ROIs2017_winter_s2_63_p607,0.06055852770805359,0.044195085763931274,24.356496810913086,12.50916862487793,0.7894246578216553,0.5107241868972778
559,ROIs2017_winter_s2_63_p608,0.061829935759305954,0.04567502439022064,24.176025390625,13.076302528381348,0.8002731800079346,0.4973592460155487
560,ROIs2017_winter_s2_63_p610,0.056347038596868515,0.041219111531972885,24.98257827758789,11.582281112670898,0.8064823746681213,0.5261698961257935
561,ROIs2017_winter_s2_63_p611,0.050357453525066376,0.03533805534243584,25.958724975585938,10.619683265686035,0.8331977128982544,0.5032495260238647
562,ROIs2017_winter_s2_63_p612,0.040643926709890366,0.02901390939950943,27.82008934020996,8.505327224731445,0.8818842768669128,0.43507686257362366
563,ROIs2017_winter_s2_63_p613,0.04101009666919708,0.02901124209165573,27.742185592651367,8.372485160827637,0.8954449892044067,0.4125211536884308
564,ROIs2017_winter_s2_63_p614,0.0408368781208992,0.0290378388017416,27.778949737548828,7.898418426513672,0.900115966796875,0.3868698179721832
565,ROIs2017_winter_s2_63_p615,0.034047920256853104,0.024893134832382202,29.35818862915039,7.171694755554199,0.9064955115318298,0.3649299740791321
566,ROIs2017_winter_s2_63_p616,0.04184236750006676,0.02945377118885517,27.56767463684082,9.260571479797363,0.8775463104248047,0.3826802968978882
567,ROIs2017_winter_s2_63_p617,0.0499362051486969,0.03509626165032387,26.031688690185547,10.716703414916992,0.8519545197486877,0.40947914123535156
568,ROIs2017_winter_s2_63_p618,0.04973429813981056,0.034507010132074356,26.066879272460938,10.083949089050293,0.846829891204834,0.4461480677127838
569,ROIs2017_winter_s2_63_p619,0.04632529988884926,0.03181862458586693,26.683635711669922,9.012630462646484,0.8669205904006958,0.42895233631134033
570,ROIs2017_winter_s2_63_p620,0.05237517133355141,0.035019248723983765,25.61749267578125,9.957438468933105,0.8570733070373535,0.41333144903182983
571,ROIs2017_winter_s2_63_p621,0.055284395813941956,0.03827820345759392,25.147951126098633,11.346176147460938,0.8226927518844604,0.4485848546028137
572,ROIs2017_winter_s2_63_p622,0.05013569816946983,0.03646042197942734,25.997058868408203,11.341813087463379,0.8263070583343506,0.470017671585083
573,ROIs2017_winter_s2_63_p623,0.049660228192806244,0.03581835702061653,26.07982635498047,11.273707389831543,0.8151812553405762,0.49994540214538574
574,ROIs2017_winter_s2_63_p624,0.05301753431558609,0.038520485162734985,25.51161003112793,11.76956558227539,0.7962130308151245,0.5131672620773315
575,ROIs2017_winter_s2_63_p625,0.05763978883624077,0.041464440524578094,24.785552978515625,11.828076362609863,0.797012448310852,0.5011088252067566
576,ROIs2017_winter_s2_63_p626,0.05845988541841507,0.041153684258461,24.662841796875,11.502520561218262,0.8039215803146362,0.48353052139282227
577,ROIs2017_winter_s2_63_p627,0.05177159234881401,0.036499541252851486,25.718170166015625,10.898462295532227,0.8247956037521362,0.47714173793792725
578,ROIs2017_winter_s2_63_p628,0.04981660842895508,0.035544268786907196,26.05251693725586,11.370680809020996,0.8260685205459595,0.48881828784942627
579,ROIs2017_winter_s2_63_p629,0.055071305483579636,0.03935207054018974,25.181493759155273,11.947257995605469,0.8061580657958984,0.5055242776870728
580,ROIs2017_winter_s2_63_p630,0.05754091963171959,0.041831646114587784,24.800464630126953,12.46011734008789,0.801093578338623,0.5086387395858765
581,ROIs2017_winter_s2_63_p631,0.057483214884996414,0.042527053505182266,24.809181213378906,12.734987258911133,0.7961076498031616,0.5099126100540161
582,ROIs2017_winter_s2_63_p632,0.053119074553251266,0.03913179785013199,25.494991302490234,12.32807445526123,0.8014488220214844,0.5109684467315674
583,ROIs2017_winter_s2_63_p633,0.05275246128439903,0.03790311515331268,25.555145263671875,12.005459785461426,0.7867648601531982,0.49832212924957275
584,ROIs2017_winter_s2_63_p634,0.05386587604880333,0.039230652153491974,25.37372589111328,11.959745407104492,0.7647039294242859,0.5281393527984619
585,ROIs2017_winter_s2_63_p635,0.055781878530979156,0.04102648049592972,25.07013702392578,12.058978080749512,0.7676451802253723,0.5200082063674927
586,ROIs2017_winter_s2_63_p636,0.05631393566727638,0.041991088539361954,24.987682342529297,12.21042251586914,0.7846232056617737,0.5004576444625854
587,ROIs2017_winter_s2_63_p637,0.05449311435222626,0.04144642874598503,25.273168563842773,12.355363845825195,0.8077934980392456,0.46835076808929443
588,ROIs2017_winter_s2_63_p639,0.055362340062856674,0.039839282631874084,25.135711669921875,11.352806091308594,0.8175351619720459,0.5044110417366028
589,ROIs2017_winter_s2_63_p640,0.05343082919716835,0.03752933815121651,25.444162368774414,10.74451732635498,0.8249933123588562,0.49127307534217834
590,ROIs2017_winter_s2_63_p641,0.04436389356851578,0.03090542182326317,27.059406280517578,8.594870567321777,0.874370813369751,0.43937379121780396
591,ROIs2017_winter_s2_63_p642,0.04151800274848938,0.029133843258023262,27.635271072387695,8.199109077453613,0.8975058794021606,0.4051395058631897
592,ROIs2017_winter_s2_63_p643,0.040197644382715225,0.02872050367295742,27.91598892211914,7.769304275512695,0.904350221157074,0.39965277910232544
593,ROIs2017_winter_s2_63_p644,0.0415724478662014,0.029595540836453438,27.623889923095703,7.728340148925781,0.8926515579223633,0.41378092765808105
594,ROIs2017_winter_s2_63_p645,0.04748270660638809,0.03426286578178406,26.46929168701172,9.837366104125977,0.8564794659614563,0.41628599166870117
595,ROIs2017_winter_s2_63_p646,0.05421056970953941,0.0388326458632946,25.31831932067871,11.418859481811523,0.8275237083435059,0.44002634286880493
596,ROIs2017_winter_s2_63_p647,0.05474432557821274,0.038333844393491745,25.233219146728516,11.138056755065918,0.822300910949707,0.47459495067596436
597,ROIs2017_winter_s2_63_p648,0.05028938874602318,0.035232242196798325,25.970474243164062,9.994246482849121,0.8365492820739746,0.46349871158599854
598,ROIs2017_winter_s2_63_p649,0.05547016113996506,0.037416186183691025,25.118812561035156,10.497522354125977,0.8286200761795044,0.45792683959007263
599,ROIs2017_winter_s2_63_p650,0.05679874122142792,0.03928036987781525,24.913225173950195,11.442715644836426,0.815650999546051,0.47738587856292725
600,ROIs2017_winter_s2_63_p651,0.05116100609302521,0.03715822473168373,25.821218490600586,11.849384307861328,0.813532829284668,0.4827847182750702
601,ROIs2017_winter_s2_63_p652,0.05274791270494461,0.038673724979162216,25.555896759033203,12.328008651733398,0.798309326171875,0.5256720185279846
602,ROIs2017_winter_s2_63_p653,0.05817760154604912,0.04228227958083153,24.704883575439453,12.636621475219727,0.780471920967102,0.5162949562072754
603,ROIs2017_winter_s2_63_p654,0.057671792805194855,0.04097849130630493,24.780731201171875,11.882513999938965,0.8042899370193481,0.4721069633960724
604,ROIs2017_winter_s2_63_p655,0.0513085313141346,0.036682914942502975,25.796207427978516,11.096748352050781,0.828216552734375,0.44472458958625793
605,ROIs2017_winter_s2_63_p656,0.048637066036462784,0.03510650247335434,26.260652542114258,11.323508262634277,0.8215702772140503,0.4656286835670471
606,ROIs2017_winter_s2_63_p657,0.05121726915240288,0.036600030958652496,25.81167221069336,11.855318069458008,0.8136361837387085,0.48775845766067505
607,ROIs2017_winter_s2_63_p658,0.056890543550252914,0.040954869240522385,24.899198532104492,12.26504898071289,0.7894481420516968,0.5112239718437195
608,ROIs2017_winter_s2_63_p659,0.0570203997194767,0.0409967266023159,24.879396438598633,12.2249755859375,0.7840490341186523,0.5073354244232178
609,ROIs2017_winter_s2_63_p660,0.05452340841293335,0.03958934172987938,25.268341064453125,11.91235065460205,0.7893517017364502,0.521607518196106
610,ROIs2017_winter_s2_63_p661,0.05217856913805008,0.037940915673971176,25.650157928466797,11.44361400604248,0.7950985431671143,0.5258209705352783
611,ROIs2017_winter_s2_63_p662,0.052986469119787216,0.03813719376921654,25.51670265197754,11.54219913482666,0.7806780338287354,0.5310244560241699
612,ROIs2017_winter_s2_63_p663,0.05394263193011284,0.03968935087323189,25.361356735229492,11.780221939086914,0.7636326551437378,0.5260325074195862
613,ROIs2017_winter_s2_63_p664,0.055768467485904694,0.04150647670030594,25.072227478027344,12.300851821899414,0.7704383134841919,0.5044207572937012
614,ROIs2017_winter_s2_63_p665,0.05786287784576416,0.043658360838890076,24.751998901367188,13.111146926879883,0.7775497436523438,0.50655597448349
615,ROIs2017_winter_s2_63_p666,0.06048630550503731,0.04664004594087601,24.366857528686523,13.512328147888184,0.7807298898696899,0.4961424469947815
616,ROIs2017_winter_s2_63_p668,0.05152004212141037,0.03543148562312126,25.76047706604004,10.952231407165527,0.8290512561798096,0.5021798610687256
617,ROIs2017_winter_s2_63_p669,0.051617782562971115,0.03539116680622101,25.744014739990234,10.21696949005127,0.8454673886299133,0.4706748425960541
618,ROIs2017_winter_s2_63_p670,0.04503075033426285,0.03157886117696762,26.92981719970703,8.641374588012695,0.8768255114555359,0.43802061676979065
619,ROIs2017_winter_s2_63_p671,0.04317634180188179,0.030705921351909637,27.29508399963379,8.420388221740723,0.8864307999610901,0.4286770522594452
620,ROIs2017_winter_s2_63_p672,0.04192766174674034,0.029770756140351295,27.54998779296875,8.174333572387695,0.8905475735664368,0.4232065677642822
621,ROIs2017_winter_s2_63_p673,0.04680529609322548,0.032352790236473083,26.59410285949707,8.925385475158691,0.8698700070381165,0.43419432640075684
622,ROIs2017_winter_s2_63_p674,0.04836950823664665,0.033367834985256195,26.30856704711914,9.91913890838623,0.8342453241348267,0.4719289243221283
623,ROIs2017_winter_s2_63_p675,0.047623757272958755,0.03365052863955498,26.443527221679688,10.564946174621582,0.8262935876846313,0.49577492475509644
624,ROIs2017_winter_s2_63_p676,0.05251694098114967,0.037048887461423874,25.594013214111328,10.912347793579102,0.8213491439819336,0.5093633532524109
625,ROIs2017_winter_s2_63_p677,0.05167058855295181,0.03702051192522049,25.735132217407227,10.546272277832031,0.8184306025505066,0.49376267194747925
626,ROIs2017_winter_s2_63_p678,0.04912088066339493,0.03545065596699715,26.174678802490234,10.607218742370605,0.8174645900726318,0.5006862878799438
627,ROIs2017_winter_s2_63_p679,0.04785947501659393,0.034730419516563416,26.40064239501953,10.969453811645508,0.8204677104949951,0.5055294036865234
628,ROIs2017_winter_s2_63_p680,0.04843870550394058,0.03507594019174576,26.29615020751953,11.310978889465332,0.8179531097412109,0.5044980049133301
629,ROIs2017_winter_s2_63_p681,0.05370593070983887,0.03973601013422012,25.399555206298828,11.586326599121094,0.79767906665802,0.5236722826957703
630,ROIs2017_winter_s2_63_p682,0.06002236157655716,0.04379384592175484,24.433738708496094,12.492188453674316,0.7812931537628174,0.534886360168457
631,ROIs2017_winter_s2_63_p683,0.05995718017220497,0.04274173453450203,24.44317626953125,12.742233276367188,0.8017224073410034,0.4751218855381012
632,ROIs2017_winter_s2_63_p684,0.0549856573343277,0.0396210141479969,25.195011138916016,12.57347297668457,0.8196513652801514,0.4401385188102722
633,ROIs2017_winter_s2_63_p685,0.05446300283074379,0.03992429003119469,25.277969360351562,12.244816780090332,0.8238571882247925,0.4590955674648285
634,ROIs2017_winter_s2_63_p686,0.05821920558810234,0.04339300096035004,24.69867515563965,12.607693672180176,0.8158351182937622,0.4828037619590759
635,ROIs2017_winter_s2_63_p687,0.059115950018167496,0.04458308964967728,24.565906524658203,12.531896591186523,0.7914506196975708,0.515205979347229
636,ROIs2017_winter_s2_63_p688,0.054570745676755905,0.04015481099486351,25.260801315307617,11.610366821289062,0.79535973072052,0.5256199836730957
637,ROIs2017_winter_s2_63_p689,0.05441924184560776,0.039597731083631516,25.284950256347656,11.89132022857666,0.8050034642219543,0.5200181007385254
638,ROIs2017_winter_s2_63_p690,0.05699442699551582,0.04220440983772278,24.883350372314453,12.27676773071289,0.7825610637664795,0.5203849077224731
639,ROIs2017_winter_s2_63_p691,0.0558428019285202,0.04240851476788521,25.060657501220703,12.078731536865234,0.7673864364624023,0.5399335026741028
640,ROIs2017_winter_s2_63_p692,0.052672673016786575,0.039740316569805145,25.56829261779785,11.600360870361328,0.7780579328536987,0.5292293429374695
641,ROIs2017_winter_s2_63_p693,0.056361448019742966,0.04205431416630745,24.980356216430664,12.395645141601562,0.7949552536010742,0.5191478729248047
642,ROIs2017_winter_s2_63_p694,0.061397578567266464,0.04605380445718765,24.236974716186523,13.895646095275879,0.7936457991600037,0.5046321153640747
643,ROIs2017_winter_s2_63_p695,0.06414397805929184,0.04944466054439545,23.85688018798828,14.79235553741455,0.7667663097381592,0.5195125341415405
644,ROIs2017_winter_s2_63_p697,0.049165867269039154,0.03373980522155762,26.166725158691406,10.613140106201172,0.8351432085037231,0.48996758460998535
645,ROIs2017_winter_s2_63_p698,0.049609631299972534,0.03396619111299515,26.088680267333984,10.52225399017334,0.8390719890594482,0.47775712609291077
646,ROIs2017_winter_s2_63_p699,0.04303427413105965,0.0303115826100111,27.323711395263672,9.01612663269043,0.872728168964386,0.4525223970413208
647,ROIs2017_winter_s2_63_p700,0.04471243545413017,0.03156381472945213,26.99143409729004,9.257185935974121,0.8714008331298828,0.44353818893432617
648,ROIs2017_winter_s2_63_p701,0.04741805046796799,0.033313650637865067,26.481128692626953,9.329565048217773,0.8596649169921875,0.4557563066482544
649,ROIs2017_winter_s2_63_p702,0.050963353365659714,0.034838516265153885,25.854843139648438,9.842927932739258,0.8387256264686584,0.46881040930747986
650,ROIs2017_winter_s2_63_p703,0.04861495643854141,0.03289147838950157,26.264602661132812,10.405516624450684,0.8152438402175903,0.5108932852745056
651,ROIs2017_winter_s2_63_p704,0.046243663877248764,0.032696209847927094,26.698955535888672,10.635028839111328,0.8165210485458374,0.5059309601783752
652,ROIs2017_winter_s2_63_p705,0.05015008896589279,0.03559980168938637,25.994565963745117,10.836169242858887,0.819945216178894,0.48797887563705444
653,ROIs2017_winter_s2_63_p706,0.05174502730369568,0.03681645542383194,25.722627639770508,10.933523178100586,0.8106274008750916,0.4878607988357544
654,ROIs2017_winter_s2_63_p707,0.0547376312315464,0.03857409209012985,25.23427963256836,11.595974922180176,0.7981725931167603,0.4937082529067993
655,ROIs2017_winter_s2_63_p708,0.05260667949914932,0.03749227523803711,25.57918357849121,11.474778175354004,0.8151502013206482,0.4889069199562073
656,ROIs2017_winter_s2_63_p709,0.05296952649950981,0.03850936144590378,25.51947784423828,11.408498764038086,0.8158589601516724,0.5052220225334167
657,ROIs2017_winter_s2_63_p710,0.06070863455533981,0.044248390942811966,24.334991455078125,12.079839706420898,0.7916834354400635,0.5084218978881836
658,ROIs2017_winter_s2_63_p711,0.06423744559288025,0.04644802212715149,23.844234466552734,12.64771556854248,0.786715567111969,0.5121911764144897
659,ROIs2017_winter_s2_63_p712,0.05804919824004173,0.04116179421544075,24.724075317382812,12.57052993774414,0.8050165176391602,0.48781347274780273
660,ROIs2017_winter_s2_63_p713,0.053279656916856766,0.038170963525772095,25.46877098083496,12.720632553100586,0.8073347806930542,0.4666523337364197
661,ROIs2017_winter_s2_63_p714,0.055719032883644104,0.040501780807971954,25.07992935180664,13.010754585266113,0.8108060956001282,0.479058176279068
662,ROIs2017_winter_s2_63_p715,0.05902057886123657,0.04402782395482063,24.57992935180664,13.140525817871094,0.8117856979370117,0.4815075397491455
663,ROIs2017_winter_s2_63_p716,0.06610019505023956,0.04843825101852417,23.595945358276367,13.284719467163086,0.7893535494804382,0.4902249872684479
664,ROIs2017_winter_s2_63_p717,0.06177851930260658,0.04502515867352486,24.183250427246094,12.444695472717285,0.783538818359375,0.5106707811355591
665,ROIs2017_winter_s2_63_p718,0.06152036786079407,0.04552824795246124,24.219623565673828,12.51755142211914,0.781619668006897,0.5136713981628418
666,ROIs2017_winter_s2_63_p719,0.06655150651931763,0.051007892936468124,23.536842346191406,13.17090892791748,0.7542002201080322,0.5367914438247681
667,ROIs2017_winter_s2_63_p720,0.0692075863480568,0.05384594947099686,23.19692611694336,13.501901626586914,0.7481794357299805,0.531947135925293
668,ROIs2017_winter_s2_63_p721,0.06640387326478958,0.05018605664372444,23.556133270263672,13.410333633422852,0.7743260860443115,0.516539454460144
669,ROIs2017_winter_s2_63_p722,0.06366197764873505,0.046974290162324905,23.92239761352539,13.297897338867188,0.80353844165802,0.499115526676178
670,ROIs2017_winter_s2_63_p723,0.0652623325586319,0.04882032424211502,23.706748962402344,13.92734146118164,0.799726665019989,0.4949747622013092
671,ROIs2017_winter_s2_63_p724,0.06571609526872635,0.049718260765075684,23.646564483642578,14.146907806396484,0.7779269218444824,0.509419322013855
672,ROIs2017_winter_s2_63_p726,0.039053142070770264,0.02755352295935154,28.166881561279297,9.264764785766602,0.8658884763717651,0.48485684394836426
673,ROIs2017_winter_s2_63_p727,0.04351857677102089,0.03025723248720169,27.22650718688965,9.987288475036621,0.8379712104797363,0.4972572326660156
674,ROIs2017_winter_s2_63_p728,0.0453018993139267,0.030927719548344612,26.87767219543457,9.977521896362305,0.8355552554130554,0.49142467975616455
675,ROIs2017_winter_s2_63_p729,0.04660847410559654,0.032341767102479935,26.63070297241211,9.643570899963379,0.8509911298751831,0.4761192202568054
676,ROIs2017_winter_s2_63_p730,0.04907718673348427,0.034662824124097824,26.182405471801758,9.779460906982422,0.8471752405166626,0.47163093090057373
677,ROIs2017_winter_s2_63_p731,0.05246542766690254,0.03643714264035225,25.602535247802734,10.76820182800293,0.8194643259048462,0.4940131902694702
678,ROIs2017_winter_s2_63_p732,0.0535421222448349,0.03661062568426132,25.426090240478516,11.08517074584961,0.8058194518089294,0.5033185482025146
679,ROIs2017_winter_s2_63_p733,0.05533672869205475,0.03851862624287605,25.13973045349121,11.564775466918945,0.8006076216697693,0.49432098865509033
680,ROIs2017_winter_s2_63_p734,0.055875882506370544,0.03921082615852356,25.055511474609375,11.884358406066895,0.7998390793800354,0.48384296894073486
681,ROIs2017_winter_s2_63_p735,0.05622340738773346,0.040096789598464966,25.001657485961914,11.701006889343262,0.7940373420715332,0.5034369826316833
682,ROIs2017_winter_s2_63_p736,0.061605602502822876,0.04370377957820892,24.207595825195312,12.23824405670166,0.7854920625686646,0.5034392476081848
683,ROIs2017_winter_s2_63_p737,0.06293108314275742,0.04555341601371765,24.022695541381836,12.619555473327637,0.7978105545043945,0.4807751178741455
684,ROIs2017_winter_s2_63_p738,0.06250328570604324,0.04507354646921158,24.08194351196289,12.619415283203125,0.7981752753257751,0.48722344636917114
685,ROIs2017_winter_s2_63_p739,0.06471112370491028,0.04583212360739708,23.78042221069336,13.027268409729004,0.7877739667892456,0.4873868227005005
686,ROIs2017_winter_s2_63_p740,0.06309977173805237,0.045027364045381546,23.99944496154785,13.171775817871094,0.7971796989440918,0.47118979692459106
687,ROIs2017_winter_s2_63_p741,0.06066002696752548,0.04334272816777229,24.341949462890625,12.907145500183105,0.8228874206542969,0.454623281955719
688,ROIs2017_winter_s2_63_p742,0.06333702802658081,0.04529644921422005,23.966846466064453,13.748539924621582,0.8210004568099976,0.4411548972129822
689,ROIs2017_winter_s2_63_p743,0.06578435748815536,0.04731922596693039,23.637550354003906,14.485048294067383,0.7994414567947388,0.4840637445449829
690,ROIs2017_winter_s2_63_p744,0.0683930367231369,0.048925455659627914,23.299760818481445,13.863895416259766,0.7974457740783691,0.4821990728378296
691,ROIs2017_winter_s2_63_p745,0.06084522232413292,0.042913153767585754,24.315471649169922,12.039663314819336,0.8198824524879456,0.47981056571006775
692,ROIs2017_winter_s2_63_p746,0.05494175851345062,0.03923957422375679,25.201950073242188,11.272645950317383,0.8209090828895569,0.4806572496891022
693,ROIs2017_winter_s2_63_p747,0.05810089781880379,0.04248320311307907,24.71634292602539,11.460793495178223,0.793269157409668,0.5095939636230469
694,ROIs2017_winter_s2_63_p748,0.06732452660799026,0.04947717860341072,23.436534881591797,12.662110328674316,0.7683446407318115,0.5105273127555847
695,ROIs2017_winter_s2_63_p749,0.07166389375925064,0.05419092997908592,22.893991470336914,13.911643981933594,0.7670222520828247,0.5201414227485657
696,ROIs2017_winter_s2_63_p750,0.07589568197727203,0.05803282558917999,22.395660400390625,14.612913131713867,0.7767537236213684,0.49886777997016907
697,ROIs2017_winter_s2_63_p751,0.0702650174498558,0.05300148203969002,23.06521987915039,14.185811996459961,0.7832080721855164,0.49219435453414917
698,ROIs2017_winter_s2_63_p752,0.06045803055167198,0.04635143280029297,24.370920181274414,13.571117401123047,0.7863013744354248,0.49565389752388
699,ROIs2017_winter_s2_63_p753,0.05525524914264679,0.042911138385534286,25.152530670166016,12.506277084350586,0.7981140613555908,0.5139133334159851
700,ROIs2017_winter_s2_63_p755,0.03571696579456329,0.0256540197879076,28.942508697509766,8.447136878967285,0.8718713521957397,0.49103862047195435
701,ROIs2017_winter_s2_63_p756,0.042294930666685104,0.029457900673151016,27.474233627319336,9.59689712524414,0.8427274823188782,0.5113723278045654
702,ROIs2017_winter_s2_63_p757,0.04833096265792847,0.033237457275390625,26.31549072265625,10.42717170715332,0.82004714012146,0.5145125985145569
703,ROIs2017_winter_s2_63_p758,0.05170433595776558,0.0358349047601223,25.729463577270508,10.316845893859863,0.8301010131835938,0.49044227600097656
704,ROIs2017_winter_s2_63_p759,0.048125360161066055,0.033706389367580414,26.352519989013672,9.8726806640625,0.8470705151557922,0.47351711988449097
705,ROIs2017_winter_s2_63_p760,0.050008926540613174,0.034484606236219406,26.0190486907959,10.904227256774902,0.825210452079773,0.49520567059516907
706,ROIs2017_winter_s2_63_p761,0.057690009474754333,0.03965623676776886,24.77798843383789,11.683077812194824,0.8039008378982544,0.4969390034675598
707,ROIs2017_winter_s2_63_p762,0.05953100696206093,0.04121008887887001,24.50513458251953,11.694900512695312,0.8078819513320923,0.49590662121772766
708,ROIs2017_winter_s2_63_p763,0.05537651106715202,0.03822830691933632,25.133487701416016,11.325788497924805,0.8246518969535828,0.4856501519680023
709,ROIs2017_winter_s2_63_p764,0.05133407190442085,0.03530409559607506,25.791885375976562,10.700665473937988,0.8321571350097656,0.46645933389663696
710,ROIs2017_winter_s2_63_p765,0.05698375776410103,0.03969423845410347,24.884979248046875,11.187749862670898,0.8197581768035889,0.4832231402397156
711,ROIs2017_winter_s2_63_p766,0.06022951379418373,0.04240953177213669,24.403812408447266,11.86556339263916,0.8211082220077515,0.47399425506591797
712,ROIs2017_winter_s2_63_p767,0.05847214534878731,0.04135904833674431,24.66101837158203,12.282772064208984,0.8239649534225464,0.45467448234558105
713,ROIs2017_winter_s2_63_p768,0.055367544293403625,0.03980414941906929,25.13489532470703,12.089740753173828,0.8308616280555725,0.4165891408920288
714,ROIs2017_winter_s2_63_p769,0.05637004226446152,0.041396547108888626,24.979034423828125,12.11186408996582,0.8352253437042236,0.41568949818611145
715,ROIs2017_winter_s2_63_p770,0.06060510873794556,0.04470692574977875,24.349815368652344,12.585348129272461,0.8406429290771484,0.4378960430622101
716,ROIs2017_winter_s2_63_p771,0.06615357846021652,0.04848669469356537,23.58893394470215,13.492480278015137,0.8175393342971802,0.45175984501838684
717,ROIs2017_winter_s2_63_p772,0.07471463829278946,0.05283958464860916,22.53188705444336,14.256492614746094,0.7873774170875549,0.4914654791355133
718,ROIs2017_winter_s2_63_p773,0.06475391983985901,0.04420102760195732,23.774681091308594,12.5302152633667,0.8176504373550415,0.4815262258052826
719,ROIs2017_winter_s2_63_p774,0.041272953152656555,0.030177805572748184,27.686691284179688,8.584113121032715,0.8975510001182556,0.4097188711166382
720,ROIs2017_winter_s2_63_p775,0.03413731977343559,0.02626381628215313,29.335412979125977,6.9764628410339355,0.9067288637161255,0.3979371190071106
721,ROIs2017_winter_s2_63_p776,0.040692802518606186,0.030892537906765938,27.809648513793945,8.528751373291016,0.8637983798980713,0.4506570100784302
722,ROIs2017_winter_s2_63_p777,0.04833025485277176,0.03631817549467087,26.315616607666016,10.53541374206543,0.8138176202774048,0.4986533522605896
723,ROIs2017_winter_s2_63_p778,0.05135065317153931,0.038959044963121414,25.789079666137695,11.44586181640625,0.8051609992980957,0.5211280584335327
724,ROIs2017_winter_s2_63_p779,0.055551860481500626,0.04345621541142464,25.106029510498047,11.220256805419922,0.8171483278274536,0.4969324469566345
725,ROIs2017_winter_s2_63_p780,0.056982092559337616,0.0456390380859375,24.885234832763672,10.760876655578613,0.8127260208129883,0.4862930476665497
726,ROIs2017_winter_s2_63_p781,0.05187303200364113,0.04228505864739418,25.701168060302734,10.73920726776123,0.8182271718978882,0.47521424293518066
727,ROIs2017_winter_s2_63_p782,0.04807724431157112,0.039335399866104126,26.361209869384766,11.306992530822754,0.8287304639816284,0.5042809247970581
728,ROIs2017_winter_s2_63_p784,0.0378127247095108,0.027116812765598297,28.44723892211914,8.832829475402832,0.8501337766647339,0.5122472047805786
729,ROIs2017_winter_s2_63_p785,0.04399070516228676,0.03070550411939621,27.132781982421875,9.890308380126953,0.8338315486907959,0.532833456993103
730,ROIs2017_winter_s2_63_p786,0.04843767359852791,0.03373757004737854,26.296337127685547,10.566264152526855,0.8248370289802551,0.5200850367546082
731,ROIs2017_winter_s2_63_p787,0.05103074386715889,0.03543791174888611,25.84336280822754,10.260730743408203,0.8280913829803467,0.49871954321861267
732,ROIs2017_winter_s2_63_p788,0.05153347924351692,0.03535987064242363,25.758211135864258,10.293018341064453,0.8294140696525574,0.4932517409324646
733,ROIs2017_winter_s2_63_p789,0.053544338792562485,0.036380182951688766,25.425729751586914,11.41739559173584,0.8185819387435913,0.49553781747817993
734,ROIs2017_winter_s2_63_p790,0.06396457552909851,0.043719641864299774,23.881210327148438,13.001267433166504,0.799228310585022,0.4890105724334717
735,ROIs2017_winter_s2_63_p791,0.06519667059183121,0.04461273178458214,23.71549415588379,13.145187377929688,0.8077751398086548,0.4714101552963257
736,ROIs2017_winter_s2_63_p792,0.05423322692513466,0.037388503551483154,25.314693450927734,12.075664520263672,0.8426826596260071,0.43183743953704834
737,ROIs2017_winter_s2_63_p793,0.05096309259533882,0.034950923174619675,25.85488510131836,11.40501880645752,0.8522400856018066,0.40259596705436707
738,ROIs2017_winter_s2_63_p794,0.05397219955921173,0.03751015663146973,25.356597900390625,11.609782218933105,0.8464434146881104,0.4190998077392578
739,ROIs2017_winter_s2_63_p795,0.04795735329389572,0.03386063501238823,26.382896423339844,10.509770393371582,0.8608430624008179,0.4145955741405487
740,ROIs2017_winter_s2_63_p796,0.04192940890789032,0.03043542616069317,27.54962730407715,9.28793716430664,0.8624868988990784,0.40874749422073364
741,ROIs2017_winter_s2_63_p797,0.046291884034872055,0.033918678760528564,26.689903259277344,10.366631507873535,0.8543963432312012,0.4134126305580139
742,ROIs2017_winter_s2_63_p798,0.054263465106487274,0.040005043148994446,25.309850692749023,11.20808219909668,0.8321210145950317,0.4345709979534149
743,ROIs2017_winter_s2_63_p799,0.059732962399721146,0.04491480812430382,24.475719451904297,12.026616096496582,0.8040889501571655,0.4859814941883087
744,ROIs2017_winter_s2_63_p800,0.058428805321455,0.043448615819215775,24.667461395263672,12.004773139953613,0.7931849956512451,0.5052496790885925
745,ROIs2017_winter_s2_63_p801,0.04879537969827652,0.03502742201089859,26.232425689697266,10.863308906555176,0.8233880996704102,0.4951328933238983
746,ROIs2017_winter_s2_63_p802,0.04064410924911499,0.02937457710504532,27.820049285888672,9.593605041503906,0.8798084259033203,0.4426233172416687
747,ROIs2017_winter_s2_63_p803,0.034270040690898895,0.026058146730065346,29.301708221435547,7.659848690032959,0.9154545664787292,0.3914738595485687
748,ROIs2017_winter_s2_63_p804,0.03698886185884476,0.028031373396515846,28.638582229614258,7.849246501922607,0.8935573101043701,0.412540078163147
749,ROIs2017_winter_s2_63_p805,0.0465741902589798,0.03523946925997734,26.637094497680664,10.265934944152832,0.8257726430892944,0.4905509948730469
750,ROIs2017_winter_s2_63_p806,0.052751027047634125,0.04120233654975891,25.555381774902344,11.72385025024414,0.7879260778427124,0.5173755288124084
751,ROIs2017_winter_s2_63_p807,0.05594379082322121,0.04335085302591324,25.044963836669922,12.220532417297363,0.8102102279663086,0.5112756490707397
752,ROIs2017_winter_s2_63_p808,0.05517192557454109,0.043524518609046936,25.16563606262207,11.73869514465332,0.834825336933136,0.47339993715286255
753,ROIs2017_winter_s2_63_p809,0.05321838706731796,0.04285253584384918,25.4787654876709,10.807518005371094,0.8454856872558594,0.48651161789894104
754,ROIs2017_winter_s2_63_p810,0.05129602551460266,0.04219549521803856,25.798328399658203,10.150869369506836,0.8416630625724792,0.5011625289916992
755,ROIs2017_winter_s2_63_p811,0.05170059576630592,0.042543284595012665,25.730091094970703,11.804220199584961,0.8168452978134155,0.5296460390090942
756,ROIs2017_winter_s2_63_p813,0.03714007884263992,0.027348075062036514,28.6031436920166,8.674016952514648,0.8396013975143433,0.5137723088264465
757,ROIs2017_winter_s2_63_p814,0.041594669222831726,0.030121998861432076,27.619247436523438,9.618049621582031,0.8268337249755859,0.534251868724823
758,ROIs2017_winter_s2_63_p815,0.04490720108151436,0.03129596263170242,26.95368003845215,9.970654487609863,0.8351902365684509,0.5212346911430359
759,ROIs2017_winter_s2_63_p816,0.046638112515211105,0.03190239146351814,26.625179290771484,9.84992504119873,0.833861231803894,0.5272989273071289
760,ROIs2017_winter_s2_63_p817,0.053434766829013824,0.03634923696517944,25.443523406982422,10.875489234924316,0.8164139986038208,0.520249605178833
761,ROIs2017_winter_s2_63_p818,0.059586234390735626,0.04092998430132866,24.497081756591797,12.390714645385742,0.8147740364074707,0.48542168736457825
762,ROIs2017_winter_s2_63_p819,0.060673393309116364,0.041363704949617386,24.340036392211914,12.525955200195312,0.8288424015045166,0.45431816577911377
763,ROIs2017_winter_s2_63_p820,0.04923006147146225,0.03329111635684967,26.155393600463867,10.568146705627441,0.8564626574516296,0.40632542967796326
764,ROIs2017_winter_s2_63_p821,0.03993281349539757,0.02879822440445423,27.973403930664062,8.438746452331543,0.8688101172447205,0.3760960102081299
765,ROIs2017_winter_s2_63_p822,0.0410439558327198,0.030724558979272842,27.735015869140625,8.634720802307129,0.8693013191223145,0.3779398202896118
766,ROIs2017_winter_s2_63_p823,0.04572169482707977,0.03400937467813492,26.79755401611328,9.8860502243042,0.8673800826072693,0.3823179304599762
767,ROIs2017_winter_s2_63_p824,0.051217883825302124,0.037236712872982025,25.811569213867188,11.596729278564453,0.8555389642715454,0.40470150113105774
768,ROIs2017_winter_s2_63_p825,0.0517144501209259,0.03652122616767883,25.727764129638672,11.956610679626465,0.8394851088523865,0.4288337230682373
769,ROIs2017_winter_s2_63_p826,0.05241246894001961,0.03631952777504921,25.61130714416504,12.098950386047363,0.8303201198577881,0.4579254686832428
770,ROIs2017_winter_s2_63_p827,0.05305783823132515,0.037593673914670944,25.5050106048584,11.497674942016602,0.8067127466201782,0.47032129764556885
771,ROIs2017_winter_s2_63_p828,0.058935075998306274,0.04308182746171951,24.5925235748291,12.154300689697266,0.7893250584602356,0.4895915389060974
772,ROIs2017_winter_s2_63_p829,0.05947970971465111,0.04397903382778168,24.512622833251953,12.010333061218262,0.807496964931488,0.4736551344394684
773,ROIs2017_winter_s2_63_p830,0.048092857003211975,0.03455447405576706,26.35839080810547,10.271897315979004,0.8624751567840576,0.43548789620399475
774,ROIs2017_winter_s2_63_p831,0.0299362912774086,0.022768322378396988,30.47603988647461,7.75885534286499,0.928017258644104,0.3769797086715698
775,ROIs2017_winter_s2_63_p832,0.03103729337453842,0.023815719410777092,30.162322998046875,7.461201190948486,0.9190558791160583,0.38380035758018494
776,ROIs2017_winter_s2_63_p833,0.039333391934633255,0.0296634491533041,28.104772567749023,8.47700023651123,0.8736560344696045,0.43425318598747253
777,ROIs2017_winter_s2_63_p834,0.052068594843149185,0.03894354775547981,25.66848373413086,11.679887771606445,0.8049134612083435,0.5070077776908875
778,ROIs2017_winter_s2_63_p835,0.055812302976846695,0.04427303746342659,25.06540298461914,12.703609466552734,0.7876240015029907,0.5226554870605469
779,ROIs2017_winter_s2_63_p836,0.055937979370355606,0.04419374093413353,25.04586410522461,12.812756538391113,0.8041012287139893,0.5098211765289307
780,ROIs2017_winter_s2_63_p837,0.052430883049964905,0.04191499948501587,25.608257293701172,12.202132225036621,0.8176229596138,0.5083886384963989
781,ROIs2017_winter_s2_63_p838,0.04826062172651291,0.038579702377319336,26.328142166137695,11.895139694213867,0.8278779983520508,0.5162484645843506
782,ROIs2017_winter_s2_63_p839,0.0479520782828331,0.03876955807209015,26.38385009765625,12.862977981567383,0.818085789680481,0.5182546973228455
783,ROIs2017_winter_s2_63_p840,0.051391176879405975,0.04159383848309517,25.782230377197266,13.355597496032715,0.8017114996910095,0.5199500918388367
