index,sample_id,RMSE,MAE,PSNR,SAM,SSIM,LPIPS
0,ROIs1158_spring_s2_31_p30,0.02123980037868023,0.015753163024783134,33.45698928833008,4.6061553955078125,0.9561147689819336,0.2005370855331421
1,ROIs1158_spring_s2_31_p31,0.022372249513864517,0.016414746642112732,33.00580596923828,4.662004470825195,0.9552208185195923,0.212990403175354
2,ROIs1158_spring_s2_31_p32,0.024476077407598495,0.017872611060738564,32.225162506103516,4.833649158477783,0.9535578489303589,0.23122555017471313
3,ROIs1158_spring_s2_31_p33,0.024148497730493546,0.017324408516287804,32.34219741821289,4.532128810882568,0.9506096839904785,0.2386225461959839
4,ROIs1158_spring_s2_31_p34,0.02357042208313942,0.016810229048132896,32.55265426635742,4.3399810791015625,0.9470529556274414,0.25742244720458984
5,ROIs1158_spring_s2_31_p35,0.024661146104335785,0.017548693343997,32.15973663330078,4.428009033203125,0.9441618919372559,0.26272717118263245
6,ROIs1158_spring_s2_31_p36,0.02525394596159458,0.01804433949291706,31.953414916992188,4.598783016204834,0.9440499544143677,0.27281928062438965
7,ROIs1158_spring_s2_31_p37,0.02605246566236019,0.01860625110566616,31.68302345275879,4.812865257263184,0.9438323974609375,0.2636730968952179
8,ROIs1158_spring_s2_31_p38,0.024379950016736984,0.017387347295880318,32.259342193603516,4.691706657409668,0.9429131746292114,0.2668346166610718
9,ROIs1158_spring_s2_31_p39,0.02544308640062809,0.017874035984277725,31.88860321044922,4.656997203826904,0.9406349658966064,0.27979546785354614
10,ROIs1158_spring_s2_31_p40,0.02771903946995735,0.019287649542093277,31.14443588256836,4.793275356292725,0.9404491186141968,0.28654998540878296
11,ROIs1158_spring_s2_31_p41,0.0282274316996336,0.019806569442152977,30.986574172973633,4.792341232299805,0.9435890913009644,0.29574674367904663
12,ROIs1158_spring_s2_31_p42,0.027572963386774063,0.01945057511329651,31.190330505371094,4.768153190612793,0.9460349082946777,0.25436437129974365
13,ROIs1158_spring_s2_31_p43,0.028099726885557175,0.019822433590888977,31.025959014892578,4.9847187995910645,0.9459099769592285,0.24047718942165375
14,ROIs1158_spring_s2_31_p44,0.02873114123940468,0.02025407925248146,30.832942962646484,5.027754783630371,0.947778046131134,0.24161632359027863
15,ROIs1158_spring_s2_31_p45,0.0290970541536808,0.020548032596707344,30.723018646240234,5.164797782897949,0.9467448592185974,0.24277238547801971
16,ROIs1158_spring_s2_31_p46,0.0300744641572237,0.02110305428504944,30.43604278564453,5.25563383102417,0.9434581398963928,0.2477836310863495
17,ROIs1158_spring_s2_31_p47,0.030008109286427498,0.021042998880147934,30.45522689819336,5.282480239868164,0.9415656328201294,0.256502628326416
18,ROIs1158_spring_s2_31_p48,0.029405580833554268,0.02075296640396118,30.631406784057617,5.299642086029053,0.9433206915855408,0.2504394054412842
19,ROIs1158_spring_s2_31_p49,0.029198601841926575,0.020512143149971962,30.692758560180664,5.157423496246338,0.9441428780555725,0.24384599924087524
20,ROIs1158_spring_s2_31_p50,0.03020833618938923,0.021045034751296043,30.397464752197266,5.29013729095459,0.9416987895965576,0.23736433684825897
21,ROIs1158_spring_s2_31_p51,0.03135780617594719,0.02175622433423996,30.073087692260742,5.237241744995117,0.9385244846343994,0.24836209416389465
22,ROIs1158_spring_s2_31_p52,0.030704811215400696,0.021227296441793442,30.25587272644043,4.816305160522461,0.9361706972122192,0.2767423391342163
23,ROIs1158_spring_s2_31_p53,0.03140321001410484,0.021770400926470757,30.06052017211914,4.717747211456299,0.933208703994751,0.2914430499076843
24,ROIs1158_spring_s2_31_p54,0.03127820044755936,0.021759964525699615,30.09516716003418,4.666117191314697,0.927820086479187,0.3228035569190979
25,ROIs1158_spring_s2_31_p55,0.030523652210831642,0.020940937101840973,30.307270050048828,4.726102828979492,0.9223606586456299,0.32229337096214294
26,ROIs1158_spring_s2_31_p56,0.03139539808034897,0.021468602120876312,30.062679290771484,4.977236270904541,0.9274619817733765,0.3010655343532562
27,ROIs1158_spring_s2_31_p57,0.030317768454551697,0.02089681662619114,30.366056442260742,4.821177005767822,0.9340961575508118,0.2874006927013397
28,ROIs1158_spring_s2_31_p59,0.019499346613883972,0.014685757458209991,34.1995964050293,4.440545082092285,0.9564133882522583,0.2014571875333786
29,ROIs1158_spring_s2_31_p60,0.02093697153031826,0.015318114310503006,33.581722259521484,4.402779579162598,0.9558782577514648,0.2216431200504303
30,ROIs1158_spring_s2_31_p61,0.022096727043390274,0.016152501106262207,33.113441467285156,4.577586650848389,0.9542708396911621,0.21707205474376678
31,ROIs1158_spring_s2_31_p62,0.023269252851605415,0.016755638644099236,32.66435241699219,4.5003509521484375,0.9513154029846191,0.22394774854183197
32,ROIs1158_spring_s2_31_p63,0.024510735645890236,0.017513273283839226,32.21287155151367,4.569111347198486,0.9472455978393555,0.22461479902267456
33,ROIs1158_spring_s2_31_p64,0.025466594845056534,0.0180991031229496,31.880584716796875,4.632430553436279,0.9444464445114136,0.2291477769613266
34,ROIs1158_spring_s2_31_p65,0.025454560294747353,0.018089167773723602,31.884687423706055,4.571609020233154,0.943747341632843,0.26141202449798584
35,ROIs1158_spring_s2_31_p66,0.025718778371810913,0.01827888749539852,31.794994354248047,4.712944030761719,0.9448893666267395,0.2730255722999573
36,ROIs1158_spring_s2_31_p67,0.02675849199295044,0.019109608605504036,31.450767517089844,5.053066253662109,0.9452028274536133,0.24616096913814545
37,ROIs1158_spring_s2_31_p68,0.02659257873892784,0.018940772861242294,31.504791259765625,4.837124824523926,0.9428768157958984,0.2718120813369751
38,ROIs1158_spring_s2_31_p69,0.027854565531015396,0.019440628588199615,31.102073669433594,4.761528491973877,0.9411990642547607,0.2840114235877991
39,ROIs1158_spring_s2_31_p70,0.028789406642317772,0.020142409950494766,30.815345764160156,5.018545150756836,0.9446859359741211,0.2900712192058563
40,ROIs1158_spring_s2_31_p71,0.0277267899364233,0.019685382023453712,31.14200782775879,5.110695838928223,0.9481173753738403,0.24196253716945648
41,ROIs1158_spring_s2_31_p72,0.027547582983970642,0.019657084718346596,31.19832992553711,5.1695942878723145,0.9465340375900269,0.24003465473651886
42,ROIs1158_spring_s2_31_p73,0.027835583314299583,0.019772835075855255,31.107994079589844,5.0127081871032715,0.9458911418914795,0.25831180810928345
43,ROIs1158_spring_s2_31_p74,0.028499992564320564,0.02026178129017353,30.903106689453125,4.879075050354004,0.9449259042739868,0.27757924795150757
44,ROIs1158_spring_s2_31_p75,0.02960699237883091,0.020794594660401344,30.572113037109375,4.860356330871582,0.9431373476982117,0.29388004541397095
45,ROIs1158_spring_s2_31_p76,0.0304757971316576,0.021255431696772575,30.32089614868164,5.040860176086426,0.9402357935905457,0.30483925342559814
46,ROIs1158_spring_s2_31_p77,0.029865596443414688,0.020951563492417336,30.4965763092041,5.182854175567627,0.9393306374549866,0.28789621591567993
47,ROIs1158_spring_s2_31_p78,0.030686888843774796,0.02136964537203312,30.260942459106445,5.312891960144043,0.9353806972503662,0.295770525932312
48,ROIs1158_spring_s2_31_p79,0.03227487578988075,0.022365374490618706,29.822710037231445,5.521894931793213,0.9270998239517212,0.31751391291618347
49,ROIs1158_spring_s2_31_p80,0.03175812214612961,0.021980013698339462,29.96290397644043,5.435844421386719,0.9224498271942139,0.32004314661026
50,ROIs1158_spring_s2_31_p81,0.030683236196637154,0.02122071385383606,30.26197624206543,5.103403568267822,0.9179432392120361,0.3431331515312195
51,ROIs1158_spring_s2_31_p82,0.028698571026325226,0.020148972049355507,30.842796325683594,4.955070495605469,0.9154507517814636,0.364868700504303
52,ROIs1158_spring_s2_31_p83,0.0307417381554842,0.02132391557097435,30.24542999267578,5.448349952697754,0.9044730067253113,0.3684733808040619
53,ROIs1158_spring_s2_31_p84,0.03344980627298355,0.022923773154616356,29.512128829956055,5.5462188720703125,0.9088917970657349,0.34606197476387024
54,ROIs1158_spring_s2_31_p85,0.03359140083193779,0.023068659007549286,29.475439071655273,5.282076358795166,0.9259501695632935,0.30674082040786743
55,ROIs1158_spring_s2_31_p86,0.030122261494398117,0.020471638068556786,30.42224884033203,4.721436500549316,0.9243547320365906,0.3026115596294403
56,ROIs1158_spring_s2_31_p88,0.019119104370474815,0.014235151000320911,34.37064743041992,4.252077102661133,0.9539835453033447,0.23138149082660675
57,ROIs1158_spring_s2_31_p89,0.019854256883263588,0.014741532504558563,34.04292678833008,4.318111419677734,0.9543647766113281,0.21216660737991333
58,ROIs1158_spring_s2_31_p90,0.020554667338728905,0.015178034082055092,33.741790771484375,4.434412956237793,0.9528651237487793,0.19396744668483734
59,ROIs1158_spring_s2_31_p91,0.02307514101266861,0.017019161954522133,32.73711395263672,4.782668113708496,0.9514490365982056,0.1913297176361084
60,ROIs1158_spring_s2_31_p92,0.02505491115152836,0.018106166273355484,32.02214050292969,4.903306484222412,0.9469469785690308,0.2109707146883011
61,ROIs1158_spring_s2_31_p93,0.026102231815457344,0.01856953464448452,31.666446685791016,4.810763359069824,0.9431820511817932,0.24027447402477264
62,ROIs1158_spring_s2_31_p94,0.02479095384478569,0.017624875530600548,32.1141357421875,4.485689640045166,0.9424498081207275,0.2901817858219147
63,ROIs1158_spring_s2_31_p95,0.023896951228380203,0.01708521880209446,32.43315124511719,4.507721424102783,0.9457589387893677,0.2952195405960083
64,ROIs1158_spring_s2_31_p96,0.024912504479289055,0.017727944999933243,32.071651458740234,4.649824619293213,0.9458456039428711,0.2646940350532532
65,ROIs1158_spring_s2_31_p97,0.023936448618769646,0.017051178961992264,32.41880798339844,4.391173839569092,0.943215012550354,0.2851980924606323
66,ROIs1158_spring_s2_31_p98,0.026902373880147934,0.018828272819519043,31.40418815612793,4.680782318115234,0.943138599395752,0.24957430362701416
67,ROIs1158_spring_s2_31_p99,0.027633145451545715,0.019270319491624832,31.171396255493164,4.775896072387695,0.9455814361572266,0.2546563744544983
68,ROIs1158_spring_s2_31_p100,0.026935819536447525,0.018938405439257622,31.393394470214844,4.724100589752197,0.9481785297393799,0.26387107372283936
69,ROIs1158_spring_s2_31_p101,0.02518492192029953,0.017765747383236885,31.977188110351562,4.516396522521973,0.9469594955444336,0.268133282661438
70,ROIs1158_spring_s2_31_p102,0.02580668218433857,0.018148550763726234,31.765357971191406,4.440461158752441,0.9437541961669922,0.28628259897232056
71,ROIs1158_spring_s2_31_p103,0.031012732535600662,0.02136239781975746,30.169200897216797,4.657625198364258,0.9370370507240295,0.29530850052833557
72,ROIs1158_spring_s2_31_p104,0.032717980444431305,0.02246003970503807,29.704269409179688,4.742967128753662,0.9338403940200806,0.3120071291923523
73,ROIs1158_spring_s2_31_p105,0.031465526670217514,0.0218424741178751,30.04330062866211,4.963588714599609,0.9377772808074951,0.2988744080066681
74,ROIs1158_spring_s2_31_p106,0.030019881203770638,0.020976725965738297,30.451820373535156,5.047464370727539,0.9378373026847839,0.27188506722450256
75,ROIs1158_spring_s2_31_p107,0.030970482155680656,0.0213566105812788,30.181041717529297,5.015042304992676,0.9281030893325806,0.3112625181674957
76,ROIs1158_spring_s2_31_p108,0.029151039198040962,0.020038757473230362,30.706920623779297,4.812325954437256,0.9209001660346985,0.3590182065963745
77,ROIs1158_spring_s2_31_p109,0.028938481584191322,0.020090635865926743,30.770484924316406,5.001898288726807,0.9203433990478516,0.3540462851524353
78,ROIs1158_spring_s2_31_p110,0.030194895341992378,0.02102726697921753,30.401329040527344,5.13378381729126,0.9171314835548401,0.3673955798149109
79,ROIs1158_spring_s2_31_p111,0.02816319279372692,0.019769204780459404,31.006362915039062,5.080319881439209,0.9147720336914062,0.3710970878601074
80,ROIs1158_spring_s2_31_p112,0.03062049113214016,0.021041790023446083,30.27975845336914,5.63689661026001,0.905123233795166,0.35859712958335876
81,ROIs1158_spring_s2_31_p113,0.03263567015528679,0.022424327209591866,29.726150512695312,5.473543167114258,0.914231538772583,0.331672728061676
82,ROIs1158_spring_s2_31_p114,0.031751539558172226,0.021914014592766762,29.964704513549805,4.954275131225586,0.9273918271064758,0.32662829756736755
83,ROIs1158_spring_s2_31_p115,0.029432309791445732,0.019949432462453842,30.623512268066406,4.593172550201416,0.9187666773796082,0.32849371433258057
84,ROIs1158_spring_s2_31_p117,0.020331857725977898,0.014790459536015987,33.83646011352539,4.410540580749512,0.9509626626968384,0.25647443532943726
85,ROIs1158_spring_s2_31_p118,0.019650695845484734,0.014598610810935497,34.132442474365234,4.433876991271973,0.9534169435501099,0.2148181051015854
86,ROIs1158_spring_s2_31_p119,0.021676603704690933,0.016039418056607246,33.280174255371094,4.62172794342041,0.9519383907318115,0.22038054466247559
87,ROIs1158_spring_s2_31_p120,0.023055600002408028,0.01695955917239189,32.74447250366211,4.773024559020996,0.9484713077545166,0.22780410945415497
88,ROIs1158_spring_s2_31_p121,0.024421842768788338,0.017512500286102295,32.24443054199219,4.720755100250244,0.9440219402313232,0.25083622336387634
89,ROIs1158_spring_s2_31_p122,0.025175876915454865,0.017946062609553337,31.98030662536621,4.710591793060303,0.9404542446136475,0.2620388865470886
90,ROIs1158_spring_s2_31_p123,0.024995209649205208,0.017782505601644516,32.04286193847656,4.577331066131592,0.9423432350158691,0.2976902723312378
91,ROIs1158_spring_s2_31_p124,0.024359703063964844,0.017280248925089836,32.26655960083008,4.480483055114746,0.9459971189498901,0.3025137186050415
92,ROIs1158_spring_s2_31_p125,0.024032756686210632,0.017019150778651237,32.38392639160156,4.491334438323975,0.9455196857452393,0.275592178106308
93,ROIs1158_spring_s2_31_p126,0.02386963739991188,0.0168315339833498,32.443084716796875,4.363561630249023,0.9429278373718262,0.2670156955718994
94,ROIs1158_spring_s2_31_p127,0.026651373133063316,0.018725160509347916,31.485607147216797,4.5383734703063965,0.9416701793670654,0.25579535961151123
95,ROIs1158_spring_s2_31_p128,0.028212428092956543,0.019716203212738037,30.991191864013672,4.606431007385254,0.9411953687667847,0.2779345214366913
96,ROIs1158_spring_s2_31_p129,0.028216928243637085,0.01945389248430729,30.98980712890625,4.943448066711426,0.9356945157051086,0.30483660101890564
97,ROIs1158_spring_s2_31_p130,0.027261774986982346,0.0186240803450346,31.288917541503906,4.972574234008789,0.9346182346343994,0.3108881115913391
98,ROIs1158_spring_s2_31_p131,0.031064921990036964,0.02073848806321621,30.15459442138672,5.877114772796631,0.9297305345535278,0.3218638300895691
99,ROIs1158_spring_s2_31_p132,0.03797980770468712,0.025796707719564438,28.408946990966797,6.121335506439209,0.9131298065185547,0.34395167231559753
100,ROIs1158_spring_s2_31_p133,0.03736661747097969,0.02607833966612816,28.550323486328125,4.868243217468262,0.9077614545822144,0.36880290508270264
101,ROIs1158_spring_s2_31_p134,0.037861984223127365,0.026355503126978874,28.43593406677246,5.096346855163574,0.9154472351074219,0.35379862785339355
102,ROIs1158_spring_s2_31_p135,0.034930065274238586,0.024211639538407326,29.136011123657227,5.469398498535156,0.9232334494590759,0.32272621989250183
103,ROIs1158_spring_s2_31_p136,0.033712238073349,0.022981591522693634,29.444252014160156,5.688929080963135,0.911660373210907,0.3447633981704712
104,ROIs1158_spring_s2_31_p137,0.031106891110539436,0.021040184423327446,30.14286994934082,5.2015790939331055,0.9189801812171936,0.3352029323577881
105,ROIs1158_spring_s2_31_p138,0.029461083933711052,0.020439162850379944,30.615026473999023,4.984588146209717,0.9343985319137573,0.2746988534927368
106,ROIs1158_spring_s2_31_p139,0.03145206719636917,0.021745674312114716,30.047016143798828,5.146444797515869,0.9318966269493103,0.2849005460739136
107,ROIs1158_spring_s2_31_p140,0.030062047764658928,0.02071046642959118,30.439626693725586,4.86232852935791,0.9305081963539124,0.31000077724456787
108,ROIs1158_spring_s2_31_p141,0.031373340636491776,0.02165488712489605,30.06878662109375,4.8563947677612305,0.926506757736206,0.3309023082256317
109,ROIs1158_spring_s2_31_p142,0.03182810917496681,0.02209402434527874,29.943782806396484,4.807724952697754,0.9291005730628967,0.3090533912181854
110,ROIs1158_spring_s2_31_p143,0.030459312722086906,0.02115916833281517,30.325599670410156,4.656470775604248,0.9287136793136597,0.3111187815666199
111,ROIs1158_spring_s2_31_p144,0.02891739085316658,0.020076526328921318,30.776817321777344,4.354767799377441,0.922855019569397,0.3297784626483917
112,ROIs1158_spring_s2_31_p146,0.02223755605518818,0.01594933681190014,33.058258056640625,5.032252788543701,0.9500905275344849,0.2858401834964752
113,ROIs1158_spring_s2_31_p147,0.021113701164722443,0.015497324988245964,33.50871276855469,4.9298295974731445,0.9531205892562866,0.2480383664369583
114,ROIs1158_spring_s2_31_p148,0.023413604125380516,0.0170779787003994,32.610633850097656,4.993849754333496,0.954438328742981,0.22476185858249664
115,ROIs1158_spring_s2_31_p149,0.02350807934999466,0.017240682616829872,32.57565689086914,5.148684024810791,0.9493566751480103,0.24455063045024872
116,ROIs1158_spring_s2_31_p150,0.02462926134467125,0.017523957416415215,32.17097473144531,4.707613945007324,0.9445860385894775,0.2523588538169861
117,ROIs1158_spring_s2_31_p151,0.025706857442855835,0.018131712451577187,31.799020767211914,4.75691032409668,0.941024661064148,0.2564151883125305
118,ROIs1158_spring_s2_31_p152,0.022704165428876877,0.016031449660658836,32.87788772583008,4.544040203094482,0.9442532062530518,0.2707846760749817
119,ROIs1158_spring_s2_31_p153,0.021474413573741913,0.015422788448631763,33.361572265625,4.5126237869262695,0.9460371732711792,0.2638223171234131
120,ROIs1158_spring_s2_31_p154,0.023952484130859375,0.017297616228461266,32.41299057006836,4.787407398223877,0.9452627301216125,0.25962865352630615
121,ROIs1158_spring_s2_31_p155,0.023556124418973923,0.016651203855872154,32.55792236328125,4.342029571533203,0.9419751763343811,0.2838561236858368
122,ROIs1158_spring_s2_31_p156,0.025216342881321907,0.0178089439868927,31.966358184814453,4.312921047210693,0.9335194826126099,0.31341084837913513
123,ROIs1158_spring_s2_31_p157,0.028768962249159813,0.02008764259517193,30.821516036987305,4.544112682342529,0.9279052019119263,0.3111998736858368
124,ROIs1158_spring_s2_31_p158,0.03251142427325249,0.02170252799987793,29.759281158447266,5.67165994644165,0.9134145379066467,0.34793776273727417
125,ROIs1158_spring_s2_31_p159,0.03277519345283508,0.021925894543528557,29.68909454345703,6.141215801239014,0.9085595607757568,0.38136759400367737
126,ROIs1158_spring_s2_31_p160,0.039910152554512024,0.02652125246822834,27.97833251953125,8.470937728881836,0.9020850658416748,0.4156797230243683
127,ROIs1158_spring_s2_31_p161,0.04276785999536514,0.028896141797304153,27.37765121459961,8.751442909240723,0.8905179500579834,0.43626415729522705
128,ROIs1158_spring_s2_31_p162,0.036620814353227615,0.02570059336721897,28.725440979003906,5.8156304359436035,0.9019761085510254,0.4004131257534027
129,ROIs1158_spring_s2_31_p163,0.03546857833862305,0.024844689294695854,29.00312614440918,4.939655780792236,0.9171340465545654,0.3463713228702545
130,ROIs1158_spring_s2_31_p164,0.0342453196644783,0.02363954298198223,29.30797576904297,5.253543853759766,0.9271146655082703,0.3068210780620575
131,ROIs1158_spring_s2_31_p165,0.03462706133723259,0.023735884577035904,29.211688995361328,6.070422172546387,0.9224042892456055,0.2969627380371094
132,ROIs1158_spring_s2_31_p166,0.03356064110994339,0.022836316376924515,29.483396530151367,5.808114528656006,0.9275761246681213,0.27518871426582336
133,ROIs1158_spring_s2_31_p167,0.030046144500374794,0.020718125626444817,30.444223403930664,4.99814510345459,0.9365593194961548,0.2622917890548706
134,ROIs1158_spring_s2_31_p168,0.02929377369582653,0.020142385736107826,30.664493560791016,4.854256629943848,0.9322562217712402,0.2721076011657715
135,ROIs1158_spring_s2_31_p169,0.029133683070540428,0.02004106715321541,30.71209144592285,4.782440185546875,0.9324674606323242,0.27425050735473633
136,ROIs1158_spring_s2_31_p170,0.029702238738536835,0.02045651711523533,30.544214248657227,4.58544921875,0.9300829768180847,0.28651750087738037
137,ROIs1158_spring_s2_31_p171,0.031311795115470886,0.02161499671638012,30.085840225219727,4.684843063354492,0.9306082725524902,0.2884068489074707
138,ROIs1158_spring_s2_31_p172,0.031716492027044296,0.021973716095089912,29.97429847717285,4.713311672210693,0.9309121370315552,0.30861973762512207
139,ROIs1158_spring_s2_31_p173,0.029244372621178627,0.020384958013892174,30.679153442382812,4.422555446624756,0.9295905828475952,0.3238256871700287
140,ROIs1158_spring_s2_31_p175,0.023707253858447075,0.016521267592906952,32.50237274169922,5.7618560791015625,0.9448869228363037,0.3084889352321625
141,ROIs1158_spring_s2_31_p176,0.024208232760429382,0.01662490889430046,32.32073974609375,5.478150367736816,0.9440126419067383,0.283466637134552
142,ROIs1158_spring_s2_31_p177,0.02632526122033596,0.018636135384440422,31.592544555664062,5.559420585632324,0.9464420080184937,0.2709629535675049
143,ROIs1158_spring_s2_31_p178,0.02612500824034214,0.01878172717988491,31.658870697021484,5.509060859680176,0.9472624063491821,0.29727306962013245
144,ROIs1158_spring_s2_31_p179,0.025344718247652054,0.01804182678461075,31.92224884033203,4.878576755523682,0.9458615779876709,0.2885095477104187
145,ROIs1158_spring_s2_31_p180,0.023899050429463387,0.016771603375673294,32.43238830566406,4.488420009613037,0.946229100227356,0.27398982644081116
146,ROIs1158_spring_s2_31_p181,0.021066030487418175,0.014775498770177364,33.528343200683594,4.307169437408447,0.9465503692626953,0.2781405746936798
147,ROIs1158_spring_s2_31_p182,0.019402174279093742,0.014255840331315994,34.24299240112305,4.180446624755859,0.9441934823989868,0.29064369201660156
148,ROIs1158_spring_s2_31_p183,0.023924395442008972,0.017343604937195778,32.423179626464844,4.745850086212158,0.9407160878181458,0.30274897813796997
149,ROIs1158_spring_s2_31_p184,0.025718960911035538,0.01803845725953579,31.794931411743164,4.822597503662109,0.9360777139663696,0.3030485510826111
150,ROIs1158_spring_s2_31_p185,0.02709934674203396,0.018856240436434746,31.340824127197266,4.780134201049805,0.93169105052948,0.3007657825946808
151,ROIs1158_spring_s2_31_p186,0.029288403689861298,0.02028382569551468,30.666086196899414,4.875843048095703,0.9261000156402588,0.3073192536830902
152,ROIs1158_spring_s2_31_p187,0.03431202098727226,0.022782444953918457,29.29107666015625,5.7081990242004395,0.9044917821884155,0.4020962417125702
153,ROIs1158_spring_s2_31_p188,0.03569507226347923,0.023441605269908905,28.947834014892578,6.641688823699951,0.8903952836990356,0.4631216526031494
154,ROIs1158_spring_s2_31_p189,0.039743661880493164,0.026703225448727608,28.0146427154541,9.288873672485352,0.8824068307876587,0.4542107582092285
155,ROIs1158_spring_s2_31_p190,0.03864222392439842,0.026092631742358208,28.258758544921875,9.183525085449219,0.8897297382354736,0.4257373511791229
156,ROIs1158_spring_s2_31_p191,0.031497180461883545,0.021589690819382668,30.034564971923828,5.946033477783203,0.918973445892334,0.35397809743881226
157,ROIs1158_spring_s2_31_p192,0.028846848756074905,0.020223695784807205,30.798032760620117,5.001546859741211,0.941666841506958,0.27205991744995117
158,ROIs1158_spring_s2_31_p193,0.0304227564483881,0.021304849535226822,30.336027145385742,5.152929306030273,0.9477154612541199,0.23547454178333282
159,ROIs1158_spring_s2_31_p194,0.03197181969881058,0.022447330877184868,29.904653549194336,5.454102516174316,0.9457132816314697,0.22581613063812256
160,ROIs1158_spring_s2_31_p195,0.0306822769343853,0.021263569593429565,30.262248992919922,5.293139457702637,0.9411303400993347,0.2469501793384552
161,ROIs1158_spring_s2_31_p196,0.027150850743055344,0.018678737804293633,31.324331283569336,4.626218318939209,0.9363912343978882,0.28654205799102783
162,ROIs1158_spring_s2_31_p197,0.02448224648833275,0.01716216839849949,32.22297286987305,4.5317230224609375,0.9351643323898315,0.264326810836792
163,ROIs1158_spring_s2_31_p198,0.026926763355731964,0.018782000988721848,31.396316528320312,4.898665428161621,0.9357436895370483,0.24385863542556763
164,ROIs1158_spring_s2_31_p199,0.02833135798573494,0.01974140666425228,30.95465087890625,4.744483947753906,0.9346981048583984,0.26300424337387085
165,ROIs1158_spring_s2_31_p200,0.029540279880166054,0.020532412454485893,30.59170913696289,4.58342170715332,0.9343206882476807,0.2853855788707733
166,ROIs1158_spring_s2_31_p201,0.029937341809272766,0.021069008857011795,30.47573471069336,4.695388317108154,0.9350411295890808,0.28281164169311523
167,ROIs1158_spring_s2_31_p202,0.027696184813976288,0.019666975364089012,31.151601791381836,4.477702617645264,0.9332478046417236,0.2868714928627014
168,ROIs1158_spring_s2_31_p204,0.027331512421369553,0.018316790461540222,31.266725540161133,6.34663724899292,0.9381110668182373,0.3498261570930481
169,ROIs1158_spring_s2_31_p205,0.02758808620274067,0.018092364072799683,31.18556785583496,5.755556583404541,0.9327257871627808,0.3390187621116638
170,ROIs1158_spring_s2_31_p206,0.02771783620119095,0.018506065011024475,31.144811630249023,5.245795249938965,0.9374392032623291,0.33154451847076416
171,ROIs1158_spring_s2_31_p207,0.025746462866663933,0.017732402309775352,31.785648345947266,5.011913776397705,0.9391642808914185,0.345309317111969
172,ROIs1158_spring_s2_31_p208,0.024185102432966232,0.01702725887298584,32.32904052734375,4.617499351501465,0.9426780939102173,0.316112220287323
173,ROIs1158_spring_s2_31_p209,0.02369724214076996,0.016629064455628395,32.50604248046875,4.678353786468506,0.9442490339279175,0.3144589364528656
174,ROIs1158_spring_s2_31_p210,0.023869596421718597,0.016580592840909958,32.44309997558594,4.973258018493652,0.9436411261558533,0.3394465744495392
175,ROIs1158_spring_s2_31_p211,0.025893736630678177,0.018019402399659157,31.73610496520996,5.182852745056152,0.9398751258850098,0.34961041808128357
176,ROIs1158_spring_s2_31_p212,0.03055148385465145,0.02087632194161415,30.299354553222656,5.714105129241943,0.9336860179901123,0.30317628383636475
177,ROIs1158_spring_s2_31_p213,0.030691219493746758,0.021107478067278862,30.259719848632812,5.5652384757995605,0.9343841075897217,0.2604590654373169
178,ROIs1158_spring_s2_31_p214,0.030375152826309204,0.021067935973405838,30.349632263183594,5.226653575897217,0.941269040107727,0.24505212903022766
179,ROIs1158_spring_s2_31_p215,0.034093767404556274,0.02276834473013878,29.346500396728516,5.669403076171875,0.9312853813171387,0.2916651666164398
180,ROIs1158_spring_s2_31_p216,0.044812992215156555,0.029065746814012527,26.971920013427734,7.565866947174072,0.8879878520965576,0.41850972175598145
181,ROIs1158_spring_s2_31_p217,0.04403278976678848,0.028491932898759842,27.12447738647461,7.746323108673096,0.8691865801811218,0.49874579906463623
182,ROIs1158_spring_s2_31_p218,0.03802400082349777,0.02645706944167614,28.398845672607422,8.631026268005371,0.8787571787834167,0.45884332060813904
183,ROIs1158_spring_s2_31_p219,0.03440190479159355,0.024550355970859528,29.26835060119629,7.965702533721924,0.8886672854423523,0.4242227375507355
184,ROIs1158_spring_s2_31_p220,0.03199870511889458,0.021746691316366196,29.897350311279297,5.49696683883667,0.9160779118537903,0.34763991832733154
185,ROIs1158_spring_s2_31_p221,0.03215833753347397,0.022374946624040604,29.854127883911133,5.154645919799805,0.9402341246604919,0.2705206274986267
186,ROIs1158_spring_s2_31_p222,0.031120039522647858,0.02179941162467003,30.139198303222656,4.897731781005859,0.9447191953659058,0.28169041872024536
187,ROIs1158_spring_s2_31_p223,0.03172976151108742,0.022441301494836807,29.970664978027344,5.164414882659912,0.942812442779541,0.2731820344924927
188,ROIs1158_spring_s2_31_p224,0.02976931817829609,0.020939873531460762,30.52462387084961,5.0444722175598145,0.9398431777954102,0.28038084506988525
189,ROIs1158_spring_s2_31_p225,0.02605678141117096,0.018319526687264442,31.68158531188965,4.684865951538086,0.9389628171920776,0.2658608853816986
190,ROIs1158_spring_s2_31_p226,0.02657332643866539,0.0186657402664423,31.511079788208008,4.825404644012451,0.9383204579353333,0.23938696086406708
191,ROIs1158_spring_s2_31_p227,0.026970108970999718,0.01895221509039402,31.382347106933594,4.730993270874023,0.9368698596954346,0.270077645778656
192,ROIs1158_spring_s2_31_p228,0.027045149356126785,0.019029971212148666,31.358213424682617,4.4318623542785645,0.9353345632553101,0.2991800308227539
193,ROIs1158_spring_s2_31_p229,0.026877202093601227,0.019163742661476135,31.412317276000977,4.3753437995910645,0.9341626167297363,0.31271684169769287
194,ROIs1158_spring_s2_31_p230,0.025522878393530846,0.018643924966454506,31.861408233642578,4.346620559692383,0.9338483214378357,0.29476410150527954
195,ROIs1158_spring_s2_31_p231,0.02519105188548565,0.0182805135846138,31.975074768066406,4.258554935455322,0.9325118660926819,0.3055855631828308
196,ROIs1158_spring_s2_31_p233,0.029335545375943184,0.019590331241488457,30.652114868164062,6.234930515289307,0.9357494115829468,0.36349278688430786
197,ROIs1158_spring_s2_31_p234,0.031766582280397415,0.020073601976037025,29.960590362548828,5.977070331573486,0.9259940385818481,0.35888004302978516
198,ROIs1158_spring_s2_31_p235,0.0322091318666935,0.020023880526423454,29.840421676635742,5.851104259490967,0.9251092672348022,0.35103273391723633
199,ROIs1158_spring_s2_31_p236,0.02850155532360077,0.018766826018691063,30.902631759643555,5.5684709548950195,0.9292784929275513,0.35812199115753174
200,ROIs1158_spring_s2_31_p237,0.03367877006530762,0.02108403854072094,29.4528751373291,6.238840103149414,0.9141180515289307,0.3730770945549011
201,ROIs1158_spring_s2_31_p238,0.03451190143823624,0.02172096073627472,29.240623474121094,6.4317193031311035,0.9091675877571106,0.393001526594162
202,ROIs1158_spring_s2_31_p239,0.030035508796572685,0.019322915002703667,30.44729995727539,6.251564979553223,0.9252397418022156,0.3975219130516052
203,ROIs1158_spring_s2_31_p240,0.031142348423600197,0.020084578543901443,30.132972717285156,6.551144599914551,0.9292324781417847,0.3657211661338806
204,ROIs1158_spring_s2_31_p241,0.033578094094991684,0.021994594484567642,29.478878021240234,6.773319244384766,0.9336880445480347,0.302765429019928
205,ROIs1158_spring_s2_31_p242,0.033038731664419174,0.02197657898068428,29.61953353881836,6.23793888092041,0.9397848844528198,0.2729528546333313
206,ROIs1158_spring_s2_31_p243,0.029088648036122322,0.02038804441690445,30.725528717041016,5.2681884765625,0.9475473165512085,0.24854840338230133
207,ROIs1158_spring_s2_31_p244,0.0329447016119957,0.022181937471032143,29.644289016723633,5.483676910400391,0.9348983764648438,0.2881098985671997
208,ROIs1158_spring_s2_31_p245,0.043167587369680405,0.02774439938366413,27.296846389770508,7.1649980545043945,0.89471435546875,0.4023362696170807
209,ROIs1158_spring_s2_31_p246,0.04075995460152626,0.02606498822569847,27.795326232910156,7.067096710205078,0.8822264075279236,0.4551513195037842
210,ROIs1158_spring_s2_31_p247,0.03451286256313324,0.024112382903695107,29.240379333496094,6.752717971801758,0.893718957901001,0.42138996720314026
211,ROIs1158_spring_s2_31_p248,0.04049920290708542,0.026937352493405342,27.851070404052734,8.360525131225586,0.8845683932304382,0.4433603584766388
212,ROIs1158_spring_s2_31_p249,0.04190296679735184,0.027876872569322586,27.555103302001953,7.465127944946289,0.896586537361145,0.37426745891571045
213,ROIs1158_spring_s2_31_p250,0.033512670546770096,0.023321181535720825,29.495819091796875,4.990479469299316,0.9358437657356262,0.275939404964447
214,ROIs1158_spring_s2_31_p251,0.031882986426353455,0.022264549508690834,29.92881965637207,4.783975601196289,0.9421075582504272,0.27341407537460327
215,ROIs1158_spring_s2_31_p252,0.030817821621894836,0.021975157782435417,30.223960876464844,4.76698112487793,0.9415276646614075,0.2977507412433624
216,ROIs1158_spring_s2_31_p253,0.030366357415914536,0.021464059129357338,30.35214614868164,4.857316970825195,0.9415671825408936,0.2774488925933838
217,ROIs1158_spring_s2_31_p254,0.028666293248534203,0.020181015133857727,30.852567672729492,4.951775550842285,0.9399278163909912,0.2567911148071289
218,ROIs1158_spring_s2_31_p255,0.028855610638856888,0.020376265048980713,30.795392990112305,4.896452903747559,0.9360541701316833,0.2795337438583374
219,ROIs1158_spring_s2_31_p256,0.027923639863729477,0.019540071487426758,31.0805606842041,4.47476053237915,0.9361222982406616,0.2855362296104431
220,ROIs1158_spring_s2_31_p257,0.024144742637872696,0.017200395464897156,32.34355163574219,3.99458384513855,0.9371188282966614,0.3063026964664459
221,ROIs1158_spring_s2_31_p258,0.023579994216561317,0.01737193949520588,32.54912567138672,4.235459804534912,0.9350069761276245,0.29691219329833984
222,ROIs1158_spring_s2_31_p259,0.0226505845785141,0.01679983362555504,32.89841079711914,4.3864312171936035,0.9348267316818237,0.2704084515571594
223,ROIs1158_spring_s2_31_p260,0.02390267699956894,0.017479130998253822,32.431068420410156,4.316634654998779,0.9348220825195312,0.2870157063007355
224,ROIs1158_spring_s2_31_p262,0.033591918647289276,0.021891212090849876,29.475305557250977,6.5324788093566895,0.9329663515090942,0.3290667235851288
225,ROIs1158_spring_s2_31_p263,0.037133682519197464,0.02367025427520275,28.604639053344727,6.623429775238037,0.917229950428009,0.3564245104789734
226,ROIs1158_spring_s2_31_p264,0.03793951869010925,0.023820754140615463,28.418163299560547,6.530238151550293,0.9102569222450256,0.3847824037075043
227,ROIs1158_spring_s2_31_p265,0.03470815345644951,0.022696752101182938,29.191370010375977,6.761828899383545,0.9065959453582764,0.4155445694923401
228,ROIs1158_spring_s2_31_p266,0.0417521595954895,0.026387358084321022,27.586421966552734,8.055049896240234,0.8750354051589966,0.4516370892524719
229,ROIs1158_spring_s2_31_p267,0.04075631871819496,0.025880301371216774,27.796100616455078,7.738505840301514,0.8810279369354248,0.43785470724105835
230,ROIs1158_spring_s2_31_p268,0.03605737164616585,0.022762591019272804,28.86012077331543,7.256174087524414,0.9091767072677612,0.3763917088508606
231,ROIs1158_spring_s2_31_p269,0.042626600712537766,0.025791766121983528,27.406387329101562,8.740331649780273,0.8962979912757874,0.3315184414386749
232,ROIs1158_spring_s2_31_p270,0.04448511078953743,0.027189375832676888,27.035709381103516,8.799660682678223,0.9057135581970215,0.3254985511302948
233,ROIs1158_spring_s2_31_p271,0.03696298226714134,0.023956693708896637,28.64466094970703,6.946484088897705,0.9364446401596069,0.32591283321380615
234,ROIs1158_spring_s2_31_p272,0.02788408473134041,0.019487041980028152,31.092872619628906,5.047896385192871,0.9460136890411377,0.3053165376186371
235,ROIs1158_spring_s2_31_p273,0.02803531475365162,0.01975763402879238,31.0458927154541,4.660451889038086,0.9374178051948547,0.3136773109436035
236,ROIs1158_spring_s2_31_p274,0.034200023859739304,0.023836366832256317,29.319473266601562,6.458644390106201,0.8961501717567444,0.37391549348831177
237,ROIs1158_spring_s2_31_p275,0.03464299067854881,0.02361142635345459,29.20769500732422,7.0332512855529785,0.885790228843689,0.40300843119621277
238,ROIs1158_spring_s2_31_p276,0.03386399894952774,0.023488027974963188,29.40523338317871,5.938230037689209,0.9001134634017944,0.4128398001194
239,ROIs1158_spring_s2_31_p277,0.04293245077133179,0.028476737439632416,27.34428596496582,7.552030563354492,0.8937113285064697,0.4285776615142822
240,ROIs1158_spring_s2_31_p278,0.04095445200800896,0.02666095644235611,27.75398063659668,6.732906818389893,0.9089846611022949,0.3637591302394867
241,ROIs1158_spring_s2_31_p279,0.029164999723434448,0.020525045692920685,30.702760696411133,4.278234481811523,0.9387682676315308,0.30699533224105835
242,ROIs1158_spring_s2_31_p280,0.03136365860700607,0.021991079673171043,30.07146644592285,4.635653972625732,0.9437801837921143,0.2806077003479004
243,ROIs1158_spring_s2_31_p281,0.03156690299510956,0.022096268832683563,30.015361785888672,4.715540409088135,0.9430868625640869,0.29160720109939575
244,ROIs1158_spring_s2_31_p282,0.03034384548664093,0.021167710423469543,30.35858917236328,4.654368877410889,0.942387580871582,0.28982096910476685
245,ROIs1158_spring_s2_31_p283,0.028793824836611748,0.02015765942633152,30.814014434814453,4.537459850311279,0.9409140348434448,0.294334352016449
246,ROIs1158_spring_s2_31_p284,0.029481565579771996,0.02061031199991703,30.608989715576172,4.52924108505249,0.938727855682373,0.3090519309043884
247,ROIs1158_spring_s2_31_p285,0.02877042628824711,0.02018740586936474,30.821075439453125,4.59058952331543,0.9381301403045654,0.26330751180648804
248,ROIs1158_spring_s2_31_p286,0.02377324178814888,0.017225351184606552,32.47822952270508,4.112240791320801,0.9391299486160278,0.27353450655937195
249,ROIs1158_spring_s2_31_p287,0.019554659724235535,0.014746499247848988,34.17499542236328,4.100558757781982,0.9377299547195435,0.26887035369873047
250,ROIs1158_spring_s2_31_p288,0.01708676852285862,0.013035992160439491,35.3468017578125,4.4370903968811035,0.9382940530776978,0.2334478348493576
251,ROIs1158_spring_s2_31_p289,0.02088923193514347,0.01559618953615427,33.6015510559082,4.246719837188721,0.9393336772918701,0.2658320665359497
252,ROIs1158_spring_s2_31_p291,0.04114966839551926,0.02500286139547825,27.71267318725586,7.761135101318359,0.9031524062156677,0.3874620795249939
253,ROIs1158_spring_s2_31_p292,0.04263893887400627,0.026359863579273224,27.403871536254883,8.211477279663086,0.8834071159362793,0.42691129446029663
254,ROIs1158_spring_s2_31_p293,0.03891739249229431,0.025247102603316307,28.197126388549805,7.625349044799805,0.8956712484359741,0.4315710663795471
255,ROIs1158_spring_s2_31_p294,0.03758503496646881,0.025224633514881134,28.49970054626465,7.757906913757324,0.8990256786346436,0.4361540675163269
256,ROIs1158_spring_s2_31_p295,0.038657497614622116,0.025958094745874405,28.255327224731445,8.075531005859375,0.8837602138519287,0.45297279953956604
257,ROIs1158_spring_s2_31_p296,0.036679457873106,0.024631856009364128,28.711544036865234,7.377049446105957,0.8985406160354614,0.40790170431137085
258,ROIs1158_spring_s2_31_p297,0.033042795956134796,0.021886272355914116,29.618465423583984,6.595487117767334,0.9206351041793823,0.3253377377986908
259,ROIs1158_spring_s2_31_p298,0.03966328874230385,0.024298856034874916,28.0322265625,8.224342346191406,0.9051389694213867,0.32454922795295715
260,ROIs1158_spring_s2_31_p299,0.045011088252067566,0.02782495692372322,26.933610916137695,8.688483238220215,0.9047858715057373,0.3360595703125
261,ROIs1158_spring_s2_31_p300,0.03713636472821236,0.024430561810731888,28.60401153564453,6.244767665863037,0.9308843612670898,0.32198333740234375
262,ROIs1158_spring_s2_31_p301,0.02964429371058941,0.020680315792560577,30.56117820739746,4.729385852813721,0.941354513168335,0.30747777223587036
263,ROIs1158_spring_s2_31_p302,0.03248615935444832,0.022671906277537346,29.766033172607422,5.0820465087890625,0.9374251961708069,0.2920108437538147
264,ROIs1158_spring_s2_31_p303,0.03539116680622101,0.025131596252322197,29.022104263305664,6.75298547744751,0.9004004001617432,0.35586240887641907
265,ROIs1158_spring_s2_31_p304,0.033768050372600555,0.02367992140352726,29.42987823486328,7.1799492835998535,0.8835114240646362,0.4074544310569763
266,ROIs1158_spring_s2_31_p305,0.03244590386748314,0.022183744236826897,29.776803970336914,5.583130359649658,0.9020771980285645,0.4146322011947632
267,ROIs1158_spring_s2_31_p306,0.035287465900182724,0.02295343391597271,29.047592163085938,4.989406585693359,0.914928138256073,0.38617074489593506
268,ROIs1158_spring_s2_31_p307,0.030361071228981018,0.019597096368670464,30.35365867614746,4.2730326652526855,0.9300264120101929,0.3465932607650757
269,ROIs1158_spring_s2_31_p308,0.023262936621904373,0.017287395894527435,32.666709899902344,3.922557830810547,0.9401742219924927,0.3061998188495636
270,ROIs1158_spring_s2_31_p309,0.025622740387916565,0.019364045932888985,31.82748794555664,4.218960762023926,0.9414117932319641,0.2809106707572937
271,ROIs1158_spring_s2_31_p310,0.031493980437517166,0.02238457091152668,30.035449981689453,4.753255844116211,0.9407132267951965,0.2899707555770874
272,ROIs1158_spring_s2_31_p311,0.030716823413968086,0.02164018712937832,30.252473831176758,4.672623634338379,0.9376706480979919,0.2983570694923401
273,ROIs1158_spring_s2_31_p312,0.026069216430187225,0.018757421523332596,31.677440643310547,4.360206604003906,0.9400737285614014,0.2960459589958191
274,ROIs1158_spring_s2_31_p313,0.027118604630231857,0.019522741436958313,31.334651947021484,4.4059319496154785,0.9408556222915649,0.28200623393058777
275,ROIs1158_spring_s2_31_p314,0.02676667831838131,0.019440995529294014,31.448108673095703,4.4093804359436035,0.9389045238494873,0.27622175216674805
276,ROIs1158_spring_s2_31_p315,0.022873420268297195,0.01671842858195305,32.813377380371094,3.9892029762268066,0.9400522708892822,0.2870912253856659
277,ROIs1158_spring_s2_31_p316,0.022594405338168144,0.016365012153983116,32.91998291015625,3.8646352291107178,0.940390408039093,0.2734062373638153
278,ROIs1158_spring_s2_31_p317,0.022319694980978966,0.01621018350124359,33.0262336730957,3.955134391784668,0.9395343065261841,0.25830814242362976
279,ROIs1158_spring_s2_31_p318,0.025003107264637947,0.017601149156689644,32.04011917114258,4.303083896636963,0.939688503742218,0.26640796661376953
280,ROIs1158_spring_s2_31_p320,0.04307568445801735,0.02504674345254898,27.315357208251953,8.339912414550781,0.8847589492797852,0.4121890962123871
281,ROIs1158_spring_s2_31_p321,0.03924267739057541,0.0230329018086195,28.124828338623047,7.878718376159668,0.8790311813354492,0.440071702003479
282,ROIs1158_spring_s2_31_p322,0.03532254695892334,0.022891676053404808,29.03896141052246,7.985877513885498,0.8969196677207947,0.4422585070133209
283,ROIs1158_spring_s2_31_p323,0.03593875467777252,0.024555876851081848,28.88873863220215,8.064689636230469,0.9152551889419556,0.4176355004310608
284,ROIs1158_spring_s2_31_p324,0.03456436097621918,0.023799387738108635,29.227428436279297,7.489783763885498,0.9212175011634827,0.38134753704071045
285,ROIs1158_spring_s2_31_p325,0.03390711918473244,0.023309286683797836,29.394184112548828,6.888132095336914,0.9272576570510864,0.34489718079566956
286,ROIs1158_spring_s2_31_p326,0.030800478532910347,0.02108181081712246,30.228851318359375,6.230599880218506,0.9364237785339355,0.3380052447319031
287,ROIs1158_spring_s2_31_p327,0.030782189220190048,0.02081848867237568,30.234010696411133,6.769573211669922,0.938389003276825,0.35452985763549805
288,ROIs1158_spring_s2_31_p328,0.03392300009727478,0.022422561421990395,29.39011573791504,6.6766438484191895,0.9360766410827637,0.31962648034095764
289,ROIs1158_spring_s2_31_p329,0.031975820660591125,0.021589212119579315,29.903566360473633,5.253352642059326,0.9373541474342346,0.2920263409614563
290,ROIs1158_spring_s2_31_p330,0.030464941635727882,0.0212270375341177,30.323993682861328,4.572821140289307,0.9424967169761658,0.26143312454223633
291,ROIs1158_spring_s2_31_p331,0.03327738121151924,0.023328281939029694,29.557018280029297,5.180901527404785,0.9386724233627319,0.27617594599723816
292,ROIs1158_spring_s2_31_p332,0.031302668154239655,0.022579116746783257,30.088375091552734,6.141607284545898,0.9244840145111084,0.3617326021194458
293,ROIs1158_spring_s2_31_p333,0.03051670640707016,0.021404368802905083,30.309247970581055,6.574810981750488,0.9092170000076294,0.420615017414093
294,ROIs1158_spring_s2_31_p334,0.0400737002491951,0.024262964725494385,27.942811965942383,5.917038917541504,0.8974818587303162,0.41489672660827637
295,ROIs1158_spring_s2_31_p335,0.04769330471754074,0.026623273268342018,26.43085289001465,5.543971538543701,0.8879989385604858,0.39298704266548157
296,ROIs1158_spring_s2_31_p336,0.038330934941768646,0.02255246415734291,28.329011917114258,4.924050331115723,0.905030369758606,0.3544926941394806
297,ROIs1158_spring_s2_31_p337,0.025012992322444916,0.017614567652344704,32.036685943603516,4.048399925231934,0.9385104775428772,0.3131612539291382
298,ROIs1158_spring_s2_31_p338,0.023403901606798172,0.017429810017347336,32.614234924316406,4.034642219543457,0.9427221417427063,0.26026225090026855
299,ROIs1158_spring_s2_31_p339,0.02637185901403427,0.019248172640800476,31.577186584472656,4.144726276397705,0.9410549402236938,0.27756741642951965
300,ROIs1158_spring_s2_31_p340,0.028985152021050453,0.02054654248058796,30.756488800048828,4.4102067947387695,0.938093900680542,0.302593469619751
301,ROIs1158_spring_s2_31_p341,0.027752473950386047,0.019610192626714706,31.13396644592285,4.691476345062256,0.9401867389678955,0.2793296277523041
302,ROIs1158_spring_s2_31_p342,0.02638523280620575,0.01885068044066429,31.57278060913086,4.641092300415039,0.9403058290481567,0.2601674795150757
303,ROIs1158_spring_s2_31_p343,0.02612997591495514,0.01931801252067089,31.6572208404541,4.540801048278809,0.9372700452804565,0.27716535329818726
304,ROIs1158_spring_s2_31_p344,0.025387946516275406,0.018575171008706093,31.907447814941406,4.236711025238037,0.9380696415901184,0.2816418409347534
305,ROIs1158_spring_s2_31_p345,0.02625214494764805,0.01868440769612789,31.6167049407959,4.179494380950928,0.9388455152511597,0.2862236499786377
306,ROIs1158_spring_s2_31_p346,0.027082839980721474,0.018954699859023094,31.346115112304688,4.2029547691345215,0.9387402534484863,0.29882895946502686
307,ROIs1158_spring_s2_31_p347,0.029504256322979927,0.02042526565492153,30.602306365966797,4.789881706237793,0.9384011030197144,0.2758895754814148
308,ROIs1158_spring_s2_31_p349,0.04507685825228691,0.027805814519524574,26.920927047729492,8.319281578063965,0.8890972137451172,0.3877744674682617
309,ROIs1158_spring_s2_31_p350,0.04682466387748718,0.029001448303461075,26.59050750732422,8.8323392868042,0.879570484161377,0.4004010558128357
310,ROIs1158_spring_s2_31_p351,0.04529599845409393,0.02941122092306614,26.878803253173828,9.454188346862793,0.8976241946220398,0.4045715630054474
311,ROIs1158_spring_s2_31_p352,0.03990449011325836,0.026721583679318428,27.97956657409668,8.564347267150879,0.9214699268341064,0.3700944185256958
312,ROIs1158_spring_s2_31_p353,0.03422842547297478,0.022799013182520866,29.31226348876953,7.017045974731445,0.9341331720352173,0.33695659041404724
313,ROIs1158_spring_s2_31_p354,0.033480219542980194,0.02232828177511692,29.504234313964844,6.796988010406494,0.9354257583618164,0.3434675633907318
314,ROIs1158_spring_s2_31_p355,0.030727380886673927,0.020939050242304802,30.24949073791504,6.349555015563965,0.9410133361816406,0.31702062487602234
315,ROIs1158_spring_s2_31_p356,0.028857475146651268,0.019990725442767143,30.794832229614258,6.053130149841309,0.9468013644218445,0.29943767189979553
316,ROIs1158_spring_s2_31_p357,0.029590703547000885,0.020552603527903557,30.576894760131836,5.630615711212158,0.9458506107330322,0.2802170515060425
317,ROIs1158_spring_s2_31_p358,0.03009587712585926,0.020975643768906593,30.429861068725586,4.952035427093506,0.944624662399292,0.2617610692977905
318,ROIs1158_spring_s2_31_p359,0.030378982424736023,0.021219713613390923,30.34853744506836,4.517462253570557,0.9450013637542725,0.2701238989830017
319,ROIs1158_spring_s2_31_p360,0.03143966197967529,0.02217613346874714,30.050445556640625,4.938087463378906,0.9385257959365845,0.3089241683483124
320,ROIs1158_spring_s2_31_p361,0.033649567514657974,0.02257770299911499,29.460411071777344,5.707925319671631,0.9234662055969238,0.38026949763298035
321,ROIs1158_spring_s2_31_p362,0.03641592711210251,0.02296305261552334,28.774173736572266,5.967769622802734,0.906097412109375,0.4288102686405182
322,ROIs1158_spring_s2_31_p363,0.042708419263362885,0.02583283558487892,27.389732360839844,5.932523727416992,0.8924863338470459,0.42697376012802124
323,ROIs1158_spring_s2_31_p364,0.05237029492855072,0.030901558697223663,25.618301391601562,5.979710578918457,0.8774963617324829,0.41446977853775024
324,ROIs1158_spring_s2_31_p365,0.046165090054273605,0.02783186174929142,26.713726043701172,5.150036334991455,0.8933013677597046,0.37776124477386475
325,ROIs1158_spring_s2_31_p366,0.02749049849808216,0.018633436411619186,31.216346740722656,4.1433491706848145,0.9330147504806519,0.34741073846817017
326,ROIs1158_spring_s2_31_p367,0.02301092818379402,0.0161838810890913,32.761314392089844,3.8066372871398926,0.9444079399108887,0.2878681421279907
327,ROIs1158_spring_s2_31_p368,0.024814067408442497,0.017531024292111397,32.106040954589844,4.0058488845825195,0.9465904831886292,0.27960094809532166
328,ROIs1158_spring_s2_31_p369,0.02855430170893669,0.019987812265753746,30.886571884155273,4.576503276824951,0.943746030330658,0.28669387102127075
329,ROIs1158_spring_s2_31_p370,0.028858743607997894,0.02001529559493065,30.794450759887695,4.729454040527344,0.943726122379303,0.2573566138744354
330,ROIs1158_spring_s2_31_p371,0.02398097887635231,0.016815081238746643,32.40266418457031,4.485456466674805,0.9447071552276611,0.23829632997512817
331,ROIs1158_spring_s2_31_p372,0.024454649537801743,0.017463546246290207,32.23277282714844,4.496959686279297,0.942570149898529,0.2598783075809479
332,ROIs1158_spring_s2_31_p373,0.027397433295845985,0.019524721428751945,31.24580192565918,4.571002006530762,0.9406393766403198,0.2738351821899414
333,ROIs1158_spring_s2_31_p374,0.028752267360687256,0.02021639235317707,30.82655906677246,4.433181285858154,0.9403120279312134,0.26844459772109985
334,ROIs1158_spring_s2_31_p375,0.03135167807340622,0.02173883654177189,30.074785232543945,4.795007705688477,0.9405997395515442,0.2741047143936157
335,ROIs1158_spring_s2_31_p376,0.031685132533311844,0.02194581739604473,29.98288917541504,5.1455512046813965,0.9400789737701416,0.26041749119758606
336,ROIs1158_spring_s2_31_p378,0.050812408328056335,0.0318935364484787,25.880605697631836,8.746929168701172,0.8676509857177734,0.41250288486480713
337,ROIs1158_spring_s2_31_p379,0.04997219890356064,0.031314630061388016,26.02543067932129,9.076224327087402,0.885508120059967,0.3662400245666504
338,ROIs1158_spring_s2_31_p380,0.045119766145944595,0.02865111455321312,26.91266632080078,8.502303123474121,0.9140820503234863,0.3550688624382019
339,ROIs1158_spring_s2_31_p381,0.03916671499609947,0.025368593633174896,28.141658782958984,7.476486682891846,0.9292559623718262,0.3532264828681946
340,ROIs1158_spring_s2_31_p382,0.034281402826309204,0.022552186623215675,29.298830032348633,6.805709362030029,0.9340936541557312,0.3554120659828186
341,ROIs1158_spring_s2_31_p383,0.03379504382610321,0.021895119920372963,29.422941207885742,6.500850677490234,0.9295755624771118,0.3642957806587219
342,ROIs1158_spring_s2_31_p384,0.030488833785057068,0.020158231258392334,30.317184448242188,5.799152374267578,0.9316802024841309,0.3270263075828552
343,ROIs1158_spring_s2_31_p385,0.027573086321353912,0.019218062981963158,31.190292358398438,5.15376615524292,0.9416128396987915,0.29982995986938477
344,ROIs1158_spring_s2_31_p386,0.027125835418701172,0.019094988703727722,31.332338333129883,4.832244873046875,0.9445534348487854,0.2684655785560608
345,ROIs1158_spring_s2_31_p387,0.02949434146285057,0.02078448049724102,30.605228424072266,4.842763423919678,0.9430165886878967,0.25124621391296387
346,ROIs1158_spring_s2_31_p388,0.03193261846899986,0.022372936829924583,29.915311813354492,4.699819087982178,0.9424518346786499,0.2990378737449646
347,ROIs1158_spring_s2_31_p389,0.029931936413049698,0.021012956276535988,30.47730255126953,4.77907133102417,0.94017094373703,0.32114163041114807
348,ROIs1158_spring_s2_31_p390,0.03145819902420044,0.020851382985711098,30.04532241821289,4.775574684143066,0.9272251129150391,0.34321171045303345
349,ROIs1158_spring_s2_31_p391,0.03409717604517937,0.021321512758731842,29.34563446044922,4.830343723297119,0.9137159585952759,0.3639054298400879
350,ROIs1158_spring_s2_31_p392,0.03210875764489174,0.022062677890062332,29.86753273010254,5.128043174743652,0.9103460311889648,0.3595201373100281
351,ROIs1158_spring_s2_31_p393,0.04048963263630867,0.0269459281116724,27.853124618530273,5.288942337036133,0.9103890657424927,0.36710065603256226
352,ROIs1158_spring_s2_31_p394,0.04159760847687721,0.02685977891087532,27.618633270263672,4.862095355987549,0.9188454151153564,0.3396552801132202
353,ROIs1158_spring_s2_31_p395,0.030885888263583183,0.020920541137456894,30.20479965209961,4.557506561279297,0.934699535369873,0.3007420003414154
354,ROIs1158_spring_s2_31_p396,0.028366126120090485,0.019443193450570107,30.944000244140625,4.469564437866211,0.9412204027175903,0.2820611298084259
355,ROIs1158_spring_s2_31_p397,0.028511252254247665,0.01980295218527317,30.899673461914062,4.708763599395752,0.9437879323959351,0.2720697224140167
356,ROIs1158_spring_s2_31_p398,0.02878130041062832,0.020228633657097816,30.817790985107422,4.871901512145996,0.9443447589874268,0.2658730745315552
357,ROIs1158_spring_s2_31_p399,0.027880797162652016,0.019496921449899673,31.093894958496094,4.603922367095947,0.9453115463256836,0.263222873210907
358,ROIs1158_spring_s2_31_p400,0.02412240020930767,0.016639897599816322,32.35158920288086,4.454843997955322,0.9478319883346558,0.23281855881214142
359,ROIs1158_spring_s2_31_p401,0.026062343269586563,0.01786581613123417,31.679729461669922,4.8179240226745605,0.9472081661224365,0.2255963832139969
360,ROIs1158_spring_s2_31_p402,0.030522484332323074,0.021044641733169556,30.307601928710938,4.9504852294921875,0.9434143900871277,0.233796164393425
361,ROIs1158_spring_s2_31_p403,0.03202676400542259,0.022066984325647354,29.889738082885742,4.909777641296387,0.9425052404403687,0.2316121608018875
362,ROIs1158_spring_s2_31_p404,0.03275246545672417,0.022733772173523903,29.695119857788086,5.262698650360107,0.9431287050247192,0.2214246243238449
363,ROIs1158_spring_s2_31_p405,0.03141554072499275,0.021908853203058243,30.057109832763672,5.407524108886719,0.9421777129173279,0.2358081191778183
364,ROIs1158_spring_s2_31_p407,0.04772325977683067,0.03002997860312462,26.425399780273438,8.96342945098877,0.8811682462692261,0.40008583664894104
365,ROIs1158_spring_s2_31_p408,0.040846411138772964,0.02567586675286293,27.77692413330078,7.943755149841309,0.924917459487915,0.33097103238105774
366,ROIs1158_spring_s2_31_p409,0.036923568695783615,0.024088365957140923,28.653928756713867,7.481192588806152,0.9333188533782959,0.34339505434036255
367,ROIs1158_spring_s2_31_p410,0.03818691149353981,0.024743208661675453,28.361709594726562,7.506948947906494,0.9303137063980103,0.35974037647247314
368,ROIs1158_spring_s2_31_p411,0.034813880920410156,0.02306646667420864,29.164953231811523,6.63902473449707,0.9357728958129883,0.34235215187072754
369,ROIs1158_spring_s2_31_p412,0.03335947543382645,0.02222893014550209,29.53561782836914,6.357450008392334,0.9336060285568237,0.3418397009372711
370,ROIs1158_spring_s2_31_p413,0.032304052263498306,0.02121983841061592,29.814861297607422,6.364831447601318,0.9330005049705505,0.3487502932548523
371,ROIs1158_spring_s2_31_p414,0.027471385896205902,0.01874092034995556,31.222389221191406,5.488838195800781,0.9364436268806458,0.32947564125061035
372,ROIs1158_spring_s2_31_p415,0.02284470573067665,0.016808057203888893,32.82429122924805,4.4085845947265625,0.9349095821380615,0.3025370240211487
373,ROIs1158_spring_s2_31_p416,0.026434723287820816,0.01947302557528019,31.556503295898438,4.373302459716797,0.9366552829742432,0.2722100615501404
374,ROIs1158_spring_s2_31_p417,0.028600476682186127,0.020330002531409264,30.872533798217773,4.383225440979004,0.9398220777511597,0.29841604828834534
375,ROIs1158_spring_s2_31_p418,0.026518531143665314,0.01916402019560337,31.529010772705078,4.401463031768799,0.9383231401443481,0.28722018003463745
376,ROIs1158_spring_s2_31_p419,0.024162381887435913,0.017945675179362297,32.33720397949219,4.346436023712158,0.9361703395843506,0.28523775935173035
377,ROIs1158_spring_s2_31_p420,0.026190411299467087,0.018733419477939606,31.63715362548828,4.352912902832031,0.9380141496658325,0.28098833560943604
378,ROIs1158_spring_s2_31_p421,0.03045545145869255,0.02144007198512554,30.326698303222656,4.787120819091797,0.9383629560470581,0.25443321466445923
379,ROIs1158_spring_s2_31_p422,0.03387708216905594,0.02355434000492096,29.401878356933594,4.871309757232666,0.9392674565315247,0.28237059712409973
380,ROIs1158_spring_s2_31_p423,0.034180957823991776,0.023417361080646515,29.324317932128906,4.9672980308532715,0.9407408833503723,0.2703889012336731
381,ROIs1158_spring_s2_31_p424,0.030204301699995995,0.02073904685676098,30.398624420166016,4.572479724884033,0.941960871219635,0.2652883529663086
382,ROIs1158_spring_s2_31_p425,0.02744165062904358,0.01923193223774433,31.231794357299805,4.437649726867676,0.9403441548347473,0.28241536021232605
383,ROIs1158_spring_s2_31_p426,0.02875327877700329,0.020242052152752876,30.826251983642578,4.815093040466309,0.9393151998519897,0.2748091220855713
384,ROIs1158_spring_s2_31_p427,0.028586959466338158,0.02011249214410782,30.87664031982422,4.663595199584961,0.9411638975143433,0.28325265645980835
385,ROIs1158_spring_s2_31_p428,0.028066076338291168,0.019697418436408043,31.036365509033203,4.444502830505371,0.9429260492324829,0.286909818649292
386,ROIs1158_spring_s2_31_p429,0.029865292832255363,0.020654844120144844,30.49666404724121,4.8612751960754395,0.945051908493042,0.2530428171157837
387,ROIs1158_spring_s2_31_p430,0.03230517730116844,0.022472942247986794,29.814558029174805,5.4327802658081055,0.943600594997406,0.2122073769569397
388,ROIs1158_spring_s2_31_p431,0.033980078995227814,0.023676661774516106,29.375513076782227,5.387423038482666,0.9418734908103943,0.23238512873649597
389,ROIs1158_spring_s2_31_p432,0.03454646095633507,0.023877136409282684,29.231929779052734,5.2537055015563965,0.939226508140564,0.25577443838119507
390,ROIs1158_spring_s2_31_p433,0.030452247709035873,0.020807601511478424,30.32761001586914,5.014639854431152,0.9404152631759644,0.24012580513954163
391,ROIs1158_spring_s2_31_p434,0.027672233060002327,0.019291140139102936,31.159116744995117,4.994919776916504,0.9423555135726929,0.24452339112758636
392,ROIs1158_spring_s2_31_p436,0.03496703878045082,0.02351853996515274,29.12682342529297,7.52871561050415,0.9250360727310181,0.36176982522010803
393,ROIs1158_spring_s2_31_p437,0.032326456159353256,0.02194942533969879,29.808837890625,6.522517681121826,0.9429221153259277,0.28555941581726074
394,ROIs1158_spring_s2_31_p438,0.033469878137111664,0.022519707679748535,29.506919860839844,6.930976867675781,0.9385426044464111,0.303897500038147
395,ROIs1158_spring_s2_31_p439,0.038207512348890305,0.024938616901636124,28.357025146484375,7.758044242858887,0.9328764081001282,0.3497336804866791
396,ROIs1158_spring_s2_31_p440,0.035452987998723984,0.023450234904885292,29.006942749023438,7.054420471191406,0.9351280927658081,0.35141056776046753
397,ROIs1158_spring_s2_31_p441,0.03076965920627117,0.02132972702383995,30.237548828125,6.55785608291626,0.9397497177124023,0.3440093398094177
398,ROIs1158_spring_s2_31_p442,0.030814871191978455,0.021282430738210678,30.22479248046875,6.713030815124512,0.9431542158126831,0.32766157388687134
399,ROIs1158_spring_s2_31_p443,0.028971398249268532,0.01989828608930111,30.76061248779297,6.001433372497559,0.9363556504249573,0.3209814429283142
400,ROIs1158_spring_s2_31_p444,0.026844369247555733,0.018931791186332703,31.422937393188477,4.743731498718262,0.934814453125,0.31833383440971375
401,ROIs1158_spring_s2_31_p445,0.02946837805211544,0.020680075511336327,30.612876892089844,4.59691858291626,0.9400233626365662,0.27146121859550476
402,ROIs1158_spring_s2_31_p446,0.028725091367959976,0.01995793543756008,30.83477210998535,4.436694145202637,0.9395948648452759,0.2751171886920929
403,ROIs1158_spring_s2_31_p447,0.028012344613671303,0.019722256809473038,31.053010940551758,4.47507905960083,0.9372825622558594,0.27549561858177185
404,ROIs1158_spring_s2_31_p448,0.02770707942545414,0.01980745419859886,31.14818572998047,4.417826175689697,0.9351778030395508,0.2942811846733093
405,ROIs1158_spring_s2_31_p449,0.02887221798300743,0.020153267309069633,30.79039764404297,4.3082780838012695,0.9373025894165039,0.30817607045173645
406,ROIs1158_spring_s2_31_p450,0.033217903226614,0.022752918303012848,29.572555541992188,4.94639778137207,0.9385485649108887,0.26964104175567627
407,ROIs1158_spring_s2_31_p451,0.03385263308882713,0.023161018267273903,29.40814971923828,5.000047206878662,0.9407325387001038,0.2678804397583008
408,ROIs1158_spring_s2_31_p452,0.03162093088030815,0.021717876195907593,30.000507354736328,4.692159175872803,0.9426751136779785,0.2914094030857086
409,ROIs1158_spring_s2_31_p453,0.028232932090759277,0.019760413095355034,30.984880447387695,4.1530256271362305,0.9423798322677612,0.30034080147743225
410,ROIs1158_spring_s2_31_p454,0.02673536166548729,0.018940716981887817,31.458280563354492,4.302855968475342,0.9385052919387817,0.298611581325531
411,ROIs1158_spring_s2_31_p455,0.030180219560861588,0.021177446469664574,30.40555191040039,4.912230491638184,0.9367936849594116,0.29739218950271606
412,ROIs1158_spring_s2_31_p456,0.03180336952209473,0.022148434072732925,29.950538635253906,4.989553928375244,0.9390454888343811,0.30264660716056824
413,ROIs1158_spring_s2_31_p457,0.029816759750247,0.020852217450737953,30.51078987121582,4.6735453605651855,0.9407867789268494,0.29675933718681335
414,ROIs1158_spring_s2_31_p458,0.03020366095006466,0.021052947267889977,30.398807525634766,4.687755107879639,0.9425832629203796,0.28071820735931396
415,ROIs1158_spring_s2_31_p459,0.029687952250242233,0.02060125581920147,30.548397064208984,4.784181118011475,0.9426755905151367,0.24781373143196106
416,ROIs1158_spring_s2_31_p460,0.031497109681367874,0.0218285471200943,30.034587860107422,4.927255630493164,0.9414485096931458,0.276236891746521
417,ROIs1158_spring_s2_31_p461,0.033341675996780396,0.02310909330844879,29.540252685546875,4.875610828399658,0.9378867149353027,0.29905974864959717
418,ROIs1158_spring_s2_31_p462,0.030224284157156944,0.02077113278210163,30.392879486083984,4.888595104217529,0.9391217231750488,0.2571711540222168
419,ROIs1158_spring_s2_31_p463,0.0267866849899292,0.01879030466079712,31.441619873046875,4.987040042877197,0.9413739442825317,0.24125812947750092
420,ROIs1158_spring_s2_31_p465,0.03795706108212471,0.02387954294681549,28.41415023803711,8.06824779510498,0.9208067655563354,0.36988627910614014
421,ROIs1158_spring_s2_31_p466,0.03242519125342369,0.021751821041107178,29.782350540161133,6.786129474639893,0.9335012435913086,0.3372916877269745
422,ROIs1158_spring_s2_31_p467,0.032394226640462875,0.02184436097741127,29.790647506713867,6.7067790031433105,0.9370156526565552,0.3276683986186981
423,ROIs1158_spring_s2_31_p468,0.03246279060840607,0.021665120497345924,29.77228355407715,6.613370895385742,0.938852846622467,0.3351156711578369
424,ROIs1158_spring_s2_31_p469,0.030803659930825233,0.020718591287732124,30.227951049804688,6.628244876861572,0.9407238960266113,0.3432191014289856
425,ROIs1158_spring_s2_31_p470,0.03062215819954872,0.021285278722643852,30.27928352355957,7.114871978759766,0.944435715675354,0.3347756266593933
426,ROIs1158_spring_s2_31_p471,0.031392764300107956,0.021928749978542328,30.06340980529785,7.320016860961914,0.9462785720825195,0.3147035539150238
427,ROIs1158_spring_s2_31_p472,0.03224319964647293,0.02226703055202961,29.831239700317383,6.354529857635498,0.9365039467811584,0.3122549057006836
428,ROIs1158_spring_s2_31_p473,0.029797513037919998,0.020658889785408974,30.516399383544922,4.898614883422852,0.9370495080947876,0.31089869141578674
429,ROIs1158_spring_s2_31_p474,0.028829261660575867,0.019833896309137344,30.803329467773438,4.492506504058838,0.9433028101921082,0.277365505695343
430,ROIs1158_spring_s2_31_p475,0.028429225087165833,0.01939745806157589,30.924699783325195,4.495387077331543,0.9417507648468018,0.2579500377178192
431,ROIs1158_spring_s2_31_p476,0.02917158603668213,0.019966617226600647,30.70079803466797,4.431188106536865,0.9389613270759583,0.2728506922721863
432,ROIs1158_spring_s2_31_p477,0.03021877631545067,0.020936300978064537,30.394460678100586,4.421078681945801,0.9385146498680115,0.28375500440597534
433,ROIs1158_spring_s2_31_p478,0.02889021299779415,0.020221270620822906,30.78498649597168,4.193565845489502,0.9400322437286377,0.30550628900527954
434,ROIs1158_spring_s2_31_p479,0.031491976231336594,0.021708223968744278,30.03600311279297,4.5971221923828125,0.9405224323272705,0.27281454205513
435,ROIs1158_spring_s2_31_p480,0.032979417592287064,0.022713694721460342,29.635141372680664,4.895169734954834,0.9386014938354492,0.27148115634918213
436,ROIs1158_spring_s2_31_p481,0.02899545431137085,0.020261434838175774,30.753402709960938,4.464550018310547,0.9394159317016602,0.30277732014656067
437,ROIs1158_spring_s2_31_p482,0.027278143912553787,0.019436508417129517,31.283702850341797,4.261168956756592,0.9403615593910217,0.30452123284339905
438,ROIs1158_spring_s2_31_p483,0.02812914550304413,0.019674915820360184,31.01686668395996,4.430088996887207,0.9393514394760132,0.3061538338661194
439,ROIs1158_spring_s2_31_p484,0.02990550361573696,0.020998774096369743,30.48497772216797,4.8221116065979,0.9375276565551758,0.310352623462677
440,ROIs1158_spring_s2_31_p485,0.03008619137108326,0.02120342291891575,30.432659149169922,4.798820495605469,0.9388034343719482,0.2904083728790283
441,ROIs1158_spring_s2_31_p486,0.029505189508199692,0.020829059183597565,30.602033615112305,4.723729133605957,0.9379758834838867,0.29259175062179565
442,ROIs1158_spring_s2_31_p487,0.029168227687478065,0.020506078377366066,30.701799392700195,4.610501289367676,0.93967205286026,0.296191930770874
443,ROIs1158_spring_s2_31_p488,0.029509495943784714,0.020525822415947914,30.600765228271484,4.681001663208008,0.9403685331344604,0.2757169008255005
444,ROIs1158_spring_s2_31_p489,0.029604455456137657,0.020524432882666588,30.572860717773438,4.64722204208374,0.9392645359039307,0.287050724029541
445,ROIs1158_spring_s2_31_p490,0.027629343792796135,0.01925857923924923,31.172588348388672,4.508184432983398,0.9399974346160889,0.29359641671180725
446,ROIs1158_spring_s2_31_p491,0.027496589347720146,0.01944853737950325,31.21442413330078,4.763516426086426,0.9426730275154114,0.27025526762008667
447,ROIs1158_spring_s2_31_p492,0.027818655595183372,0.019803037866950035,31.113279342651367,5.065291881561279,0.9435322284698486,0.2626885771751404
448,ROIs1158_spring_s2_31_p494,0.0468062162399292,0.028616594150662422,26.593929290771484,9.561258316040039,0.8793095350265503,0.4022969901561737
449,ROIs1158_spring_s2_31_p495,0.041926153004169464,0.026252318173646927,27.5502986907959,8.28046703338623,0.8985326886177063,0.3893474340438843
450,ROIs1158_spring_s2_31_p496,0.03311166167259216,0.021889768540859222,29.60038185119629,6.461146831512451,0.9305227994918823,0.35037797689437866
451,ROIs1158_spring_s2_31_p497,0.036006730049848557,0.023192351683974266,28.87232780456543,6.5982818603515625,0.9316092133522034,0.3161303997039795
452,ROIs1158_spring_s2_31_p498,0.0363103486597538,0.023622585460543633,28.79939079284668,6.886614799499512,0.9324951171875,0.2955210506916046
453,ROIs1158_spring_s2_31_p499,0.03356330096721649,0.023358354344964027,29.482707977294922,7.56833028793335,0.9453969597816467,0.2890886068344116
454,ROIs1158_spring_s2_31_p500,0.032447341829538345,0.022704964503645897,29.776418685913086,7.968442440032959,0.949671745300293,0.2809194326400757
455,ROIs1158_spring_s2_31_p501,0.03207212686538696,0.022257057949900627,29.877445220947266,6.63425350189209,0.9395124912261963,0.30354082584381104
456,ROIs1158_spring_s2_31_p502,0.0297008715569973,0.0206430833786726,30.54461669921875,4.8411335945129395,0.938579261302948,0.2990644574165344
457,ROIs1158_spring_s2_31_p503,0.02984144538640976,0.020649192854762077,30.503604888916016,4.670360088348389,0.9423396587371826,0.2736765146255493
458,ROIs1158_spring_s2_31_p504,0.028247004374861717,0.0195099376142025,30.98055076599121,4.619138240814209,0.9433138370513916,0.24133333563804626
459,ROIs1158_spring_s2_31_p505,0.02971045859158039,0.020573951303958893,30.541812896728516,4.594602584838867,0.9404574632644653,0.25429999828338623
460,ROIs1158_spring_s2_31_p506,0.029673229902982712,0.020520078018307686,30.552703857421875,4.517286777496338,0.9399940967559814,0.25931987166404724
461,ROIs1158_spring_s2_31_p507,0.026737740263342857,0.0186261385679245,31.457504272460938,4.124743461608887,0.9421012997627258,0.27862313389778137
462,ROIs1158_spring_s2_31_p508,0.027463285252451897,0.019269993528723717,31.22494888305664,4.127209186553955,0.9405421018600464,0.2932049632072449
463,ROIs1158_spring_s2_31_p509,0.029129059985280037,0.020423609763383865,30.713470458984375,4.311030864715576,0.9373041391372681,0.2965761125087738
464,ROIs1158_spring_s2_31_p510,0.029218869283795357,0.02050129882991314,30.686731338500977,4.442422866821289,0.9373338222503662,0.300606906414032
465,ROIs1158_spring_s2_31_p511,0.030759908258914948,0.021419594064354897,30.240299224853516,4.664504051208496,0.9376355409622192,0.2866969108581543
466,ROIs1158_spring_s2_31_p512,0.028747819364070892,0.0199432335793972,30.827903747558594,4.523309230804443,0.9380953311920166,0.27745068073272705
467,ROIs1158_spring_s2_31_p513,0.028887789696455002,0.020324965938925743,30.785715103149414,4.698760986328125,0.9388985633850098,0.2923146188259125
468,ROIs1158_spring_s2_31_p514,0.029790541157126427,0.020984197035431862,30.518434524536133,4.721427917480469,0.9403396248817444,0.28168562054634094
469,ROIs1158_spring_s2_31_p515,0.027778996154665947,0.01971466839313507,31.125667572021484,4.533700942993164,0.9389750957489014,0.29516980051994324
470,ROIs1158_spring_s2_31_p516,0.026404928416013718,0.018601594492793083,31.566299438476562,4.467195987701416,0.939549446105957,0.29462507367134094
471,ROIs1158_spring_s2_31_p517,0.029113618656992912,0.020231660455465317,30.718076705932617,4.776822090148926,0.9402427077293396,0.2790236175060272
472,ROIs1158_spring_s2_31_p518,0.029463879764080048,0.020624130964279175,30.61420249938965,4.643281936645508,0.9389257431030273,0.2892647981643677
473,ROIs1158_spring_s2_31_p519,0.026479385793209076,0.018633687868714333,31.541841506958008,4.503179550170898,0.9415019750595093,0.27414292097091675
474,ROIs1158_spring_s2_31_p520,0.02568581886589527,0.0182156004011631,31.806129455566406,4.656656742095947,0.9442456960678101,0.26306718587875366
475,ROIs1158_spring_s2_31_p521,0.0257311649620533,0.01854190044105053,31.79081153869629,4.6463823318481445,0.943608283996582,0.295803427696228
476,ROIs1158_spring_s2_31_p523,0.04712311178445816,0.02923269383609295,26.535322189331055,9.316906929016113,0.8711243271827698,0.42409515380859375
477,ROIs1158_spring_s2_31_p524,0.047006331384181976,0.030248265713453293,26.556873321533203,8.030912399291992,0.8789655566215515,0.40044912695884705
478,ROIs1158_spring_s2_31_p525,0.040117379277944565,0.027059542015194893,27.933349609375,6.887807846069336,0.9118103384971619,0.36740386486053467
479,ROIs1158_spring_s2_31_p526,0.03777487576007843,0.02448134869337082,28.45594024658203,6.594772815704346,0.9223008155822754,0.334257036447525
480,ROIs1158_spring_s2_31_p527,0.03611590713262558,0.02301851660013199,28.846033096313477,6.714799880981445,0.9323811531066895,0.28595173358917236
481,ROIs1158_spring_s2_31_p528,0.030931176617741585,0.021272089332342148,30.19207000732422,7.0236005783081055,0.9515594840049744,0.2639943063259125
482,ROIs1158_spring_s2_31_p529,0.030151672661304474,0.0211100522428751,30.413772583007812,7.581860065460205,0.9523882865905762,0.2707884907722473
483,ROIs1158_spring_s2_31_p530,0.031054167076945305,0.021209441125392914,30.157602310180664,6.511851787567139,0.9415289759635925,0.30602318048477173
484,ROIs1158_spring_s2_31_p531,0.029009202495217323,0.0200918298214674,30.749282836914062,4.777798175811768,0.9389138221740723,0.3007800877094269
485,ROIs1158_spring_s2_31_p532,0.03091183304786682,0.02157539501786232,30.197505950927734,4.674630641937256,0.9428710341453552,0.27137884497642517
486,ROIs1158_spring_s2_31_p533,0.029487838968634605,0.02045196294784546,30.607139587402344,4.6554765701293945,0.9460325241088867,0.24539518356323242
487,ROIs1158_spring_s2_31_p534,0.031236769631505013,0.02175416797399521,30.106678009033203,4.740995407104492,0.9439228773117065,0.23965242505073547
488,ROIs1158_spring_s2_31_p535,0.030318956822156906,0.021216068416833878,30.36571502685547,4.514895915985107,0.9423410296440125,0.24992778897285461
489,ROIs1158_spring_s2_31_p536,0.027254341170191765,0.01914208196103573,31.29128646850586,4.204405784606934,0.9420831799507141,0.2741655707359314
490,ROIs1158_spring_s2_31_p537,0.02678917534649372,0.018888238817453384,31.440811157226562,4.093243598937988,0.9394980072975159,0.30081266164779663
491,ROIs1158_spring_s2_31_p538,0.027082253247499466,0.019126567989587784,31.346303939819336,4.055821895599365,0.9380822777748108,0.29149308800697327
492,ROIs1158_spring_s2_31_p539,0.02746908739209175,0.01925964653491974,31.223115921020508,4.34713888168335,0.9386214017868042,0.2959372401237488
493,ROIs1158_spring_s2_31_p540,0.028365792706608772,0.019768118858337402,30.944101333618164,4.570763111114502,0.9385532140731812,0.2778630256652832
494,ROIs1158_spring_s2_31_p541,0.027119187638163567,0.01893341913819313,31.3344669342041,4.343308925628662,0.9387699365615845,0.27481019496917725
495,ROIs1158_spring_s2_31_p542,0.028173305094242096,0.019475577399134636,31.003244400024414,4.572165012359619,0.9409913420677185,0.29035866260528564
496,ROIs1158_spring_s2_31_p543,0.030529042705893517,0.02096923254430294,30.305736541748047,4.820699214935303,0.9412161111831665,0.2922605872154236
497,ROIs1158_spring_s2_31_p544,0.025358786806464195,0.017635375261306763,31.917430877685547,4.378378868103027,0.9413756728172302,0.30163490772247314
498,ROIs1158_spring_s2_31_p545,0.021730715408921242,0.015429981984198093,33.258522033691406,4.189489841461182,0.9414194822311401,0.2771689295768738
499,ROIs1158_spring_s2_31_p546,0.025674890726804733,0.01784088835120201,31.80982780456543,4.467589378356934,0.9418284893035889,0.276934951543808
500,ROIs1158_spring_s2_31_p547,0.028742024675011635,0.02001270093023777,30.829654693603516,4.590167045593262,0.9411987066268921,0.3040306270122528
501,ROIs1158_spring_s2_31_p548,0.027543867006897926,0.01912732794880867,31.19950294494629,4.430413246154785,0.9431614279747009,0.2955254316329956
502,ROIs1158_spring_s2_31_p549,0.025510892271995544,0.01783720590174198,31.86548614501953,4.454931735992432,0.9458699822425842,0.28880932927131653
503,ROIs1158_spring_s2_31_p550,0.02592294290661812,0.01852094568312168,31.7263126373291,4.828718185424805,0.9446569681167603,0.2957957983016968
504,ROIs1158_spring_s2_31_p552,0.0388663075864315,0.02552301436662674,28.208534240722656,8.069986343383789,0.911872386932373,0.35866281390190125
505,ROIs1158_spring_s2_31_p553,0.042534179985523224,0.02786680869758129,27.42523956298828,6.9167046546936035,0.9000824689865112,0.37057799100875854
506,ROIs1158_spring_s2_31_p554,0.04660690575838089,0.031002072617411613,26.630992889404297,7.5067138671875,0.8951200246810913,0.3702680468559265
507,ROIs1158_spring_s2_31_p555,0.04496361315250397,0.029234813526272774,26.942777633666992,7.51759147644043,0.9068946838378906,0.33528250455856323
508,ROIs1158_spring_s2_31_p556,0.04231686890125275,0.027194462716579437,27.469730377197266,7.4590373039245605,0.9261125922203064,0.29450783133506775
509,ROIs1158_spring_s2_31_p557,0.03509150445461273,0.023625442758202553,29.095962524414062,7.0442304611206055,0.9460974931716919,0.2651596665382385
510,ROIs1158_spring_s2_31_p558,0.029796132817864418,0.02072339877486229,30.516803741455078,6.490353107452393,0.9514477849006653,0.2607743740081787
511,ROIs1158_spring_s2_31_p559,0.03037710301578045,0.020830845460295677,30.34907341003418,6.135493278503418,0.945045530796051,0.28842195868492126
512,ROIs1158_spring_s2_31_p560,0.02965315245091915,0.02062178961932659,30.558584213256836,4.998854160308838,0.9401830434799194,0.32104575634002686
513,ROIs1158_spring_s2_31_p561,0.029230693355202675,0.020621376112103462,30.68321990966797,4.245570182800293,0.9442011117935181,0.30581218004226685
514,ROIs1158_spring_s2_31_p562,0.029298339039087296,0.020564153790473938,30.66313934326172,4.403003692626953,0.9466702342033386,0.2652737498283386
515,ROIs1158_spring_s2_31_p563,0.03000781126320362,0.020956844091415405,30.45531463623047,4.4123945236206055,0.9447740316390991,0.2724258601665497
516,ROIs1158_spring_s2_31_p564,0.029346749186515808,0.02061571553349495,30.648801803588867,4.213204383850098,0.9432119727134705,0.27322131395339966
517,ROIs1158_spring_s2_31_p565,0.028481855988502502,0.019949931651353836,30.908634185791016,4.289631366729736,0.9408251047134399,0.25975483655929565
518,ROIs1158_spring_s2_31_p566,0.030327612534165382,0.0210141371935606,30.363237380981445,4.651669502258301,0.9405947327613831,0.25841793417930603
519,ROIs1158_spring_s2_31_p567,0.0283526461571455,0.019356220960617065,30.94812774658203,4.334769248962402,0.9406660199165344,0.25358426570892334
520,ROIs1158_spring_s2_31_p568,0.02610945887863636,0.01840159483253956,31.664043426513672,4.347785949707031,0.9381765127182007,0.27220815420150757
521,ROIs1158_spring_s2_31_p569,0.02443467080593109,0.01822451688349247,32.239871978759766,4.238861560821533,0.9353055953979492,0.3003980815410614
522,ROIs1158_spring_s2_31_p570,0.028223415836691856,0.020142491906881332,30.987808227539062,4.302676200866699,0.9371209740638733,0.2839556336402893
523,ROIs1158_spring_s2_31_p571,0.027459513396024704,0.018884453922510147,31.22614288330078,4.415369510650635,0.941190242767334,0.2883533537387848
524,ROIs1158_spring_s2_31_p572,0.025332534685730934,0.017455484718084335,31.92642593383789,4.193017959594727,0.9408708810806274,0.298322468996048
525,ROIs1158_spring_s2_31_p573,0.024966081604361534,0.01722942292690277,32.0529899597168,4.275905609130859,0.9408136606216431,0.29804742336273193
526,ROIs1158_spring_s2_31_p574,0.028275027871131897,0.019424859434366226,30.971939086914062,4.862128734588623,0.9406355619430542,0.2512659430503845
527,ROIs1158_spring_s2_31_p575,0.02909841760993004,0.020190225914120674,30.722614288330078,4.795822620391846,0.9384424090385437,0.2798771560192108
528,ROIs1158_spring_s2_31_p576,0.028201308101415634,0.01987941935658455,30.99461555480957,4.415310859680176,0.9384134411811829,0.31592094898223877
529,ROIs1158_spring_s2_31_p577,0.02635425329208374,0.018466373905539513,31.582984924316406,4.390242576599121,0.9417030811309814,0.3027411103248596
530,ROIs1158_spring_s2_31_p578,0.02514241635799408,0.01798241212964058,31.99186134338379,4.495211124420166,0.9412378072738647,0.31119728088378906
531,ROIs1158_spring_s2_31_p579,0.023498615249991417,0.01687159575521946,32.57915496826172,4.528214454650879,0.9431401491165161,0.2889305353164673
532,ROIs1158_spring_s2_31_p581,0.029627729207277298,0.020480629056692123,30.56603240966797,6.003425598144531,0.94446861743927,0.2996637225151062
533,ROIs1158_spring_s2_31_p582,0.03605496138334274,0.02343873493373394,28.860700607299805,6.384793758392334,0.9273597598075867,0.30485352873802185
534,ROIs1158_spring_s2_31_p583,0.04570351541042328,0.02926848642528057,26.801010131835938,7.740508079528809,0.9052376747131348,0.33515074849128723
535,ROIs1158_spring_s2_31_p584,0.046175651252269745,0.029476024210453033,26.711740493774414,7.892152786254883,0.9117262959480286,0.297878623008728
536,ROIs1158_spring_s2_31_p585,0.0396709218621254,0.025652863085269928,28.030555725097656,7.111645698547363,0.929599404335022,0.3001634478569031
537,ROIs1158_spring_s2_31_p586,0.03323465585708618,0.022487090900540352,29.568178176879883,6.222325801849365,0.9407235980033875,0.3095172941684723
538,ROIs1158_spring_s2_31_p587,0.032249815762043,0.022179024294018745,29.829456329345703,6.1663384437561035,0.9438413977622986,0.29162436723709106
539,ROIs1158_spring_s2_31_p588,0.029418768361210823,0.020188158378005028,30.62751007080078,5.935570240020752,0.9449170231819153,0.28559306263923645
540,ROIs1158_spring_s2_31_p589,0.030665619298815727,0.021321836858987808,30.266963958740234,5.242660999298096,0.9425187706947327,0.2772595286369324
541,ROIs1158_spring_s2_31_p590,0.02987269125878811,0.021118836477398872,30.494510650634766,4.419509410858154,0.9426119923591614,0.29338347911834717
542,ROIs1158_spring_s2_31_p591,0.029629148542881012,0.020849475637078285,30.565614700317383,4.4547319412231445,0.9449474811553955,0.2827962636947632
543,ROIs1158_spring_s2_31_p592,0.030042866244912148,0.02094479463994503,30.445173263549805,4.423644542694092,0.9450279474258423,0.2797941267490387
544,ROIs1158_spring_s2_31_p593,0.028064444661140442,0.0194393340498209,31.0368709564209,4.171801567077637,0.9446374177932739,0.28115713596343994
545,ROIs1158_spring_s2_31_p594,0.028519023209810257,0.019621489569544792,30.897308349609375,4.328271865844727,0.9423726201057434,0.2694232165813446
546,ROIs1158_spring_s2_31_p595,0.027186457067728043,0.01886395364999771,31.312946319580078,4.4579925537109375,0.9422692656517029,0.2565346360206604
547,ROIs1158_spring_s2_31_p596,0.026347897946834564,0.018489249050617218,31.5850830078125,4.514163970947266,0.9411913752555847,0.23810528218746185
548,ROIs1158_spring_s2_31_p597,0.023776721209287643,0.017110485583543777,32.47696304321289,4.115815162658691,0.9392285346984863,0.26113709807395935
549,ROIs1158_spring_s2_31_p598,0.025167817249894142,0.018345803022384644,31.983089447021484,4.07216215133667,0.9373354911804199,0.30176490545272827
550,ROIs1158_spring_s2_31_p599,0.032350603491067886,0.02256133034825325,29.802352905273438,4.657346248626709,0.9364559650421143,0.2863174080848694
551,ROIs1158_spring_s2_31_p600,0.027722464874386787,0.018924156203866005,31.143362045288086,4.306845188140869,0.939697802066803,0.28537604212760925
552,ROIs1158_spring_s2_31_p601,0.017609773203730583,0.012867794372141361,35.08492660522461,3.8315951824188232,0.9414429068565369,0.2992252707481384
553,ROIs1158_spring_s2_31_p602,0.02234547771513462,0.015639059245586395,33.01620864868164,4.116720676422119,0.9407563209533691,0.27156925201416016
554,ROIs1158_spring_s2_31_p603,0.030069634318351746,0.021163418889045715,30.437435150146484,5.103153705596924,0.9395805597305298,0.2508070468902588
555,ROIs1158_spring_s2_31_p604,0.0321127325296402,0.02254028059542179,29.866456985473633,5.2148518562316895,0.9360111951828003,0.28798362612724304
556,ROIs1158_spring_s2_31_p605,0.02959979884326458,0.02079745940864086,30.5742244720459,4.631870269775391,0.9366621971130371,0.31658828258514404
557,ROIs1158_spring_s2_31_p606,0.02633296698331833,0.018553856760263443,31.590003967285156,4.534720420837402,0.9397455453872681,0.29578715562820435
558,ROIs1158_spring_s2_31_p607,0.025085683912038803,0.018165696412324905,32.01148223876953,4.718913555145264,0.9394267201423645,0.29125094413757324
559,ROIs1158_spring_s2_31_p608,0.024202078580856323,0.017492061480879784,32.32294845581055,4.617106914520264,0.9407793283462524,0.30185365676879883
560,ROIs1158_spring_s2_31_p610,0.03195276856422424,0.021421853452920914,29.90983009338379,5.69979190826416,0.9390122294425964,0.29983657598495483
561,ROIs1158_spring_s2_31_p611,0.035621967166662216,0.023021716624498367,28.96564292907715,6.831431865692139,0.9292959570884705,0.2888450026512146
562,ROIs1158_spring_s2_31_p612,0.03573891520500183,0.0230494886636734,28.937171936035156,6.936552047729492,0.9282248616218567,0.30921316146850586
563,ROIs1158_spring_s2_31_p613,0.03375844657421112,0.02205292135477066,29.43235206604004,6.587725639343262,0.9368550777435303,0.291517049074173
564,ROIs1158_spring_s2_31_p614,0.033253028988838196,0.022237591445446014,29.563377380371094,6.545155048370361,0.9429330825805664,0.3062049448490143
565,ROIs1158_spring_s2_31_p615,0.034515488892793655,0.022984255105257034,29.23971939086914,6.7787251472473145,0.9430786967277527,0.32624539732933044
566,ROIs1158_spring_s2_31_p616,0.034827858209609985,0.023381197825074196,29.16146469116211,6.775054931640625,0.9434586763381958,0.30690455436706543
567,ROIs1158_spring_s2_31_p617,0.030988195911049843,0.02113370969891548,30.176074981689453,5.768709659576416,0.9474227428436279,0.2517799735069275
568,ROIs1158_spring_s2_31_p618,0.030419250950217247,0.02109437808394432,30.3370304107666,5.1693267822265625,0.9463613629341125,0.199601948261261
569,ROIs1158_spring_s2_31_p619,0.03034525364637375,0.02132037840783596,30.358184814453125,4.774685859680176,0.9431153535842896,0.2570468783378601
570,ROIs1158_spring_s2_31_p620,0.030482005327939987,0.02146332710981369,30.319129943847656,4.63812255859375,0.9436951279640198,0.27991974353790283
571,ROIs1158_spring_s2_31_p621,0.03198400139808655,0.022111237049102783,29.901344299316406,4.826483249664307,0.9464386701583862,0.25913920998573303
572,ROIs1158_spring_s2_31_p622,0.028617914766073227,0.019845204427838326,30.86724090576172,4.554742813110352,0.9494739174842834,0.2598748803138733
573,ROIs1158_spring_s2_31_p623,0.025156283751130104,0.017593001946806908,31.987071990966797,4.032224655151367,0.9504193067550659,0.2898639738559723
574,ROIs1158_spring_s2_31_p624,0.020154865458607674,0.01453731395304203,33.91239929199219,4.011380195617676,0.9444433450698853,0.2837901711463928
575,ROIs1158_spring_s2_31_p625,0.019175199791789055,0.014532136730849743,34.3452033996582,4.508236408233643,0.9370626211166382,0.26135188341140747
576,ROIs1158_spring_s2_31_p626,0.020962294191122055,0.015873586758971214,33.571224212646484,4.258774757385254,0.9360690116882324,0.261483371257782
577,ROIs1158_spring_s2_31_p627,0.023417843505740166,0.017095381394028664,32.60906219482422,4.05545711517334,0.9384423494338989,0.27788621187210083
578,ROIs1158_spring_s2_31_p628,0.028728721663355827,0.020608194172382355,30.83367347717285,4.516786098480225,0.9337043762207031,0.30738604068756104
579,ROIs1158_spring_s2_31_p629,0.02651529759168625,0.018571780994534492,31.530071258544922,4.226272106170654,0.9335158467292786,0.32582366466522217
580,ROIs1158_spring_s2_31_p630,0.016349084675312042,0.012023811228573322,35.73012924194336,3.8166441917419434,0.939649760723114,0.3057038187980652
581,ROIs1158_spring_s2_31_p631,0.01767708919942379,0.012942216359078884,35.05178451538086,4.132184982299805,0.9389605522155762,0.25976133346557617
582,ROIs1158_spring_s2_31_p632,0.026999250054359436,0.019120406359434128,31.372966766357422,4.598952293395996,0.9375342726707458,0.26128101348876953
583,ROIs1158_spring_s2_31_p633,0.031784746795892715,0.022254042327404022,29.955625534057617,5.135287761688232,0.9367518424987793,0.27439725399017334
584,ROIs1158_spring_s2_31_p634,0.03058713674545288,0.021199848502874374,30.289222717285156,4.854626655578613,0.9399746656417847,0.2963651120662689
585,ROIs1158_spring_s2_31_p635,0.029479889199137688,0.020546002313494682,30.60948371887207,4.972876071929932,0.9420528411865234,0.2752763330936432
586,ROIs1158_spring_s2_31_p636,0.02816302701830864,0.020119769498705864,31.00641441345215,5.307384014129639,0.9431470632553101,0.26170259714126587
587,ROIs1158_spring_s2_31_p637,0.02818077802658081,0.020260650664567947,31.000940322875977,5.4730706214904785,0.9422473311424255,0.27112656831741333
588,ROIs1158_spring_s2_31_p639,0.032600853592157364,0.021717892959713936,29.735422134399414,6.0725250244140625,0.9408016800880432,0.3006468713283539
589,ROIs1158_spring_s2_31_p640,0.03139042854309082,0.02086023800075054,30.064056396484375,6.334351062774658,0.9407391548156738,0.2680177688598633
590,ROIs1158_spring_s2_31_p641,0.030234644189476967,0.02041287161409855,30.389904022216797,6.5316691398620605,0.941895067691803,0.27416691184043884
591,ROIs1158_spring_s2_31_p642,0.03311282768845558,0.0222223699092865,29.600074768066406,6.710084915161133,0.9442750215530396,0.29575255513191223
592,ROIs1158_spring_s2_31_p643,0.031537458300590515,0.021447716280817986,30.02346420288086,6.210628032684326,0.9447795152664185,0.3259216547012329
593,ROIs1158_spring_s2_31_p644,0.034605223685503006,0.022885389626026154,29.217166900634766,6.966691493988037,0.9457051157951355,0.30341726541519165
594,ROIs1158_spring_s2_31_p645,0.03494671359658241,0.023511318489909172,29.131874084472656,6.960188388824463,0.9488887190818787,0.26499858498573303
595,ROIs1158_spring_s2_31_p646,0.030852187424898148,0.021433794870972633,30.21428108215332,5.4267168045043945,0.9505952596664429,0.22824440896511078
596,ROIs1158_spring_s2_31_p647,0.028686970472335815,0.019701490178704262,30.8463077545166,4.833141326904297,0.9498350620269775,0.23204417526721954
597,ROIs1158_spring_s2_31_p648,0.0298884566873312,0.02077035792171955,30.48992919921875,4.704383850097656,0.9469603300094604,0.2694108486175537
598,ROIs1158_spring_s2_31_p649,0.030103325843811035,0.020981136709451675,30.42770767211914,4.485741138458252,0.9464230537414551,0.29184797406196594
599,ROIs1158_spring_s2_31_p650,0.030743394047021866,0.02131165750324726,30.244962692260742,4.586454391479492,0.9474531412124634,0.2724354863166809
600,ROIs1158_spring_s2_31_p651,0.02642853930592537,0.018443424254655838,31.558536529541016,4.262701988220215,0.9519933462142944,0.2754819393157959
601,ROIs1158_spring_s2_31_p652,0.022416748106479645,0.016078704968094826,32.988548278808594,3.8593573570251465,0.9522038698196411,0.3001432418823242
602,ROIs1158_spring_s2_31_p653,0.01721859909594059,0.012663199566304684,35.28004455566406,3.823669910430908,0.9496231079101562,0.2771299481391907
603,ROIs1158_spring_s2_31_p654,0.016432184725999832,0.012293164618313313,35.68609619140625,4.315743923187256,0.9409315586090088,0.23896321654319763
604,ROIs1158_spring_s2_31_p655,0.019843271002173424,0.015156803652644157,34.047733306884766,4.3968024253845215,0.9344744682312012,0.25867289304733276
605,ROIs1158_spring_s2_31_p656,0.023061275482177734,0.01716684177517891,32.742332458496094,4.10504674911499,0.9378602504730225,0.2828161120414734
606,ROIs1158_spring_s2_31_p657,0.023609144613146782,0.017821520566940308,32.53839111328125,4.311066627502441,0.9339048266410828,0.3015248775482178
607,ROIs1158_spring_s2_31_p658,0.022863855585455894,0.016735052689909935,32.81700897216797,4.116425514221191,0.933353066444397,0.3202994167804718
608,ROIs1158_spring_s2_31_p659,0.01990041509270668,0.014110006392002106,34.02275848388672,3.73225998878479,0.9380532503128052,0.3145630359649658
609,ROIs1158_spring_s2_31_p660,0.023895274847745895,0.01634891889989376,32.43375778198242,4.0862016677856445,0.9386457204818726,0.28799760341644287
610,ROIs1158_spring_s2_31_p661,0.031616538763046265,0.02179049141705036,30.0017147064209,5.0117340087890625,0.937010645866394,0.25042322278022766
611,ROIs1158_spring_s2_31_p662,0.03397520259022713,0.023370299488306046,29.376758575439453,5.159037113189697,0.9365307688713074,0.25463438034057617
612,ROIs1158_spring_s2_31_p663,0.03358973562717438,0.023097900673747063,29.475868225097656,5.08261775970459,0.938674807548523,0.28383874893188477
613,ROIs1158_spring_s2_31_p664,0.03313382714986801,0.02292710542678833,29.59457015991211,5.261772155761719,0.9402081966400146,0.277769535779953
614,ROIs1158_spring_s2_31_p665,0.02972744219005108,0.020859098061919212,30.536849975585938,5.330573081970215,0.9406325221061707,0.26874110102653503
615,ROIs1158_spring_s2_31_p666,0.027976958081126213,0.019965890794992447,31.06399154663086,5.350010871887207,0.9394205808639526,0.2764308750629425
616,ROIs1158_spring_s2_31_p668,0.029479460790753365,0.020563319325447083,30.609609603881836,6.216493606567383,0.9537574052810669,0.2598142623901367
617,ROIs1158_spring_s2_31_p669,0.02867257222533226,0.02019398845732212,30.85066795349121,6.283605098724365,0.951237678527832,0.25810155272483826
618,ROIs1158_spring_s2_31_p670,0.031856685876846313,0.021372849121689796,29.935989379882812,6.793588161468506,0.9446271061897278,0.27277398109436035
619,ROIs1158_spring_s2_31_p671,0.03571467474102974,0.023583315312862396,28.943065643310547,7.2770915031433105,0.9409077763557434,0.29717665910720825
620,ROIs1158_spring_s2_31_p672,0.033654555678367615,0.02271321788430214,29.459123611450195,6.517995357513428,0.9423432946205139,0.32839205861091614
621,ROIs1158_spring_s2_31_p673,0.03465371951460838,0.023190760985016823,29.205001831054688,7.074011325836182,0.9481846690177917,0.2957295775413513
622,ROIs1158_spring_s2_31_p674,0.033541325479745865,0.022796794772148132,29.48839569091797,6.974450588226318,0.9530210494995117,0.23190565407276154
623,ROIs1158_spring_s2_31_p675,0.03111306205391884,0.021317267790436745,30.141143798828125,5.291881084442139,0.9520298838615417,0.20239993929862976
624,ROIs1158_spring_s2_31_p676,0.030256297439336777,0.020837390795350075,30.383684158325195,4.639949798583984,0.9506669044494629,0.22683119773864746
625,ROIs1158_spring_s2_31_p677,0.027583349496126175,0.01922505535185337,31.187061309814453,4.085689067840576,0.9515212178230286,0.27886897325515747
626,ROIs1158_spring_s2_31_p678,0.028350122272968292,0.019589480012655258,30.948902130126953,4.149884223937988,0.9525151252746582,0.29923397302627563
627,ROIs1158_spring_s2_31_p679,0.02841467782855034,0.019725818186998367,30.92914581298828,4.329890727996826,0.9495429992675781,0.288766086101532
628,ROIs1158_spring_s2_31_p680,0.025389835238456726,0.01782681606709957,31.906803131103516,4.056487560272217,0.9501903653144836,0.29186946153640747
629,ROIs1158_spring_s2_31_p681,0.023812521249055862,0.016999950632452965,32.463890075683594,3.9269931316375732,0.948492169380188,0.30431634187698364
630,ROIs1158_spring_s2_31_p682,0.022244993597269058,0.015929879620671272,33.055355072021484,3.9767751693725586,0.9476749897003174,0.2631271481513977
631,ROIs1158_spring_s2_31_p683,0.01857573911547661,0.013576872646808624,34.62107849121094,4.086695194244385,0.9449783563613892,0.23834329843521118
632,ROIs1158_spring_s2_31_p684,0.020338283851742744,0.015066035091876984,33.833717346191406,4.156238079071045,0.9384561777114868,0.25567877292633057
633,ROIs1158_spring_s2_31_p685,0.025435814633965492,0.018011994659900665,31.89108657836914,4.120798110961914,0.9418526887893677,0.2818824052810669
634,ROIs1158_spring_s2_31_p686,0.02453475072979927,0.01796792447566986,32.204368591308594,4.247907638549805,0.9390393495559692,0.2820684611797333
635,ROIs1158_spring_s2_31_p687,0.022105321288108826,0.01684052310883999,33.11006164550781,4.339105606079102,0.9345366954803467,0.26804035902023315
636,ROIs1158_spring_s2_31_p688,0.024331675842404366,0.01749858632683754,32.27656173706055,4.150214195251465,0.9364980459213257,0.30395710468292236
637,ROIs1158_spring_s2_31_p689,0.02889111265540123,0.01981208473443985,30.784713745117188,4.260375499725342,0.938329815864563,0.32230088114738464
638,ROIs1158_spring_s2_31_p690,0.033354103565216064,0.022789180278778076,29.53701400756836,4.584660053253174,0.9401224851608276,0.28787246346473694
639,ROIs1158_spring_s2_31_p691,0.035080645233392715,0.023980852216482162,29.098648071289062,5.171860218048096,0.9401580095291138,0.24956157803535461
640,ROIs1158_spring_s2_31_p692,0.03431729972362518,0.023514091968536377,29.289737701416016,5.3714165687561035,0.9377673864364624,0.25167009234428406
641,ROIs1158_spring_s2_31_p693,0.03257591649889946,0.02252521924674511,29.742067337036133,5.25357723236084,0.9349470734596252,0.28254497051239014
642,ROIs1158_spring_s2_31_p694,0.027718540281057358,0.01943775825202465,31.14459228515625,4.965235710144043,0.9358770251274109,0.2812361717224121
643,ROIs1158_spring_s2_31_p695,0.023808151483535767,0.017179910093545914,32.465484619140625,4.4466094970703125,0.9374901652336121,0.3136531114578247
644,ROIs1158_spring_s2_31_p697,0.030347419902682304,0.021795285865664482,30.357566833496094,6.698788166046143,0.9541630148887634,0.26698577404022217
645,ROIs1158_spring_s2_31_p698,0.029492028057575226,0.020650839433073997,30.605907440185547,6.160662651062012,0.9505921602249146,0.27151748538017273
646,ROIs1158_spring_s2_31_p699,0.028566084802150726,0.019509362056851387,30.882986068725586,5.438375473022461,0.9454123377799988,0.27069807052612305
647,ROIs1158_spring_s2_31_p700,0.030784672126173973,0.02056252583861351,30.233308792114258,5.841559410095215,0.9428116083145142,0.30787813663482666
648,ROIs1158_spring_s2_31_p701,0.033773668110370636,0.022846102714538574,29.428436279296875,6.402243137359619,0.9441270232200623,0.33169034123420715
649,ROIs1158_spring_s2_31_p702,0.034233443439006805,0.023433970287442207,29.310989379882812,7.229338645935059,0.9516158103942871,0.296861469745636
650,ROIs1158_spring_s2_31_p703,0.03309530392289162,0.022528667002916336,29.604673385620117,6.9760308265686035,0.9538660049438477,0.2703693211078644
651,ROIs1158_spring_s2_31_p704,0.028327511623501778,0.01931140199303627,30.95583152770996,4.956317901611328,0.9531128406524658,0.2323097586631775
652,ROIs1158_spring_s2_31_p705,0.0255206860601902,0.01781696453690529,31.862152099609375,3.867053508758545,0.9527602791786194,0.20670661330223083
653,ROIs1158_spring_s2_31_p706,0.02574104443192482,0.01808665692806244,31.7874755859375,3.7434983253479004,0.9532771110534668,0.2715092897415161
654,ROIs1158_spring_s2_31_p707,0.029085630550980568,0.020011896267533302,30.726430892944336,4.315130710601807,0.9528006315231323,0.27637600898742676
655,ROIs1158_spring_s2_31_p708,0.02953724004328251,0.020328793674707413,30.592601776123047,4.5605149269104,0.9487662315368652,0.2626786530017853
656,ROIs1158_spring_s2_31_p709,0.028494974598288536,0.019698116928339005,30.904634475708008,4.4477362632751465,0.9480984210968018,0.2548399865627289
657,ROIs1158_spring_s2_31_p710,0.029451720416545868,0.02047962322831154,30.617788314819336,4.351937770843506,0.9452623128890991,0.27808678150177
658,ROIs1158_spring_s2_31_p711,0.026030220091342926,0.01819624938070774,31.690444946289062,4.084966659545898,0.9444496631622314,0.2759624719619751
659,ROIs1158_spring_s2_31_p712,0.018456751480698586,0.013422940857708454,34.6768913269043,3.8066630363464355,0.9451746940612793,0.2599979043006897
660,ROIs1158_spring_s2_31_p713,0.02017625793814659,0.014770833775401115,33.90319061279297,4.164196968078613,0.9403091669082642,0.2448413074016571
661,ROIs1158_spring_s2_31_p714,0.02430460974574089,0.017505528405308723,32.28622817993164,4.401913642883301,0.9417893290519714,0.2548753023147583
662,ROIs1158_spring_s2_31_p715,0.022943364456295967,0.016796695068478584,32.78685760498047,4.371006011962891,0.9405227899551392,0.2679198980331421
663,ROIs1158_spring_s2_31_p716,0.01970883086323738,0.015448994934558868,34.10678482055664,4.711506366729736,0.9330505132675171,0.25380533933639526
664,ROIs1158_spring_s2_31_p717,0.024392712861299515,0.01822013221681118,32.254798889160156,4.373888969421387,0.9339036345481873,0.27756863832473755
665,ROIs1158_spring_s2_31_p718,0.028898710384964943,0.020141804590821266,30.78243064880371,4.444059371948242,0.9359002113342285,0.3171199560165405
666,ROIs1158_spring_s2_31_p719,0.031482063233852386,0.021715059876441956,30.03873634338379,4.386892318725586,0.9381464719772339,0.323291540145874
667,ROIs1158_spring_s2_31_p720,0.03339408338069916,0.022948242723941803,29.526611328125,4.85245418548584,0.9416859745979309,0.28554779291152954
668,ROIs1158_spring_s2_31_p721,0.030424322932958603,0.020788518711924553,30.335582733154297,4.925189018249512,0.941021203994751,0.2596468925476074
669,ROIs1158_spring_s2_31_p722,0.02623375505208969,0.018341952934861183,31.622791290283203,4.942542552947998,0.935766875743866,0.2929890751838684
670,ROIs1158_spring_s2_31_p723,0.025363806635141373,0.018134085461497307,31.915712356567383,4.909841060638428,0.9367074966430664,0.30764397978782654
671,ROIs1158_spring_s2_31_p724,0.027346597984433174,0.01935485377907753,31.261932373046875,5.025217533111572,0.940071165561676,0.2841091752052307
672,ROIs1158_spring_s2_31_p726,0.02983131818473339,0.02090279571712017,30.50655174255371,6.33707857131958,0.9530977606773376,0.28232648968696594
673,ROIs1158_spring_s2_31_p727,0.026952864602208138,0.018518498167395592,31.387901306152344,5.109650135040283,0.9534501433372498,0.3019770383834839
674,ROIs1158_spring_s2_31_p728,0.02472352422773838,0.017103852704167366,32.13779067993164,4.230366230010986,0.952271580696106,0.2849412262439728
675,ROIs1158_spring_s2_31_p729,0.024084841832518578,0.016680072993040085,32.3651237487793,4.211444854736328,0.9494235515594482,0.298923522233963
676,ROIs1158_spring_s2_31_p730,0.02733299508690834,0.018835706636309624,31.266254425048828,4.727142333984375,0.9482426643371582,0.3357524871826172
677,ROIs1158_spring_s2_31_p731,0.030720772221684456,0.020993884652853012,30.251358032226562,5.729330539703369,0.9482823610305786,0.33375784754753113
678,ROIs1158_spring_s2_31_p732,0.027721812948584557,0.018931111320853233,31.14356803894043,5.829804420471191,0.9496133923530579,0.33644452691078186
679,ROIs1158_spring_s2_31_p733,0.02405174821615219,0.01682969741523266,32.37706756591797,5.030608654022217,0.9477041959762573,0.28553715348243713
680,ROIs1158_spring_s2_31_p734,0.023378970101475716,0.01730828359723091,32.62348937988281,3.8999898433685303,0.9477769136428833,0.23615911602973938
681,ROIs1158_spring_s2_31_p735,0.02683771215379238,0.018680846318602562,31.425090789794922,3.8200130462646484,0.9540297985076904,0.2453555315732956
682,ROIs1158_spring_s2_31_p736,0.031825803220272064,0.021885648369789124,29.944412231445312,4.749964237213135,0.9498849511146545,0.22438009083271027
683,ROIs1158_spring_s2_31_p737,0.03285739943385124,0.022568071261048317,29.66733741760254,4.967504978179932,0.945081353187561,0.23389428853988647
684,ROIs1158_spring_s2_31_p738,0.03293168917298317,0.02264658361673355,29.647720336914062,4.932021617889404,0.9438073039054871,0.24802345037460327
685,ROIs1158_spring_s2_31_p739,0.03289809823036194,0.022884108126163483,29.656583786010742,4.783742427825928,0.943239688873291,0.28032568097114563
686,ROIs1158_spring_s2_31_p740,0.028233138844370842,0.01962244138121605,30.984817504882812,4.258082389831543,0.9450384974479675,0.2986864447593689
687,ROIs1158_spring_s2_31_p741,0.01869185082614422,0.01338657084852457,34.56695556640625,3.692714214324951,0.9466858506202698,0.2837156355381012
688,ROIs1158_spring_s2_31_p742,0.017706844955682755,0.01317598670721054,35.03717803955078,4.422577857971191,0.9419542551040649,0.2497357279062271
689,ROIs1158_spring_s2_31_p743,0.02057008445262909,0.016052061691880226,33.73527908325195,4.793695449829102,0.9363228678703308,0.25437575578689575
690,ROIs1158_spring_s2_31_p744,0.021326564252376556,0.01617422327399254,33.42158126831055,4.420284748077393,0.9375872611999512,0.24475513398647308
691,ROIs1158_spring_s2_31_p745,0.018590539693832397,0.014311912469565868,34.614158630371094,4.38050651550293,0.9371552467346191,0.24209657311439514
692,ROIs1158_spring_s2_31_p746,0.021708769723773003,0.016377756372094154,33.267295837402344,4.232255935668945,0.9363363981246948,0.2530609369277954
693,ROIs1158_spring_s2_31_p747,0.027341719716787338,0.019687697291374207,31.26348304748535,4.351511478424072,0.9350936412811279,0.28712785243988037
694,ROIs1158_spring_s2_31_p748,0.030827796086668968,0.0218026265501976,30.221149444580078,4.634097099304199,0.9346604347229004,0.31612443923950195
695,ROIs1158_spring_s2_31_p749,0.030963897705078125,0.02138376794755459,30.18288803100586,4.534578323364258,0.9388524293899536,0.3084980845451355
696,ROIs1158_spring_s2_31_p750,0.0265298243612051,0.0182811226695776,31.525310516357422,4.348771572113037,0.9396524429321289,0.29430562257766724
697,ROIs1158_spring_s2_31_p751,0.02335609681904316,0.016642091795802116,32.631996154785156,4.392458438873291,0.9367406368255615,0.3177608847618103
698,ROIs1158_spring_s2_31_p752,0.026905128732323647,0.019036676734685898,31.403297424316406,5.022179126739502,0.9380021095275879,0.30398547649383545
699,ROIs1158_spring_s2_31_p753,0.03088904358446598,0.02178400754928589,30.20391082763672,5.639247417449951,0.9369956254959106,0.26684772968292236
700,ROIs1158_spring_s2_31_p755,0.02400936931371689,0.01657194085419178,32.39238357543945,4.747254371643066,0.9543818235397339,0.289159893989563
701,ROIs1158_spring_s2_31_p756,0.022104429081082344,0.015450441278517246,33.11041259765625,3.818283796310425,0.9548007249832153,0.32319867610931396
702,ROIs1158_spring_s2_31_p757,0.02173163741827011,0.015314043499529362,33.25815200805664,3.429081439971924,0.955592155456543,0.3243054747581482
703,ROIs1158_spring_s2_31_p758,0.021049698814749718,0.014814642257988453,33.53508377075195,3.428617000579834,0.9545254707336426,0.30586546659469604
704,ROIs1158_spring_s2_31_p759,0.02290821634232998,0.01595460996031761,32.800174713134766,3.7299304008483887,0.9525179862976074,0.2904588580131531
705,ROIs1158_spring_s2_31_p760,0.0238778255879879,0.01647927239537239,32.44010543823242,4.09987735748291,0.9498608112335205,0.32481279969215393
706,ROIs1158_spring_s2_31_p761,0.019923094660043716,0.013968751765787601,34.01286315917969,4.526350498199463,0.9466571807861328,0.352952778339386
707,ROIs1158_spring_s2_31_p762,0.024646230041980743,0.017451701685786247,32.16498947143555,6.314391136169434,0.9448463916778564,0.32430243492126465
708,ROIs1158_spring_s2_31_p763,0.02894030325114727,0.021053267642855644,30.769939422607422,5.951536178588867,0.946856677532196,0.30674827098846436
709,ROIs1158_spring_s2_31_p764,0.026727285236120224,0.01867627538740635,31.46090316772461,4.006289005279541,0.951880693435669,0.2739742398262024
710,ROIs1158_spring_s2_31_p765,0.02869785949587822,0.019966278225183487,30.84300994873047,4.286191940307617,0.9492093324661255,0.26789891719818115
711,ROIs1158_spring_s2_31_p766,0.03130606189370155,0.021939462050795555,30.087430953979492,4.7243852615356445,0.9450596570968628,0.26624926924705505
712,ROIs1158_spring_s2_31_p767,0.030138403177261353,0.02108730375766754,30.41759490966797,4.655388355255127,0.9461942911148071,0.2647792100906372
713,ROIs1158_spring_s2_31_p768,0.027461396530270576,0.019685691222548485,31.225547790527344,4.396389961242676,0.9453312158584595,0.26931077241897583
714,ROIs1158_spring_s2_31_p769,0.0284672062844038,0.020235270261764526,30.913103103637695,4.612836837768555,0.9430056810379028,0.2868965268135071
715,ROIs1158_spring_s2_31_p770,0.022328319028019905,0.015750745311379433,33.02288055419922,3.9372172355651855,0.9482232928276062,0.2827160954475403
716,ROIs1158_spring_s2_31_p771,0.0192585252225399,0.013839426450431347,34.30754089355469,4.169680118560791,0.9481765031814575,0.253020316362381
717,ROIs1158_spring_s2_31_p772,0.022193728014826775,0.01682928018271923,33.07539367675781,4.515782833099365,0.9420379400253296,0.2482549548149109
718,ROIs1158_spring_s2_31_p773,0.022861598059535027,0.017105011269450188,32.81787109375,4.352643013000488,0.9400623440742493,0.2533148229122162
719,ROIs1158_spring_s2_31_p774,0.023557106032967567,0.01712082326412201,32.557559967041016,3.953227996826172,0.940117359161377,0.27309930324554443
720,ROIs1158_spring_s2_31_p775,0.02795974537730217,0.019426731392741203,31.0693359375,4.226254463195801,0.9412073493003845,0.26274374127388
721,ROIs1158_spring_s2_31_p776,0.03066392056643963,0.021508250385522842,30.267446517944336,4.8348541259765625,0.937192440032959,0.26171165704727173
722,ROIs1158_spring_s2_31_p777,0.03170844167470932,0.02220604196190834,29.976503372192383,4.975396633148193,0.9347293376922607,0.2935510575771332
723,ROIs1158_spring_s2_31_p778,0.030646346509456635,0.021029191091656685,30.272424697875977,4.655839443206787,0.9370638132095337,0.2992013990879059
724,ROIs1158_spring_s2_31_p779,0.02635897696018219,0.01826791651546955,31.58142852783203,4.497481346130371,0.9384545087814331,0.2865612506866455
725,ROIs1158_spring_s2_31_p780,0.024830661714076996,0.017482450231909752,32.10023498535156,4.361922740936279,0.938460111618042,0.334695041179657
726,ROIs1158_spring_s2_31_p781,0.029707204550504684,0.020853983238339424,30.54276466369629,5.224147796630859,0.939359188079834,0.3013353645801544
727,ROIs1158_spring_s2_31_p782,0.030785104259848595,0.02151731587946415,30.23318862915039,5.437417030334473,0.9386122822761536,0.2602226436138153
728,ROIs1158_spring_s2_31_p784,0.016534138470888138,0.011912651360034943,35.63236618041992,3.2733688354492188,0.9569823741912842,0.30099231004714966
729,ROIs1158_spring_s2_31_p785,0.01719617284834385,0.012853716500103474,35.29136276245117,3.3426451683044434,0.952157735824585,0.33101868629455566
730,ROIs1158_spring_s2_31_p786,0.01893671415746212,0.013815628364682198,34.45390701293945,3.3014004230499268,0.950002908706665,0.33025407791137695
731,ROIs1158_spring_s2_31_p787,0.021326251327991486,0.015088102780282497,33.42171096801758,3.3405516147613525,0.9548636078834534,0.31448549032211304
732,ROIs1158_spring_s2_31_p788,0.021714676171541214,0.015027991496026516,33.264930725097656,3.6011736392974854,0.9568568468093872,0.2787538468837738
733,ROIs1158_spring_s2_31_p789,0.017512258142232895,0.012404426001012325,35.133155822753906,3.4069759845733643,0.9545047283172607,0.2944144606590271
734,ROIs1158_spring_s2_31_p790,0.014574769884347916,0.010996399447321892,36.72796630859375,3.7118797302246094,0.9508069753646851,0.3350774049758911
735,ROIs1158_spring_s2_31_p791,0.023020582273602486,0.016526803374290466,32.75767517089844,5.238565921783447,0.9488165974617004,0.3424530029296875
736,ROIs1158_spring_s2_31_p792,0.02708429843187332,0.01901968941092491,31.34564971923828,5.362680435180664,0.9515277147293091,0.31226545572280884
737,ROIs1158_spring_s2_31_p793,0.022966470569372177,0.01639365591108799,32.778114318847656,3.982022285461426,0.951079249382019,0.2688951790332794
738,ROIs1158_spring_s2_31_p794,0.02403826266527176,0.01756041869521141,32.38193893432617,3.916396379470825,0.9485200643539429,0.26675739884376526
739,ROIs1158_spring_s2_31_p795,0.024102723225951195,0.017847780138254166,32.358680725097656,4.006768226623535,0.9470139741897583,0.26841074228286743
740,ROIs1158_spring_s2_31_p796,0.02381446212530136,0.01730990968644619,32.46318435668945,4.032269477844238,0.9483456611633301,0.2644416093826294
741,ROIs1158_spring_s2_31_p797,0.02251829393208027,0.01641690544784069,32.94929122924805,4.127076625823975,0.948674201965332,0.25232991576194763
742,ROIs1158_spring_s2_31_p798,0.027281157672405243,0.019230971112847328,31.282745361328125,4.5563483238220215,0.9459401369094849,0.24472546577453613
743,ROIs1158_spring_s2_31_p799,0.02701345644891262,0.01868903823196888,31.368398666381836,4.557143211364746,0.9470880627632141,0.2375037521123886
744,ROIs1158_spring_s2_31_p800,0.022641291841864586,0.016181407496333122,32.9019775390625,4.41217565536499,0.950476884841919,0.23799900710582733
745,ROIs1158_spring_s2_31_p801,0.023317085579037666,0.01687941513955593,32.646514892578125,4.265157699584961,0.9514768123626709,0.24208688735961914
746,ROIs1158_spring_s2_31_p802,0.02202172763645649,0.01609104312956333,33.14297103881836,3.949613094329834,0.9495575428009033,0.26126909255981445
747,ROIs1158_spring_s2_31_p803,0.02445245534181595,0.017335394397377968,32.233551025390625,3.7480545043945312,0.9465121030807495,0.27771884202957153
748,ROIs1158_spring_s2_31_p804,0.03140790015459061,0.021681997925043106,30.059223175048828,4.188775539398193,0.9438149333000183,0.2731987237930298
749,ROIs1158_spring_s2_31_p805,0.03272104263305664,0.022427981719374657,29.70345687866211,4.661263465881348,0.940538763999939,0.27697616815567017
750,ROIs1158_spring_s2_31_p806,0.032624371349811554,0.022307822480797768,29.729156494140625,4.861423492431641,0.9385411739349365,0.2944369912147522
751,ROIs1158_spring_s2_31_p807,0.030620088800787926,0.021100236102938652,30.279869079589844,4.882527828216553,0.9375014305114746,0.28741541504859924
752,ROIs1158_spring_s2_31_p808,0.027502741664648056,0.019326159730553627,31.212482452392578,4.895455837249756,0.9376614689826965,0.2692221403121948
753,ROIs1158_spring_s2_31_p809,0.024925779551267624,0.01750241033732891,32.06702423095703,4.4699296951293945,0.9422372579574585,0.30130183696746826
754,ROIs1158_spring_s2_31_p810,0.02735823579132557,0.019149770960211754,31.25823974609375,4.842836380004883,0.943006157875061,0.2960885167121887
755,ROIs1158_spring_s2_31_p811,0.02929614670574665,0.020474471151828766,30.66379165649414,5.110353946685791,0.9406871795654297,0.27571702003479004
756,ROIs1158_spring_s2_31_p813,0.013673752546310425,0.010084831155836582,37.282249450683594,2.935903310775757,0.9601263999938965,0.3016465902328491
757,ROIs1158_spring_s2_31_p814,0.013430465944111347,0.009787692688405514,37.43817901611328,2.9274404048919678,0.9566040635108948,0.2923954427242279
758,ROIs1158_spring_s2_31_p815,0.016524525359272957,0.011917752213776112,35.637420654296875,3.199432849884033,0.9539933800697327,0.2957468628883362
759,ROIs1158_spring_s2_31_p816,0.022821957245469093,0.01581367291510105,32.832942962646484,3.8337347507476807,0.9571835398674011,0.27469292283058167
760,ROIs1158_spring_s2_31_p817,0.021240290254354477,0.014690550044178963,33.456790924072266,3.7907726764678955,0.9592337608337402,0.25848135352134705
761,ROIs1158_spring_s2_31_p818,0.016541440039873123,0.011773783713579178,35.62853240966797,3.418795585632324,0.9583898782730103,0.2774002254009247
762,ROIs1158_spring_s2_31_p819,0.01623114012181759,0.012261293828487396,35.79301834106445,3.4376749992370605,0.954664945602417,0.3374461233615875
763,ROIs1158_spring_s2_31_p820,0.01856287010014057,0.013983153738081455,34.627098083496094,3.2495388984680176,0.9547436237335205,0.34138762950897217
764,ROIs1158_spring_s2_31_p821,0.02050144411623478,0.014657304622232914,33.764312744140625,3.0709075927734375,0.957683801651001,0.28107577562332153
765,ROIs1158_spring_s2_31_p822,0.022585447877645493,0.015977641567587852,32.92342758178711,3.680150032043457,0.954854428768158,0.24938470125198364
766,ROIs1158_spring_s2_31_p823,0.023374827578663826,0.016898639500141144,32.625030517578125,4.031490802764893,0.9515423774719238,0.252054899930954
767,ROIs1158_spring_s2_31_p824,0.021898960694670677,0.016136007383465767,33.191532135009766,4.023634433746338,0.9487113952636719,0.26241663098335266
768,ROIs1158_spring_s2_31_p825,0.025452271103858948,0.018339505419135094,31.885469436645508,4.365962028503418,0.9460646510124207,0.2791086435317993
769,ROIs1158_spring_s2_31_p826,0.026646627113223076,0.01879463531076908,31.48715591430664,4.5681257247924805,0.9486360549926758,0.2674576938152313
770,ROIs1158_spring_s2_31_p827,0.0293478574603796,0.020183531567454338,30.64847183227539,4.752784729003906,0.9508858323097229,0.2650890350341797
771,ROIs1158_spring_s2_31_p828,0.031341489404439926,0.021492285653948784,30.077608108520508,5.062513828277588,0.9471607208251953,0.23785845935344696
772,ROIs1158_spring_s2_31_p829,0.025975799188017845,0.018243512138724327,31.708621978759766,4.774159908294678,0.9468405842781067,0.23649653792381287
773,ROIs1158_spring_s2_31_p830,0.023689856752753258,0.0168298352509737,32.508750915527344,4.4187726974487305,0.9544471502304077,0.23480848968029022
774,ROIs1158_spring_s2_31_p831,0.020162174478173256,0.014525922015309334,33.90925216674805,3.6103293895721436,0.9570947885513306,0.23324966430664062
775,ROIs1158_spring_s2_31_p832,0.025603612884879112,0.018243921920657158,31.833974838256836,3.49029541015625,0.9510477781295776,0.2668076753616333
776,ROIs1158_spring_s2_31_p833,0.029887819662690163,0.02113160863518715,30.490114212036133,3.761414051055908,0.9464139938354492,0.2515965700149536
777,ROIs1158_spring_s2_31_p834,0.03182481974363327,0.021953625604510307,29.944683074951172,4.434750080108643,0.9416279792785645,0.27763330936431885
778,ROIs1158_spring_s2_31_p835,0.029149552807211876,0.019807083532214165,30.707361221313477,4.430463790893555,0.9427196383476257,0.2869417667388916
779,ROIs1158_spring_s2_31_p836,0.0270678848028183,0.018778858706355095,31.350914001464844,4.658298969268799,0.9393787980079651,0.266873300075531
780,ROIs1158_spring_s2_31_p837,0.025512797757983208,0.01821327954530716,31.864837646484375,4.679521083831787,0.9375606775283813,0.27279454469680786
781,ROIs1158_spring_s2_31_p838,0.02462981641292572,0.01748763956129551,32.1707763671875,4.374393463134766,0.9421880841255188,0.2880854606628418
782,ROIs1158_spring_s2_31_p839,0.02655993588268757,0.018654033541679382,31.515460968017578,4.636912822723389,0.9447365403175354,0.27597564458847046
783,ROIs1158_spring_s2_31_p840,0.028854116797447205,0.02013501338660717,30.79584312438965,4.8825225830078125,0.9410011172294617,0.28863751888275146
784,ROIs1158_spring_s2_44_p30,0.041593994945287704,0.029227469116449356,27.619388580322266,9.306121826171875,0.9489942193031311,0.37065213918685913
785,ROIs1158_spring_s2_44_p31,0.03942026570439339,0.02608504518866539,28.085609436035156,10.003754615783691,0.9439995288848877,0.419822633266449
786,ROIs1158_spring_s2_44_p32,0.0532565638422966,0.03248545527458191,25.472537994384766,11.607046127319336,0.895258903503418,0.43616336584091187
787,ROIs1158_spring_s2_44_p33,0.09922723472118378,0.06762955337762833,20.0673828125,23.55437660217285,0.7230252027511597,0.46236708760261536
788,ROIs1158_spring_s2_44_p34,0.0952068492770195,0.06418031454086304,20.4266357421875,23.552955627441406,0.7234982848167419,0.42882636189460754
789,ROIs1158_spring_s2_44_p35,0.06615135818719864,0.04457750916481018,23.58922576904297,15.363764762878418,0.8505114912986755,0.47390860319137573
790,ROIs1158_spring_s2_44_p36,0.06069358065724373,0.04103398323059082,24.337146759033203,15.34484577178955,0.8994747400283813,0.4796525239944458
791,ROIs1158_spring_s2_44_p37,0.06897445768117905,0.04681161418557167,23.226234436035156,18.399599075317383,0.9079267978668213,0.44670018553733826
792,ROIs1158_spring_s2_44_p38,0.09446621686220169,0.06557328253984451,20.494470596313477,25.27587127685547,0.8802974224090576,0.47282177209854126
793,ROIs1158_spring_s2_44_p39,0.11084884405136108,0.07728659361600876,19.105377197265625,27.006134033203125,0.8501033782958984,0.4876635670661926
794,ROIs1158_spring_s2_44_p40,0.09806130081415176,0.06945077329874039,20.170047760009766,23.784934997558594,0.8501415252685547,0.44325074553489685
795,ROIs1158_spring_s2_44_p41,0.08217624574899673,0.05921519920229912,21.705074310302734,22.02112579345703,0.8587990403175354,0.4135209023952484
796,ROIs1158_spring_s2_44_p42,0.07952748239040375,0.05614091083407402,21.989654541015625,21.713855743408203,0.8533093929290771,0.46233221888542175
797,ROIs1158_spring_s2_44_p43,0.06937563419342041,0.048298727720975876,23.175861358642578,18.697153091430664,0.8622474074363708,0.4876711368560791
798,ROIs1158_spring_s2_44_p44,0.06091418117284775,0.04212877154350281,24.305631637573242,17.111772537231445,0.8910077810287476,0.46476268768310547
799,ROIs1158_spring_s2_44_p45,0.05794793367385864,0.04111776500940323,24.739242553710938,17.374774932861328,0.9044040441513062,0.45659345388412476
800,ROIs1158_spring_s2_44_p46,0.06159541755914688,0.046045806258916855,24.20903205871582,19.12883758544922,0.909203827381134,0.4613742530345917
801,ROIs1158_spring_s2_44_p47,0.05819475278258324,0.043887294828891754,24.70232391357422,18.925270080566406,0.9253904223442078,0.4324253499507904
802,ROIs1158_spring_s2_44_p48,0.05792038515210152,0.044011473655700684,24.74337387084961,18.28168296813965,0.9217163324356079,0.41469037532806396
803,ROIs1158_spring_s2_44_p49,0.05334039404988289,0.039136987179517746,25.458877563476562,15.763433456420898,0.9145591259002686,0.423420786857605
804,ROIs1158_spring_s2_44_p50,0.051957860589027405,0.03637555241584778,25.68697738647461,14.707911491394043,0.9014078974723816,0.43407756090164185
805,ROIs1158_spring_s2_44_p51,0.0560455359518528,0.04062562435865402,25.0291805267334,11.742026329040527,0.8881186842918396,0.4249282479286194
806,ROIs1158_spring_s2_44_p52,0.05231402814388275,0.038958366960287094,25.627635955810547,9.673823356628418,0.8801928758621216,0.47573328018188477
807,ROIs1158_spring_s2_44_p53,0.04541252925992012,0.03280466049909592,26.856487274169922,8.550956726074219,0.8795103430747986,0.5012206435203552
808,ROIs1158_spring_s2_44_p54,0.052665162831544876,0.03944046422839165,25.56953239440918,10.08336067199707,0.8729634284973145,0.4858360290527344
809,ROIs1158_spring_s2_44_p55,0.059050798416137695,0.04452625662088394,24.575483322143555,11.40926456451416,0.8696849346160889,0.44371896982192993
810,ROIs1158_spring_s2_44_p56,0.05587610974907875,0.0421929731965065,25.055477142333984,12.976229667663574,0.8919052481651306,0.40630435943603516
811,ROIs1158_spring_s2_44_p57,0.05540550872683525,0.04325151443481445,25.12894058227539,13.597654342651367,0.9025154709815979,0.40616124868392944
812,ROIs1158_spring_s2_44_p59,0.049692362546920776,0.03570361062884331,26.074207305908203,11.769299507141113,0.9379372000694275,0.3377978205680847
813,ROIs1158_spring_s2_44_p60,0.049110785126686096,0.03222333639860153,26.176462173461914,12.61799144744873,0.9369441270828247,0.3637218177318573
814,ROIs1158_spring_s2_44_p61,0.05249490961432457,0.033515434712171555,25.597658157348633,11.981260299682617,0.8923506736755371,0.4274522364139557
815,ROIs1158_spring_s2_44_p62,0.09484901279211044,0.06389458477497101,20.4593448638916,22.30900001525879,0.7381612658500671,0.4693112075328827
816,ROIs1158_spring_s2_44_p63,0.09754358232021332,0.06646241992712021,20.216026306152344,24.32061767578125,0.7060402631759644,0.44920262694358826
817,ROIs1158_spring_s2_44_p64,0.06404873728752136,0.044569358229637146,23.869789123535156,16.11734390258789,0.8261023163795471,0.49119383096694946
818,ROIs1158_spring_s2_44_p65,0.051590446382761,0.03806960582733154,25.748615264892578,14.870434761047363,0.8973848223686218,0.49269336462020874
819,ROIs1158_spring_s2_44_p66,0.05963653698563576,0.0397372841835022,24.48975372314453,14.830631256103516,0.9049299955368042,0.44703468680381775
820,ROIs1158_spring_s2_44_p67,0.07920902222394943,0.05235478654503822,22.024507522583008,18.593387603759766,0.8902682065963745,0.44060271978378296
821,ROIs1158_spring_s2_44_p68,0.0945904329419136,0.0621684268116951,20.483055114746094,22.229455947875977,0.879673957824707,0.4988102316856384
822,ROIs1158_spring_s2_44_p69,0.0902838334441185,0.058213625103235245,20.887798309326172,19.415876388549805,0.9017109274864197,0.45383569598197937
823,ROIs1158_spring_s2_44_p70,0.09373507648706436,0.06359078735113144,20.56195831298828,21.57863998413086,0.8901430368423462,0.42231935262680054
824,ROIs1158_spring_s2_44_p71,0.09372799098491669,0.06566555798053741,20.56261444091797,23.617170333862305,0.8497994542121887,0.4968031048774719
825,ROIs1158_spring_s2_44_p72,0.06736834347248077,0.04680466651916504,23.430883407592773,16.999961853027344,0.862330436706543,0.48518410325050354
826,ROIs1158_spring_s2_44_p73,0.05261637270450592,0.03655308112502098,25.57758331298828,12.45560073852539,0.8870996236801147,0.4767833948135376
827,ROIs1158_spring_s2_44_p74,0.05450243875384331,0.036434005945920944,25.271682739257812,13.574381828308105,0.895982027053833,0.47872394323349
828,ROIs1158_spring_s2_44_p75,0.06433786451816559,0.04670467972755432,23.830669403076172,19.391267776489258,0.9086401462554932,0.44397059082984924
829,ROIs1158_spring_s2_44_p76,0.06596317887306213,0.05119942128658295,23.613969802856445,22.216440200805664,0.9118078351020813,0.4427078664302826
830,ROIs1158_spring_s2_44_p77,0.058425430208444595,0.04297596961259842,24.66796112060547,18.726533889770508,0.9091391563415527,0.45983031392097473
831,ROIs1158_spring_s2_44_p78,0.04900233447551727,0.03428485244512558,26.195663452148438,14.983942031860352,0.9184318780899048,0.43643516302108765
832,ROIs1158_spring_s2_44_p79,0.05086544156074524,0.034810323268175125,25.871545791625977,14.974160194396973,0.9131079912185669,0.4344884157180786
833,ROIs1158_spring_s2_44_p80,0.05604841932654381,0.03969883918762207,25.02873420715332,14.424065589904785,0.9014122486114502,0.4050135314464569
834,ROIs1158_spring_s2_44_p81,0.051766760647296906,0.03556317090988159,25.718982696533203,13.232611656188965,0.8981249332427979,0.43479543924331665
835,ROIs1158_spring_s2_44_p82,0.045454930514097214,0.030764149501919746,26.84838104248047,11.068131446838379,0.8913946747779846,0.48315635323524475
836,ROIs1158_spring_s2_44_p83,0.053940851241350174,0.03974909335374832,25.361642837524414,10.595623016357422,0.875520646572113,0.48369231820106506
837,ROIs1158_spring_s2_44_p84,0.06321477890014648,0.04852904751896858,23.98362922668457,11.59333324432373,0.867599368095398,0.4478532373905182
838,ROIs1158_spring_s2_44_p85,0.06521239131689072,0.05015253275632858,23.713397979736328,12.558088302612305,0.8743187785148621,0.43304553627967834
839,ROIs1158_spring_s2_44_p86,0.06315985321998596,0.048828333616256714,23.99117660522461,13.168744087219238,0.8901063203811646,0.438263475894928
840,ROIs1158_spring_s2_44_p88,0.0486418679356575,0.03392147645354271,26.259796142578125,11.630667686462402,0.9370604157447815,0.3611461818218231
841,ROIs1158_spring_s2_44_p89,0.05527607724070549,0.03677746653556824,25.14925765991211,13.799928665161133,0.9248428344726562,0.3519439697265625
842,ROIs1158_spring_s2_44_p90,0.04989809915423393,0.03326328471302986,26.03832244873047,11.896326065063477,0.9050947427749634,0.4285864531993866
843,ROIs1158_spring_s2_44_p91,0.06884732097387314,0.04399421811103821,23.242259979248047,15.715873718261719,0.8268865346908569,0.44052496552467346
844,ROIs1158_spring_s2_44_p92,0.0879196971654892,0.05784028023481369,21.118276596069336,21.796159744262695,0.7322587370872498,0.4452466070652008
845,ROIs1158_spring_s2_44_p93,0.08576570451259613,0.05774679407477379,21.333724975585938,21.95499038696289,0.7390809059143066,0.4866406321525574
846,ROIs1158_spring_s2_44_p94,0.0639214962720871,0.040537554770708084,23.887062072753906,15.056160926818848,0.8563224077224731,0.479896605014801
847,ROIs1158_spring_s2_44_p95,0.04528401419520378,0.03082531876862049,26.881101608276367,9.681129455566406,0.9113613963127136,0.4581550359725952
848,ROIs1158_spring_s2_44_p96,0.061834998428821564,0.03972805663943291,24.175315856933594,14.128547668457031,0.8980454206466675,0.4256879687309265
849,ROIs1158_spring_s2_44_p97,0.07676836103200912,0.04982323944568634,22.296354293823242,19.03885269165039,0.897351086139679,0.46428990364074707
850,ROIs1158_spring_s2_44_p98,0.08126094937324524,0.05335060507059097,21.80236053466797,18.471099853515625,0.9090224504470825,0.4696016013622284
851,ROIs1158_spring_s2_44_p99,0.09689848870038986,0.0657234862446785,20.273662567138672,22.187728881835938,0.896984338760376,0.46645933389663696
852,ROIs1158_spring_s2_44_p100,0.09562556445598602,0.0665462389588356,20.388519287109375,24.050764083862305,0.8807555437088013,0.4997265934944153
853,ROIs1158_spring_s2_44_p101,0.07602376490831375,0.052903637290000916,22.381011962890625,19.398880004882812,0.8868734836578369,0.49257171154022217
854,ROIs1158_spring_s2_44_p102,0.059082817286252975,0.04210071638226509,24.570777893066406,13.986164093017578,0.8922975063323975,0.4863607883453369
855,ROIs1158_spring_s2_44_p103,0.06593687832355499,0.042743343859910965,23.617431640625,14.888450622558594,0.8832120299339294,0.4818487763404846
856,ROIs1158_spring_s2_44_p104,0.07330634444952011,0.05171669274568558,22.69717025756836,20.85878562927246,0.8803791999816895,0.4714338183403015
857,ROIs1158_spring_s2_44_p105,0.06371385604143143,0.04744834452867508,23.915321350097656,20.12702178955078,0.8931520581245422,0.4429396092891693
858,ROIs1158_spring_s2_44_p106,0.04807380214333534,0.0345744863152504,26.361831665039062,14.719104766845703,0.9074517488479614,0.4450373649597168
859,ROIs1158_spring_s2_44_p107,0.03914640471339226,0.029154496267437935,28.146162033081055,11.3138427734375,0.9178949594497681,0.46011215448379517
860,ROIs1158_spring_s2_44_p108,0.04858540743589401,0.033981673419475555,26.26988410949707,13.863679885864258,0.918613851070404,0.4449298083782196
861,ROIs1158_spring_s2_44_p109,0.052532974630594254,0.03792959451675415,25.59136199951172,14.53835391998291,0.9135431051254272,0.39685478806495667
862,ROIs1158_spring_s2_44_p110,0.05353141948580742,0.03802606090903282,25.427825927734375,15.105731010437012,0.9071534872055054,0.4083350896835327
863,ROIs1158_spring_s2_44_p111,0.05210283771157265,0.035624995827674866,25.66277503967285,13.907156944274902,0.9043903350830078,0.4459698796272278
864,ROIs1158_spring_s2_44_p112,0.0533774197101593,0.039339084178209305,25.452850341796875,11.455028533935547,0.900140643119812,0.43019959330558777
865,ROIs1158_spring_s2_44_p113,0.06394844502210617,0.04996342957019806,23.88340187072754,12.819684982299805,0.8900338411331177,0.4126538634300232
866,ROIs1158_spring_s2_44_p114,0.06580148637294769,0.05187097564339638,23.63528823852539,13.819610595703125,0.886894166469574,0.4062942862510681
867,ROIs1158_spring_s2_44_p115,0.05755103379487991,0.04499736428260803,24.798938751220703,13.696478843688965,0.9052501320838928,0.4125685393810272
868,ROIs1158_spring_s2_44_p117,0.05283745378255844,0.03547051176428795,25.541162490844727,14.14877986907959,0.9302343130111694,0.4176018536090851
869,ROIs1158_spring_s2_44_p118,0.0583951473236084,0.03933915123343468,24.672466278076172,16.865116119384766,0.9152786731719971,0.4110633134841919
870,ROIs1158_spring_s2_44_p119,0.049363065510988235,0.03269271180033684,26.1319580078125,13.117728233337402,0.9172569513320923,0.4379170536994934
871,ROIs1158_spring_s2_44_p120,0.04163409769535065,0.02715529315173626,27.61101722717285,9.303624153137207,0.9180927872657776,0.41653794050216675
872,ROIs1158_spring_s2_44_p121,0.06845960021018982,0.04091503098607063,23.29131317138672,15.561400413513184,0.8242139220237732,0.39249104261398315
873,ROIs1158_spring_s2_44_p122,0.10373074561357498,0.0723780021071434,19.681852340698242,26.03392791748047,0.6762025356292725,0.4626120626926422
874,ROIs1158_spring_s2_44_p123,0.08400227874517441,0.052031923085451126,21.514179229736328,17.906784057617188,0.7918720841407776,0.4516831934452057
875,ROIs1158_spring_s2_44_p124,0.03747350350022316,0.024395881220698357,28.525514602661133,8.430599212646484,0.938727617263794,0.3826814889907837
876,ROIs1158_spring_s2_44_p125,0.047727249562740326,0.030581919476389885,26.424673080444336,10.964186668395996,0.9231811761856079,0.37322813272476196
877,ROIs1158_spring_s2_44_p126,0.05555069074034691,0.036454975605010986,25.106210708618164,13.36711597442627,0.9174364805221558,0.4240870773792267
878,ROIs1158_spring_s2_44_p127,0.060024894773960114,0.039842166006565094,24.433372497558594,14.1702241897583,0.923719048500061,0.46421921253204346
879,ROIs1158_spring_s2_44_p128,0.0689694955945015,0.04711408540606499,23.22686004638672,16.71836280822754,0.9224030375480652,0.4570223093032837
880,ROIs1158_spring_s2_44_p129,0.07972566783428192,0.056134406477212906,21.968036651611328,19.085607528686523,0.9042962789535522,0.4824812710285187
881,ROIs1158_spring_s2_44_p130,0.07760564237833023,0.05594593659043312,22.202133178710938,18.097496032714844,0.891988217830658,0.4805382490158081
882,ROIs1158_spring_s2_44_p131,0.0644383355975151,0.0470731146633625,23.817115783691406,15.225874900817871,0.9078448414802551,0.4580523371696472
883,ROIs1158_spring_s2_44_p132,0.06534229964017868,0.04374627023935318,23.696109771728516,13.209381103515625,0.9075967073440552,0.446665495634079
884,ROIs1158_spring_s2_44_p133,0.06956988573074341,0.047526031732559204,23.15157699584961,16.807315826416016,0.887252688407898,0.4698373079299927
885,ROIs1158_spring_s2_44_p134,0.05448206514120102,0.03851308301091194,25.27492904663086,14.71502685546875,0.8972800970077515,0.4337595999240875
886,ROIs1158_spring_s2_44_p135,0.04253556951880455,0.030981935560703278,27.424955368041992,12.170716285705566,0.915699303150177,0.4019629657268524
887,ROIs1158_spring_s2_44_p136,0.045062899589538574,0.03255711868405342,26.92361831665039,12.344511985778809,0.9198863506317139,0.4351622462272644
888,ROIs1158_spring_s2_44_p137,0.05256161093711853,0.037518348544836044,25.586626052856445,15.345796585083008,0.9095373749732971,0.4208737015724182
889,ROIs1158_spring_s2_44_p138,0.05398526415228844,0.03840965777635574,25.354496002197266,15.443487167358398,0.9094235897064209,0.3731398582458496
890,ROIs1158_spring_s2_44_p139,0.05733846500515938,0.04036480188369751,24.83108139038086,14.81357479095459,0.895256757736206,0.40312838554382324
891,ROIs1158_spring_s2_44_p140,0.05134270340204239,0.03497057408094406,25.79042625427246,12.890204429626465,0.8945749998092651,0.4277481436729431
892,ROIs1158_spring_s2_44_p141,0.04993005841970444,0.03476472198963165,26.032756805419922,12.933624267578125,0.9009039402008057,0.41218575835227966
893,ROIs1158_spring_s2_44_p142,0.0542365126311779,0.04159202054142952,25.314163208007812,15.186835289001465,0.9074311256408691,0.3939015567302704
894,ROIs1158_spring_s2_44_p143,0.054518457502126694,0.042747948318719864,25.269128799438477,16.051250457763672,0.9205429553985596,0.37009724974632263
895,ROIs1158_spring_s2_44_p144,0.05184429511427879,0.0396699421107769,25.705982208251953,15.29786491394043,0.9241502285003662,0.37300318479537964
896,ROIs1158_spring_s2_44_p146,0.0586559884250164,0.04039580374956131,24.633752822875977,17.47606658935547,0.9202821254730225,0.43294256925582886
897,ROIs1158_spring_s2_44_p147,0.05238443613052368,0.03395066037774086,25.615955352783203,14.83559799194336,0.9219532012939453,0.44432011246681213
898,ROIs1158_spring_s2_44_p148,0.041401010006666183,0.025458546355366707,27.659780502319336,10.192319869995117,0.9293800592422485,0.4599461257457733
899,ROIs1158_spring_s2_44_p149,0.03479527682065964,0.022999422624707222,29.169593811035156,8.131056785583496,0.9404310584068298,0.39003223180770874
900,ROIs1158_spring_s2_44_p150,0.04644246771931648,0.027208073064684868,26.661693572998047,9.302023887634277,0.9081993103027344,0.34368032217025757
901,ROIs1158_spring_s2_44_p151,0.08833011984825134,0.058902572840452194,21.077823638916016,20.100404739379883,0.7458699941635132,0.426439493894577
902,ROIs1158_spring_s2_44_p152,0.0957854688167572,0.06406895816326141,20.374008178710938,19.540451049804688,0.7348439693450928,0.4750792384147644
903,ROIs1158_spring_s2_44_p153,0.0490146279335022,0.028354667127132416,26.193485260009766,9.714338302612305,0.9072830677032471,0.3860010504722595
904,ROIs1158_spring_s2_44_p154,0.03425143286585808,0.022509634494781494,29.306427001953125,8.554647445678711,0.9517213106155396,0.3530605137348175
905,ROIs1158_spring_s2_44_p155,0.04124274477362633,0.029747705906629562,27.693050384521484,11.839717864990234,0.9403507709503174,0.42123061418533325
906,ROIs1158_spring_s2_44_p156,0.04835915565490723,0.0349082425236702,26.310426712036133,14.200072288513184,0.9315282106399536,0.46362757682800293
907,ROIs1158_spring_s2_44_p157,0.05641254037618637,0.040367595851421356,24.972488403320312,15.379265785217285,0.9324225783348083,0.44390764832496643
908,ROIs1158_spring_s2_44_p158,0.07070337235927582,0.05222250521183014,23.011198043823242,16.992673873901367,0.9117742776870728,0.4561636447906494
909,ROIs1158_spring_s2_44_p159,0.07364435493946075,0.054285261780023575,22.65721321105957,17.043739318847656,0.8929365277290344,0.46807318925857544
910,ROIs1158_spring_s2_44_p160,0.05958116427063942,0.04525672644376755,24.497821807861328,13.871899604797363,0.911322295665741,0.4267972409725189
911,ROIs1158_spring_s2_44_p161,0.04878971353173256,0.03454359248280525,26.233434677124023,9.442622184753418,0.9368640184402466,0.3907470703125
912,ROIs1158_spring_s2_44_p162,0.05261063948273659,0.03697194159030914,25.578527450561523,11.074477195739746,0.9304651021957397,0.40532270073890686
913,ROIs1158_spring_s2_44_p163,0.05060047656297684,0.03645453602075577,25.916908264160156,10.620177268981934,0.9314464330673218,0.3927922248840332
914,ROIs1158_spring_s2_44_p164,0.05251253396272659,0.0369206927716732,25.594741821289062,13.08549976348877,0.9249070882797241,0.376993864774704
915,ROIs1158_spring_s2_44_p165,0.059678398072719574,0.04224627837538719,24.483657836914062,17.42340850830078,0.9091799259185791,0.41756200790405273
916,ROIs1158_spring_s2_44_p166,0.06697037816047668,0.04781527817249298,23.482343673706055,20.686054229736328,0.8887916803359985,0.3891702890396118
917,ROIs1158_spring_s2_44_p167,0.0685092955827713,0.04756948724389076,23.285009384155273,20.537681579589844,0.8883869647979736,0.35905373096466064
918,ROIs1158_spring_s2_44_p168,0.06651514023542404,0.04644552245736122,23.54159164428711,18.894119262695312,0.887646496295929,0.40796247124671936
919,ROIs1158_spring_s2_44_p169,0.05190984532237053,0.03608561307191849,25.695003509521484,13.511377334594727,0.8799619078636169,0.4632517099380493
920,ROIs1158_spring_s2_44_p170,0.04428645595908165,0.030759887769818306,27.074583053588867,10.616100311279297,0.8827692270278931,0.45025140047073364
921,ROIs1158_spring_s2_44_p171,0.04841718450188637,0.03566427156329155,26.300010681152344,13.25399398803711,0.9062215685844421,0.42570197582244873
922,ROIs1158_spring_s2_44_p172,0.048516321927309036,0.03663954511284828,26.282243728637695,13.964141845703125,0.9158638715744019,0.41084200143814087
923,ROIs1158_spring_s2_44_p173,0.04760100319981575,0.03552134707570076,26.447677612304688,12.142560005187988,0.9201655387878418,0.3870754837989807
924,ROIs1158_spring_s2_44_p175,0.05677884817123413,0.03908190503716469,24.91626739501953,16.119094848632812,0.9193838834762573,0.4209757447242737
925,ROIs1158_spring_s2_44_p176,0.045353613793849945,0.029566096141934395,26.86776351928711,11.75098991394043,0.9258981347084045,0.45774954557418823
926,ROIs1158_spring_s2_44_p177,0.03466738015413284,0.02263833023607731,29.201581954956055,8.465008735656738,0.9375848174095154,0.4554070830345154
927,ROIs1158_spring_s2_44_p178,0.034641966223716736,0.024071479216217995,29.207950592041016,9.274894714355469,0.9463037252426147,0.40790510177612305
928,ROIs1158_spring_s2_44_p179,0.02531523071229458,0.018797671422362328,31.932361602783203,6.192566871643066,0.9567934274673462,0.3740840554237366
929,ROIs1158_spring_s2_44_p180,0.0639132559299469,0.03873499855399132,23.888179779052734,12.874211311340332,0.8431051969528198,0.4364577531814575
930,ROIs1158_spring_s2_44_p181,0.09349524974822998,0.06273750215768814,20.584209442138672,20.311233520507812,0.7198822498321533,0.4851665794849396
931,ROIs1158_spring_s2_44_p182,0.07069088518619537,0.04283065348863602,23.012731552124023,14.650986671447754,0.8181406259536743,0.46146589517593384
932,ROIs1158_spring_s2_44_p183,0.040234629064798355,0.026316441595554352,27.908000946044922,10.738882064819336,0.9359003901481628,0.4382990896701813
933,ROIs1158_spring_s2_44_p184,0.05421338602900505,0.03638973832130432,25.317869186401367,14.182276725769043,0.9292002320289612,0.4290069341659546
934,ROIs1158_spring_s2_44_p185,0.058426473289728165,0.03959795832633972,24.66780662536621,15.461710929870605,0.9150081872940063,0.4255497455596924
935,ROIs1158_spring_s2_44_p186,0.05705564096570015,0.041760291904211044,24.8740291595459,15.453454971313477,0.9250627160072327,0.4201699495315552
936,ROIs1158_spring_s2_44_p187,0.0660230815410614,0.04969385638833046,23.606082916259766,15.227213859558105,0.9114444255828857,0.42861729860305786
937,ROIs1158_spring_s2_44_p188,0.07214079052209854,0.054072652012109756,22.836381912231445,15.7965669631958,0.8898184895515442,0.4573811888694763
938,ROIs1158_spring_s2_44_p189,0.061777811497449875,0.04618045687675476,24.183351516723633,15.287324905395508,0.9092467427253723,0.4450494349002838
939,ROIs1158_spring_s2_44_p190,0.05442151799798012,0.03882722929120064,25.284587860107422,13.007994651794434,0.921299934387207,0.4250987768173218
940,ROIs1158_spring_s2_44_p191,0.05637410655617714,0.03946462646126747,24.97840690612793,13.816808700561523,0.9235554933547974,0.422972172498703
941,ROIs1158_spring_s2_44_p192,0.05574749410152435,0.039648961275815964,25.07549285888672,11.730114936828613,0.9353557825088501,0.37968534231185913
942,ROIs1158_spring_s2_44_p193,0.06657128036022186,0.04631488770246506,23.53426170349121,15.952975273132324,0.9187642335891724,0.37548452615737915
943,ROIs1158_spring_s2_44_p194,0.08385542780160904,0.06065066158771515,21.529376983642578,24.39182472229004,0.8793166875839233,0.4283386468887329
944,ROIs1158_spring_s2_44_p195,0.09347163885831833,0.06926418095827103,20.586402893066406,27.84451675415039,0.8558394908905029,0.42831888794898987
945,ROIs1158_spring_s2_44_p196,0.09036184102296829,0.06558479368686676,20.880298614501953,26.612506866455078,0.8657078742980957,0.39429542422294617
946,ROIs1158_spring_s2_44_p197,0.0771392434835434,0.05645338445901871,22.254493713378906,23.4339599609375,0.8915310502052307,0.408373087644577
947,ROIs1158_spring_s2_44_p198,0.05825843662023544,0.042505402117967606,24.69282341003418,17.415834426879883,0.8919210433959961,0.47726932168006897
948,ROIs1158_spring_s2_44_p199,0.039887141436338425,0.028487036004662514,27.98334312438965,10.459481239318848,0.900870144367218,0.4732207953929901
949,ROIs1158_spring_s2_44_p200,0.040578000247478485,0.02967536821961403,27.83418846130371,11.200029373168945,0.9198697805404663,0.45372235774993896
950,ROIs1158_spring_s2_44_p201,0.046014342457056046,0.03477517515420914,26.742136001586914,11.697365760803223,0.9136250019073486,0.43397289514541626
951,ROIs1158_spring_s2_44_p202,0.03863045945763588,0.029017610475420952,28.261404037475586,7.665047645568848,0.9353471994400024,0.3797755837440491
952,ROIs1158_spring_s2_44_p204,0.06834998726844788,0.04754336550831795,23.30522918701172,18.492237091064453,0.8849351406097412,0.4829820692539215
953,ROIs1158_spring_s2_44_p205,0.058390047401189804,0.04022645205259323,24.6732234954834,16.034887313842773,0.9013093709945679,0.4879843294620514
954,ROIs1158_spring_s2_44_p206,0.045426782220602036,0.030615858733654022,26.853759765625,12.155669212341309,0.9242777228355408,0.45887434482574463
955,ROIs1158_spring_s2_44_p207,0.04232863336801529,0.029087696224451065,27.467315673828125,12.109341621398926,0.9353952407836914,0.4311750531196594
956,ROIs1158_spring_s2_44_p208,0.03775506094098091,0.026500636711716652,28.460494995117188,9.678507804870605,0.9375699758529663,0.41094616055488586
957,ROIs1158_spring_s2_44_p209,0.0523243211209774,0.03200357034802437,25.625930786132812,11.556537628173828,0.8790789842605591,0.4420647621154785
958,ROIs1158_spring_s2_44_p210,0.07342850416898727,0.04545794427394867,22.682706832885742,16.046388626098633,0.7891373634338379,0.46622949838638306
959,ROIs1158_spring_s2_44_p211,0.06198339909315109,0.03677966073155403,24.15449333190918,13.6011962890625,0.8406679630279541,0.4554043412208557
960,ROIs1158_spring_s2_44_p212,0.0428033210337162,0.028255272656679153,27.370450973510742,11.065890312194824,0.926953911781311,0.4572621285915375
961,ROIs1158_spring_s2_44_p213,0.05482777953147888,0.03614820912480354,25.219985961914062,12.175603866577148,0.9102988243103027,0.4534358084201813
962,ROIs1158_spring_s2_44_p214,0.05575498938560486,0.034553349018096924,25.074325561523438,11.332830429077148,0.9037942886352539,0.41602766513824463
963,ROIs1158_spring_s2_44_p215,0.051129378378391266,0.037392158061265945,25.826589584350586,13.61677360534668,0.9256570339202881,0.40108388662338257
964,ROIs1158_spring_s2_44_p216,0.056128110736608505,0.04200100153684616,25.016393661499023,12.897549629211426,0.9303734302520752,0.417944073677063
965,ROIs1158_spring_s2_44_p217,0.07215189188718796,0.05397813394665718,22.835046768188477,13.074356079101562,0.8999247550964355,0.47157424688339233
966,ROIs1158_spring_s2_44_p218,0.07077867537736893,0.05348028242588043,23.001953125,14.18213939666748,0.9014307856559753,0.47580617666244507
967,ROIs1158_spring_s2_44_p219,0.06143827736377716,0.044610828161239624,24.231220245361328,14.99629020690918,0.9073774814605713,0.46688327193260193
968,ROIs1158_spring_s2_44_p220,0.07052861154079437,0.04875416308641434,23.03269386291504,18.06893539428711,0.8998606204986572,0.4733678698539734
969,ROIs1158_spring_s2_44_p221,0.06959213316440582,0.04827546328306198,23.14879608154297,16.03398895263672,0.9105272889137268,0.42107173800468445
970,ROIs1158_spring_s2_44_p222,0.06669004261493683,0.04618893563747406,23.518779754638672,14.093635559082031,0.918115496635437,0.3780749440193176
971,ROIs1158_spring_s2_44_p223,0.07994338870048523,0.05655601620674133,21.94434928894043,19.140546798706055,0.8908802270889282,0.40796738862991333
972,ROIs1158_spring_s2_44_p224,0.08291449397802353,0.05956711992621422,21.627389907836914,20.810583114624023,0.8773424625396729,0.4168311059474945
973,ROIs1158_spring_s2_44_p225,0.07207103073596954,0.049865517765283585,22.84478759765625,18.527318954467773,0.8829661011695862,0.4054523706436157
974,ROIs1158_spring_s2_44_p226,0.06667889654636383,0.046613484621047974,23.520231246948242,18.80835723876953,0.8887293934822083,0.43507933616638184
975,ROIs1158_spring_s2_44_p227,0.0616186149418354,0.04480704292654991,24.20576286315918,19.025249481201172,0.888001561164856,0.4775565266609192
976,ROIs1158_spring_s2_44_p228,0.04973338916897774,0.036163635551929474,26.067039489746094,15.214268684387207,0.9009802341461182,0.4682929515838623
977,ROIs1158_spring_s2_44_p229,0.05045345798134804,0.036442335695028305,25.942182540893555,15.263566970825195,0.9112453460693359,0.45821571350097656
978,ROIs1158_spring_s2_44_p230,0.05607645586133003,0.04152202606201172,25.02438735961914,14.615570068359375,0.9007580280303955,0.46463534235954285
979,ROIs1158_spring_s2_44_p231,0.04499227926135063,0.03263682872056961,26.937240600585938,9.652132987976074,0.9128458499908447,0.4261496961116791
980,ROIs1158_spring_s2_44_p233,0.06854451447725296,0.04826243221759796,23.280546188354492,17.98912239074707,0.8822289705276489,0.46360406279563904
981,ROIs1158_spring_s2_44_p234,0.05923083424568176,0.041807014495134354,24.549043655395508,15.150398254394531,0.9080474376678467,0.4592728018760681
982,ROIs1158_spring_s2_44_p235,0.04738391190767288,0.03239775449037552,26.487384796142578,11.864121437072754,0.9266163110733032,0.4466754198074341
983,ROIs1158_spring_s2_44_p236,0.041733384132385254,0.027836758643388748,27.590328216552734,11.516294479370117,0.9369392395019531,0.44245609641075134
984,ROIs1158_spring_s2_44_p237,0.041099242866039276,0.028132794424891472,27.723323822021484,11.330870628356934,0.9339481592178345,0.444865882396698
985,ROIs1158_spring_s2_44_p238,0.06609345972537994,0.041304800659418106,23.596830368041992,16.553386688232422,0.8438780307769775,0.4391561448574066
986,ROIs1158_spring_s2_44_p239,0.07228858023881912,0.04561157524585724,22.818605422973633,16.132822036743164,0.7899446487426758,0.4643190801143646
987,ROIs1158_spring_s2_44_p240,0.04144169017672539,0.026189753785729408,27.6512508392334,8.6018705368042,0.9016562700271606,0.42507243156433105
988,ROIs1158_spring_s2_44_p241,0.03183465078473091,0.02203928306698799,29.941999435424805,7.164255142211914,0.9487402439117432,0.395629346370697
989,ROIs1158_spring_s2_44_p242,0.036330949515104294,0.023674393072724342,28.79446792602539,7.221493721008301,0.9323126673698425,0.40782633423805237
990,ROIs1158_spring_s2_44_p243,0.04955323040485382,0.031689055263996124,26.098560333251953,10.369239807128906,0.914792537689209,0.39798280596733093
991,ROIs1158_spring_s2_44_p244,0.05540016293525696,0.040563132613897324,25.129779815673828,13.8096342086792,0.9183841943740845,0.39157652854919434
992,ROIs1158_spring_s2_44_p245,0.054183848202228546,0.04053190350532532,25.32260513305664,11.590110778808594,0.9386409521102905,0.4057753086090088
993,ROIs1158_spring_s2_44_p246,0.06723494082689285,0.050984937697649,23.448097229003906,11.773738861083984,0.91795414686203,0.438190758228302
994,ROIs1158_spring_s2_44_p247,0.07543287426233292,0.05811339244246483,22.448787689208984,11.997997283935547,0.8929245471954346,0.48821431398391724
995,ROIs1158_spring_s2_44_p248,0.06105742231011391,0.0452687107026577,24.28523063659668,10.889339447021484,0.8957799673080444,0.5349212884902954
996,ROIs1158_spring_s2_44_p249,0.06847836077213287,0.04713936150074005,23.2889347076416,13.904592514038086,0.8905892968177795,0.5189827680587769
997,ROIs1158_spring_s2_44_p250,0.06842964142560959,0.04823039472103119,23.295114517211914,16.922983169555664,0.8925459384918213,0.4671365022659302
998,ROIs1158_spring_s2_44_p251,0.05710316076874733,0.04135427251458168,24.866798400878906,13.067495346069336,0.9127316474914551,0.39501437544822693
999,ROIs1158_spring_s2_44_p252,0.06434927880764008,0.04447637498378754,23.82912826538086,12.47193431854248,0.9247507452964783,0.37413322925567627
1000,ROIs1158_spring_s2_44_p253,0.06705319881439209,0.04473358392715454,23.47161102294922,13.829415321350098,0.9157638549804688,0.37252283096313477
1001,ROIs1158_spring_s2_44_p254,0.06154291704297066,0.04055364802479744,24.216440200805664,14.324224472045898,0.890544593334198,0.395608514547348
1002,ROIs1158_spring_s2_44_p255,0.058199070394039154,0.03852185234427452,24.701679229736328,15.353080749511719,0.873570442199707,0.41735219955444336
1003,ROIs1158_spring_s2_44_p256,0.058100901544094086,0.03991890698671341,24.71634292602539,16.899337768554688,0.8654826283454895,0.4708651900291443
1004,ROIs1158_spring_s2_44_p257,0.052786268293857574,0.03728606179356575,25.54958152770996,16.13147735595703,0.8856045603752136,0.45994073152542114
1005,ROIs1158_spring_s2_44_p258,0.05314506217837334,0.038764432072639465,25.490741729736328,15.579244613647461,0.8981822729110718,0.461064875125885
1006,ROIs1158_spring_s2_44_p259,0.056038521230220795,0.04078647121787071,25.0302677154541,14.986124038696289,0.8935613036155701,0.486905574798584
1007,ROIs1158_spring_s2_44_p260,0.04539180546998978,0.03049008548259735,26.860450744628906,10.643476486206055,0.9050536155700684,0.4635215699672699
1008,ROIs1158_spring_s2_44_p262,0.046957749873399734,0.03255871310830116,26.565855026245117,11.72071361541748,0.9305347204208374,0.4158068001270294
1009,ROIs1158_spring_s2_44_p263,0.04601717367768288,0.031259603798389435,26.741601943969727,10.249359130859375,0.9384877681732178,0.41483694314956665
1010,ROIs1158_spring_s2_44_p264,0.037051353603601456,0.02530858851969242,28.623920440673828,8.114566802978516,0.9499250650405884,0.3918449580669403
1011,ROIs1158_spring_s2_44_p265,0.03380553796887398,0.023736128583550453,29.420244216918945,8.98976993560791,0.950003981590271,0.41230088472366333
1012,ROIs1158_spring_s2_44_p266,0.03403604030609131,0.02515469491481781,29.36121940612793,10.671218872070312,0.9481014013290405,0.4220479428768158
1013,ROIs1158_spring_s2_44_p267,0.05670888349413872,0.03346595913171768,24.926979064941406,14.389021873474121,0.8857457041740417,0.39537835121154785
1014,ROIs1158_spring_s2_44_p268,0.072832852602005,0.04741282761096954,22.75345230102539,17.356889724731445,0.7839233875274658,0.41789913177490234
1015,ROIs1158_spring_s2_44_p269,0.056445762515068054,0.03610333427786827,24.96737289428711,12.689027786254883,0.8440226316452026,0.42761269211769104
1016,ROIs1158_spring_s2_44_p270,0.03795066475868225,0.0261544156819582,28.415613174438477,7.988158702850342,0.9361748695373535,0.36609703302383423
1017,ROIs1158_spring_s2_44_p271,0.03311430290341377,0.02418709173798561,29.599687576293945,6.855861186981201,0.9559726119041443,0.34701693058013916
1018,ROIs1158_spring_s2_44_p272,0.04615423455834389,0.03144945576786995,26.715770721435547,10.498960494995117,0.9320787191390991,0.3654026985168457
1019,ROIs1158_spring_s2_44_p273,0.058466989547014236,0.04409947991371155,24.661787033081055,13.269309997558594,0.9020124673843384,0.3846289813518524
1020,ROIs1158_spring_s2_44_p274,0.06009531021118164,0.04621635377407074,24.423189163208008,11.209270477294922,0.9148687124252319,0.4143889844417572
1021,ROIs1158_spring_s2_44_p275,0.06266940385103226,0.04799061641097069,24.05889129638672,11.790365219116211,0.9145032167434692,0.43803614377975464
1022,ROIs1158_spring_s2_44_p276,0.0552302710711956,0.040829505771398544,25.156457901000977,12.6229829788208,0.9178510308265686,0.4345977306365967
1023,ROIs1158_spring_s2_44_p277,0.04577253758907318,0.031569309532642365,26.787900924682617,11.360214233398438,0.9190683364868164,0.4612025022506714
1024,ROIs1158_spring_s2_44_p278,0.055646754801273346,0.037477243691682816,25.091201782226562,13.311399459838867,0.9091504812240601,0.47999799251556396
1025,ROIs1158_spring_s2_44_p279,0.06311340630054474,0.043002255260944366,23.997570037841797,15.693076133728027,0.8948274254798889,0.4664309322834015
1026,ROIs1158_spring_s2_44_p280,0.05912146344780922,0.04220115765929222,24.565095901489258,15.20226001739502,0.9034148454666138,0.44625407457351685
1027,ROIs1158_spring_s2_44_p281,0.06043725833296776,0.0424799881875515,24.373905181884766,12.759766578674316,0.9252312183380127,0.39422139525413513
1028,ROIs1158_spring_s2_44_p282,0.07144652307033539,0.04759573936462402,22.920379638671875,15.000899314880371,0.9132375717163086,0.4004688858985901
1029,ROIs1158_spring_s2_44_p283,0.07816600799560547,0.05237852782011032,22.1396427154541,19.20930290222168,0.8834441304206848,0.39824122190475464
1030,ROIs1158_spring_s2_44_p284,0.07270938903093338,0.04967805743217468,22.768190383911133,20.53478240966797,0.8698632717132568,0.3772188127040863
1031,ROIs1158_spring_s2_44_p285,0.0724557638168335,0.04959794878959656,22.798540115356445,20.969257354736328,0.8588430881500244,0.40334439277648926
1032,ROIs1158_spring_s2_44_p286,0.06991222500801086,0.048963069915771484,23.108938217163086,20.413793563842773,0.8670926094055176,0.4562179446220398
1033,ROIs1158_spring_s2_44_p287,0.060949087142944336,0.04414578899741173,24.300655364990234,16.357036590576172,0.8906462788581848,0.47345831990242004
1034,ROIs1158_spring_s2_44_p288,0.06698351353406906,0.046420324593782425,23.480642318725586,16.306074142456055,0.8902148008346558,0.49641650915145874
1035,ROIs1158_spring_s2_44_p289,0.0758441761136055,0.0505264550447464,22.40155792236328,18.317331314086914,0.8726259469985962,0.5238277912139893
1036,ROIs1158_spring_s2_44_p291,0.04844741150736809,0.03221844881772995,26.294591903686523,12.14428424835205,0.929999828338623,0.39445632696151733
1037,ROIs1158_spring_s2_44_p292,0.06443046033382416,0.043220117688179016,23.81817626953125,16.04427719116211,0.9025280475616455,0.42682093381881714
1038,ROIs1158_spring_s2_44_p293,0.06348150223493576,0.04352046176791191,23.94705581665039,15.876540184020996,0.9083101749420166,0.4207004904747009
1039,ROIs1158_spring_s2_44_p294,0.04767768457531929,0.03167225420475006,26.433696746826172,11.165356636047363,0.93096923828125,0.4208575189113617
1040,ROIs1158_spring_s2_44_p295,0.03321883827447891,0.02401866391301155,29.57231330871582,8.912247657775879,0.9509298205375671,0.40810054540634155
1041,ROIs1158_spring_s2_44_p296,0.024281419813632965,0.01706612855195999,32.294517517089844,6.9882001876831055,0.9617288112640381,0.35950425267219543
1042,ROIs1158_spring_s2_44_p297,0.05353669077157974,0.03273230046033859,25.426971435546875,12.394881248474121,0.8618878126144409,0.37715721130371094
1043,ROIs1158_spring_s2_44_p298,0.07222703844308853,0.049049828201532364,22.826004028320312,17.63674545288086,0.766123354434967,0.44950398802757263
1044,ROIs1158_spring_s2_44_p299,0.06331705302000046,0.04296698793768883,23.969589233398438,13.6663179397583,0.8343327045440674,0.3923492431640625
1045,ROIs1158_spring_s2_44_p300,0.04450465738773346,0.0307003241032362,27.031890869140625,8.762127876281738,0.9273864030838013,0.32307225465774536
1046,ROIs1158_spring_s2_44_p301,0.041921403259038925,0.028608782216906548,27.551286697387695,9.179892539978027,0.9363716840744019,0.35121750831604004
1047,ROIs1158_spring_s2_44_p302,0.047979023307561874,0.03403110057115555,26.37897300720215,11.138995170593262,0.9188302755355835,0.38502711057662964
1048,ROIs1158_spring_s2_44_p303,0.05159924179315567,0.0380571074783802,25.74713134765625,12.749935150146484,0.9228890538215637,0.3916025757789612
1049,ROIs1158_spring_s2_44_p304,0.05315539240837097,0.039545126259326935,25.48905372619629,12.720917701721191,0.9238207340240479,0.4177212417125702
1050,ROIs1158_spring_s2_44_p305,0.04882299527525902,0.03564077243208885,26.22751235961914,13.471217155456543,0.9370984435081482,0.4116910994052887
1051,ROIs1158_spring_s2_44_p306,0.04892466217279434,0.03494793176651001,26.20944595336914,13.590508460998535,0.9351460933685303,0.4113612771034241
1052,ROIs1158_spring_s2_44_p307,0.06348955631256104,0.045637935400009155,23.945953369140625,13.03322696685791,0.9071276187896729,0.427253395318985
1053,ROIs1158_spring_s2_44_p308,0.06900601834058762,0.04704250022768974,23.222259521484375,15.8751802444458,0.8960410952568054,0.40314948558807373
1054,ROIs1158_spring_s2_44_p309,0.06351705640554428,0.04292477294802666,23.94219398498535,16.69322967529297,0.8972971439361572,0.43171659111976624
1055,ROIs1158_spring_s2_44_p310,0.06353528797626495,0.04327256977558136,23.939701080322266,15.479513168334961,0.9005788564682007,0.4432753622531891
1056,ROIs1158_spring_s2_44_p311,0.06972210109233856,0.0457744263112545,23.132591247558594,15.62574577331543,0.9087546467781067,0.4261404275894165
1057,ROIs1158_spring_s2_44_p312,0.07044973224401474,0.045736707746982574,23.04241371154785,15.82372760772705,0.9105967283248901,0.38454267382621765
1058,ROIs1158_spring_s2_44_p313,0.08098337799310684,0.05272439867258072,21.832082748413086,19.599496841430664,0.8888549208641052,0.35386914014816284
1059,ROIs1158_spring_s2_44_p314,0.0936507135629654,0.06368181109428406,20.569780349731445,25.48762321472168,0.860969603061676,0.3994705080986023
1060,ROIs1158_spring_s2_44_p315,0.08945076167583466,0.06405406445264816,20.968320846557617,25.60169792175293,0.8634946346282959,0.49470168352127075
1061,ROIs1158_spring_s2_44_p316,0.07676555216312408,0.05461394041776657,22.296672821044922,20.657089233398438,0.884300708770752,0.5030311942100525
1062,ROIs1158_spring_s2_44_p317,0.08299857378005981,0.05583087354898453,21.618587493896484,20.384185791015625,0.888562798500061,0.5118487477302551
1063,ROIs1158_spring_s2_44_p318,0.1001763641834259,0.06779689341783524,19.984695434570312,24.344961166381836,0.8659417629241943,0.5549355745315552
1064,ROIs1158_spring_s2_44_p320,0.04594415798783302,0.03001670353114605,26.75539207458496,11.109379768371582,0.9383131265640259,0.3327823281288147
1065,ROIs1158_spring_s2_44_p321,0.06495440006256104,0.04232990741729736,23.74782943725586,16.827499389648438,0.8962295055389404,0.4017598628997803
1066,ROIs1158_spring_s2_44_p322,0.07272922992706299,0.049926239997148514,22.765823364257812,19.857770919799805,0.8883255124092102,0.4086434841156006
1067,ROIs1158_spring_s2_44_p323,0.053482308983802795,0.035133808851242065,25.43579864501953,13.159442901611328,0.924697756767273,0.3826267719268799
1068,ROIs1158_spring_s2_44_p324,0.03778739273548126,0.025749199092388153,28.453062057495117,8.892605781555176,0.9462600946426392,0.39031848311424255
1069,ROIs1158_spring_s2_44_p325,0.024227863177657127,0.01728096604347229,32.313697814941406,6.610019207000732,0.9589575529098511,0.3619312644004822
1070,ROIs1158_spring_s2_44_p326,0.03388959914445877,0.02000759355723858,29.398672103881836,7.8011369705200195,0.9310145974159241,0.37049323320388794
1071,ROIs1158_spring_s2_44_p327,0.06335468590259552,0.04037636145949364,23.964426040649414,14.717434883117676,0.8145227432250977,0.44050177931785583
1072,ROIs1158_spring_s2_44_p328,0.07946176081895828,0.05393170565366745,21.996837615966797,19.039772033691406,0.7515581846237183,0.4364682137966156
1073,ROIs1158_spring_s2_44_p329,0.07324191927909851,0.04890163615345955,22.70480728149414,16.721450805664062,0.7953907251358032,0.405770868062973
1074,ROIs1158_spring_s2_44_p330,0.06839264184236526,0.04480062425136566,23.29981231689453,15.182550430297852,0.8149478435516357,0.41523510217666626
1075,ROIs1158_spring_s2_44_p331,0.05488770827651024,0.03401964157819748,25.21049690246582,11.802458763122559,0.8683222532272339,0.4045647382736206
1076,ROIs1158_spring_s2_44_p332,0.04526907578110695,0.030198555439710617,26.883968353271484,10.552752494812012,0.9255781173706055,0.3908046782016754
1077,ROIs1158_spring_s2_44_p333,0.04642302542924881,0.03279448673129082,26.665332794189453,12.189789772033691,0.9302043914794922,0.4114532470703125
1078,ROIs1158_spring_s2_44_p334,0.04775401949882507,0.03556785732507706,26.419801712036133,13.238116264343262,0.9283031821250916,0.42930278182029724
1079,ROIs1158_spring_s2_44_p335,0.05009378492832184,0.03825891762971878,26.004323959350586,13.730456352233887,0.9201136231422424,0.43125006556510925
1080,ROIs1158_spring_s2_44_p336,0.0666845440864563,0.05046360567212105,23.51949691772461,12.266410827636719,0.8871539831161499,0.45728665590286255
1081,ROIs1158_spring_s2_44_p337,0.06974348425865173,0.050387904047966,23.129928588867188,13.496868133544922,0.8883337378501892,0.3980574607849121
1082,ROIs1158_spring_s2_44_p338,0.06332582980394363,0.04210937023162842,23.968381881713867,15.980682373046875,0.898152232170105,0.4201399087905884
1083,ROIs1158_spring_s2_44_p339,0.07287535816431046,0.04877746105194092,22.74838638305664,16.298067092895508,0.8800694346427917,0.441852331161499
1084,ROIs1158_spring_s2_44_p340,0.07512867450714111,0.050344087183475494,22.483884811401367,15.540380477905273,0.8885290622711182,0.4343721568584442
1085,ROIs1158_spring_s2_44_p341,0.07235869020223618,0.046389076858758926,22.810184478759766,14.05798625946045,0.8983825445175171,0.43745097517967224
1086,ROIs1158_spring_s2_44_p342,0.08741132915019989,0.05448642373085022,21.16864776611328,18.534711837768555,0.8757888078689575,0.4310940206050873
1087,ROIs1158_spring_s2_44_p343,0.09875544160604477,0.06522216647863388,20.108779907226562,23.801042556762695,0.8522768020629883,0.4984363913536072
1088,ROIs1158_spring_s2_44_p344,0.08898225426673889,0.060504086315631866,21.013931274414062,23.132463455200195,0.8660699129104614,0.5305616855621338
1089,ROIs1158_spring_s2_44_p345,0.08333725482225418,0.05525203049182892,21.58321762084961,20.208759307861328,0.8762586116790771,0.5117135047912598
1090,ROIs1158_spring_s2_44_p346,0.08251753449440002,0.0558929406106472,21.66907501220703,17.958702087402344,0.880532443523407,0.4896821081638336
1091,ROIs1158_spring_s2_44_p347,0.08913448452949524,0.06030508875846863,20.999086380004883,19.20282745361328,0.8842927813529968,0.48687878251075745
1092,ROIs1158_spring_s2_44_p349,0.04640774801373482,0.031211335211992264,26.668190002441406,10.58590030670166,0.9507778882980347,0.2330380380153656
1093,ROIs1158_spring_s2_44_p350,0.04867046698927879,0.0323004424571991,26.254690170288086,11.602608680725098,0.9320034980773926,0.3345429003238678
1094,ROIs1158_spring_s2_44_p351,0.04852676764130592,0.031943429261446,26.28037452697754,11.973529815673828,0.9202914834022522,0.3715446889400482
1095,ROIs1158_spring_s2_44_p352,0.03763115778565407,0.0251257736235857,28.48904800415039,10.003822326660156,0.9350568056106567,0.3608638048171997
1096,ROIs1158_spring_s2_44_p353,0.039329204708337784,0.026399333029985428,28.105697631835938,9.100175857543945,0.9419455528259277,0.3808516561985016
1097,ROIs1158_spring_s2_44_p354,0.026926228776574135,0.01910310424864292,31.396488189697266,6.427024841308594,0.9452899098396301,0.41491997241973877
1098,ROIs1158_spring_s2_44_p355,0.027260445058345795,0.018626688048243523,31.28934097290039,6.927270412445068,0.9504444003105164,0.4071536660194397
1099,ROIs1158_spring_s2_44_p356,0.044314056634902954,0.02823374979197979,27.069169998168945,10.227437019348145,0.9061970710754395,0.4249033033847809
1100,ROIs1158_spring_s2_44_p357,0.0620461106300354,0.038457632064819336,24.145708084106445,13.928860664367676,0.8371819257736206,0.45046213269233704
1101,ROIs1158_spring_s2_44_p358,0.06669699400663376,0.04091858118772507,23.51787567138672,14.875810623168945,0.818169891834259,0.4567088186740875
1102,ROIs1158_spring_s2_44_p359,0.06476625800132751,0.040744297206401825,23.77302360534668,14.088943481445312,0.8079445958137512,0.4731839895248413
1103,ROIs1158_spring_s2_44_p360,0.05592259764671326,0.034536343067884445,25.048254013061523,11.402905464172363,0.8206048011779785,0.47643500566482544
1104,ROIs1158_spring_s2_44_p361,0.04374878108501434,0.027870694175362587,27.180681228637695,8.587663650512695,0.8851156234741211,0.44477757811546326
1105,ROIs1158_spring_s2_44_p362,0.04014920815825462,0.028135890141129494,27.92646026611328,7.884629726409912,0.9237161874771118,0.4216342568397522
1106,ROIs1158_spring_s2_44_p363,0.04525817930698395,0.033533673733472824,26.886058807373047,10.653853416442871,0.9255262613296509,0.4168737828731537
1107,ROIs1158_spring_s2_44_p364,0.04376517981290817,0.03286854922771454,27.177427291870117,11.886333465576172,0.913226842880249,0.43662261962890625
1108,ROIs1158_spring_s2_44_p365,0.04335084185004234,0.030983280390501022,27.260051727294922,10.377071380615234,0.9036980867385864,0.47066712379455566
1109,ROIs1158_spring_s2_44_p366,0.04812769591808319,0.03219103068113327,26.35209846496582,10.53119945526123,0.9131795167922974,0.4220513701438904
1110,ROIs1158_spring_s2_44_p367,0.05187508463859558,0.03444650024175644,25.700824737548828,12.711740493774414,0.9145488739013672,0.4298764765262604
1111,ROIs1158_spring_s2_44_p368,0.06424560397863388,0.042180489748716354,23.8431339263916,15.277670860290527,0.9035323858261108,0.41437527537345886
1112,ROIs1158_spring_s2_44_p369,0.07456027716398239,0.051164593547582626,22.549848556518555,15.65983772277832,0.8888078927993774,0.43867576122283936
1113,ROIs1158_spring_s2_44_p370,0.0904596745967865,0.06837135553359985,20.870899200439453,14.376240730285645,0.850951075553894,0.49281808733940125
1114,ROIs1158_spring_s2_44_p371,0.09448631852865219,0.06770940124988556,20.49262046813965,16.9876708984375,0.8423168659210205,0.47082293033599854
1115,ROIs1158_spring_s2_44_p372,0.08820679038763046,0.05948977544903755,21.089962005615234,19.450510025024414,0.8536961078643799,0.5123076438903809
1116,ROIs1158_spring_s2_44_p373,0.08150921016931534,0.054827723652124405,21.775867462158203,18.654438018798828,0.862487256526947,0.5170795917510986
1117,ROIs1158_spring_s2_44_p374,0.08128982037305832,0.055184975266456604,21.79927635192871,17.098323822021484,0.8595253825187683,0.4963831305503845
1118,ROIs1158_spring_s2_44_p375,0.06633231788873672,0.04399214684963226,23.56549835205078,13.239419937133789,0.8905112743377686,0.48385947942733765
1119,ROIs1158_spring_s2_44_p376,0.06308803707361221,0.042572569102048874,24.001060485839844,12.290803909301758,0.9131324887275696,0.45967039465904236
1120,ROIs1158_spring_s2_44_p378,0.04722633212804794,0.03205983713269234,26.516315460205078,10.490004539489746,0.9532395601272583,0.17698737978935242
1121,ROIs1158_spring_s2_44_p379,0.045319195836782455,0.0308859683573246,26.87435531616211,10.332695960998535,0.9471074342727661,0.2572232484817505
1122,ROIs1158_spring_s2_44_p380,0.041745103895664215,0.028381632640957832,27.587890625,9.666627883911133,0.9319899082183838,0.33302050828933716
1123,ROIs1158_spring_s2_44_p381,0.03140920773148537,0.02233678102493286,30.058860778808594,8.985036849975586,0.9315477609634399,0.3722533583641052
1124,ROIs1158_spring_s2_44_p382,0.0397636778652668,0.027234921231865883,28.010269165039062,9.58590030670166,0.9399400949478149,0.3888254761695862
1125,ROIs1158_spring_s2_44_p383,0.038032714277505875,0.025937393307685852,28.396854400634766,8.7493314743042,0.9340776205062866,0.41774120926856995
1126,ROIs1158_spring_s2_44_p384,0.03415010869503021,0.023900805041193962,29.3321590423584,9.029706001281738,0.930458128452301,0.43307584524154663
1127,ROIs1158_spring_s2_44_p385,0.03390226140618324,0.02379709854722023,29.395427703857422,8.424371719360352,0.935763955116272,0.4442048668861389
1128,ROIs1158_spring_s2_44_p386,0.04076267033815384,0.026475252583622932,27.79474639892578,7.875723361968994,0.9194763898849487,0.4584592580795288
1129,ROIs1158_spring_s2_44_p387,0.04009832814335823,0.025673814117908478,27.937477111816406,8.036897659301758,0.9116746187210083,0.45854493975639343
1130,ROIs1158_spring_s2_44_p388,0.03462902829051018,0.023664114996790886,29.21119499206543,7.844927787780762,0.9176257848739624,0.45525845885276794
1131,ROIs1158_spring_s2_44_p389,0.039961691945791245,0.027099771425127983,27.967124938964844,8.173138618469238,0.8851336240768433,0.4760805368423462
1132,ROIs1158_spring_s2_44_p390,0.04638545960187912,0.030675943940877914,26.67236328125,8.795464515686035,0.8532748818397522,0.4974029064178467
1133,ROIs1158_spring_s2_44_p391,0.043738674372434616,0.029401712119579315,27.182689666748047,7.820679187774658,0.8853703737258911,0.4599916338920593
1134,ROIs1158_spring_s2_44_p392,0.03962325304746628,0.028364745900034904,28.040998458862305,7.448636054992676,0.9354519844055176,0.3949459195137024
1135,ROIs1158_spring_s2_44_p393,0.03310982510447502,0.024433976039290428,29.600860595703125,8.36404800415039,0.9344231486320496,0.39225420355796814
1136,ROIs1158_spring_s2_44_p394,0.0333256758749485,0.02299700863659382,29.54442024230957,7.927506446838379,0.9277806878089905,0.43474897742271423
1137,ROIs1158_spring_s2_44_p395,0.03561285138130188,0.024191146716475487,28.967864990234375,8.121393203735352,0.9232968688011169,0.43748486042022705
1138,ROIs1158_spring_s2_44_p396,0.0376213937997818,0.025954779237508774,28.491302490234375,8.80760669708252,0.9186960458755493,0.4537014961242676
1139,ROIs1158_spring_s2_44_p397,0.050267886370420456,0.03311191126704216,25.97418785095215,12.346063613891602,0.9227712154388428,0.4126931428909302
1140,ROIs1158_spring_s2_44_p398,0.055419690907001495,0.03659457713365555,25.126720428466797,14.058253288269043,0.9215778112411499,0.43514013290405273
1141,ROIs1158_spring_s2_44_p399,0.06237535923719406,0.04175594821572304,24.09973907470703,13.402926445007324,0.902694821357727,0.47772887349128723
1142,ROIs1158_spring_s2_44_p400,0.07098588347434998,0.04926137998700142,22.976560592651367,14.25871467590332,0.8786238431930542,0.47515174746513367
1143,ROIs1158_spring_s2_44_p401,0.06802462041378021,0.04641189053654671,23.346675872802734,15.768476486206055,0.8831515908241272,0.46456873416900635
1144,ROIs1158_spring_s2_44_p402,0.06858869642019272,0.04684290662407875,23.274948120117188,15.875237464904785,0.8765043020248413,0.4639129042625427
1145,ROIs1158_spring_s2_44_p403,0.06674301624298096,0.045704856514930725,23.511884689331055,13.961793899536133,0.8741053342819214,0.4847763180732727
1146,ROIs1158_spring_s2_44_p404,0.04819171875715256,0.03130800649523735,26.340553283691406,10.196325302124023,0.9067851901054382,0.48006537556648254
1147,ROIs1158_spring_s2_44_p405,0.046477060765028,0.03151533007621765,26.655227661132812,10.330373764038086,0.9230529069900513,0.4640091359615326
1148,ROIs1158_spring_s2_44_p407,0.047186098992824554,0.03209630027413368,26.523719787597656,10.178415298461914,0.9511725306510925,0.1649106740951538
1149,ROIs1158_spring_s2_44_p408,0.04707600921392441,0.03159946948289871,26.544008255004883,10.679787635803223,0.9454431533813477,0.2355538010597229
1150,ROIs1158_spring_s2_44_p409,0.046915896236896515,0.031004076823592186,26.57360076904297,10.782154083251953,0.9362205862998962,0.327126681804657
1151,ROIs1158_spring_s2_44_p410,0.037436604499816895,0.025546688586473465,28.53407096862793,9.59174919128418,0.9360777139663696,0.3765879273414612
1152,ROIs1158_spring_s2_44_p411,0.029542049393057823,0.02103382721543312,30.5911865234375,8.76347541809082,0.9309489130973816,0.3763708770275116
1153,ROIs1158_spring_s2_44_p412,0.04263272508978844,0.028614003211259842,27.405139923095703,10.086007118225098,0.9185025691986084,0.40695202350616455
1154,ROIs1158_spring_s2_44_p413,0.03741661086678505,0.025979289785027504,28.538711547851562,9.494017601013184,0.9253495335578918,0.43773314356803894
1155,ROIs1158_spring_s2_44_p414,0.02700517326593399,0.01910289190709591,31.371061325073242,7.0605340003967285,0.9447882175445557,0.4188610315322876
1156,ROIs1158_spring_s2_44_p415,0.035054173320531845,0.02262532338500023,29.105205535888672,8.032754898071289,0.930452823638916,0.45426174998283386
1157,ROIs1158_spring_s2_44_p416,0.04234635829925537,0.02761477418243885,27.463680267333984,10.512640953063965,0.9119627475738525,0.4764823317527771
1158,ROIs1158_spring_s2_44_p417,0.0367015115916729,0.024355946108698845,28.706321716308594,9.156815528869629,0.9303996562957764,0.4452328085899353
1159,ROIs1158_spring_s2_44_p418,0.03069344162940979,0.022465825080871582,30.259090423583984,7.348654270172119,0.9346581697463989,0.4491617977619171
1160,ROIs1158_spring_s2_44_p419,0.03924518823623657,0.026861660182476044,28.1242733001709,7.925930500030518,0.8900399804115295,0.4854860007762909
1161,ROIs1158_spring_s2_44_p420,0.04156654328107834,0.026836369186639786,27.6251220703125,7.496182918548584,0.8823127150535583,0.46852555871009827
1162,ROIs1158_spring_s2_44_p421,0.03726530075073242,0.024683840572834015,28.573909759521484,6.771953582763672,0.9023185968399048,0.4311080873012543
1163,ROIs1158_spring_s2_44_p422,0.03557537868618965,0.024336406961083412,28.97701072692871,7.432365894317627,0.8977497220039368,0.4323740601539612
1164,ROIs1158_spring_s2_44_p423,0.04079727828502655,0.026557859033346176,27.787376403808594,8.68721866607666,0.8878412246704102,0.4492865204811096
1165,ROIs1158_spring_s2_44_p424,0.04341358691453934,0.0275798961520195,27.247488021850586,9.175390243530273,0.8855236172676086,0.4595869481563568
1166,ROIs1158_spring_s2_44_p425,0.03865642100572586,0.025853978469967842,28.25556755065918,8.464529037475586,0.9101909399032593,0.44878730177879333
1167,ROIs1158_spring_s2_44_p426,0.04651925340294838,0.03053475171327591,26.64734649658203,10.042520523071289,0.915878176689148,0.43906262516975403
1168,ROIs1158_spring_s2_44_p427,0.04780971258878708,0.03155912831425667,26.409679412841797,11.258272171020508,0.9150272607803345,0.4338458180427551
1169,ROIs1158_spring_s2_44_p428,0.041594233363866806,0.028328312560915947,27.619338989257812,10.250811576843262,0.9224849939346313,0.4476567804813385
1170,ROIs1158_spring_s2_44_p429,0.05032535269856453,0.03443147614598274,25.964263916015625,11.841310501098633,0.9115802049636841,0.4470033347606659
1171,ROIs1158_spring_s2_44_p430,0.05867377668619156,0.041132666170597076,24.631118774414062,14.714774131774902,0.9103371500968933,0.4096943736076355
1172,ROIs1158_spring_s2_44_p431,0.06225128844380379,0.04412304610013962,24.117033004760742,15.834461212158203,0.9039381742477417,0.3963652551174164
1173,ROIs1158_spring_s2_44_p432,0.05673980340361595,0.039622798562049866,24.922245025634766,13.510186195373535,0.9102034568786621,0.4304502010345459
1174,ROIs1158_spring_s2_44_p433,0.04237816110253334,0.029673513025045395,27.4571590423584,9.951294898986816,0.9250813722610474,0.4461386203765869
1175,ROIs1158_spring_s2_44_p434,0.0389200784265995,0.02689945138990879,28.1965274810791,9.293821334838867,0.9269285202026367,0.4417922794818878
1176,ROIs1158_spring_s2_44_p436,0.0618429109454155,0.03854350000619888,24.17420196533203,12.202187538146973,0.9383881092071533,0.17137697339057922
1177,ROIs1158_spring_s2_44_p437,0.055379725992679596,0.03528178110718727,25.132984161376953,11.784852027893066,0.936262845993042,0.24261650443077087
1178,ROIs1158_spring_s2_44_p438,0.05429839342832565,0.0351942740380764,25.304262161254883,12.018025398254395,0.9259575605392456,0.3043149709701538
1179,ROIs1158_spring_s2_44_p439,0.04870641976594925,0.0320592001080513,26.248275756835938,10.817861557006836,0.9245659112930298,0.3478326201438904
1180,ROIs1158_spring_s2_44_p440,0.0383562333881855,0.02630150504410267,28.323280334472656,9.81676197052002,0.8934684991836548,0.41274702548980713
1181,ROIs1158_spring_s2_44_p441,0.03667578846216202,0.025488708168268204,28.712413787841797,9.810423851013184,0.8687329292297363,0.45205673575401306
1182,ROIs1158_spring_s2_44_p442,0.04116564989089966,0.028472408652305603,27.70930290222168,10.049430847167969,0.9082019925117493,0.4315336048603058
1183,ROIs1158_spring_s2_44_p443,0.037770453840494156,0.025658132508397102,28.45695686340332,8.853229522705078,0.9489426612854004,0.4034794270992279
1184,ROIs1158_spring_s2_44_p444,0.03496984764933586,0.023194309324026108,29.126127243041992,7.73263692855835,0.9373577237129211,0.4426701068878174
1185,ROIs1158_spring_s2_44_p445,0.039551932364702225,0.025543825700879097,28.056644439697266,8.98317813873291,0.9194076061248779,0.45958346128463745
1186,ROIs1158_spring_s2_44_p446,0.03664098680019379,0.024033987894654274,28.72065544128418,9.256760597229004,0.9348070621490479,0.45143646001815796
1187,ROIs1158_spring_s2_44_p447,0.033402301371097565,0.02374916709959507,29.52447509765625,8.417329788208008,0.9367207288742065,0.46386292576789856
1188,ROIs1158_spring_s2_44_p448,0.03461398929357529,0.025225939229130745,29.2149658203125,8.053647994995117,0.9270381927490234,0.4521355628967285
1189,ROIs1158_spring_s2_44_p449,0.032506827265024185,0.02323073521256447,29.760509490966797,6.9994964599609375,0.9236829280853271,0.44436514377593994
1190,ROIs1158_spring_s2_44_p450,0.03308379650115967,0.022850699722766876,29.607694625854492,6.511480808258057,0.9013983607292175,0.4576641917228699
1191,ROIs1158_spring_s2_44_p451,0.03586157038807869,0.0254411231726408,28.907413482666016,6.743096828460693,0.8934348225593567,0.4663989245891571
1192,ROIs1158_spring_s2_44_p452,0.03933045640587807,0.026667041704058647,28.10542106628418,7.404480457305908,0.8780509233474731,0.47815150022506714
1193,ROIs1158_spring_s2_44_p453,0.04399404302239418,0.02842821180820465,27.132122039794922,8.76602554321289,0.8604227304458618,0.47079724073410034
1194,ROIs1158_spring_s2_44_p454,0.043483223766088486,0.02835327573120594,27.233564376831055,8.931756973266602,0.871719241142273,0.4544490873813629
1195,ROIs1158_spring_s2_44_p455,0.04502078890800476,0.02915719524025917,26.931739807128906,9.50939655303955,0.8896439075469971,0.45928412675857544
1196,ROIs1158_spring_s2_44_p456,0.03905157372355461,0.02555127814412117,28.16722869873047,9.027571678161621,0.916375994682312,0.4465855062007904
1197,ROIs1158_spring_s2_44_p457,0.03502923622727394,0.024271635338664055,29.111387252807617,8.496854782104492,0.9152735471725464,0.4377405643463135
1198,ROIs1158_spring_s2_44_p458,0.046949129551649094,0.03320084884762764,26.56744956970215,10.861602783203125,0.9036359786987305,0.43965479731559753
1199,ROIs1158_spring_s2_44_p459,0.060090672224760056,0.0454186275601387,24.423858642578125,13.617942810058594,0.9027847051620483,0.4090477228164673
1200,ROIs1158_spring_s2_44_p460,0.06523621082305908,0.050198908895254135,23.710227966308594,14.422398567199707,0.9028216004371643,0.385280966758728
1201,ROIs1158_spring_s2_44_p461,0.05752060189843178,0.04352543130517006,24.803531646728516,13.228501319885254,0.914689302444458,0.3838530480861664
1202,ROIs1158_spring_s2_44_p462,0.043185558170080185,0.031729210168123245,27.293228149414062,9.153312683105469,0.9330043792724609,0.4030148983001709
1203,ROIs1158_spring_s2_44_p463,0.037493158131837845,0.026561733335256577,28.52096176147461,7.776802062988281,0.9352816343307495,0.4057430326938629
1204,ROIs1158_spring_s2_44_p465,0.09394115209579468,0.05938463285565376,20.542884826660156,18.519102096557617,0.8869365453720093,0.23629111051559448
1205,ROIs1158_spring_s2_44_p466,0.07260952144861221,0.04677059128880501,22.78013038635254,15.647133827209473,0.9151118993759155,0.2590821087360382
1206,ROIs1158_spring_s2_44_p467,0.06236854940652847,0.04063573107123375,24.10068702697754,13.796387672424316,0.9192386865615845,0.29570305347442627
1207,ROIs1158_spring_s2_44_p468,0.05680591240525246,0.03714953362941742,24.91213035583496,12.04398250579834,0.9156137108802795,0.3160024881362915
1208,ROIs1158_spring_s2_44_p469,0.04217453673481941,0.029180409386754036,27.498992919921875,10.279937744140625,0.8867015838623047,0.40924179553985596
1209,ROIs1158_spring_s2_44_p470,0.033634915947914124,0.022743353620171547,29.464191436767578,9.235530853271484,0.8703061938285828,0.4508688449859619
1210,ROIs1158_spring_s2_44_p471,0.03296437859535217,0.02236136607825756,29.639102935791016,8.105995178222656,0.9150007367134094,0.4022008776664734
1211,ROIs1158_spring_s2_44_p472,0.04071960598230362,0.02704242616891861,27.80392837524414,9.409181594848633,0.9408166408538818,0.36736157536506653
1212,ROIs1158_spring_s2_44_p473,0.03827248141169548,0.02599693275988102,28.342267990112305,8.481681823730469,0.9303085803985596,0.42734935879707336
1213,ROIs1158_spring_s2_44_p474,0.033271025866270065,0.022716892883181572,29.55867576599121,7.473601818084717,0.9255388975143433,0.4616556763648987
1214,ROIs1158_spring_s2_44_p475,0.03228520229458809,0.02187683805823326,29.819929122924805,8.22969913482666,0.9338564872741699,0.4511207938194275
1215,ROIs1158_spring_s2_44_p476,0.034584905952215195,0.023411357775330544,29.22226905822754,9.21413516998291,0.932208240032196,0.46614202857017517
1216,ROIs1158_spring_s2_44_p477,0.0354936420917511,0.024990765377879143,28.996990203857422,9.286173820495605,0.9324182868003845,0.4678303599357605
1217,ROIs1158_spring_s2_44_p478,0.0299815833568573,0.021849535405635834,30.462909698486328,7.056278705596924,0.9467872977256775,0.43254804611206055
1218,ROIs1158_spring_s2_44_p479,0.029869481921195984,0.02123246341943741,30.495445251464844,6.502033233642578,0.9393520355224609,0.4410487413406372
1219,ROIs1158_spring_s2_44_p480,0.0318288691341877,0.02265513502061367,29.94357681274414,7.082374095916748,0.9319753050804138,0.46013495326042175
1220,ROIs1158_spring_s2_44_p481,0.030876142904162407,0.021827923133969307,30.207538604736328,6.336933135986328,0.9264345169067383,0.45990970730781555
1221,ROIs1158_spring_s2_44_p482,0.03391682356595993,0.023913094773888588,29.39169692993164,6.562292098999023,0.9102125763893127,0.44228875637054443
1222,ROIs1158_spring_s2_44_p483,0.04625706747174263,0.030816469341516495,26.69643783569336,8.716937065124512,0.8592702150344849,0.45882874727249146
1223,ROIs1158_spring_s2_44_p484,0.050719548016786575,0.03261483088135719,25.89649200439453,9.976245880126953,0.8508425354957581,0.4903048872947693
1224,ROIs1158_spring_s2_44_p485,0.03871869295835495,0.025065327063202858,28.241588592529297,8.13101577758789,0.8953769207000732,0.4374859929084778
1225,ROIs1158_spring_s2_44_p486,0.04145342856645584,0.02704860270023346,27.64879035949707,8.453319549560547,0.8756300806999207,0.4626363515853882
1226,ROIs1158_spring_s2_44_p487,0.04462320730090141,0.029966339468955994,27.008785247802734,9.441567420959473,0.8885113000869751,0.4583042562007904
1227,ROIs1158_spring_s2_44_p488,0.04754761606454849,0.03440840169787407,26.457426071166992,10.913155555725098,0.9217920303344727,0.426891565322876
1228,ROIs1158_spring_s2_44_p489,0.051931269466876984,0.03878133371472359,25.691423416137695,11.9083251953125,0.9240591526031494,0.385081022977829
1229,ROIs1158_spring_s2_44_p490,0.04443875700235367,0.03155878558754921,27.044763565063477,10.618497848510742,0.9320156574249268,0.3625178933143616
1230,ROIs1158_spring_s2_44_p491,0.03879790008068085,0.02838040702044964,28.22383689880371,8.546936988830566,0.9364072680473328,0.38065093755722046
1231,ROIs1158_spring_s2_44_p492,0.0412176139652729,0.030848395079374313,27.69834327697754,9.742057800292969,0.9358376860618591,0.40500202775001526
1232,ROIs1158_spring_s2_44_p494,0.1141626387834549,0.07469730824232101,18.84952163696289,23.460468292236328,0.8405522108078003,0.2720683217048645
1233,ROIs1158_spring_s2_44_p495,0.0879686176776886,0.05713735520839691,21.113445281982422,18.610437393188477,0.8801965713500977,0.2883673310279846
1234,ROIs1158_spring_s2_44_p496,0.06207303702831268,0.04035790637135506,24.14194107055664,13.770792961120605,0.9216911196708679,0.28547245264053345
1235,ROIs1158_spring_s2_44_p497,0.05286072567105293,0.034768495708703995,25.537338256835938,11.561400413513184,0.9322198033332825,0.27688950300216675
1236,ROIs1158_spring_s2_44_p498,0.0426434688270092,0.029639020562171936,27.402952194213867,10.384882926940918,0.9239833950996399,0.34084004163742065
1237,ROIs1158_spring_s2_44_p499,0.03978438302874565,0.0272386334836483,28.005748748779297,9.989355087280273,0.9141030311584473,0.4109708070755005
1238,ROIs1158_spring_s2_44_p500,0.036142922937870026,0.024061286821961403,28.839534759521484,8.389360427856445,0.9236773252487183,0.389004647731781
1239,ROIs1158_spring_s2_44_p501,0.031219635158777237,0.021521279588341713,30.1114444732666,8.790746688842773,0.9326134920120239,0.3585207462310791
1240,ROIs1158_spring_s2_44_p502,0.03592608496546745,0.024834252893924713,28.891801834106445,9.419609069824219,0.9360929131507874,0.39740025997161865
1241,ROIs1158_spring_s2_44_p503,0.036260563880205154,0.024862919002771378,28.811309814453125,10.081075668334961,0.9312843084335327,0.4380537271499634
1242,ROIs1158_spring_s2_44_p504,0.03825371339917183,0.025101102888584137,28.346527099609375,11.393760681152344,0.93111252784729,0.43971315026283264
1243,ROIs1158_spring_s2_44_p505,0.03813524544239044,0.024475552141666412,28.373470306396484,11.149064064025879,0.9331256151199341,0.44351068139076233
1244,ROIs1158_spring_s2_44_p506,0.03486046940088272,0.02301190048456192,29.153335571289062,9.735445022583008,0.9334055781364441,0.44875913858413696
1245,ROIs1158_spring_s2_44_p507,0.030370382592082024,0.02120157890021801,30.350994110107422,7.55576753616333,0.9445459842681885,0.4374600052833557
1246,ROIs1158_spring_s2_44_p508,0.03184688091278076,0.02179797925055027,29.938663482666016,7.021010398864746,0.9375327825546265,0.43841660022735596
1247,ROIs1158_spring_s2_44_p509,0.0304405577480793,0.020768895745277405,30.330947875976562,7.07029390335083,0.9362832307815552,0.4365406036376953
1248,ROIs1158_spring_s2_44_p510,0.02381228096783161,0.017332835122942924,32.46398162841797,6.263552188873291,0.9521586894989014,0.40002989768981934
1249,ROIs1158_spring_s2_44_p511,0.02475854940712452,0.0182056725025177,32.12549591064453,6.333640098571777,0.9560139179229736,0.38832563161849976
1250,ROIs1158_spring_s2_44_p512,0.036869995296001434,0.02474013715982437,28.66653823852539,7.1880106925964355,0.9172270894050598,0.41319918632507324
1251,ROIs1158_spring_s2_44_p513,0.042091116309165955,0.026708854362368584,27.516193389892578,7.739206790924072,0.8905059099197388,0.44510284066200256
1252,ROIs1158_spring_s2_44_p514,0.039316900074481964,0.02647222951054573,28.108415603637695,7.150184154510498,0.906305193901062,0.3933839201927185
1253,ROIs1158_spring_s2_44_p515,0.04540448263287544,0.03103308193385601,26.8580265045166,8.090739250183105,0.881926417350769,0.4066731631755829
1254,ROIs1158_spring_s2_44_p516,0.044855453073978424,0.02909489907324314,26.963693618774414,8.093891143798828,0.8803274035453796,0.4325154721736908
1255,ROIs1158_spring_s2_44_p517,0.03657998517155647,0.02445034496486187,28.735130310058594,8.05150032043457,0.9219772815704346,0.4180004596710205
1256,ROIs1158_spring_s2_44_p518,0.036609914153814316,0.024832909926772118,28.72802734375,8.590336799621582,0.9366227984428406,0.40996360778808594
1257,ROIs1158_spring_s2_44_p519,0.03223634138703346,0.02195749431848526,29.833086013793945,7.075163841247559,0.9437184929847717,0.37619274854660034
1258,ROIs1158_spring_s2_44_p520,0.037931427359580994,0.026970336213707924,28.42001724243164,8.799903869628906,0.9391261339187622,0.39664971828460693
1259,ROIs1158_spring_s2_44_p521,0.04049158841371536,0.029454873874783516,27.852705001831055,10.434779167175293,0.9375985264778137,0.42247676849365234
1260,ROIs1158_spring_s2_44_p523,0.11471690982580185,0.07759437710046768,18.807451248168945,25.416187286376953,0.8231378197669983,0.31086668372154236
1261,ROIs1158_spring_s2_44_p524,0.09557819366455078,0.063960000872612,20.392826080322266,20.9592227935791,0.8482689261436462,0.3478544056415558
1262,ROIs1158_spring_s2_44_p525,0.0609738826751709,0.03954699635505676,24.297122955322266,13.565071105957031,0.9114280939102173,0.3308350443840027
1263,ROIs1158_spring_s2_44_p526,0.04433714970946312,0.03016989305615425,27.064645767211914,10.432441711425781,0.9375392198562622,0.30592918395996094
1264,ROIs1158_spring_s2_44_p527,0.040418319404125214,0.028333479538559914,27.86843490600586,9.975936889648438,0.9393337965011597,0.320390522480011
1265,ROIs1158_spring_s2_44_p528,0.03951635584235191,0.027574900537729263,28.064462661743164,9.751651763916016,0.9331070780754089,0.3417261838912964
1266,ROIs1158_spring_s2_44_p529,0.04104584455490112,0.02731221728026867,27.734615325927734,9.08161449432373,0.9270311594009399,0.3472346067428589
1267,ROIs1158_spring_s2_44_p530,0.038618624210357666,0.02587158977985382,28.26406478881836,8.92360782623291,0.9308344721794128,0.3505694568157196
1268,ROIs1158_spring_s2_44_p531,0.03545992448925972,0.024632835760712624,29.0052433013916,9.2123441696167,0.9350286722183228,0.37246716022491455
1269,ROIs1158_spring_s2_44_p532,0.03870372846722603,0.026471523568034172,28.244945526123047,10.876782417297363,0.9321510791778564,0.37860485911369324
1270,ROIs1158_spring_s2_44_p533,0.045732758939266205,0.02938706800341606,26.795452117919922,14.57109546661377,0.9267805814743042,0.3915413022041321
1271,ROIs1158_spring_s2_44_p534,0.044566601514816284,0.028481049463152885,27.01980972290039,13.915163040161133,0.9273377060890198,0.42968541383743286
1272,ROIs1158_spring_s2_44_p535,0.03483694791793823,0.022844605147838593,29.159198760986328,9.364529609680176,0.9337575435638428,0.44966232776641846
1273,ROIs1158_spring_s2_44_p536,0.035775475203990936,0.024608969688415527,28.928295135498047,9.689615249633789,0.935446560382843,0.44007253646850586
1274,ROIs1158_spring_s2_44_p537,0.03437903895974159,0.023779479786753654,29.274124145507812,8.82590103149414,0.9340894222259521,0.44622310996055603
1275,ROIs1158_spring_s2_44_p538,0.025941483676433563,0.01794286072254181,31.720104217529297,6.7052226066589355,0.946327805519104,0.4175293445587158
1276,ROIs1158_spring_s2_44_p539,0.020354334264993668,0.014766182750463486,33.82686233520508,5.86205530166626,0.9605563879013062,0.39148643612861633
1277,ROIs1158_spring_s2_44_p540,0.02179742231965065,0.01595878414809704,33.231895446777344,6.2193603515625,0.9585323333740234,0.38283002376556396
1278,ROIs1158_spring_s2_44_p541,0.02439541555941105,0.01807817816734314,32.25383758544922,6.788471698760986,0.9514731168746948,0.3827509880065918
1279,ROIs1158_spring_s2_44_p542,0.02395140938460827,0.01770084537565708,32.41337966918945,6.026984214782715,0.9486216306686401,0.37888675928115845
1280,ROIs1158_spring_s2_44_p543,0.02723434567451477,0.020258640870451927,31.29766082763672,6.009784698486328,0.9572166204452515,0.34499654173851013
1281,ROIs1158_spring_s2_44_p544,0.03703007847070694,0.027097707614302635,28.62890625,6.600131034851074,0.9396612644195557,0.30827057361602783
1282,ROIs1158_spring_s2_44_p545,0.045696478337049484,0.031180741265416145,26.80234718322754,8.282719612121582,0.8786311745643616,0.41124868392944336
1283,ROIs1158_spring_s2_44_p546,0.047112517058849335,0.03164063021540642,26.537275314331055,9.766705513000488,0.8691867589950562,0.4810831546783447
1284,ROIs1158_spring_s2_44_p547,0.03740865737199783,0.026140963658690453,28.540557861328125,9.037826538085938,0.9213224649429321,0.4469103217124939
1285,ROIs1158_spring_s2_44_p548,0.028840254992246628,0.020237809047102928,30.800018310546875,5.913289546966553,0.9450247287750244,0.37692791223526
1286,ROIs1158_spring_s2_44_p549,0.03583962470293045,0.024190843105316162,28.91273307800293,8.261098861694336,0.9394992589950562,0.41759204864501953
1287,ROIs1158_spring_s2_44_p550,0.03679311275482178,0.024773135781288147,28.68467140197754,10.04811954498291,0.9406815767288208,0.4394339919090271
1288,ROIs1158_spring_s2_44_p552,0.10880502313375473,0.07663816213607788,19.26702117919922,27.566410064697266,0.8265835046768188,0.3362017869949341
1289,ROIs1158_spring_s2_44_p553,0.09549274295568466,0.0655049979686737,20.400592803955078,22.78588104248047,0.8555946350097656,0.3682035803794861
1290,ROIs1158_spring_s2_44_p554,0.07009581476449966,0.044943004846572876,23.086158752441406,15.730777740478516,0.8959071040153503,0.34708213806152344
1291,ROIs1158_spring_s2_44_p555,0.05822798237204552,0.037361178547143936,24.697364807128906,12.96208381652832,0.917186975479126,0.31536388397216797
1292,ROIs1158_spring_s2_44_p556,0.04392390698194504,0.029982520267367363,27.145980834960938,10.289682388305664,0.9429770112037659,0.3077378273010254
1293,ROIs1158_spring_s2_44_p557,0.04114113748073578,0.02830926515161991,27.714473724365234,9.757267951965332,0.9489990472793579,0.28291255235671997
1294,ROIs1158_spring_s2_44_p558,0.04058653116226196,0.02722049690783024,27.83236312866211,9.25393009185791,0.9446520805358887,0.2913181781768799
1295,ROIs1158_spring_s2_44_p559,0.044569555670022964,0.029578424990177155,27.01923370361328,10.042427062988281,0.935546338558197,0.3160875141620636
1296,ROIs1158_spring_s2_44_p560,0.0454573780298233,0.030118392780423164,26.84791374206543,10.485333442687988,0.9242216944694519,0.3373492956161499
1297,ROIs1158_spring_s2_44_p561,0.04287073388695717,0.02893950417637825,27.356781005859375,10.774073600769043,0.9262720346450806,0.3544215261936188
1298,ROIs1158_spring_s2_44_p562,0.044889915734529495,0.030980007722973824,26.9570255279541,13.181375503540039,0.9289232492446899,0.3845263123512268
1299,ROIs1158_spring_s2_44_p563,0.043775640428066254,0.029915301129221916,27.175350189208984,13.223912239074707,0.9272305369377136,0.4149351119995117
1300,ROIs1158_spring_s2_44_p564,0.033514298498630524,0.023121803998947144,29.495399475097656,9.383450508117676,0.932644248008728,0.44641512632369995
1301,ROIs1158_spring_s2_44_p565,0.03311442211270332,0.023037362843751907,29.59965705871582,8.951430320739746,0.929437518119812,0.4350385367870331
1302,ROIs1158_spring_s2_44_p566,0.03432510420680046,0.023575395345687866,29.287765502929688,8.69752025604248,0.9302172660827637,0.43296879529953003
1303,ROIs1158_spring_s2_44_p567,0.026217307895421982,0.018345622345805168,31.628238677978516,6.673834800720215,0.9437301754951477,0.4241877496242523
1304,ROIs1158_spring_s2_44_p568,0.023871084675192833,0.017214586958289146,32.44255828857422,7.034211158752441,0.9535814523696899,0.4025476574897766
1305,ROIs1158_spring_s2_44_p569,0.024765539914369583,0.01797208935022354,32.123043060302734,7.078697681427002,0.9521095752716064,0.40727698802948
1306,ROIs1158_spring_s2_44_p570,0.025854889303445816,0.01873822882771492,31.7491455078125,7.1183552742004395,0.9464440941810608,0.3930189609527588
1307,ROIs1158_spring_s2_44_p571,0.024880608543753624,0.018204426392912865,32.08277893066406,6.683060169219971,0.9461923837661743,0.3764159083366394
1308,ROIs1158_spring_s2_44_p572,0.028973877429962158,0.02064507268369198,30.759868621826172,6.987512111663818,0.954707682132721,0.33476531505584717
1309,ROIs1158_spring_s2_44_p573,0.03138076514005661,0.02208409458398819,30.066730499267578,6.776554107666016,0.9591213464736938,0.2817491292953491
1310,ROIs1158_spring_s2_44_p574,0.03521675616502762,0.024495596066117287,29.06501579284668,6.900518417358398,0.9205923676490784,0.35008928179740906
1311,ROIs1158_spring_s2_44_p575,0.04169892147183418,0.028119031339883804,27.597503662109375,9.383108139038086,0.8820042014122009,0.4595317840576172
1312,ROIs1158_spring_s2_44_p576,0.03666765242815018,0.02585894800722599,28.714336395263672,9.005538940429688,0.9126875996589661,0.47120213508605957
1313,ROIs1158_spring_s2_44_p577,0.03236089274287224,0.0223518256098032,29.799592971801758,7.467204570770264,0.93854820728302,0.41322267055511475
1314,ROIs1158_spring_s2_44_p578,0.04041394591331482,0.027153126895427704,27.86937713623047,9.673264503479004,0.9313350915908813,0.41466253995895386
1315,ROIs1158_spring_s2_44_p579,0.037081729620695114,0.02438710816204548,28.616802215576172,9.851786613464355,0.9415082931518555,0.4152444005012512
1316,ROIs1158_spring_s2_44_p581,0.10827109962701797,0.07619494199752808,19.309751510620117,28.691967010498047,0.8243680596351624,0.3396981358528137
1317,ROIs1158_spring_s2_44_p582,0.08603797107934952,0.057685259729623795,21.306194305419922,21.526060104370117,0.8754907250404358,0.3314121663570404
1318,ROIs1158_spring_s2_44_p583,0.06437528133392334,0.040958255529403687,23.82561683654785,14.566140174865723,0.9140629768371582,0.3160775303840637
1319,ROIs1158_spring_s2_44_p584,0.056869763880968094,0.03643824905157089,24.902372360229492,12.99998664855957,0.9266651272773743,0.2982853055000305
1320,ROIs1158_spring_s2_44_p585,0.043004345148801804,0.029307466000318527,27.329753875732422,10.649822235107422,0.9507373571395874,0.2957161068916321
1321,ROIs1158_spring_s2_44_p586,0.040828801691532135,0.028030643239617348,27.780668258666992,10.482733726501465,0.9543694853782654,0.2826617360115051
1322,ROIs1158_spring_s2_44_p587,0.04112834855914116,0.02805781550705433,27.717174530029297,10.133774757385254,0.952342689037323,0.29323723912239075
1323,ROIs1158_spring_s2_44_p588,0.04148104414343834,0.028239095583558083,27.64300537109375,10.251911163330078,0.9515137076377869,0.28680604696273804
1324,ROIs1158_spring_s2_44_p589,0.04816935956478119,0.03088853880763054,26.34458351135254,10.805215835571289,0.9290684461593628,0.3041021525859833
1325,ROIs1158_spring_s2_44_p590,0.04844547435641289,0.030560774728655815,26.294937133789062,10.44892406463623,0.9129922389984131,0.3445524275302887
1326,ROIs1158_spring_s2_44_p591,0.04208928719162941,0.028455231338739395,27.516571044921875,10.32109546661377,0.9281479120254517,0.3717191219329834
1327,ROIs1158_spring_s2_44_p592,0.04101530835032463,0.028484588488936424,27.74108123779297,10.774374961853027,0.9329884052276611,0.38835328817367554
1328,ROIs1158_spring_s2_44_p593,0.035801004618406296,0.02513297088444233,28.92209815979004,9.697807312011719,0.9292470216751099,0.41461536288261414
1329,ROIs1158_spring_s2_44_p594,0.03525562211871147,0.02442418411374092,29.05543327331543,9.358258247375488,0.9248428344726562,0.43868041038513184
1330,ROIs1158_spring_s2_44_p595,0.033521510660648346,0.023131653666496277,29.4935302734375,7.833572864532471,0.9178677201271057,0.45665279030799866
1331,ROIs1158_spring_s2_44_p596,0.02816694602370262,0.019762303680181503,31.005207061767578,6.670313358306885,0.9282364249229431,0.4507516026496887
1332,ROIs1158_spring_s2_44_p597,0.026088180020451546,0.018663840368390083,31.671125411987305,6.892265796661377,0.943159818649292,0.4309212565422058
1333,ROIs1158_spring_s2_44_p598,0.026067113503813744,0.018749773502349854,31.67814064025879,6.725772380828857,0.9405263066291809,0.43215107917785645
1334,ROIs1158_spring_s2_44_p599,0.025514597073197365,0.018045498058199883,31.864225387573242,6.574464321136475,0.939077615737915,0.43097352981567383
1335,ROIs1158_spring_s2_44_p600,0.02934364043176174,0.020608123391866684,30.64971923828125,7.710377216339111,0.9390021562576294,0.40533360838890076
1336,ROIs1158_spring_s2_44_p601,0.042487867176532745,0.02841186709702015,27.434701919555664,9.922919273376465,0.9442013502120972,0.34596991539001465
1337,ROIs1158_spring_s2_44_p602,0.0439351350069046,0.029092945158481598,27.143762588500977,9.299354553222656,0.9532158374786377,0.30051594972610474
1338,ROIs1158_spring_s2_44_p603,0.036895520985126495,0.025369886308908463,28.6605281829834,7.062013626098633,0.9480063319206238,0.34749042987823486
1339,ROIs1158_spring_s2_44_p604,0.03705370053648949,0.025615015998482704,28.623369216918945,7.413459300994873,0.9102441072463989,0.4085131585597992
1340,ROIs1158_spring_s2_44_p605,0.03826279938220978,0.02596646174788475,28.344467163085938,8.50814437866211,0.8951252698898315,0.46144193410873413
1341,ROIs1158_spring_s2_44_p606,0.036278992891311646,0.025188710540533066,28.806896209716797,8.298851013183594,0.9189302921295166,0.43606844544410706
1342,ROIs1158_spring_s2_44_p607,0.03724368289113045,0.02565121091902256,28.578948974609375,9.362464904785156,0.9318089485168457,0.41114720702171326
1343,ROIs1158_spring_s2_44_p608,0.03187989443540573,0.02145775593817234,29.929664611816406,8.133390426635742,0.9445821642875671,0.4170265793800354
1344,ROIs1158_spring_s2_44_p610,0.10357540100812912,0.07142279297113419,19.694866180419922,25.852447509765625,0.8423848152160645,0.3729904890060425
1345,ROIs1158_spring_s2_44_p611,0.06591136008501053,0.04446261748671532,23.62079620361328,17.10694122314453,0.9082353115081787,0.3100084662437439
1346,ROIs1158_spring_s2_44_p612,0.04624571278691292,0.03145916014909744,26.698570251464844,12.04088020324707,0.9433950185775757,0.2844732999801636
1347,ROIs1158_spring_s2_44_p613,0.04105353727936745,0.028350139036774635,27.732990264892578,10.804300308227539,0.9486566185951233,0.290962815284729
1348,ROIs1158_spring_s2_44_p614,0.04283736273646355,0.029057329520583153,27.36354637145996,10.208416938781738,0.947344183921814,0.3025488257408142
1349,ROIs1158_spring_s2_44_p615,0.04160938411951065,0.02826022356748581,27.616174697875977,10.077869415283203,0.9569716453552246,0.2523624002933502
1350,ROIs1158_spring_s2_44_p616,0.04023071005940437,0.02772381529211998,27.908843994140625,10.362875938415527,0.9586466550827026,0.26173582673072815
1351,ROIs1158_spring_s2_44_p617,0.04001370817422867,0.027170369401574135,27.955825805664062,10.107926368713379,0.9573836326599121,0.27812469005584717
1352,ROIs1158_spring_s2_44_p618,0.047206636518239975,0.030259566381573677,26.519939422607422,10.806096076965332,0.9429178833961487,0.2772237956523895
1353,ROIs1158_spring_s2_44_p619,0.05154430493712425,0.032679468393325806,25.75638771057129,11.025262832641602,0.9246540069580078,0.31005480885505676
1354,ROIs1158_spring_s2_44_p620,0.04547465220093727,0.030539844185113907,26.844614028930664,10.570274353027344,0.9267011880874634,0.3435804545879364
1355,ROIs1158_spring_s2_44_p621,0.04245421662926674,0.028917845338582993,27.44158172607422,10.265643119812012,0.9325088262557983,0.3583313822746277
1356,ROIs1158_spring_s2_44_p622,0.04175284877419472,0.028078392148017883,27.586278915405273,10.504353523254395,0.9276517033576965,0.38793525099754333
1357,ROIs1158_spring_s2_44_p623,0.0482240729033947,0.03214650973677635,26.33472442626953,12.921494483947754,0.9171363115310669,0.42395883798599243
1358,ROIs1158_spring_s2_44_p624,0.04127441719174385,0.027675094082951546,27.686382293701172,10.328073501586914,0.9125293493270874,0.4486696124076843
1359,ROIs1158_spring_s2_44_p625,0.027631791308522224,0.019111478701233864,31.17181968688965,6.487518787384033,0.9270449876785278,0.444512277841568
1360,ROIs1158_spring_s2_44_p626,0.025575947016477585,0.01805778779089451,31.843366622924805,6.6757025718688965,0.931097149848938,0.4505518674850464
1361,ROIs1158_spring_s2_44_p627,0.02409493923187256,0.016960766166448593,32.36148452758789,6.28791618347168,0.9276765584945679,0.4488941431045532
1362,ROIs1158_spring_s2_44_p628,0.02411258965730667,0.01660136878490448,32.35512161254883,5.8201093673706055,0.9377369284629822,0.4387648105621338
1363,ROIs1158_spring_s2_44_p629,0.0388592965900898,0.026256579905748367,28.21010398864746,9.09354305267334,0.936951756477356,0.4196382761001587
1364,ROIs1158_spring_s2_44_p630,0.04620300233364105,0.030417026951909065,26.70659828186035,10.933100700378418,0.9453612565994263,0.29498809576034546
1365,ROIs1158_spring_s2_44_p631,0.04373764991760254,0.02858894318342209,27.182893753051758,9.913832664489746,0.9514318108558655,0.3098602890968323
1366,ROIs1158_spring_s2_44_p632,0.03988999128341675,0.02650095336139202,27.98272132873535,8.454445838928223,0.9420945644378662,0.37909188866615295
1367,ROIs1158_spring_s2_44_p633,0.04000068083405495,0.0264604352414608,27.95865249633789,8.26004409790039,0.9242256283760071,0.38361918926239014
1368,ROIs1158_spring_s2_44_p634,0.03947647288441658,0.026195472106337547,28.07323455810547,8.369354248046875,0.9004694223403931,0.4137418866157532
1369,ROIs1158_spring_s2_44_p635,0.03633816912770271,0.024782255291938782,28.792739868164062,7.405842304229736,0.9060636758804321,0.42680609226226807
1370,ROIs1158_spring_s2_44_p636,0.030978692695498466,0.02183520793914795,30.17873764038086,6.40681791305542,0.9339197278022766,0.4299551248550415
1371,ROIs1158_spring_s2_44_p637,0.026179561391472816,0.01850147359073162,31.64075469970703,5.512244701385498,0.9418933391571045,0.4188345670700073
1372,ROIs1158_spring_s2_44_p639,0.09053829312324524,0.05915108323097229,20.863353729248047,20.69211196899414,0.8718571662902832,0.3898789882659912
1373,ROIs1158_spring_s2_44_p640,0.03854124993085861,0.02674199640750885,28.28148651123047,10.457014083862305,0.9415294528007507,0.28372031450271606
1374,ROIs1158_spring_s2_44_p641,0.03517087548971176,0.024406645447015762,29.076337814331055,9.277701377868652,0.9512928128242493,0.2779269218444824
1375,ROIs1158_spring_s2_44_p642,0.04648273065686226,0.031796954572200775,26.6541690826416,11.883491516113281,0.9431167840957642,0.2871919572353363
1376,ROIs1158_spring_s2_44_p643,0.04658825322985649,0.031103987246751785,26.634471893310547,11.058961868286133,0.9381760358810425,0.3232250511646271
1377,ROIs1158_spring_s2_44_p644,0.04182657226920128,0.028158757835626602,27.570955276489258,9.718033790588379,0.9550176858901978,0.24486824870109558
1378,ROIs1158_spring_s2_44_p645,0.038647595793008804,0.02640116773545742,28.257551193237305,9.824575424194336,0.9637781381607056,0.22556942701339722
1379,ROIs1158_spring_s2_44_p646,0.03935005143284798,0.026155490428209305,28.101097106933594,9.521346092224121,0.9604161977767944,0.24815359711647034
1380,ROIs1158_spring_s2_44_p647,0.043149206787347794,0.02854018099606037,27.30054473876953,10.590130805969238,0.9572596549987793,0.21803832054138184
1381,ROIs1158_spring_s2_44_p648,0.04815952852368355,0.031918369233608246,26.346357345581055,11.544918060302734,0.9508064985275269,0.24419105052947998
1382,ROIs1158_spring_s2_44_p649,0.046184781938791275,0.031031059101223946,26.710023880004883,11.09067153930664,0.9431702494621277,0.3085281252861023
1383,ROIs1158_spring_s2_44_p650,0.045196570456027985,0.030266176909208298,26.897890090942383,10.678544044494629,0.9347190856933594,0.3309333026409149
1384,ROIs1158_spring_s2_44_p651,0.0434722974896431,0.02992347627878189,27.235748291015625,11.24427318572998,0.9198368787765503,0.3910145163536072
1385,ROIs1158_spring_s2_44_p652,0.05481953173875809,0.037930577993392944,25.22129249572754,15.52334976196289,0.9008681774139404,0.44294604659080505
1386,ROIs1158_spring_s2_44_p653,0.05123519152402878,0.03493256866931915,25.808635711669922,14.055587768554688,0.9114615321159363,0.4338327944278717
1387,ROIs1158_spring_s2_44_p654,0.0309546310454607,0.020669814199209213,30.185487747192383,7.727782726287842,0.9434348344802856,0.4120575785636902
1388,ROIs1158_spring_s2_44_p655,0.027876360341906548,0.01952941156923771,31.095279693603516,7.513241767883301,0.9427601099014282,0.42530643939971924
1389,ROIs1158_spring_s2_44_p656,0.02825394831597805,0.02029980905354023,30.97841453552246,7.695831775665283,0.9328793883323669,0.44230955839157104
1390,ROIs1158_spring_s2_44_p657,0.025554919615387917,0.0177915096282959,31.850509643554688,6.2851409912109375,0.9402564167976379,0.4108383059501648
1391,ROIs1158_spring_s2_44_p658,0.04251722991466522,0.028630036860704422,27.42870330810547,9.746027946472168,0.9389283061027527,0.3817905783653259
1392,ROIs1158_spring_s2_44_p659,0.04560578241944313,0.030104683712124825,26.819602966308594,10.386674880981445,0.9411559700965881,0.34336432814598083
1393,ROIs1158_spring_s2_44_p660,0.041628774255514145,0.027544358745217323,27.61212921142578,9.412418365478516,0.9387446641921997,0.37771984934806824
1394,ROIs1158_spring_s2_44_p661,0.036558978259563446,0.024320118129253387,28.7401180267334,8.063424110412598,0.938968300819397,0.3906131088733673
1395,ROIs1158_spring_s2_44_p662,0.03679391369223595,0.02427591383457184,28.684480667114258,7.817052364349365,0.942645788192749,0.36134493350982666
1396,ROIs1158_spring_s2_44_p663,0.03264380246400833,0.02125464379787445,29.72398567199707,6.698426723480225,0.9384241104125977,0.3736398220062256
1397,ROIs1158_spring_s2_44_p664,0.03103243187069893,0.020691342651844025,30.163684844970703,6.126734733581543,0.9193416237831116,0.4055224359035492
1398,ROIs1158_spring_s2_44_p665,0.03367416933178902,0.021640745922923088,29.45406150817871,6.341274738311768,0.9042225480079651,0.43686535954475403
1399,ROIs1158_spring_s2_44_p666,0.03238961845636368,0.02091551572084427,29.791885375976562,6.404768466949463,0.9131227731704712,0.4356782138347626
1400,ROIs1158_spring_s2_44_p668,0.06926648318767548,0.04395641013979912,23.189537048339844,14.09893798828125,0.9104664325714111,0.3757424056529999
1401,ROIs1158_spring_s2_44_p669,0.03104976937174797,0.02158108353614807,30.15883445739746,7.830977916717529,0.9513229131698608,0.30609098076820374
1402,ROIs1158_spring_s2_44_p670,0.03043636493384838,0.021810702979564667,30.33214569091797,8.334728240966797,0.9559453129768372,0.3215947151184082
1403,ROIs1158_spring_s2_44_p671,0.050143998116254807,0.03474613279104233,25.995620727539062,13.016592979431152,0.9410061836242676,0.32238900661468506
1404,ROIs1158_spring_s2_44_p672,0.05477411672472954,0.037614643573760986,25.228492736816406,13.527839660644531,0.9316051006317139,0.3221769332885742
1405,ROIs1158_spring_s2_44_p673,0.04798104241490364,0.032575808465480804,26.378604888916016,11.422399520874023,0.9487537145614624,0.26223957538604736
1406,ROIs1158_spring_s2_44_p674,0.04005550593137741,0.027144858613610268,27.946758270263672,10.428401947021484,0.9621346592903137,0.2209552824497223
1407,ROIs1158_spring_s2_44_p675,0.03977549076080322,0.026574380695819855,28.007688522338867,10.491599082946777,0.96080082654953,0.21528050303459167
1408,ROIs1158_spring_s2_44_p676,0.06364426016807556,0.03971024975180626,23.924816131591797,14.92784309387207,0.9317845106124878,0.2194918394088745
1409,ROIs1158_spring_s2_44_p677,0.06698295474052429,0.04233875870704651,23.480716705322266,15.400029182434082,0.9241909980773926,0.28726276755332947
1410,ROIs1158_spring_s2_44_p678,0.054135244339704514,0.03565024957060814,25.330398559570312,13.556148529052734,0.935333251953125,0.32840943336486816
1411,ROIs1158_spring_s2_44_p679,0.0517120398581028,0.034547723829746246,25.728168487548828,12.813803672790527,0.9317449331283569,0.3478790521621704
1412,ROIs1158_spring_s2_44_p680,0.048339881002902985,0.03325452283024788,26.313888549804688,12.101837158203125,0.9154720306396484,0.37621045112609863
1413,ROIs1158_spring_s2_44_p681,0.05419902876019478,0.03757704794406891,25.32016944885254,14.610514640808105,0.899454653263092,0.41840988397598267
1414,ROIs1158_spring_s2_44_p682,0.04741927608847618,0.031907107681035995,26.48090362548828,12.548394203186035,0.9197502136230469,0.3980485200881958
1415,ROIs1158_spring_s2_44_p683,0.03044389747083187,0.02102353610098362,30.329994201660156,8.170774459838867,0.9433634877204895,0.3849503695964813
1416,ROIs1158_spring_s2_44_p684,0.029400428757071495,0.020541518926620483,30.63292694091797,8.140155792236328,0.9445465803146362,0.39077091217041016
1417,ROIs1158_spring_s2_44_p685,0.03538338467478752,0.02456182986497879,29.024011611938477,8.620591163635254,0.9391772150993347,0.41066044569015503
1418,ROIs1158_spring_s2_44_p686,0.03504286706447601,0.023629968985915184,29.108007431030273,7.710907459259033,0.9436119794845581,0.37290358543395996
1419,ROIs1158_spring_s2_44_p687,0.04728108271956444,0.03124496527016163,26.50625228881836,10.245667457580566,0.9424884915351868,0.3463258743286133
1420,ROIs1158_spring_s2_44_p688,0.042864736169576645,0.02851094678044319,27.35799789428711,9.838181495666504,0.9319775104522705,0.4016229510307312
1421,ROIs1158_spring_s2_44_p689,0.0341932512819767,0.02356203831732273,29.321191787719727,8.054264068603516,0.9347540140151978,0.4376765489578247
1422,ROIs1158_spring_s2_44_p690,0.03248153626918793,0.022541001439094543,29.767269134521484,7.502420902252197,0.9461848139762878,0.40441563725471497
1423,ROIs1158_spring_s2_44_p691,0.03272656723856926,0.02169521525502205,29.70199203491211,7.34486198425293,0.9485141634941101,0.39509010314941406
1424,ROIs1158_spring_s2_44_p692,0.03169354051351547,0.02170325070619583,29.9805850982666,7.41120719909668,0.9547003507614136,0.3606381118297577
1425,ROIs1158_spring_s2_44_p693,0.03401783108711243,0.023204779252409935,29.36586570739746,7.717466831207275,0.9463145136833191,0.3603757619857788
1426,ROIs1158_spring_s2_44_p694,0.039372265338897705,0.0254144798964262,28.096195220947266,8.248165130615234,0.9052943587303162,0.41097891330718994
1427,ROIs1158_spring_s2_44_p695,0.04152617231011391,0.027186954393982887,27.633562088012695,8.562240600585938,0.9025754928588867,0.42132022976875305
1428,ROIs1158_spring_s2_44_p697,0.045820336788892746,0.03062230721116066,26.778833389282227,10.574381828308105,0.9482875466346741,0.27313756942749023
1429,ROIs1158_spring_s2_44_p698,0.03436312824487686,0.023519888520240784,29.278146743774414,8.237030982971191,0.9570900201797485,0.3158629536628723
1430,ROIs1158_spring_s2_44_p699,0.03425045683979988,0.02454366907477379,29.30667495727539,9.750021934509277,0.9567689895629883,0.3694407343864441
1431,ROIs1158_spring_s2_44_p700,0.04859885200858116,0.035322047770023346,26.267480850219727,14.09388542175293,0.9392229914665222,0.3555007576942444
1432,ROIs1158_spring_s2_44_p701,0.058192264288663864,0.04190776124596596,24.702693939208984,15.310455322265625,0.9295527935028076,0.3253665864467621
1433,ROIs1158_spring_s2_44_p702,0.05243225395679474,0.036555368453264236,25.608028411865234,13.09554386138916,0.9455114603042603,0.25111162662506104
1434,ROIs1158_spring_s2_44_p703,0.04483933374285698,0.03036561980843544,26.96681785583496,11.975300788879395,0.9574300646781921,0.17657272517681122
1435,ROIs1158_spring_s2_44_p704,0.04631777107715607,0.03161487355828285,26.685047149658203,13.337839126586914,0.9532798528671265,0.16937752068042755
1436,ROIs1158_spring_s2_44_p705,0.07341707497835159,0.04647931829094887,22.684059143066406,17.511409759521484,0.9174842834472656,0.21687647700309753
1437,ROIs1158_spring_s2_44_p706,0.08992026746273041,0.05753987282514572,20.922847747802734,19.842477798461914,0.8704670667648315,0.35842132568359375
1438,ROIs1158_spring_s2_44_p707,0.07545505464076996,0.04855285584926605,22.44623374938965,17.135822296142578,0.8871773481369019,0.3914477527141571
1439,ROIs1158_spring_s2_44_p708,0.05492416396737099,0.03691374137997627,25.204730987548828,12.652596473693848,0.9279780387878418,0.3566102087497711
1440,ROIs1158_spring_s2_44_p709,0.06050344556570053,0.04009115323424339,24.364397048950195,12.829113006591797,0.9072521328926086,0.371917188167572
1441,ROIs1158_spring_s2_44_p710,0.06082073971629143,0.0412135049700737,24.318965911865234,14.239001274108887,0.9006827473640442,0.404075562953949
1442,ROIs1158_spring_s2_44_p711,0.04491637274622917,0.030506208539009094,26.951906204223633,10.632649421691895,0.9331656694412231,0.38788020610809326
1443,ROIs1158_spring_s2_44_p712,0.038797829300165176,0.02681550197303295,28.223854064941406,9.265172004699707,0.9332588315010071,0.41025280952453613
1444,ROIs1158_spring_s2_44_p713,0.039901480078697205,0.027774514630436897,27.980220794677734,10.654120445251465,0.9300426840782166,0.41500699520111084
1445,ROIs1158_spring_s2_44_p714,0.04519599676132202,0.030259190127253532,26.898000717163086,10.142922401428223,0.9363116025924683,0.37470579147338867
1446,ROIs1158_spring_s2_44_p715,0.04674205556511879,0.030859369784593582,26.605844497680664,9.049783706665039,0.946295976638794,0.327220618724823
1447,ROIs1158_spring_s2_44_p716,0.04738384857773781,0.03108104318380356,26.487396240234375,9.5274658203125,0.9488406777381897,0.31979137659072876
1448,ROIs1158_spring_s2_44_p717,0.0382302962243557,0.025707310065627098,28.351848602294922,8.513423919677734,0.9392752647399902,0.39459365606307983
1449,ROIs1158_spring_s2_44_p718,0.031740255653858185,0.022692833095788956,29.967792510986328,7.937258243560791,0.9418120384216309,0.4348486363887787
1450,ROIs1158_spring_s2_44_p719,0.03482833132147789,0.025151455774903297,29.161348342895508,8.971858978271484,0.9543471336364746,0.3993954360485077
1451,ROIs1158_spring_s2_44_p720,0.033913273364305496,0.02405884861946106,29.392606735229492,8.49891185760498,0.9552283883094788,0.3981701731681824
1452,ROIs1158_spring_s2_44_p721,0.036940328776836395,0.025754131376743317,28.649986267089844,8.728556632995605,0.9566769003868103,0.333418607711792
1453,ROIs1158_spring_s2_44_p722,0.040904298424720764,0.02812221273779869,27.76462173461914,9.062986373901367,0.957662045955658,0.3199126422405243
1454,ROIs1158_spring_s2_44_p723,0.04206358268857002,0.028424527496099472,27.521875381469727,9.487407684326172,0.9263368844985962,0.3870851993560791
1455,ROIs1158_spring_s2_44_p724,0.043690118938684464,0.028914503753185272,27.192337036132812,9.436628341674805,0.9018194675445557,0.3924590051174164
1456,ROIs1158_spring_s2_44_p726,0.044519778341054916,0.029841557145118713,27.028940200805664,10.987265586853027,0.9550888538360596,0.21102246642112732
1457,ROIs1158_spring_s2_44_p727,0.04218457266688347,0.028759442269802094,27.49692726135254,9.891919136047363,0.954790472984314,0.28148186206817627
1458,ROIs1158_spring_s2_44_p728,0.04144549369812012,0.02985994704067707,27.650453567504883,10.318403244018555,0.9493882656097412,0.396489679813385
1459,ROIs1158_spring_s2_44_p729,0.05000517517328262,0.03695191070437431,26.019702911376953,14.020029067993164,0.9313258528709412,0.4258725941181183
1460,ROIs1158_spring_s2_44_p730,0.056936029344797134,0.0414041243493557,24.892257690429688,14.8754243850708,0.924343466758728,0.3757578730583191
1461,ROIs1158_spring_s2_44_p731,0.05033494904637337,0.034801091998815536,25.962608337402344,12.319836616516113,0.9463672637939453,0.2504587769508362
1462,ROIs1158_spring_s2_44_p732,0.048114925622940063,0.03261009603738785,26.35440444946289,11.619800567626953,0.9478630423545837,0.20392924547195435
1463,ROIs1158_spring_s2_44_p733,0.05407486483454704,0.037321045994758606,25.340091705322266,13.106281280517578,0.9391638040542603,0.2648749053478241
1464,ROIs1158_spring_s2_44_p734,0.061334602534770966,0.04051686450839043,24.24588966369629,14.650764465332031,0.936292290687561,0.25536012649536133
1465,ROIs1158_spring_s2_44_p735,0.0810992419719696,0.051394134759902954,21.819665908813477,17.90648651123047,0.8866352438926697,0.32639774680137634
1466,ROIs1158_spring_s2_44_p736,0.07291200011968613,0.046454157680273056,22.744022369384766,16.046144485473633,0.8822640180587769,0.39374682307243347
1467,ROIs1158_spring_s2_44_p737,0.04340984672307968,0.029798541218042374,27.248233795166016,9.675081253051758,0.9298316240310669,0.3622640371322632
1468,ROIs1158_spring_s2_44_p738,0.05268470197916031,0.035130321979522705,25.56631088256836,11.20483112335205,0.9036930799484253,0.3834258019924164
1469,ROIs1158_spring_s2_44_p739,0.05617982894182205,0.03886851668357849,25.008390426635742,13.71623706817627,0.8921535611152649,0.4270612299442291
1470,ROIs1158_spring_s2_44_p740,0.05039625242352486,0.034547947347164154,25.952035903930664,11.501147270202637,0.9203548431396484,0.43479031324386597
1471,ROIs1158_spring_s2_44_p741,0.04499957710504532,0.03115316480398178,26.935832977294922,10.427905082702637,0.9267007112503052,0.44581642746925354
1472,ROIs1158_spring_s2_44_p742,0.043458886444568634,0.030102109536528587,27.23843002319336,10.929060935974121,0.9288971424102783,0.41763433814048767
1473,ROIs1158_spring_s2_44_p743,0.049703218042850494,0.03285873681306839,26.072311401367188,10.589481353759766,0.9412016868591309,0.328713059425354
1474,ROIs1158_spring_s2_44_p744,0.05061040073633194,0.03261741250753403,25.915205001831055,9.598401069641113,0.9496710300445557,0.2783772349357605
1475,ROIs1158_spring_s2_44_p745,0.04547949135303497,0.030151451006531715,26.84368896484375,8.76529598236084,0.9488988518714905,0.31221792101860046
1476,ROIs1158_spring_s2_44_p746,0.03643001616001129,0.024864284321665764,28.77081298828125,7.740665912628174,0.9422667622566223,0.40175771713256836
1477,ROIs1158_spring_s2_44_p747,0.030600735917687416,0.0219744723290205,30.285362243652344,7.591821670532227,0.944780707359314,0.4303119480609894
1478,ROIs1158_spring_s2_44_p748,0.03666774183511734,0.02642424777150154,28.714317321777344,9.643682479858398,0.9543533325195312,0.3847648799419403
1479,ROIs1158_spring_s2_44_p749,0.03697315976023674,0.026528043672442436,28.642271041870117,9.667566299438477,0.9546493887901306,0.36844703555107117
1480,ROIs1158_spring_s2_44_p750,0.03805038705468178,0.02635287120938301,28.392820358276367,9.10942268371582,0.955374538898468,0.3313913345336914
1481,ROIs1158_spring_s2_44_p751,0.04326790198683739,0.02910052053630352,27.276683807373047,9.478235244750977,0.9539244174957275,0.33110499382019043
1482,ROIs1158_spring_s2_44_p752,0.042769622057676315,0.028779635205864906,27.37729263305664,9.434941291809082,0.9410072565078735,0.3681725263595581
1483,ROIs1158_spring_s2_44_p753,0.036801353096961975,0.02411726862192154,28.68272590637207,8.584136962890625,0.9240179657936096,0.3706277310848236
1484,ROIs1158_spring_s2_44_p755,0.04811880737543106,0.03194417059421539,26.353702545166016,11.476347923278809,0.9518684148788452,0.2096317559480667
1485,ROIs1158_spring_s2_44_p756,0.04686752334237099,0.03235165402293205,26.582561492919922,10.474936485290527,0.9490723609924316,0.30232542753219604
1486,ROIs1158_spring_s2_44_p757,0.04722341150045395,0.034346938133239746,26.51685333251953,11.159976959228516,0.9402614831924438,0.39896342158317566
1487,ROIs1158_spring_s2_44_p758,0.052097138017416,0.03860544040799141,25.663721084594727,14.113191604614258,0.9294187426567078,0.4279829263687134
1488,ROIs1158_spring_s2_44_p759,0.057826071977615356,0.042430710047483444,24.757526397705078,15.237126350402832,0.921754002571106,0.4210556149482727
1489,ROIs1158_spring_s2_44_p760,0.05181204527616501,0.0356975756585598,25.71138572692871,12.647513389587402,0.944344162940979,0.28588664531707764
1490,ROIs1158_spring_s2_44_p761,0.047310639172792435,0.03255639970302582,26.500825881958008,10.877298355102539,0.9484184980392456,0.25826185941696167
1491,ROIs1158_spring_s2_44_p762,0.055081162601709366,0.03981540724635124,25.17993927001953,13.269043922424316,0.9316921830177307,0.3715671896934509
1492,ROIs1158_spring_s2_44_p763,0.05516959726810455,0.03849664330482483,25.166004180908203,13.591463088989258,0.9393314123153687,0.3414146602153778
1493,ROIs1158_spring_s2_44_p764,0.05444016307592392,0.03519916534423828,25.281612396240234,13.195021629333496,0.9349076151847839,0.314300537109375
1494,ROIs1158_spring_s2_44_p765,0.05425073951482773,0.035757437348365784,25.311887741088867,12.2761869430542,0.9231035709381104,0.3964739739894867
1495,ROIs1158_spring_s2_44_p766,0.04056377708911896,0.029173729941248894,27.837234497070312,9.80086898803711,0.92554771900177,0.407983660697937
1496,ROIs1158_spring_s2_44_p767,0.045783597975969315,0.03219795227050781,26.785802841186523,10.989222526550293,0.9119818210601807,0.4015061557292938
1497,ROIs1158_spring_s2_44_p768,0.05168676748871803,0.036111507564783096,25.732412338256836,12.522429466247559,0.901612401008606,0.39113175868988037
1498,ROIs1158_spring_s2_44_p769,0.05734698846936226,0.03954125568270683,24.829788208007812,12.881246566772461,0.9046871662139893,0.4335286617279053
1499,ROIs1158_spring_s2_44_p770,0.048613134771585464,0.033870190382003784,26.26492691040039,11.840851783752441,0.921964704990387,0.4564564526081085
1500,ROIs1158_spring_s2_44_p771,0.04239644855260849,0.029295044019818306,27.453413009643555,9.91504192352295,0.9356746673583984,0.4361746907234192
1501,ROIs1158_spring_s2_44_p772,0.04734969139099121,0.0317649208009243,26.493656158447266,9.884649276733398,0.9416674375534058,0.37215888500213623
1502,ROIs1158_spring_s2_44_p773,0.048052240163087845,0.03138000890612602,26.365726470947266,9.930371284484863,0.948860764503479,0.3036300241947174
1503,ROIs1158_spring_s2_44_p774,0.048095349222421646,0.03150030970573425,26.357938766479492,9.901473999023438,0.9477421045303345,0.2834092974662781
1504,ROIs1158_spring_s2_44_p775,0.041242580860853195,0.027668584138154984,27.693084716796875,7.8207573890686035,0.9399410486221313,0.371386855840683
1505,ROIs1158_spring_s2_44_p776,0.032783299684524536,0.02285240963101387,29.686946868896484,6.481286525726318,0.9466723203659058,0.43086305260658264
1506,ROIs1158_spring_s2_44_p777,0.03924085199832916,0.027477242052555084,28.12523078918457,8.87340259552002,0.9546059370040894,0.396161288022995
1507,ROIs1158_spring_s2_44_p778,0.03633704036474228,0.025785362347960472,28.79300880432129,9.224617958068848,0.9575490355491638,0.35039418935775757
1508,ROIs1158_spring_s2_44_p779,0.030824905261397362,0.021452128887176514,30.221965789794922,7.6594648361206055,0.9600006341934204,0.3228555917739868
1509,ROIs1158_spring_s2_44_p780,0.03891144320368767,0.026289895176887512,28.198453903198242,8.804394721984863,0.9553126692771912,0.336795836687088
1510,ROIs1158_spring_s2_44_p781,0.04403398185968399,0.029624754562973976,27.124242782592773,9.38405990600586,0.9540457129478455,0.3449118137359619
1511,ROIs1158_spring_s2_44_p782,0.03848494961857796,0.026211287826299667,28.29418182373047,8.573878288269043,0.9559551477432251,0.3232372999191284
1512,ROIs1158_spring_s2_44_p784,0.055076614022254944,0.03669358044862747,25.18065643310547,14.23775863647461,0.9336884021759033,0.27434611320495605
1513,ROIs1158_spring_s2_44_p785,0.05808526650071144,0.03979538008570671,24.71868133544922,14.406453132629395,0.9319983720779419,0.3257104754447937
1514,ROIs1158_spring_s2_44_p786,0.055231157690286636,0.04007589817047119,25.15631866455078,13.931641578674316,0.9333421587944031,0.3979533314704895
1515,ROIs1158_spring_s2_44_p787,0.057948037981987,0.04288976266980171,24.739227294921875,16.573246002197266,0.9282532930374146,0.4159877896308899
1516,ROIs1158_spring_s2_44_p788,0.06193801760673523,0.0461915023624897,24.160852432250977,17.778207778930664,0.9185470342636108,0.46399885416030884
1517,ROIs1158_spring_s2_44_p789,0.057361118495464325,0.04112270101904869,24.82765007019043,14.736868858337402,0.9352060556411743,0.3673292398452759
1518,ROIs1158_spring_s2_44_p790,0.04906487464904785,0.03380529582500458,26.184587478637695,11.542098045349121,0.9516289234161377,0.29362183809280396
1519,ROIs1158_spring_s2_44_p791,0.04884902387857437,0.03470628708600998,26.222881317138672,11.791205406188965,0.9373981952667236,0.3728902041912079
1520,ROIs1158_spring_s2_44_p792,0.047633133828639984,0.03338291123509407,26.441818237304688,11.969084739685059,0.9369663596153259,0.3687976002693176
1521,ROIs1158_spring_s2_44_p793,0.03647656738758087,0.02637394145131111,28.759719848632812,10.975671768188477,0.9467869400978088,0.325300931930542
1522,ROIs1158_spring_s2_44_p794,0.04152761399745941,0.03008481301367283,27.633262634277344,11.155954360961914,0.9396793842315674,0.4103170335292816
1523,ROIs1158_spring_s2_44_p795,0.041822366416454315,0.031304869800806046,27.571828842163086,10.929304122924805,0.9276505708694458,0.42655685544013977
1524,ROIs1158_spring_s2_44_p796,0.04484504461288452,0.03183957561850548,26.96571159362793,11.523714065551758,0.9248443841934204,0.3835950791835785
1525,ROIs1158_spring_s2_44_p797,0.0434785932302475,0.030141377821564674,27.234493255615234,11.200019836425781,0.9305891990661621,0.3345487713813782
1526,ROIs1158_spring_s2_44_p798,0.05167176574468613,0.036137085407972336,25.73493194580078,11.643407821655273,0.9115324020385742,0.40147167444229126
1527,ROIs1158_spring_s2_44_p799,0.05105261132121086,0.035599615424871445,25.839641571044922,11.773046493530273,0.912040650844574,0.44610780477523804
1528,ROIs1158_spring_s2_44_p800,0.04156206175684929,0.02866522967815399,27.62605857849121,9.32469367980957,0.9338758587837219,0.42226678133010864
1529,ROIs1158_spring_s2_44_p801,0.04990876093506813,0.03326493129134178,26.036462783813477,10.10904312133789,0.9404497146606445,0.3569316565990448
1530,ROIs1158_spring_s2_44_p802,0.04736742004752159,0.03125203773379326,26.490406036376953,10.36242961883545,0.9468960762023926,0.32355526089668274
1531,ROIs1158_spring_s2_44_p803,0.04454604163765907,0.03013463504612446,27.023818969726562,10.487125396728516,0.9445198178291321,0.3488219380378723
1532,ROIs1158_spring_s2_44_p804,0.04197431355714798,0.02857060171663761,27.540328979492188,8.971495628356934,0.9417551159858704,0.3758944272994995
1533,ROIs1158_spring_s2_44_p805,0.04199465364217758,0.029015781357884407,27.536121368408203,8.15386962890625,0.949358344078064,0.38825851678848267
1534,ROIs1158_spring_s2_44_p806,0.043842826038599014,0.0302022323012352,27.162029266357422,9.203720092773438,0.9533138275146484,0.36630329489707947
1535,ROIs1158_spring_s2_44_p807,0.034891460090875626,0.024342980235815048,29.145618438720703,8.417977333068848,0.960060715675354,0.34171780943870544
1536,ROIs1158_spring_s2_44_p808,0.02849072776734829,0.019760269671678543,30.905929565429688,6.879971981048584,0.9676628112792969,0.3185464143753052
1537,ROIs1158_spring_s2_44_p809,0.03390517085790634,0.023631084710359573,29.394681930541992,8.184595108032227,0.9613360166549683,0.33632341027259827
1538,ROIs1158_spring_s2_44_p810,0.03945210203528404,0.027327653020620346,28.078596115112305,9.04011058807373,0.9561482071876526,0.3540366291999817
1539,ROIs1158_spring_s2_44_p811,0.03406266123056412,0.022593948990106583,29.354429244995117,7.447285175323486,0.9583503007888794,0.3346288502216339
1540,ROIs1158_spring_s2_44_p813,0.07171400636434555,0.049128223210573196,22.887920379638672,19.947505950927734,0.8866574764251709,0.35300448536872864
1541,ROIs1158_spring_s2_44_p814,0.07007475942373276,0.047789327800273895,23.088768005371094,18.22057342529297,0.8998256325721741,0.388223797082901
1542,ROIs1158_spring_s2_44_p815,0.057966236025094986,0.04152830317616463,24.736499786376953,15.4497709274292,0.9275895357131958,0.4212045967578888
1543,ROIs1158_spring_s2_44_p816,0.06333308666944504,0.046492114663124084,23.967388153076172,18.85192108154297,0.9209200143814087,0.43109583854675293
1544,ROIs1158_spring_s2_44_p817,0.06659998744726181,0.049719639122486115,23.530517578125,20.630516052246094,0.9133985042572021,0.45164480805397034
1545,ROIs1158_spring_s2_44_p818,0.05820799618959427,0.04263458028435707,24.700347900390625,16.893611907958984,0.9331241846084595,0.4085742235183716
1546,ROIs1158_spring_s2_44_p819,0.04903498291969299,0.03485184907913208,26.18988037109375,12.91107177734375,0.9409849047660828,0.3743512034416199
1547,ROIs1158_spring_s2_44_p820,0.04110051691532135,0.028063921257853508,27.723054885864258,10.266315460205078,0.926215410232544,0.3719828724861145
1548,ROIs1158_spring_s2_44_p821,0.0400436706840992,0.027065236121416092,27.949323654174805,9.148697853088379,0.9303095936775208,0.32936984300613403
1549,ROIs1158_spring_s2_44_p822,0.03595561161637306,0.025497570633888245,28.884668350219727,9.642769813537598,0.9448832869529724,0.3102908134460449
1550,ROIs1158_spring_s2_44_p823,0.036172349005937576,0.026282068341970444,28.83246612548828,9.846161842346191,0.9462957978248596,0.383292019367218
1551,ROIs1158_spring_s2_44_p824,0.03916740417480469,0.028321070596575737,28.141502380371094,10.738571166992188,0.9393592476844788,0.38432446122169495
1552,ROIs1158_spring_s2_44_p825,0.043090399354696274,0.030434532091021538,27.312389373779297,12.06296157836914,0.929621160030365,0.3713608384132385
1553,ROIs1158_spring_s2_44_p826,0.04308094084262848,0.0299178846180439,27.31429672241211,11.88843822479248,0.9239803552627563,0.36087504029273987
1554,ROIs1158_spring_s2_44_p827,0.04790710285305977,0.032666247338056564,26.39200210571289,11.4386625289917,0.9036717414855957,0.38926130533218384
1555,ROIs1158_spring_s2_44_p828,0.05097886174917221,0.03394533693790436,25.85219955444336,11.223859786987305,0.8986231684684753,0.41909098625183105
1556,ROIs1158_spring_s2_44_p829,0.04282610863447189,0.028650417923927307,27.365827560424805,9.012722969055176,0.9271857738494873,0.40990132093429565
1557,ROIs1158_spring_s2_44_p830,0.048972394317388535,0.032346270978450775,26.200973510742188,9.983443260192871,0.943066418170929,0.318377286195755
1558,ROIs1158_spring_s2_44_p831,0.0449407622218132,0.02954181469976902,26.947193145751953,9.636032104492188,0.9456304311752319,0.32571035623550415
1559,ROIs1158_spring_s2_44_p832,0.037811338901519775,0.0259652528911829,28.447559356689453,8.646559715270996,0.9461078643798828,0.3705540895462036
1560,ROIs1158_spring_s2_44_p833,0.03900473192334175,0.026797838509082794,28.177654266357422,8.249155044555664,0.9441319704055786,0.3583719730377197
1561,ROIs1158_spring_s2_44_p834,0.03943658620119095,0.026301266625523567,28.082015991210938,8.14699935913086,0.9449190497398376,0.3346095681190491
1562,ROIs1158_spring_s2_44_p835,0.03752923011779785,0.026413198560476303,28.512609481811523,9.23730754852295,0.9493496417999268,0.34240370988845825
1563,ROIs1158_spring_s2_44_p836,0.0377577543258667,0.02731410041451454,28.459877014160156,9.800619125366211,0.9555323123931885,0.3500516712665558
1564,ROIs1158_spring_s2_44_p837,0.03692665696144104,0.025733506307005882,28.653202056884766,9.032401084899902,0.9614483118057251,0.30848589539527893
1565,ROIs1158_spring_s2_44_p838,0.0369824580848217,0.026455022394657135,28.64008331298828,9.442723274230957,0.9587037563323975,0.32220953702926636
1566,ROIs1158_spring_s2_44_p839,0.036195058375597,0.02555527724325657,28.827014923095703,9.003257751464844,0.9565408229827881,0.349520206451416
1567,ROIs1158_spring_s2_44_p840,0.025395387783646584,0.017309000715613365,31.904905319213867,5.980318069458008,0.9561485052108765,0.3275790512561798
1568,ROIs1158_spring_s2_106_p30,0.02350880764424801,0.01691308617591858,32.57538604736328,5.532983779907227,0.9380915760993958,0.37451833486557007
1569,ROIs1158_spring_s2_106_p31,0.02114081010222435,0.014704618602991104,33.49756622314453,5.249390602111816,0.9409328103065491,0.41940081119537354
1570,ROIs1158_spring_s2_106_p32,0.04926745593547821,0.030896853655576706,26.1487979888916,10.992809295654297,0.8744320869445801,0.4626416265964508
1571,ROIs1158_spring_s2_106_p33,0.055272601544857025,0.035793233662843704,25.149803161621094,13.11325740814209,0.8427699208259583,0.46056488156318665
1572,ROIs1158_spring_s2_106_p34,0.04017993062734604,0.026248909533023834,27.919816970825195,9.845495223999023,0.9015399813652039,0.3996327519416809
1573,ROIs1158_spring_s2_106_p35,0.031298648566007614,0.022026637569069862,30.08949089050293,7.917517185211182,0.93426513671875,0.3810339868068695
1574,ROIs1158_spring_s2_106_p36,0.03284256532788277,0.023040607571601868,29.6712589263916,8.237262725830078,0.9296935796737671,0.3781062364578247
1575,ROIs1158_spring_s2_106_p37,0.031201131641864777,0.021925771608948708,30.116594314575195,7.717991828918457,0.9202644228935242,0.4443375766277313
1576,ROIs1158_spring_s2_106_p38,0.031581196933984756,0.022820431739091873,30.01142692565918,7.845901012420654,0.9151401519775391,0.47415870428085327
1577,ROIs1158_spring_s2_106_p39,0.030028756707906723,0.021968960762023926,30.44925308227539,7.28457498550415,0.9220908880233765,0.4375082850456238
1578,ROIs1158_spring_s2_106_p40,0.02817513234913349,0.020428624004125595,31.002681732177734,7.141473293304443,0.9262691736221313,0.40404948592185974
1579,ROIs1158_spring_s2_106_p41,0.02932864800095558,0.020600544288754463,30.654159545898438,7.521356105804443,0.9174343347549438,0.43207496404647827
1580,ROIs1158_spring_s2_106_p42,0.030733095481991768,0.0209924578666687,30.247875213623047,8.67060375213623,0.9174149632453918,0.4334683120250702
1581,ROIs1158_spring_s2_106_p43,0.03090432658791542,0.02138523943722248,30.199615478515625,8.890692710876465,0.9229222536087036,0.42930349707603455
1582,ROIs1158_spring_s2_106_p44,0.029563581570982933,0.021172020584344864,30.584857940673828,8.38636302947998,0.9164901375770569,0.479187548160553
1583,ROIs1158_spring_s2_106_p45,0.028060385957360268,0.020577624440193176,31.038127899169922,7.551223278045654,0.9172835946083069,0.5082439184188843
1584,ROIs1158_spring_s2_106_p46,0.028057903051376343,0.020665884017944336,31.038896560668945,7.260420799255371,0.9208107590675354,0.4951918423175812
1585,ROIs1158_spring_s2_106_p47,0.02727293223142624,0.01993878185749054,31.285364151000977,7.204859256744385,0.9273234009742737,0.48452919721603394
1586,ROIs1158_spring_s2_106_p48,0.02669294737279415,0.01950155571103096,31.472070693969727,7.407216548919678,0.9413966536521912,0.40784192085266113
1587,ROIs1158_spring_s2_106_p49,0.02609075792133808,0.019039947539567947,31.67026710510254,7.424049377441406,0.9457725882530212,0.3992139399051666
1588,ROIs1158_spring_s2_106_p50,0.027530953288078308,0.019409753382205963,31.203575134277344,7.258303165435791,0.9346671104431152,0.39828887581825256
1589,ROIs1158_spring_s2_106_p51,0.030711594969034195,0.021216021850705147,30.25395393371582,7.190990924835205,0.9145044684410095,0.4412417411804199
1590,ROIs1158_spring_s2_106_p52,0.03463305905461311,0.024581510573625565,29.21018409729004,6.963260173797607,0.8853315711021423,0.5011239051818848
1591,ROIs1158_spring_s2_106_p53,0.03449556231498718,0.02409387193620205,29.244735717773438,6.257312774658203,0.8952643871307373,0.44546782970428467
1592,ROIs1158_spring_s2_106_p54,0.03259113430976868,0.022922031581401825,29.73801040649414,6.250598430633545,0.9151696562767029,0.4009089469909668
1593,ROIs1158_spring_s2_106_p55,0.03242576867341995,0.022636517882347107,29.782196044921875,6.246105194091797,0.9094541072845459,0.4245186150074005
1594,ROIs1158_spring_s2_106_p56,0.032118987292051315,0.022844498977065086,29.864765167236328,6.177792549133301,0.9139677882194519,0.4587607979774475
1595,ROIs1158_spring_s2_106_p57,0.030868593603372574,0.022096291184425354,30.20966339111328,6.161513805389404,0.9451425075531006,0.40444114804267883
1596,ROIs1158_spring_s2_106_p59,0.026225637644529343,0.019155623391270638,31.625478744506836,4.9504075050354,0.9308341145515442,0.4395700991153717
1597,ROIs1158_spring_s2_106_p60,0.03401418402791023,0.023182231932878494,29.366798400878906,5.249879360198975,0.9209046959877014,0.4753532409667969
1598,ROIs1158_spring_s2_106_p61,0.04306791350245476,0.029958849772810936,27.316925048828125,6.863250732421875,0.9085012674331665,0.5103660821914673
1599,ROIs1158_spring_s2_106_p62,0.04288536682724953,0.028912322595715523,27.353818893432617,7.616403102874756,0.9030745029449463,0.474606990814209
1600,ROIs1158_spring_s2_106_p63,0.03941961005330086,0.027048809453845024,28.08575439453125,7.854275226593018,0.907683253288269,0.4241633415222168
1601,ROIs1158_spring_s2_106_p64,0.03340392932295799,0.023175060749053955,29.524049758911133,8.116559028625488,0.9198369383811951,0.4288572669029236
1602,ROIs1158_spring_s2_106_p65,0.033772069960832596,0.023196954280138016,29.42884635925293,8.346843719482422,0.9221804141998291,0.4498293101787567
1603,ROIs1158_spring_s2_106_p66,0.031135577708482742,0.02172093838453293,30.13486099243164,7.892997741699219,0.9145734310150146,0.481863409280777
1604,ROIs1158_spring_s2_106_p67,0.028519850224256516,0.020724985748529434,30.89705467224121,7.023468494415283,0.9201074838638306,0.4941016137599945
1605,ROIs1158_spring_s2_106_p68,0.026303263381123543,0.019475942477583885,31.599807739257812,6.218801498413086,0.9266272783279419,0.44328978657722473
1606,ROIs1158_spring_s2_106_p69,0.026774654164910316,0.019638562574982643,31.44552230834961,7.116838455200195,0.9333697557449341,0.38347968459129333
1607,ROIs1158_spring_s2_106_p70,0.02719302475452423,0.019422316923737526,31.310848236083984,8.197606086730957,0.9354935884475708,0.40937501192092896
1608,ROIs1158_spring_s2_106_p71,0.029684297740459442,0.02060163952410221,30.54946517944336,9.356127738952637,0.9230784773826599,0.4672311544418335
1609,ROIs1158_spring_s2_106_p72,0.02788379043340683,0.01898552104830742,31.092966079711914,8.614579200744629,0.926069974899292,0.46110770106315613
1610,ROIs1158_spring_s2_106_p73,0.025669606402516365,0.017978960648179054,31.811614990234375,7.247091293334961,0.9297523498535156,0.4726821780204773
1611,ROIs1158_spring_s2_106_p74,0.02897840179502964,0.02061687596142292,30.758512496948242,7.781436920166016,0.9134237170219421,0.5213884711265564
1612,ROIs1158_spring_s2_106_p75,0.030082784593105316,0.021218525245785713,30.433637619018555,7.5888447761535645,0.9051526784896851,0.542870283126831
1613,ROIs1158_spring_s2_106_p76,0.03133498504757881,0.022718161344528198,30.079410552978516,8.749560356140137,0.907211184501648,0.5394121408462524
1614,ROIs1158_spring_s2_106_p77,0.03006327711045742,0.021676335483789444,30.439273834228516,7.875953197479248,0.919133186340332,0.474714457988739
1615,ROIs1158_spring_s2_106_p78,0.03071642480790615,0.0218745656311512,30.252586364746094,7.222042560577393,0.9223116040229797,0.4478161931037903
1616,ROIs1158_spring_s2_106_p79,0.03108985908329487,0.02139124646782875,30.147626876831055,6.8524651527404785,0.9159443974494934,0.4378332495689392
1617,ROIs1158_spring_s2_106_p80,0.03398025780916214,0.02292671613395214,29.37546730041504,6.453681945800781,0.8971661329269409,0.47091370820999146
1618,ROIs1158_spring_s2_106_p81,0.03549272567033768,0.0243106447160244,28.99721336364746,6.5200114250183105,0.8785010576248169,0.5228238701820374
1619,ROIs1158_spring_s2_106_p82,0.03160353749990463,0.021822050213813782,30.005285263061523,6.048935890197754,0.9054216742515564,0.46563589572906494
1620,ROIs1158_spring_s2_106_p83,0.030359439551830292,0.02159225195646286,30.3541259765625,6.183897495269775,0.9255664348602295,0.3971780836582184
1621,ROIs1158_spring_s2_106_p84,0.03011738881468773,0.02139618806540966,30.42365264892578,6.448026657104492,0.9293464422225952,0.4279155731201172
1622,ROIs1158_spring_s2_106_p85,0.031346362084150314,0.0225798562169075,30.076257705688477,6.377200603485107,0.9318575859069824,0.44591420888900757
1623,ROIs1158_spring_s2_106_p86,0.032417476177215576,0.023301849141716957,29.78441619873047,6.782382488250732,0.943906307220459,0.3991766571998596
1624,ROIs1158_spring_s2_106_p88,0.03015396185219288,0.02220655046403408,30.41311264038086,5.035251140594482,0.929058313369751,0.39610588550567627
1625,ROIs1158_spring_s2_106_p89,0.04503266513347626,0.03223888948559761,26.929447174072266,5.701775074005127,0.8981412649154663,0.4562680125236511
1626,ROIs1158_spring_s2_106_p90,0.053000710904598236,0.03824411705136299,25.514366149902344,7.362497329711914,0.871338963508606,0.5272895693778992
1627,ROIs1158_spring_s2_106_p91,0.04808422923088074,0.03399750217795372,26.359947204589844,7.972078800201416,0.8835834264755249,0.5338152647018433
1628,ROIs1158_spring_s2_106_p92,0.03664170205593109,0.025105156004428864,28.720489501953125,7.484071731567383,0.91077721118927,0.4821797013282776
1629,ROIs1158_spring_s2_106_p93,0.0327523909509182,0.02216840162873268,29.695140838623047,7.637515544891357,0.9177584648132324,0.48272839188575745
1630,ROIs1158_spring_s2_106_p94,0.034360673278570175,0.023572171106934547,29.278770446777344,8.71729850769043,0.9105724096298218,0.517703652381897
1631,ROIs1158_spring_s2_106_p95,0.030940476804971695,0.021312016993761063,30.18946075439453,8.030256271362305,0.9078210592269897,0.5234280824661255
1632,ROIs1158_spring_s2_106_p96,0.025685535743832588,0.018092304468154907,31.806224822998047,6.899351596832275,0.9224658608436584,0.5078108906745911
1633,ROIs1158_spring_s2_106_p97,0.026666464284062386,0.018752193078398705,31.48069190979004,6.748446464538574,0.9336550235748291,0.44180724024772644
1634,ROIs1158_spring_s2_106_p98,0.028904182836413383,0.02035769261419773,30.780784606933594,7.6501851081848145,0.9353778958320618,0.37972354888916016
1635,ROIs1158_spring_s2_106_p99,0.028787944465875626,0.019830411300063133,30.815784454345703,8.088736534118652,0.9330870509147644,0.4145797789096832
1636,ROIs1158_spring_s2_106_p100,0.028054196387529373,0.019540870562195778,31.040042877197266,7.5751190185546875,0.9237058162689209,0.46876010298728943
1637,ROIs1158_spring_s2_106_p101,0.025725651532411575,0.01814809814095497,31.79267120361328,6.898405075073242,0.9250001907348633,0.4584789276123047
1638,ROIs1158_spring_s2_106_p102,0.024624226614832878,0.016935253515839577,32.17274475097656,6.562272548675537,0.9313316941261292,0.4473029375076294
1639,ROIs1158_spring_s2_106_p103,0.029512327164411545,0.02041091024875641,30.599929809570312,7.682897567749023,0.9120832681655884,0.5118027925491333
1640,ROIs1158_spring_s2_106_p104,0.032157931476831436,0.02241719514131546,29.854238510131836,7.79201602935791,0.9013278484344482,0.5380917191505432
1641,ROIs1158_spring_s2_106_p105,0.03476402908563614,0.024366673082113266,29.177398681640625,8.712935447692871,0.8946595788002014,0.5415991544723511
1642,ROIs1158_spring_s2_106_p106,0.033697232604026794,0.02353096939623356,29.448116302490234,7.813840389251709,0.8991053104400635,0.5109837055206299
1643,ROIs1158_spring_s2_106_p107,0.03610116243362427,0.025753483176231384,28.849578857421875,7.206719398498535,0.8946465849876404,0.4952929615974426
1644,ROIs1158_spring_s2_106_p108,0.03502512350678444,0.02414422482252121,29.11240577697754,6.864589214324951,0.8911209106445312,0.5084422826766968
1645,ROIs1158_spring_s2_106_p109,0.03371274098753929,0.02258870378136635,29.444120407104492,6.396785259246826,0.8873641490936279,0.5280327796936035
1646,ROIs1158_spring_s2_106_p110,0.03457240015268326,0.023329485207796097,29.22540855407715,6.403120040893555,0.8843968510627747,0.553175687789917
1647,ROIs1158_spring_s2_106_p111,0.029511695727705956,0.020150844007730484,30.600116729736328,5.873051643371582,0.9127455353736877,0.4926430583000183
1648,ROIs1158_spring_s2_106_p112,0.02980468049645424,0.021321022883057594,30.514312744140625,6.27084493637085,0.9268998503684998,0.42464160919189453
1649,ROIs1158_spring_s2_106_p113,0.033427052199840546,0.02372911386191845,29.51803970336914,6.944732666015625,0.9253708124160767,0.44123631715774536
1650,ROIs1158_spring_s2_106_p114,0.03460915386676788,0.024627814069390297,29.216182708740234,6.951902389526367,0.9125716686248779,0.46490442752838135
1651,ROIs1158_spring_s2_106_p115,0.033217430114746094,0.023412171751260757,29.57267951965332,7.110348224639893,0.9155672788619995,0.4279422163963318
1652,ROIs1158_spring_s2_106_p117,0.029089244082570076,0.02052992209792137,30.72534942626953,6.313209056854248,0.9220174551010132,0.3863352835178375
1653,ROIs1158_spring_s2_106_p118,0.03681156039237976,0.025109348818659782,28.680315017700195,6.401572227478027,0.90323805809021,0.4246388077735901
1654,ROIs1158_spring_s2_106_p119,0.048497069627046585,0.03377673774957657,26.285688400268555,7.7879228591918945,0.8759586811065674,0.48982691764831543
1655,ROIs1158_spring_s2_106_p120,0.04837692156434059,0.03354618698358536,26.307235717773438,8.771242141723633,0.8679912090301514,0.5247478485107422
1656,ROIs1158_spring_s2_106_p121,0.03541814908385277,0.023779388517141342,29.015483856201172,7.57983922958374,0.9004207253456116,0.5235228538513184
1657,ROIs1158_spring_s2_106_p122,0.029420463368296623,0.020171387121081352,30.627010345458984,7.018430709838867,0.920128583908081,0.5069714784622192
1658,ROIs1158_spring_s2_106_p123,0.03153908625245094,0.021704060956835747,30.023019790649414,8.133052825927734,0.9095365405082703,0.5361492037773132
1659,ROIs1158_spring_s2_106_p124,0.03005477599799633,0.02048269659280777,30.441730499267578,8.158119201660156,0.9072937965393066,0.5486249327659607
1660,ROIs1158_spring_s2_106_p125,0.025461595505475998,0.0176248699426651,31.882287979125977,6.785008430480957,0.9181202054023743,0.5174481868743896
1661,ROIs1158_spring_s2_106_p126,0.029055388644337654,0.019773142412304878,30.73546600341797,6.615241527557373,0.9202694892883301,0.46676939725875854
1662,ROIs1158_spring_s2_106_p127,0.030972329899668694,0.021479323506355286,30.18052101135254,7.413978099822998,0.920179009437561,0.414692759513855
1663,ROIs1158_spring_s2_106_p128,0.02903093956410885,0.019623303785920143,30.742778778076172,7.414924144744873,0.927104115486145,0.430791974067688
1664,ROIs1158_spring_s2_106_p129,0.029711993411183357,0.020155761390924454,30.541362762451172,7.516001224517822,0.9240074157714844,0.4640747010707855
1665,ROIs1158_spring_s2_106_p130,0.027251115068793297,0.018502501770853996,31.292314529418945,6.8542160987854,0.9265632629394531,0.4853752851486206
1666,ROIs1158_spring_s2_106_p131,0.024745898321270943,0.016695300117135048,32.12993621826172,6.3278021812438965,0.9329836964607239,0.4579624831676483
1667,ROIs1158_spring_s2_106_p132,0.025248343124985695,0.01684742607176304,31.955341339111328,6.818254470825195,0.927272617816925,0.4867399036884308
1668,ROIs1158_spring_s2_106_p133,0.028340263292193413,0.019243666902184486,30.951923370361328,7.170041084289551,0.9156962633132935,0.5198631286621094
1669,ROIs1158_spring_s2_106_p134,0.033666253089904785,0.023018551990389824,29.456104278564453,8.112454414367676,0.8956864476203918,0.5119901895523071
1670,ROIs1158_spring_s2_106_p135,0.03351474925875664,0.023094957694411278,29.49527931213379,7.775242805480957,0.8999853134155273,0.5051445960998535
1671,ROIs1158_spring_s2_106_p136,0.036184053868055344,0.025813091546297073,28.82965850830078,7.141404628753662,0.8919309377670288,0.50733882188797
1672,ROIs1158_spring_s2_106_p137,0.03852345794439316,0.026455843821167946,28.285493850708008,7.864596843719482,0.868376612663269,0.5242513418197632
1673,ROIs1158_spring_s2_106_p138,0.035066548734903336,0.02367394044995308,29.102142333984375,6.971316814422607,0.8721092939376831,0.5326570272445679
1674,ROIs1158_spring_s2_106_p139,0.032465677708387375,0.02178899198770523,29.77151107788086,6.461295127868652,0.8774403929710388,0.5400590896606445
1675,ROIs1158_spring_s2_106_p140,0.03198985382914543,0.021339450031518936,29.899757385253906,6.301031589508057,0.8966623544692993,0.5008991956710815
1676,ROIs1158_spring_s2_106_p141,0.0355287604033947,0.02543717995285988,28.988399505615234,7.154021739959717,0.9109156131744385,0.45549505949020386
1677,ROIs1158_spring_s2_106_p142,0.03975781798362732,0.02838658168911934,28.011550903320312,7.927484512329102,0.9062850475311279,0.47279319167137146
1678,ROIs1158_spring_s2_106_p143,0.03739166259765625,0.026392264291644096,28.544504165649414,7.242438316345215,0.9024689793586731,0.49574634432792664
1679,ROIs1158_spring_s2_106_p144,0.030895953997969627,0.021750465035438538,30.201967239379883,7.064539432525635,0.9202340245246887,0.446195125579834
1680,ROIs1158_spring_s2_106_p146,0.028805453330278397,0.019993891939520836,30.81050682067871,6.594524383544922,0.9300636053085327,0.4107213616371155
1681,ROIs1158_spring_s2_106_p147,0.03572343289852142,0.02395465411245823,28.940937042236328,7.642960548400879,0.9113198518753052,0.43542879819869995
1682,ROIs1158_spring_s2_106_p148,0.044779498130083084,0.029849691316485405,26.978416442871094,8.481303215026855,0.8889397978782654,0.4610537588596344
1683,ROIs1158_spring_s2_106_p149,0.04488352686166763,0.029669027775526047,26.95825958251953,9.0247220993042,0.8773729801177979,0.4751550555229187
1684,ROIs1158_spring_s2_106_p150,0.03915160521864891,0.025641923770308495,28.145008087158203,8.174050331115723,0.8874239921569824,0.509924054145813
1685,ROIs1158_spring_s2_106_p151,0.032096415758132935,0.02097761072218418,29.87087059020996,6.911489486694336,0.9122254252433777,0.4994864761829376
1686,ROIs1158_spring_s2_106_p152,0.026345951482653618,0.017930518835783005,31.585721969604492,6.528592586517334,0.914718508720398,0.5212247967720032
1687,ROIs1158_spring_s2_106_p153,0.02751634456217289,0.018659895285964012,31.208187103271484,7.119501113891602,0.9103025197982788,0.5377182364463806
1688,ROIs1158_spring_s2_106_p154,0.025582095608115196,0.017299719154834747,31.841278076171875,6.1050848960876465,0.9171284437179565,0.5337541103363037
1689,ROIs1158_spring_s2_106_p155,0.030229026451706886,0.020363278687000275,30.391517639160156,6.636129379272461,0.9061067700386047,0.4912510812282562
1690,ROIs1158_spring_s2_106_p156,0.03637446463108063,0.02492339164018631,28.784067153930664,7.955610275268555,0.88860684633255,0.43960678577423096
1691,ROIs1158_spring_s2_106_p157,0.036215346306562424,0.023905277252197266,28.822147369384766,8.53861141204834,0.9025298953056335,0.45273318886756897
1692,ROIs1158_spring_s2_106_p158,0.03274913877248764,0.021152744069695473,29.696002960205078,9.151166915893555,0.9238861799240112,0.4702989459037781
1693,ROIs1158_spring_s2_106_p159,0.030517667531967163,0.020190056413412094,30.30897331237793,9.014935493469238,0.927258312702179,0.49342861771583557
1694,ROIs1158_spring_s2_106_p160,0.02756081148982048,0.018471647053956985,31.19416046142578,7.734077453613281,0.9285465478897095,0.4787481129169464
1695,ROIs1158_spring_s2_106_p161,0.024705970659852028,0.016628369688987732,32.14396286010742,7.15973424911499,0.9351426959037781,0.4836459159851074
1696,ROIs1158_spring_s2_106_p162,0.025902846828103065,0.017517486587166786,31.733051300048828,7.169677257537842,0.9280216693878174,0.5047033429145813
1697,ROIs1158_spring_s2_106_p163,0.031301822513341904,0.022292790934443474,30.088607788085938,7.860431671142578,0.907957911491394,0.4865870773792267
1698,ROIs1158_spring_s2_106_p164,0.03152275085449219,0.021861189976334572,30.02751922607422,7.9089484214782715,0.9136738777160645,0.4857376217842102
1699,ROIs1158_spring_s2_106_p165,0.0320131741464138,0.021675944328308105,29.89342498779297,7.288783073425293,0.9139564037322998,0.49368444085121155
1700,ROIs1158_spring_s2_106_p166,0.03662075474858284,0.024359045550227165,28.725454330444336,7.9794745445251465,0.8821544647216797,0.5230740308761597
1701,ROIs1158_spring_s2_106_p167,0.03500594198703766,0.023613212630152702,29.117164611816406,7.7206645011901855,0.8786085844039917,0.5266920924186707
1702,ROIs1158_spring_s2_106_p168,0.03413539379835129,0.02317562699317932,29.335901260375977,7.651124954223633,0.8830989003181458,0.5062432289123535
1703,ROIs1158_spring_s2_106_p169,0.03481435775756836,0.023793257772922516,29.164831161499023,7.0652360916137695,0.8962159752845764,0.47283005714416504
1704,ROIs1158_spring_s2_106_p170,0.03628455474972725,0.02570909820497036,28.80556297302246,7.288814067840576,0.913725733757019,0.4290218651294708
1705,ROIs1158_spring_s2_106_p171,0.03873547911643982,0.027232423424720764,28.237821578979492,7.70131778717041,0.8979834914207458,0.4636423587799072
1706,ROIs1158_spring_s2_106_p172,0.03700019791722298,0.025869760662317276,28.635921478271484,7.970513343811035,0.8996383547782898,0.5099413990974426
1707,ROIs1158_spring_s2_106_p173,0.030093828216195107,0.021555859595537186,30.430452346801758,8.205432891845703,0.9297608733177185,0.46618980169296265
1708,ROIs1158_spring_s2_106_p175,0.029488569125533104,0.020428290590643883,30.60692596435547,6.4193878173828125,0.9274552464485168,0.4419994354248047
1709,ROIs1158_spring_s2_106_p176,0.03757587820291519,0.025543758645653725,28.50181770324707,8.025683403015137,0.9128245115280151,0.4669409990310669
1710,ROIs1158_spring_s2_106_p177,0.04403772950172424,0.02961278147995472,27.123504638671875,8.951876640319824,0.8914828300476074,0.4855612516403198
1711,ROIs1158_spring_s2_106_p178,0.03786136209964752,0.024694545194506645,28.436077117919922,8.076441764831543,0.9024209976196289,0.4785669445991516
1712,ROIs1158_spring_s2_106_p179,0.03676191344857216,0.02406136691570282,28.69203758239746,8.00776481628418,0.8991537094116211,0.5082626938819885
1713,ROIs1158_spring_s2_106_p180,0.03843013942241669,0.025450171902775764,28.306562423706055,7.735132694244385,0.8896342515945435,0.5210756063461304
1714,ROIs1158_spring_s2_106_p181,0.034650981426239014,0.02317420020699501,29.2056884765625,7.123753547668457,0.8966873288154602,0.5237215757369995
1715,ROIs1158_spring_s2_106_p182,0.03136521205306053,0.02117469348013401,30.07103729248047,7.08203649520874,0.9085149765014648,0.5037744641304016
1716,ROIs1158_spring_s2_106_p183,0.03031395934522152,0.020106613636016846,30.36714744567871,6.65950345993042,0.9080518484115601,0.4938848912715912
1717,ROIs1158_spring_s2_106_p184,0.03296312317252159,0.022473149001598358,29.639434814453125,8.007383346557617,0.8978400826454163,0.48921218514442444
1718,ROIs1158_spring_s2_106_p185,0.03772846981883049,0.02616581693291664,28.466615676879883,9.134389877319336,0.8845831751823425,0.4651056230068207
1719,ROIs1158_spring_s2_106_p186,0.04682604596018791,0.031626153737306595,26.590251922607422,11.936490058898926,0.859613299369812,0.4845402240753174
1720,ROIs1158_spring_s2_106_p187,0.050598353147506714,0.0335230827331543,25.917272567749023,12.774702072143555,0.8575592041015625,0.4792742431163788
1721,ROIs1158_spring_s2_106_p188,0.04218657314777374,0.026350531727075577,27.49651336669922,9.988495826721191,0.8939512968063354,0.49128979444503784
1722,ROIs1158_spring_s2_106_p189,0.029800917953252792,0.019738707691431046,30.515405654907227,8.70386791229248,0.9265255928039551,0.491909921169281
1723,ROIs1158_spring_s2_106_p190,0.026848267763853073,0.018474752083420753,31.421676635742188,8.599011421203613,0.9387637376785278,0.48474353551864624
1724,ROIs1158_spring_s2_106_p191,0.02962634339928627,0.019915420562028885,30.56644058227539,8.734864234924316,0.9285771250724792,0.49478545784950256
1725,ROIs1158_spring_s2_106_p192,0.03384552523493767,0.023753024637699127,29.409976959228516,8.838526725769043,0.9108544588088989,0.5006210803985596
1726,ROIs1158_spring_s2_106_p193,0.031478673219680786,0.02161981351673603,30.0396728515625,8.354829788208008,0.9179641008377075,0.4792141318321228
1727,ROIs1158_spring_s2_106_p194,0.027112366631627083,0.01832711137831211,31.336650848388672,7.242406845092773,0.9283813238143921,0.4907543659210205
1728,ROIs1158_spring_s2_106_p195,0.030823158100247383,0.02044299803674221,30.222457885742188,8.080225944519043,0.9196909666061401,0.5003231763839722
1729,ROIs1158_spring_s2_106_p196,0.031733203679323196,0.021849729120731354,29.969722747802734,8.791237831115723,0.9200383424758911,0.4897559583187103
1730,ROIs1158_spring_s2_106_p197,0.030500922352075577,0.021169394254684448,30.31374168395996,8.225942611694336,0.924026608467102,0.478890985250473
1731,ROIs1158_spring_s2_106_p198,0.028467802330851555,0.019466198980808258,30.912921905517578,6.87683629989624,0.9314674139022827,0.4442461133003235
1732,ROIs1158_spring_s2_106_p199,0.03058023564517498,0.021363520994782448,30.291183471679688,7.04277229309082,0.9327512979507446,0.40624549984931946
1733,ROIs1158_spring_s2_106_p200,0.032402388751506805,0.02257193811237812,29.78845977783203,7.6393022537231445,0.9120364189147949,0.4229777157306671
1734,ROIs1158_spring_s2_106_p201,0.0341053381562233,0.02397434413433075,29.343551635742188,9.052510261535645,0.9060431718826294,0.5012962818145752
1735,ROIs1158_spring_s2_106_p202,0.03137953579425812,0.022423524409532547,30.06707000732422,8.823549270629883,0.9230722188949585,0.4944485127925873
1736,ROIs1158_spring_s2_106_p204,0.03310934826731682,0.022453147917985916,29.60098648071289,6.626453876495361,0.9042156934738159,0.5007748603820801
1737,ROIs1158_spring_s2_106_p205,0.036432527005672455,0.02492448501288891,28.77021598815918,7.404167175292969,0.898909330368042,0.5135525465011597
1738,ROIs1158_spring_s2_106_p206,0.0407656766474247,0.027828851714730263,27.794109344482422,8.50841236114502,0.8908423781394958,0.5112059116363525
1739,ROIs1158_spring_s2_106_p207,0.035912271589040756,0.02413572371006012,28.8951416015625,7.992459774017334,0.9076030850410461,0.49525415897369385
1740,ROIs1158_spring_s2_106_p208,0.03463083505630493,0.023529333993792534,29.21074104309082,7.416286945343018,0.9076277017593384,0.5038982033729553
1741,ROIs1158_spring_s2_106_p209,0.040623050183057785,0.02778601087629795,27.82455062866211,7.713467121124268,0.8855540752410889,0.507838249206543
1742,ROIs1158_spring_s2_106_p210,0.04112822562456131,0.0281186755746603,27.717201232910156,8.278860092163086,0.8867119550704956,0.5223463177680969
1743,ROIs1158_spring_s2_106_p211,0.03499353677034378,0.023758642375469208,29.1202449798584,8.24593734741211,0.9080978035926819,0.4817810654640198
1744,ROIs1158_spring_s2_106_p212,0.033376872539520264,0.022389326244592667,29.53108787536621,7.2627081871032715,0.9052576422691345,0.47039595246315
1745,ROIs1158_spring_s2_106_p213,0.03406989946961403,0.02359757572412491,29.352581024169922,8.370827674865723,0.8936837911605835,0.5159752368927002
1746,ROIs1158_spring_s2_106_p214,0.03367912396788597,0.024076975882053375,29.45278549194336,9.297933578491211,0.9013599753379822,0.5053842067718506
1747,ROIs1158_spring_s2_106_p215,0.04581626504659653,0.030858114361763,26.779605865478516,11.243447303771973,0.8634848594665527,0.5141523480415344
1748,ROIs1158_spring_s2_106_p216,0.06290224939584732,0.043856773525476456,24.02667808532715,15.62341022491455,0.7868437170982361,0.5191637277603149
1749,ROIs1158_spring_s2_106_p217,0.056385401636362076,0.03739035129547119,24.976669311523438,13.70319938659668,0.8181908130645752,0.5220370888710022
1750,ROIs1158_spring_s2_106_p218,0.033195510506629944,0.02244350127875805,29.578414916992188,9.563010215759277,0.9110187292098999,0.4768144488334656
1751,ROIs1158_spring_s2_106_p219,0.02880077436566353,0.019377317279577255,30.811918258666992,9.241669654846191,0.9294415712356567,0.4518699645996094
1752,ROIs1158_spring_s2_106_p220,0.0323292501270771,0.021666137501597404,29.808090209960938,10.077491760253906,0.9167423248291016,0.4893781840801239
1753,ROIs1158_spring_s2_106_p221,0.03387512266635895,0.022943250834941864,29.402381896972656,9.642555236816406,0.9044853448867798,0.5072280168533325
1754,ROIs1158_spring_s2_106_p222,0.0294435266405344,0.020115917548537254,30.620203018188477,8.375992774963379,0.9205568432807922,0.49012839794158936
1755,ROIs1158_spring_s2_106_p223,0.026104344055056572,0.018864592537283897,31.66574478149414,7.469151496887207,0.9334281086921692,0.4918898344039917
1756,ROIs1158_spring_s2_106_p224,0.028276123106479645,0.020030414685606956,30.971603393554688,7.97988224029541,0.9275223016738892,0.49771830439567566
1757,ROIs1158_spring_s2_106_p225,0.02995949797332287,0.021030155941843987,30.469310760498047,8.251182556152344,0.93100905418396,0.4844464659690857
1758,ROIs1158_spring_s2_106_p226,0.028232546523213387,0.019836243242025375,30.985000610351562,7.584575653076172,0.9289448857307434,0.47712886333465576
1759,ROIs1158_spring_s2_106_p227,0.02874303236603737,0.02012963965535164,30.829349517822266,6.77640962600708,0.9276695251464844,0.4526345133781433
1760,ROIs1158_spring_s2_106_p228,0.029952988028526306,0.021121665835380554,30.47119903564453,7.069546699523926,0.9290849566459656,0.42120927572250366
1761,ROIs1158_spring_s2_106_p229,0.03123985230922699,0.02216613106429577,30.105819702148438,7.599425315856934,0.9257339239120483,0.42964476346969604
1762,ROIs1158_spring_s2_106_p230,0.03327358141541481,0.023834453895688057,29.55801010131836,8.096845626831055,0.9257683753967285,0.46973246335983276
1763,ROIs1158_spring_s2_106_p231,0.032270073890686035,0.02349831908941269,29.82400131225586,7.502625942230225,0.9316269159317017,0.4856535494327545
1764,ROIs1158_spring_s2_106_p233,0.03876609355211258,0.024796366691589355,28.230960845947266,7.386976718902588,0.8833889961242676,0.5268864631652832
1765,ROIs1158_spring_s2_106_p234,0.03916923329234123,0.025703219696879387,28.141098022460938,7.308934688568115,0.8834453821182251,0.5211247205734253
1766,ROIs1158_spring_s2_106_p235,0.04071253538131714,0.02785486914217472,27.805438995361328,8.012076377868652,0.8830606937408447,0.5405577421188354
1767,ROIs1158_spring_s2_106_p236,0.04608926922082901,0.0315137542784214,26.728004455566406,9.233428001403809,0.8817315101623535,0.542582094669342
1768,ROIs1158_spring_s2_106_p237,0.04809803515672684,0.03319387882947922,26.357452392578125,9.364336967468262,0.8789299130439758,0.5299903750419617
1769,ROIs1158_spring_s2_106_p238,0.047081295400857925,0.0329262912273407,26.54302978515625,8.537368774414062,0.8806949853897095,0.5153226852416992
1770,ROIs1158_spring_s2_106_p239,0.045219991356134415,0.03155271336436272,26.893390655517578,8.28099250793457,0.8847371339797974,0.5164188742637634
1771,ROIs1158_spring_s2_106_p240,0.033307962119579315,0.022350389510393143,29.549041748046875,7.778565406799316,0.908322274684906,0.4946044087409973
1772,ROIs1158_spring_s2_106_p241,0.03023090399801731,0.02036486379802227,30.39097785949707,6.892892360687256,0.9121263027191162,0.49077117443084717
1773,ROIs1158_spring_s2_106_p242,0.032096002250909805,0.022183120250701904,29.870983123779297,7.390922546386719,0.8921520709991455,0.5323258638381958
1774,ROIs1158_spring_s2_106_p243,0.03399840369820595,0.023546863347291946,29.370830535888672,8.180460929870605,0.8875683546066284,0.5305989980697632
1775,ROIs1158_spring_s2_106_p244,0.04112987592816353,0.02800743095576763,27.716854095458984,8.825545310974121,0.8850956559181213,0.5328493118286133
1776,ROIs1158_spring_s2_106_p245,0.06805828213691711,0.046363506466150284,23.34238052368164,16.876768112182617,0.7768373489379883,0.531586229801178
1777,ROIs1158_spring_s2_106_p246,0.0695524662733078,0.047379687428474426,23.153751373291016,16.660205841064453,0.7450530529022217,0.5505325794219971
1778,ROIs1158_spring_s2_106_p247,0.04415478557348251,0.02997213788330555,27.100446701049805,10.13647747039795,0.8607683181762695,0.5242467522621155
1779,ROIs1158_spring_s2_106_p248,0.03169354796409607,0.021178124472498894,29.9805850982666,9.965051651000977,0.9122813940048218,0.4747031629085541
1780,ROIs1158_spring_s2_106_p249,0.04223346710205078,0.027034783735871315,27.486865997314453,12.481669425964355,0.8723251819610596,0.49983447790145874
1781,ROIs1158_spring_s2_106_p250,0.04124295338988304,0.02675754576921463,27.69300651550293,11.340496063232422,0.8686118125915527,0.5019016265869141
1782,ROIs1158_spring_s2_106_p251,0.028910867869853973,0.020234789699316025,30.778778076171875,8.249068260192871,0.9170627593994141,0.49714750051498413
1783,ROIs1158_spring_s2_106_p252,0.02644813060760498,0.019013145938515663,31.552101135253906,7.707344055175781,0.9206638336181641,0.5148665904998779
1784,ROIs1158_spring_s2_106_p253,0.029453013092279434,0.020728901028633118,30.617406845092773,7.687772750854492,0.9060795307159424,0.5103844404220581
1785,ROIs1158_spring_s2_106_p254,0.031073765829205513,0.021781541407108307,30.15212059020996,7.879387855529785,0.9047207236289978,0.5166348218917847
1786,ROIs1158_spring_s2_106_p255,0.028338175266981125,0.020019449293613434,30.952564239501953,6.774704456329346,0.9143041372299194,0.4999706745147705
1787,ROIs1158_spring_s2_106_p256,0.03214557468891144,0.022923916578292847,29.857576370239258,7.616425514221191,0.9191446900367737,0.48418867588043213
1788,ROIs1158_spring_s2_106_p257,0.03578304126858711,0.025451842695474625,28.926456451416016,7.655664920806885,0.9274767637252808,0.4484114944934845
1789,ROIs1158_spring_s2_106_p258,0.03609722852706909,0.02614518813788891,28.85052490234375,7.177576065063477,0.9326014518737793,0.4656454920768738
1790,ROIs1158_spring_s2_106_p259,0.031685780733823776,0.02303978241980076,29.982711791992188,6.923403739929199,0.9395912289619446,0.46851518750190735
1791,ROIs1158_spring_s2_106_p260,0.02776944451034069,0.020136654376983643,31.1286563873291,6.43452262878418,0.941504955291748,0.48505252599716187
1792,ROIs1158_spring_s2_106_p262,0.03680409491062164,0.022899923846125603,28.682077407836914,7.529946804046631,0.8899564743041992,0.5376884937286377
1793,ROIs1158_spring_s2_106_p263,0.04038260132074356,0.02604631334543228,27.876113891601562,7.500131607055664,0.879971981048584,0.5233104825019836
1794,ROIs1158_spring_s2_106_p264,0.04142894968390465,0.027573302388191223,27.65392303466797,7.710916042327881,0.8789645433425903,0.528159499168396
1795,ROIs1158_spring_s2_106_p265,0.04957375302910805,0.03405963256955147,26.09496307373047,8.723165512084961,0.8645439147949219,0.5542526841163635
1796,ROIs1158_spring_s2_106_p266,0.053819797933101654,0.03790643438696861,25.381160736083984,9.956537246704102,0.8409348130226135,0.5630514621734619
1797,ROIs1158_spring_s2_106_p267,0.0543796606361866,0.038769979029893875,25.291271209716797,10.243169784545898,0.8465883731842041,0.5610675811767578
1798,ROIs1158_spring_s2_106_p268,0.05024027079343796,0.03553580865263939,25.978961944580078,9.10216236114502,0.8693333268165588,0.5278425216674805
1799,ROIs1158_spring_s2_106_p269,0.03315475583076477,0.022020602598786354,29.589082717895508,6.754445552825928,0.9021292924880981,0.48690348863601685
1800,ROIs1158_spring_s2_106_p270,0.027106955647468567,0.01870071329176426,31.33838653564453,6.431281089782715,0.9180206060409546,0.4934167265892029
1801,ROIs1158_spring_s2_106_p271,0.03108724020421505,0.021207528188824654,30.14835548400879,7.071181774139404,0.8974738717079163,0.5352015495300293
1802,ROIs1158_spring_s2_106_p272,0.037735093384981155,0.02616642601788044,28.465091705322266,7.239747524261475,0.8710092306137085,0.5492908358573914
1803,ROIs1158_spring_s2_106_p273,0.041064176708459854,0.02832815609872341,27.730735778808594,7.305998802185059,0.88194340467453,0.53389573097229
1804,ROIs1158_spring_s2_106_p274,0.06940605491399765,0.04605218395590782,23.17205238342285,14.861468315124512,0.7909451127052307,0.5363799333572388
1805,ROIs1158_spring_s2_106_p275,0.08455654978752136,0.05718667805194855,21.457054138183594,19.696243286132812,0.7043681740760803,0.5502821803092957
1806,ROIs1158_spring_s2_106_p276,0.06271045655012131,0.04086478054523468,24.05320167541504,15.03629207611084,0.8008601665496826,0.5284655094146729
1807,ROIs1158_spring_s2_106_p277,0.05014023929834366,0.0317191556096077,25.996273040771484,15.378824234008789,0.8449318408966064,0.5034096240997314
1808,ROIs1158_spring_s2_106_p278,0.06006411835551262,0.03972652181982994,24.427698135375977,18.506725311279297,0.7871514558792114,0.5076499581336975
1809,ROIs1158_spring_s2_106_p279,0.04598293825984001,0.029990527778863907,26.748065948486328,13.654013633728027,0.8499745726585388,0.5003648996353149
1810,ROIs1158_spring_s2_106_p280,0.028616389259696007,0.020248789340257645,30.86770248413086,8.22393798828125,0.9183399081230164,0.4915860891342163
1811,ROIs1158_spring_s2_106_p281,0.029494216665625572,0.020484641194343567,30.605262756347656,8.465706825256348,0.9087725877761841,0.5183901190757751
1812,ROIs1158_spring_s2_106_p282,0.03043966367840767,0.021240411326289177,30.33120346069336,7.786348342895508,0.9014275074005127,0.5296898484230042
1813,ROIs1158_spring_s2_106_p283,0.02944246679544449,0.021227620542049408,30.62051773071289,7.3316650390625,0.9076352119445801,0.521741509437561
1814,ROIs1158_spring_s2_106_p284,0.027099965140223503,0.019734598696231842,31.340625762939453,6.536960124969482,0.9236970543861389,0.5094146728515625
1815,ROIs1158_spring_s2_106_p285,0.03197537362575531,0.022863052785396576,29.903688430786133,8.005695343017578,0.9367546439170837,0.4792245626449585
1816,ROIs1158_spring_s2_106_p286,0.03624645993113518,0.025452708825469017,28.814687728881836,7.848812103271484,0.941513180732727,0.43319234251976013
1817,ROIs1158_spring_s2_106_p287,0.03224826231598854,0.023345360532402992,29.82987403869629,6.590887069702148,0.9458919167518616,0.44548749923706055
1818,ROIs1158_spring_s2_106_p288,0.026557907462120056,0.019676048308610916,31.516122817993164,6.475719928741455,0.944611132144928,0.4683408737182617
1819,ROIs1158_spring_s2_106_p289,0.025140106678009033,0.01810959354043007,31.992656707763672,6.707298278808594,0.9425606727600098,0.4704095721244812
1820,ROIs1158_spring_s2_106_p291,0.027149951085448265,0.017484834417700768,31.32461929321289,6.152342319488525,0.9012460708618164,0.512520432472229
1821,ROIs1158_spring_s2_106_p292,0.03147142380475998,0.01978607475757599,30.04167366027832,6.51500129699707,0.8906248807907104,0.5265397429466248
1822,ROIs1158_spring_s2_106_p293,0.03717892989516258,0.023172903805971146,28.594064712524414,6.802987575531006,0.8847975730895996,0.5327877402305603
1823,ROIs1158_spring_s2_106_p294,0.04233822971582413,0.027800705283880234,27.46534538269043,7.481775760650635,0.8697739839553833,0.5540031790733337
1824,ROIs1158_spring_s2_106_p295,0.04645396023988724,0.030819252133369446,26.6595458984375,7.961724281311035,0.8527717590332031,0.5667612552642822
1825,ROIs1158_spring_s2_106_p296,0.046047527343034744,0.030488217249512672,26.73587417602539,8.416122436523438,0.8521804809570312,0.5771978497505188
1826,ROIs1158_spring_s2_106_p297,0.04589972645044327,0.0312955416738987,26.7637996673584,8.850149154663086,0.8624483346939087,0.5528025031089783
1827,ROIs1158_spring_s2_106_p298,0.03381139412522316,0.022266415879130363,29.418737411499023,6.18592643737793,0.8928261995315552,0.5060053467750549
1828,ROIs1158_spring_s2_106_p299,0.026967473328113556,0.018818970769643784,31.383197784423828,6.3641133308410645,0.9194900989532471,0.49698975682258606
1829,ROIs1158_spring_s2_106_p300,0.029847459867596626,0.0206451378762722,30.50185203552246,7.380380153656006,0.9135723114013672,0.5068565011024475
1830,ROIs1158_spring_s2_106_p301,0.03816848620772362,0.026428893208503723,28.365901947021484,6.891856670379639,0.8813680410385132,0.5308024883270264
1831,ROIs1158_spring_s2_106_p302,0.04291157051920891,0.029833506792783737,27.3485107421875,6.296754837036133,0.8679354190826416,0.5360453128814697
1832,ROIs1158_spring_s2_106_p303,0.06630014628171921,0.04510020464658737,23.56970977783203,9.954943656921387,0.8211685419082642,0.5364319086074829
1833,ROIs1158_spring_s2_106_p304,0.09970924258232117,0.0717393085360527,20.025291442871094,22.74302101135254,0.6789098978042603,0.5278646945953369
1834,ROIs1158_spring_s2_106_p305,0.08927831053733826,0.0622432604432106,20.98508071899414,26.165233612060547,0.6804262399673462,0.48550015687942505
1835,ROIs1158_spring_s2_106_p306,0.074408158659935,0.05278269201517105,22.567588806152344,25.011470794677734,0.6963692903518677,0.4840768873691559
1836,ROIs1158_spring_s2_106_p307,0.06771917641162872,0.04794074967503548,23.38576889038086,22.888708114624023,0.7246710658073425,0.4996340274810791
1837,ROIs1158_spring_s2_106_p308,0.04157424345612526,0.027964141219854355,27.623512268066406,13.01130485534668,0.8710237741470337,0.4999344050884247
1838,ROIs1158_spring_s2_106_p309,0.028646312654018402,0.02063947543501854,30.858627319335938,8.137258529663086,0.9174445271492004,0.49469414353370667
1839,ROIs1158_spring_s2_106_p310,0.030021486803889275,0.021025946363806725,30.451356887817383,8.09317684173584,0.9020221829414368,0.5145641565322876
1840,ROIs1158_spring_s2_106_p311,0.03168163076043129,0.022437164559960365,29.983848571777344,8.289177894592285,0.8980182409286499,0.5358796715736389
1841,ROIs1158_spring_s2_106_p312,0.028187695890665054,0.02046680450439453,30.99880599975586,7.357015132904053,0.9198794364929199,0.5055648684501648
1842,ROIs1158_spring_s2_106_p313,0.026539767161011696,0.01910782791674137,31.52206039428711,6.461159706115723,0.9357538223266602,0.47939303517341614
1843,ROIs1158_spring_s2_106_p314,0.029782772064208984,0.02060321718454361,30.52069854736328,6.979496955871582,0.9441006183624268,0.46166619658470154
1844,ROIs1158_spring_s2_106_p315,0.030202390626072884,0.020921483635902405,30.399171829223633,6.24704122543335,0.9494929313659668,0.42719849944114685
1845,ROIs1158_spring_s2_106_p316,0.025790611281991005,0.018816053867340088,31.770767211914062,5.588375091552734,0.9535115957260132,0.44962984323501587
1846,ROIs1158_spring_s2_106_p317,0.02401348575949669,0.01750275492668152,32.39089584350586,5.916337490081787,0.9456177353858948,0.47813770174980164
1847,ROIs1158_spring_s2_106_p318,0.024723656475543976,0.017421511933207512,32.13774871826172,5.934754848480225,0.9447324275970459,0.45779165625572205
1848,ROIs1158_spring_s2_106_p320,0.026299238204956055,0.017123956233263016,31.601139068603516,5.833942413330078,0.8975069522857666,0.5210449695587158
1849,ROIs1158_spring_s2_106_p321,0.028785930946469307,0.01849285513162613,30.816394805908203,5.932652950286865,0.898207426071167,0.5301202535629272
1850,ROIs1158_spring_s2_106_p322,0.03760632127523422,0.024128790944814682,28.49478530883789,6.069362163543701,0.8864693641662598,0.5326029062271118
1851,ROIs1158_spring_s2_106_p323,0.04396049305796623,0.029604876413941383,27.138750076293945,6.748964786529541,0.8632372617721558,0.5673106908798218
1852,ROIs1158_spring_s2_106_p324,0.04630603641271591,0.03091796673834324,26.6872501373291,7.2832112312316895,0.8585532903671265,0.5777140259742737
1853,ROIs1158_spring_s2_106_p325,0.046026915311813354,0.030527256429195404,26.739761352539062,7.224788665771484,0.8636670112609863,0.5616902112960815
1854,ROIs1158_spring_s2_106_p326,0.041451144963502884,0.02792908065021038,27.649269104003906,7.873300075531006,0.8773847222328186,0.546785831451416
1855,ROIs1158_spring_s2_106_p327,0.03036785125732422,0.020730331540107727,30.35171890258789,5.915919303894043,0.9038927555084229,0.5365014672279358
1856,ROIs1158_spring_s2_106_p328,0.028948679566383362,0.020686592906713486,30.767423629760742,6.320894241333008,0.9162872433662415,0.5245077610015869
1857,ROIs1158_spring_s2_106_p329,0.03187604248523712,0.022648701444268227,29.930713653564453,7.314245223999023,0.9150168299674988,0.5093441605567932
1858,ROIs1158_spring_s2_106_p330,0.03546377271413803,0.024340609088540077,29.004302978515625,6.964925765991211,0.9010788798332214,0.49778133630752563
1859,ROIs1158_spring_s2_106_p331,0.038410842418670654,0.02621508575975895,28.310924530029297,6.191835403442383,0.8826702833175659,0.5113065242767334
1860,ROIs1158_spring_s2_106_p332,0.05359853059053421,0.03767019510269165,25.41694450378418,6.3512983322143555,0.8652104139328003,0.515080451965332
1861,ROIs1158_spring_s2_106_p333,0.09107634425163269,0.0677175372838974,20.8118896484375,16.77290916442871,0.7410155534744263,0.5145876407623291
1862,ROIs1158_spring_s2_106_p334,0.0938132107257843,0.07169598340988159,20.55472183227539,27.07484245300293,0.6399970054626465,0.4812937080860138
1863,ROIs1158_spring_s2_106_p335,0.069718137383461,0.051942843943834305,23.133085250854492,24.996082305908203,0.6887075901031494,0.41610974073410034
1864,ROIs1158_spring_s2_106_p336,0.04959741234779358,0.03431287407875061,26.0908203125,17.494802474975586,0.8047143220901489,0.445817232131958
1865,ROIs1158_spring_s2_106_p337,0.034270841628313065,0.02455896884202957,29.3015079498291,10.754961013793945,0.8952851891517639,0.5130695104598999
1866,ROIs1158_spring_s2_106_p338,0.02939717099070549,0.02141215279698372,30.633888244628906,8.401312828063965,0.9030050039291382,0.5356139540672302
1867,ROIs1158_spring_s2_106_p339,0.026413990184664726,0.01886078715324402,31.56332015991211,6.6463942527771,0.8999056220054626,0.5288839340209961
1868,ROIs1158_spring_s2_106_p340,0.02705640159547329,0.019115878269076347,31.354598999023438,6.669236183166504,0.9093740582466125,0.5211334228515625
1869,ROIs1158_spring_s2_106_p341,0.025636717677116394,0.018243519589304924,31.82275390625,5.805419445037842,0.9323889017105103,0.4848300814628601
1870,ROIs1158_spring_s2_106_p342,0.025768186897039413,0.018228039145469666,31.778324127197266,5.185702323913574,0.9433451890945435,0.46761617064476013
1871,ROIs1158_spring_s2_106_p343,0.026030099019408226,0.0182180255651474,31.69048309326172,5.787696361541748,0.9456512928009033,0.47575682401657104
1872,ROIs1158_spring_s2_106_p344,0.024613330140709877,0.01755356602370739,32.17659378051758,5.199275970458984,0.9503061771392822,0.4638495445251465
1873,ROIs1158_spring_s2_106_p345,0.024243535473942757,0.01757246069610119,32.30807876586914,5.2551164627075195,0.9533060193061829,0.46574291586875916
1874,ROIs1158_spring_s2_106_p346,0.02379715070128441,0.01696244440972805,32.46950149536133,4.9232378005981445,0.9501453638076782,0.4579099714756012
1875,ROIs1158_spring_s2_106_p347,0.02337893284857273,0.01640334725379944,32.62350845336914,4.695723056793213,0.948000431060791,0.4423101246356964
1876,ROIs1158_spring_s2_106_p349,0.029050465673208237,0.019449034705758095,30.736940383911133,5.586056232452393,0.8989238142967224,0.5321050882339478
1877,ROIs1158_spring_s2_106_p350,0.03155697137117386,0.020537173375487328,30.01809310913086,6.072240829467773,0.8989789485931396,0.5358893275260925
1878,ROIs1158_spring_s2_106_p351,0.03482848033308983,0.022462740540504456,29.16131019592285,5.857099533081055,0.901604950428009,0.5171923637390137
1879,ROIs1158_spring_s2_106_p352,0.04123885557055473,0.027499103918671608,27.693870544433594,6.23112678527832,0.8706353902816772,0.525232195854187
1880,ROIs1158_spring_s2_106_p353,0.045666392892599106,0.03032347373664379,26.808067321777344,7.255282878875732,0.8555072546005249,0.5520440340042114
1881,ROIs1158_spring_s2_106_p354,0.047791674733161926,0.0314798541367054,26.412954330444336,6.921311378479004,0.8680520057678223,0.5606082677841187
1882,ROIs1158_spring_s2_106_p355,0.04210203140974045,0.028141232207417488,27.513940811157227,7.374088287353516,0.8807644248008728,0.5435863733291626
1883,ROIs1158_spring_s2_106_p356,0.03420724347233772,0.023384341970086098,29.317638397216797,6.523977756500244,0.8903770446777344,0.5334330201148987
1884,ROIs1158_spring_s2_106_p357,0.04187428951263428,0.028630182147026062,27.561052322387695,6.32342004776001,0.88507080078125,0.5352153778076172
1885,ROIs1158_spring_s2_106_p358,0.04226824268698692,0.02913689985871315,27.47971534729004,6.461996078491211,0.880185604095459,0.5282784700393677
1886,ROIs1158_spring_s2_106_p359,0.03548066318035126,0.02460712566971779,29.000167846679688,6.3316969871521,0.884470522403717,0.528093695640564
1887,ROIs1158_spring_s2_106_p360,0.03525679185986519,0.024831002578139305,29.055145263671875,6.47774076461792,0.8857882022857666,0.5265194773674011
1888,ROIs1158_spring_s2_106_p361,0.04341631010174751,0.03132339194417,27.2469425201416,6.278526306152344,0.8721131682395935,0.5287927389144897
1889,ROIs1158_spring_s2_106_p362,0.0689852312207222,0.05142497271299362,23.224878311157227,11.206111907958984,0.795729398727417,0.5500003695487976
1890,ROIs1158_spring_s2_106_p363,0.07237725704908371,0.053533878177404404,22.807958602905273,17.085887908935547,0.7430914044380188,0.4911274313926697
1891,ROIs1158_spring_s2_106_p364,0.04980802908539772,0.03368810564279556,26.054012298583984,14.74291706085205,0.8298452496528625,0.39155834913253784
1892,ROIs1158_spring_s2_106_p365,0.028613300994038582,0.020046813413500786,30.868640899658203,9.279487609863281,0.9174309372901917,0.4023325443267822
1893,ROIs1158_spring_s2_106_p366,0.027166316285729408,0.0192839577794075,31.319385528564453,8.698358535766602,0.9268361330032349,0.45034635066986084
1894,ROIs1158_spring_s2_106_p367,0.028306730091571808,0.020050641149282455,30.962203979492188,8.015884399414062,0.9112869501113892,0.49481910467147827
1895,ROIs1158_spring_s2_106_p368,0.025906717404723167,0.018515298143029213,31.73175048828125,6.3981852531433105,0.9076836705207825,0.494057297706604
1896,ROIs1158_spring_s2_106_p369,0.023437824100255966,0.01674089953303337,32.601654052734375,5.733832359313965,0.9222872257232666,0.4774419665336609
1897,ROIs1158_spring_s2_106_p370,0.021028103306889534,0.015131168998777866,33.54399871826172,4.92750358581543,0.9438149929046631,0.4595504403114319
1898,ROIs1158_spring_s2_106_p371,0.02003517746925354,0.014441344887018204,33.964134216308594,4.464241027832031,0.9533411264419556,0.4434240460395813
1899,ROIs1158_spring_s2_106_p372,0.02110828086733818,0.015452585183084011,33.51094055175781,5.0234222412109375,0.9470726847648621,0.4638861119747162
1900,ROIs1158_spring_s2_106_p373,0.02276950515806675,0.01676788739860058,32.852928161621094,5.180990695953369,0.9477949142456055,0.4613099694252014
1901,ROIs1158_spring_s2_106_p374,0.024854544550180435,0.018033985048532486,32.09188461303711,5.405799865722656,0.9471908807754517,0.4452536702156067
1902,ROIs1158_spring_s2_106_p375,0.02354360744357109,0.01699269562959671,32.562538146972656,4.985043048858643,0.9460964202880859,0.43074002861976624
1903,ROIs1158_spring_s2_106_p376,0.020892640575766563,0.015084916725754738,33.60013198852539,4.772390365600586,0.9491541385650635,0.42032408714294434
1904,ROIs1158_spring_s2_106_p378,0.03248846158385277,0.022821271792054176,29.765417098999023,5.09757661819458,0.9029344320297241,0.5273582339286804
1905,ROIs1158_spring_s2_106_p379,0.034989722073078156,0.02365821599960327,29.121191024780273,6.33430814743042,0.8852887749671936,0.5302832722663879
1906,ROIs1158_spring_s2_106_p380,0.03289893642067909,0.021955423057079315,29.65636444091797,6.532256126403809,0.8981435298919678,0.5109108090400696
1907,ROIs1158_spring_s2_106_p381,0.03540530800819397,0.023661799728870392,29.018632888793945,6.993409633636475,0.8905774354934692,0.49462655186653137
1908,ROIs1158_spring_s2_106_p382,0.0375051349401474,0.02502024918794632,28.518184661865234,7.024163722991943,0.8822884559631348,0.509900689125061
1909,ROIs1158_spring_s2_106_p383,0.04001438990235329,0.026046203449368477,27.955677032470703,6.569087982177734,0.8880954384803772,0.5267236232757568
1910,ROIs1158_spring_s2_106_p384,0.039770472794771194,0.026385024189949036,28.008785247802734,6.463922500610352,0.8831612467765808,0.5348906517028809
1911,ROIs1158_spring_s2_106_p385,0.03912540525197983,0.027217993512749672,28.15082359313965,6.0237627029418945,0.8768473863601685,0.529694676399231
1912,ROIs1158_spring_s2_106_p386,0.04851626604795456,0.033761728554964066,26.28225326538086,6.249382019042969,0.863492488861084,0.5517470240592957
1913,ROIs1158_spring_s2_106_p387,0.044431816786527634,0.03009290061891079,27.046119689941406,6.100680351257324,0.8649264574050903,0.559497594833374
1914,ROIs1158_spring_s2_106_p388,0.042435940355062485,0.028235914185643196,27.445323944091797,5.663033485412598,0.8651326298713684,0.5679318904876709
1915,ROIs1158_spring_s2_106_p389,0.04268065094947815,0.02898910455405712,27.3953800201416,5.894465923309326,0.8703017234802246,0.5358808636665344
1916,ROIs1158_spring_s2_106_p390,0.03950788080692291,0.028407033532857895,28.066326141357422,6.26704740524292,0.8610409498214722,0.5315545201301575
1917,ROIs1158_spring_s2_106_p391,0.05688615143299103,0.042712122201919556,24.89986801147461,10.430624008178711,0.7992112636566162,0.5303252339363098
1918,ROIs1158_spring_s2_106_p392,0.05693494528532028,0.0408109612762928,24.89242172241211,10.911434173583984,0.8083106279373169,0.4834209382534027
1919,ROIs1158_spring_s2_106_p393,0.036545101553201675,0.024568714201450348,28.743417739868164,7.464144706726074,0.8974593877792358,0.4166637063026428
1920,ROIs1158_spring_s2_106_p394,0.023338694125413895,0.01721988059580326,32.63846969604492,6.81774377822876,0.9408988356590271,0.4050791263580322
1921,ROIs1158_spring_s2_106_p395,0.022254440933465958,0.01653614267706871,33.051666259765625,6.739076614379883,0.9439042806625366,0.3842548131942749
1922,ROIs1158_spring_s2_106_p396,0.029773274436593056,0.02134617604315281,30.523468017578125,6.699647903442383,0.9139410853385925,0.4179496467113495
1923,ROIs1158_spring_s2_106_p397,0.030713023617863655,0.021916871890425682,30.25354766845703,6.114011764526367,0.8973629474639893,0.46403932571411133
1924,ROIs1158_spring_s2_106_p398,0.022920982912182808,0.016265328973531723,32.79533767700195,5.5397162437438965,0.9256037473678589,0.43886712193489075
1925,ROIs1158_spring_s2_106_p399,0.018852580338716507,0.013767576776444912,34.492584228515625,5.070470333099365,0.9447437524795532,0.4137961268424988
1926,ROIs1158_spring_s2_106_p400,0.017357630655169487,0.01284553948789835,35.21018981933594,4.486109256744385,0.9533495903015137,0.38459455966949463
1927,ROIs1158_spring_s2_106_p401,0.019854407757520676,0.014555221423506737,34.04286193847656,4.6620378494262695,0.9495660662651062,0.40107834339141846
1928,ROIs1158_spring_s2_106_p402,0.023885667324066162,0.01732833869755268,32.437252044677734,5.244940280914307,0.9432170391082764,0.43300068378448486
1929,ROIs1158_spring_s2_106_p403,0.026426125317811966,0.01930408738553524,31.5593318939209,5.584896564483643,0.9364175796508789,0.43015116453170776
1930,ROIs1158_spring_s2_106_p404,0.02501767687499523,0.018342236056923866,32.03506088256836,5.242178440093994,0.9376226663589478,0.40993061661720276
1931,ROIs1158_spring_s2_106_p405,0.022606652230024338,0.016646312549710274,32.91527557373047,4.957190036773682,0.9455069899559021,0.4016098380088806
1932,ROIs1158_spring_s2_106_p407,0.03649125248193741,0.02567027322947979,28.7562255859375,5.5719122886657715,0.8968283534049988,0.5268195271492004
1933,ROIs1158_spring_s2_106_p408,0.03735017403960228,0.0261272881180048,28.554149627685547,6.250890731811523,0.8835301995277405,0.5236941576004028
1934,ROIs1158_spring_s2_106_p409,0.03799641132354736,0.026722628623247147,28.405149459838867,6.751814365386963,0.8845569491386414,0.5105815529823303
1935,ROIs1158_spring_s2_106_p410,0.053162477910518646,0.037624262273311615,25.487897872924805,12.590951919555664,0.8314534425735474,0.5008803606033325
1936,ROIs1158_spring_s2_106_p411,0.05218220129609108,0.03657006099820137,25.649551391601562,12.190102577209473,0.8326632380485535,0.4865160882472992
1937,ROIs1158_spring_s2_106_p412,0.038953740149736404,0.026710841804742813,28.18901824951172,6.024749755859375,0.8845127820968628,0.5118694305419922
1938,ROIs1158_spring_s2_106_p413,0.043401751667261124,0.030515145510435104,27.249855041503906,5.687666416168213,0.8813904523849487,0.5306795835494995
1939,ROIs1158_spring_s2_106_p414,0.04613742232322693,0.03342351317405701,26.71893310546875,5.56948709487915,0.8799375891685486,0.5332523584365845
1940,ROIs1158_spring_s2_106_p415,0.04390021786093712,0.031302161514759064,27.150667190551758,5.807650566101074,0.8718921542167664,0.5549362301826477
1941,ROIs1158_spring_s2_106_p416,0.04052664712071419,0.028639046475291252,27.84518814086914,5.7487874031066895,0.8777769804000854,0.550363302230835
1942,ROIs1158_spring_s2_106_p417,0.04370046406984329,0.030109364539384842,27.19028091430664,5.486071586608887,0.8771113157272339,0.541243314743042
1943,ROIs1158_spring_s2_106_p418,0.042434241622686386,0.02912694774568081,27.44567108154297,5.651692867279053,0.8791792392730713,0.4954909384250641
1944,ROIs1158_spring_s2_106_p419,0.03391052782535553,0.024004433304071426,29.393310546875,5.961511611938477,0.8823856115341187,0.47610872983932495
1945,ROIs1158_spring_s2_106_p420,0.044304732233285904,0.03258800506591797,27.07099723815918,7.83356237411499,0.8434625864028931,0.4968157410621643
1946,ROIs1158_spring_s2_106_p421,0.04620702192187309,0.03321065008640289,26.705841064453125,8.084415435791016,0.8554141521453857,0.457539826631546
1947,ROIs1158_spring_s2_106_p422,0.0343322791159153,0.023798998445272446,29.285947799682617,6.91323709487915,0.9105660915374756,0.39176464080810547
1948,ROIs1158_spring_s2_106_p423,0.02445782721042633,0.01741127111017704,32.23164367675781,6.600657939910889,0.9376252889633179,0.39251041412353516
1949,ROIs1158_spring_s2_106_p424,0.02263014018535614,0.016524946317076683,32.906253814697266,6.056811332702637,0.939652144908905,0.38297343254089355
1950,ROIs1158_spring_s2_106_p425,0.03454314544796944,0.02498885802924633,29.232765197753906,5.832691192626953,0.9015029072761536,0.4357350468635559
1951,ROIs1158_spring_s2_106_p426,0.038455087691545486,0.028192030265927315,28.30092430114746,5.200840950012207,0.885347843170166,0.46506568789482117
1952,ROIs1158_spring_s2_106_p427,0.030744969844818115,0.02196345664560795,30.244518280029297,4.99712610244751,0.9136471748352051,0.4359898567199707
1953,ROIs1158_spring_s2_106_p428,0.024113014340400696,0.017389867454767227,32.3549690246582,4.992051124572754,0.9301437735557556,0.40960434079170227
1954,ROIs1158_spring_s2_106_p429,0.020010581240057945,0.014664319343864918,33.97480773925781,4.724486827850342,0.9414691925048828,0.38325053453445435
1955,ROIs1158_spring_s2_106_p430,0.021530158817768097,0.01582535170018673,33.339054107666016,4.961394786834717,0.9445689916610718,0.3838660717010498
1956,ROIs1158_spring_s2_106_p431,0.027895648032426834,0.020249303430318832,31.089271545410156,5.14699649810791,0.9269036650657654,0.420749694108963
1957,ROIs1158_spring_s2_106_p432,0.028893468901515007,0.021100347861647606,30.784006118774414,5.044189929962158,0.9230787754058838,0.420976847410202
1958,ROIs1158_spring_s2_106_p433,0.02514127641916275,0.01857898198068142,31.99225425720215,4.84174919128418,0.9373604655265808,0.38634762167930603
1959,ROIs1158_spring_s2_106_p434,0.025033913552761078,0.01869417540729046,32.02942657470703,4.661823272705078,0.9409979581832886,0.40143635869026184
1960,ROIs1158_spring_s2_106_p436,0.03130056709051132,0.021220291033387184,30.088958740234375,5.237864017486572,0.8989282846450806,0.4787885546684265
1961,ROIs1158_spring_s2_106_p437,0.0287014227360487,0.019550228491425514,30.841930389404297,5.33160400390625,0.9128856658935547,0.43870970606803894
1962,ROIs1158_spring_s2_106_p438,0.03206229582428932,0.02230861596763134,29.880107879638672,5.60012149810791,0.90467369556427,0.4208854138851166
1963,ROIs1158_spring_s2_106_p439,0.05188291519880295,0.03683232143521309,25.699512481689453,14.043445587158203,0.8091412782669067,0.4328401982784271
1964,ROIs1158_spring_s2_106_p440,0.05246279016137123,0.03738265857100487,25.60297203063965,13.706681251525879,0.7993144989013672,0.4475901126861572
1965,ROIs1158_spring_s2_106_p441,0.04307567700743675,0.030396802350878716,27.315359115600586,6.17548942565918,0.8594998717308044,0.487200528383255
1966,ROIs1158_spring_s2_106_p442,0.043340131640434265,0.030802635475993156,27.262195587158203,5.84224796295166,0.871686577796936,0.4870782792568207
1967,ROIs1158_spring_s2_106_p443,0.04299907386302948,0.030387548729777336,27.33081817626953,5.961579322814941,0.8764312267303467,0.5001782774925232
1968,ROIs1158_spring_s2_106_p444,0.03767014667391777,0.02678130567073822,28.48005485534668,5.811282157897949,0.8819127082824707,0.5022817850112915
1969,ROIs1158_spring_s2_106_p445,0.03991200774908066,0.02896765060722828,27.977928161621094,5.596556186676025,0.8789538145065308,0.5152531266212463
1970,ROIs1158_spring_s2_106_p446,0.04493383690714836,0.03342456370592117,26.948530197143555,5.5157365798950195,0.868894100189209,0.5177582502365112
1971,ROIs1158_spring_s2_106_p447,0.039840348064899445,0.029026255011558533,27.99353790283203,6.1306610107421875,0.881340503692627,0.47816962003707886
1972,ROIs1158_spring_s2_106_p448,0.03193886578083038,0.023511305451393127,29.913612365722656,5.958841323852539,0.8916144371032715,0.4628397226333618
1973,ROIs1158_spring_s2_106_p449,0.03827079385519028,0.02881745435297489,28.342649459838867,6.039534091949463,0.8726450204849243,0.4847298264503479
1974,ROIs1158_spring_s2_106_p450,0.03858943283557892,0.028334278613328934,28.2706298828125,6.158620834350586,0.889185905456543,0.4497884511947632
1975,ROIs1158_spring_s2_106_p451,0.030936162918806076,0.021952999755740166,30.190670013427734,6.439947128295898,0.9191561937332153,0.40365517139434814
1976,ROIs1158_spring_s2_106_p452,0.025339817628264427,0.01774332858622074,31.923931121826172,6.190915584564209,0.9327017068862915,0.39655500650405884
1977,ROIs1158_spring_s2_106_p453,0.02772877924144268,0.0199065450578928,31.14138412475586,6.229905128479004,0.9201849699020386,0.41294556856155396
1978,ROIs1158_spring_s2_106_p454,0.03837265446782112,0.02847074717283249,28.319564819335938,6.2582926750183105,0.8890746235847473,0.4679664373397827
1979,ROIs1158_spring_s2_106_p455,0.039471711963415146,0.029431844130158424,28.074281692504883,5.693639278411865,0.8805079460144043,0.4746432304382324
1980,ROIs1158_spring_s2_106_p456,0.032737571746110916,0.023941194638609886,29.69906997680664,5.249975681304932,0.8933748006820679,0.46139487624168396
1981,ROIs1158_spring_s2_106_p457,0.029081184417009354,0.02096385695040226,30.727758407592773,5.051064491271973,0.911638617515564,0.4251479506492615
1982,ROIs1158_spring_s2_106_p458,0.0248557236045599,0.017772305756807327,32.09147262573242,4.7521071434021,0.9294943809509277,0.40343958139419556
1983,ROIs1158_spring_s2_106_p459,0.025400599464774132,0.01853211224079132,31.903121948242188,4.993533611297607,0.9346007108688354,0.40759962797164917
1984,ROIs1158_spring_s2_106_p460,0.03032991662621498,0.022097758948802948,30.362577438354492,4.868231296539307,0.9172505140304565,0.42650264501571655
1985,ROIs1158_spring_s2_106_p461,0.032254766672849655,0.02365783229470253,29.828121185302734,4.5010271072387695,0.9142823219299316,0.4320939779281616
1986,ROIs1158_spring_s2_106_p462,0.028069889172911644,0.020808491855859756,31.035186767578125,4.109893798828125,0.9318869113922119,0.39757877588272095
1987,ROIs1158_spring_s2_106_p463,0.02544240467250347,0.01905357465147972,31.888837814331055,3.988978147506714,0.9374772310256958,0.40528249740600586
1988,ROIs1158_spring_s2_106_p465,0.024506481364369392,0.017119647935032845,32.214378356933594,4.5106096267700195,0.9224338531494141,0.39262986183166504
1989,ROIs1158_spring_s2_106_p466,0.022461790591478348,0.016226110979914665,32.97111129760742,4.4894022941589355,0.9280411005020142,0.36252477765083313
1990,ROIs1158_spring_s2_106_p467,0.030264725908637047,0.02102389559149742,30.381263732910156,5.336325645446777,0.9091076850891113,0.3714045286178589
1991,ROIs1158_spring_s2_106_p468,0.048765890300273895,0.033713627606630325,26.2376766204834,10.801774024963379,0.8463444113731384,0.39002150297164917
1992,ROIs1158_spring_s2_106_p469,0.0481606125831604,0.03320714831352234,26.346158981323242,10.613109588623047,0.8455427885055542,0.4203418493270874
1993,ROIs1158_spring_s2_106_p470,0.03606979548931122,0.024753766134381294,28.857126235961914,6.045648097991943,0.8838356137275696,0.4535832405090332
1994,ROIs1158_spring_s2_106_p471,0.03083212301135063,0.02081218734383583,30.219932556152344,5.468266010284424,0.8926029801368713,0.45397523045539856
1995,ROIs1158_spring_s2_106_p472,0.029994605109095573,0.020425904542207718,30.459136962890625,5.59462833404541,0.8904569745063782,0.4681735634803772
1996,ROIs1158_spring_s2_106_p473,0.03183877468109131,0.022585436701774597,29.940874099731445,5.582725524902344,0.8904195427894592,0.4694846272468567
1997,ROIs1158_spring_s2_106_p474,0.03801041468977928,0.027992550283670425,28.401948928833008,5.568793296813965,0.8838674426078796,0.4775203764438629
1998,ROIs1158_spring_s2_106_p475,0.04584512114524841,0.03442869707942009,26.774139404296875,5.832383155822754,0.8669469356536865,0.4894641637802124
1999,ROIs1158_spring_s2_106_p476,0.04696070775389671,0.034821756184101105,26.5653076171875,6.147329807281494,0.867809534072876,0.482951819896698
2000,ROIs1158_spring_s2_106_p477,0.04330472648143768,0.03271978348493576,27.26929473876953,5.737139701843262,0.8719087839126587,0.4769008159637451
2001,ROIs1158_spring_s2_106_p478,0.043997906148433685,0.034243132919073105,27.131359100341797,5.693548202514648,0.8663737177848816,0.4905300736427307
2002,ROIs1158_spring_s2_106_p479,0.044633086770772934,0.033811312168836594,27.00686264038086,5.839730262756348,0.8715879917144775,0.4863872826099396
2003,ROIs1158_spring_s2_106_p480,0.03891606256365776,0.027119500562548637,28.19742202758789,5.830601215362549,0.8881641626358032,0.48028743267059326
2004,ROIs1158_spring_s2_106_p481,0.033919405192136765,0.023167874664068222,29.391036987304688,5.651662349700928,0.900481104850769,0.46820977330207825
2005,ROIs1158_spring_s2_106_p482,0.03631505370140076,0.025799408555030823,28.798267364501953,6.148653030395508,0.883226215839386,0.4595233201980591
2006,ROIs1158_spring_s2_106_p483,0.041004031896591187,0.029753491282463074,27.74346923828125,7.286088466644287,0.8635649681091309,0.4802713394165039
2007,ROIs1158_spring_s2_106_p484,0.03789352998137474,0.027774132788181305,28.428699493408203,7.2131781578063965,0.8614309430122375,0.5158654451370239
2008,ROIs1158_spring_s2_106_p485,0.031231792643666267,0.023246247321367264,30.108060836791992,6.612890720367432,0.871534526348114,0.512934148311615
2009,ROIs1158_spring_s2_106_p486,0.030342277139425278,0.022522982209920883,30.359037399291992,5.843599319458008,0.8920302391052246,0.4620051980018616
2010,ROIs1158_spring_s2_106_p487,0.03099936805665493,0.022512473165988922,30.172943115234375,5.206804275512695,0.9022155404090881,0.445779412984848
2011,ROIs1158_spring_s2_106_p488,0.03250709921121597,0.023673927411437035,29.760435104370117,5.091963291168213,0.9075882434844971,0.44948533177375793
2012,ROIs1158_spring_s2_106_p489,0.035116877406835556,0.02587440051138401,29.08968162536621,4.852077484130859,0.9091241955757141,0.44036975502967834
2013,ROIs1158_spring_s2_106_p490,0.033262647688388824,0.024572378024458885,29.560867309570312,4.589677333831787,0.9125641584396362,0.446725070476532
2014,ROIs1158_spring_s2_106_p491,0.02912837825715542,0.021673738956451416,30.713674545288086,4.253821849822998,0.9198139905929565,0.43216580152511597
2015,ROIs1158_spring_s2_106_p492,0.030356748029589653,0.02256051078438759,30.354896545410156,4.117214679718018,0.9137334227561951,0.44565078616142273
2016,ROIs1158_spring_s2_106_p494,0.032837413251399994,0.02254185825586319,29.672622680664062,5.050612449645996,0.8987120389938354,0.39045220613479614
2017,ROIs1158_spring_s2_106_p495,0.0321790911257267,0.02284085750579834,29.848526000976562,4.640971660614014,0.9140756130218506,0.3828831613063812
2018,ROIs1158_spring_s2_106_p496,0.03632776811718941,0.02597610466182232,28.795225143432617,5.008756160736084,0.9032837152481079,0.3833164870738983
2019,ROIs1158_spring_s2_106_p497,0.04765881597995758,0.03449699282646179,26.4371337890625,7.059875011444092,0.8686723709106445,0.39602580666542053
2020,ROIs1158_spring_s2_106_p498,0.0439152866601944,0.031374525278806686,27.147686004638672,6.63051176071167,0.8813991546630859,0.40909186005592346
2021,ROIs1158_spring_s2_106_p499,0.032433152198791504,0.023635052144527435,29.780216217041016,4.794646739959717,0.9115171432495117,0.42409566044807434
2022,ROIs1158_spring_s2_106_p500,0.03146970272064209,0.022703060880303383,30.04214859008789,4.774364948272705,0.9074363708496094,0.4310363233089447
2023,ROIs1158_spring_s2_106_p501,0.0324709378182888,0.022720424458384514,29.770105361938477,5.160669803619385,0.8927433490753174,0.4395318031311035
2024,ROIs1158_spring_s2_106_p502,0.033220596611499786,0.0232296884059906,29.571849822998047,5.500790119171143,0.8917158842086792,0.45221757888793945
2025,ROIs1158_spring_s2_106_p503,0.03609243035316467,0.026542650535702705,28.8516788482666,5.457679748535156,0.8957828283309937,0.45543351769447327
2026,ROIs1158_spring_s2_106_p504,0.041234586387872696,0.030591873452067375,27.69476890563965,5.724039554595947,0.8857070207595825,0.4531268775463104
2027,ROIs1158_spring_s2_106_p505,0.05421298369765282,0.03759606555104256,25.317935943603516,6.096347332000732,0.8572192192077637,0.47149768471717834
2028,ROIs1158_spring_s2_106_p506,0.06313791871070862,0.04192739725112915,23.99419593811035,6.161322593688965,0.8294300436973572,0.4793233275413513
2029,ROIs1158_spring_s2_106_p507,0.0581357516348362,0.0410025529563427,24.71113395690918,6.1929826736450195,0.8413873314857483,0.4778541326522827
2030,ROIs1158_spring_s2_106_p508,0.04693423584103584,0.03591560944914818,26.570205688476562,5.905200481414795,0.8689962029457092,0.48045814037323
2031,ROIs1158_spring_s2_106_p509,0.04144400730729103,0.02890043891966343,27.650766372680664,5.726967811584473,0.8801857233047485,0.5057390928268433
2032,ROIs1158_spring_s2_106_p510,0.04421000927686691,0.028201347216963768,27.089588165283203,5.777224540710449,0.8641344308853149,0.488426148891449
2033,ROIs1158_spring_s2_106_p511,0.043550506234169006,0.02898717112839222,27.220134735107422,6.24242639541626,0.856831967830658,0.48149266839027405
2034,ROIs1158_spring_s2_106_p512,0.03742465376853943,0.026967303827404976,28.53684425354004,7.092161655426025,0.8590663075447083,0.4906916618347168
2035,ROIs1158_spring_s2_106_p513,0.034442201256752014,0.02489391714334488,29.2581844329834,7.0889129638671875,0.850872278213501,0.5381284952163696
2036,ROIs1158_spring_s2_106_p514,0.032912399619817734,0.0240632351487875,29.652809143066406,6.789727687835693,0.8501145839691162,0.5690735578536987
2037,ROIs1158_spring_s2_106_p515,0.03398656100034714,0.025240251794457436,29.373857498168945,7.126227378845215,0.8554554581642151,0.5469970703125
2038,ROIs1158_spring_s2_106_p516,0.034218158572912216,0.025337889790534973,29.314868927001953,6.886903285980225,0.8644123673439026,0.5017822980880737
2039,ROIs1158_spring_s2_106_p517,0.035536762326955795,0.026195155456662178,28.98644256591797,5.794840335845947,0.8838891983032227,0.4794665575027466
2040,ROIs1158_spring_s2_106_p518,0.03528958931565285,0.025915419682860374,29.047067642211914,4.973291873931885,0.9073563814163208,0.46598273515701294
2041,ROIs1158_spring_s2_106_p519,0.02948710322380066,0.022029949352145195,30.607358932495117,4.506907939910889,0.9240647554397583,0.4489680528640747
2042,ROIs1158_spring_s2_106_p520,0.030512062832713127,0.023225143551826477,30.310569763183594,4.371511936187744,0.9148476123809814,0.44450315833091736
2043,ROIs1158_spring_s2_106_p521,0.0376589335501194,0.029086308553814888,28.48263931274414,4.592994689941406,0.8879774808883667,0.47717559337615967
2044,ROIs1158_spring_s2_106_p523,0.036689914762973785,0.02648039162158966,28.70906639099121,5.245773792266846,0.8907225728034973,0.3945942223072052
2045,ROIs1158_spring_s2_106_p524,0.03733118996024132,0.027788197621703148,28.558563232421875,4.790595531463623,0.9008649587631226,0.4120142459869385
2046,ROIs1158_spring_s2_106_p525,0.038080714643001556,0.02837761677801609,28.38589859008789,4.618811130523682,0.9041277170181274,0.4088749289512634
2047,ROIs1158_spring_s2_106_p526,0.043376728892326355,0.03195115178823471,27.254865646362305,5.3661370277404785,0.8884129524230957,0.41436177492141724
2048,ROIs1158_spring_s2_106_p527,0.04207601398229599,0.030943209305405617,27.519309997558594,5.163197994232178,0.8947322368621826,0.39726510643959045
2049,ROIs1158_spring_s2_106_p528,0.03721325471997261,0.02772005833685398,28.58604621887207,4.4011759757995605,0.9105113744735718,0.39422059059143066
2050,ROIs1158_spring_s2_106_p529,0.035379573702812195,0.02625192701816559,29.024948120117188,4.281387805938721,0.9130569100379944,0.4068814814090729
2051,ROIs1158_spring_s2_106_p530,0.03523384779691696,0.02577870339155197,29.060800552368164,4.478816986083984,0.9027979373931885,0.41320401430130005
2052,ROIs1158_spring_s2_106_p531,0.03306419402360916,0.02360786311328411,29.612842559814453,4.90600061416626,0.9048283696174622,0.425686776638031
2053,ROIs1158_spring_s2_106_p532,0.03416683152318001,0.024492090567946434,29.327905654907227,5.353552341461182,0.9029016494750977,0.4473670721054077
2054,ROIs1158_spring_s2_106_p533,0.039391785860061646,0.028882481157779694,28.091888427734375,5.755856513977051,0.8836643695831299,0.4603232145309448
2055,ROIs1158_spring_s2_106_p534,0.05031409487128258,0.03404033184051514,25.96620750427246,6.220959186553955,0.858978271484375,0.4756759703159332
2056,ROIs1158_spring_s2_106_p535,0.06418892741203308,0.0400247722864151,23.850799560546875,7.101971626281738,0.8190179467201233,0.47300589084625244
2057,ROIs1158_spring_s2_106_p536,0.059775616973638535,0.039338164031505585,24.469518661499023,7.126684665679932,0.8276991844177246,0.44541245698928833
2058,ROIs1158_spring_s2_106_p537,0.04511543735861778,0.03335176408290863,26.913497924804688,6.54258394241333,0.8669250011444092,0.42883986234664917
2059,ROIs1158_spring_s2_106_p538,0.04444877803325653,0.028780635446310043,27.042804718017578,6.245539665222168,0.8694791793823242,0.4508538246154785
2060,ROIs1158_spring_s2_106_p539,0.06450413167476654,0.035968001931905746,23.80824851989746,7.106288433074951,0.8128197193145752,0.4695837199687958
2061,ROIs1158_spring_s2_106_p540,0.06109492480754852,0.034733932465314865,24.279897689819336,7.480036735534668,0.8194034099578857,0.476944237947464
2062,ROIs1158_spring_s2_106_p541,0.03331415727734566,0.023504547774791718,29.54742431640625,6.934010982513428,0.8695175051689148,0.4620468020439148
2063,ROIs1158_spring_s2_106_p542,0.02977154031395912,0.02131607010960579,30.523975372314453,6.618032455444336,0.863439679145813,0.4992213249206543
2064,ROIs1158_spring_s2_106_p543,0.03535033017396927,0.02451005019247532,29.03213119506836,6.71181583404541,0.8422094583511353,0.5425838828086853
2065,ROIs1158_spring_s2_106_p544,0.038929350674152374,0.027822013944387436,28.194456100463867,7.377586841583252,0.8344111442565918,0.5532097220420837
2066,ROIs1158_spring_s2_106_p545,0.035712338984012604,0.02646433562040329,28.943634033203125,7.267928600311279,0.848555326461792,0.5455362796783447
2067,ROIs1158_spring_s2_106_p546,0.03547539934515953,0.026005972176790237,29.001455307006836,6.557701587677002,0.8702055811882019,0.5126627087593079
2068,ROIs1158_spring_s2_106_p547,0.036202654242515564,0.025602208450436592,28.825191497802734,5.2488932609558105,0.8934530019760132,0.47711771726608276
2069,ROIs1158_spring_s2_106_p548,0.03323528543114662,0.023973412811756134,29.568012237548828,4.239370346069336,0.9235233068466187,0.423789381980896
2070,ROIs1158_spring_s2_106_p549,0.03352432698011398,0.025808202102780342,29.492799758911133,4.552415370941162,0.9203655123710632,0.41069528460502625
2071,ROIs1158_spring_s2_106_p550,0.03482383117079735,0.026382887735962868,29.16246795654297,4.876559257507324,0.8939954042434692,0.44566553831100464
2072,ROIs1158_spring_s2_106_p552,0.0391208752989769,0.02869481034576893,28.15182876586914,5.030787467956543,0.892106831073761,0.4095152020454407
2073,ROIs1158_spring_s2_106_p553,0.038762833923101425,0.02916598878800869,28.231689453125,4.549224376678467,0.8979834318161011,0.4159403443336487
2074,ROIs1158_spring_s2_106_p554,0.04141873121261597,0.030514555051922798,27.656063079833984,4.997526168823242,0.8986270427703857,0.40700429677963257
2075,ROIs1158_spring_s2_106_p555,0.042662184685468674,0.030828146263957024,27.399139404296875,5.315567493438721,0.9021421074867249,0.40684428811073303
2076,ROIs1158_spring_s2_106_p556,0.03919301554560661,0.028405649587512016,28.135826110839844,4.6183695793151855,0.9106830358505249,0.38853222131729126
2077,ROIs1158_spring_s2_106_p557,0.03583381325006485,0.026396313682198524,28.914142608642578,4.3207902908325195,0.9112454652786255,0.39161598682403564
2078,ROIs1158_spring_s2_106_p558,0.03325137868523598,0.02463751658797264,29.56380844116211,4.294615268707275,0.9163849353790283,0.4101369082927704
2079,ROIs1158_spring_s2_106_p559,0.031112324446439743,0.023662272840738297,30.1413516998291,4.181516170501709,0.9203574657440186,0.4073113203048706
2080,ROIs1158_spring_s2_106_p560,0.029888518154621124,0.022398032248020172,30.489912033081055,4.377982139587402,0.9207260608673096,0.41640371084213257
2081,ROIs1158_spring_s2_106_p561,0.033894218504428864,0.024213599041104317,29.39748764038086,5.134659767150879,0.9081346988677979,0.4425772726535797
2082,ROIs1158_spring_s2_106_p562,0.04066381976008415,0.02944689244031906,27.81583595275879,5.71396541595459,0.884390115737915,0.4592052102088928
2083,ROIs1158_spring_s2_106_p563,0.04248328134417534,0.031201638281345367,27.435638427734375,6.199162006378174,0.8784682750701904,0.47531500458717346
2084,ROIs1158_spring_s2_106_p564,0.049934402108192444,0.03358203172683716,26.032001495361328,6.9656901359558105,0.8549327850341797,0.46616458892822266
2085,ROIs1158_spring_s2_106_p565,0.05017949268221855,0.03348960354924202,25.98947525024414,7.140380382537842,0.8513548374176025,0.4328022003173828
2086,ROIs1158_spring_s2_106_p566,0.04454943165183067,0.03159070014953613,27.02315902709961,7.106451511383057,0.862586498260498,0.42418795824050903
2087,ROIs1158_spring_s2_106_p567,0.051882289350032806,0.032645292580127716,25.699617385864258,7.011051654815674,0.8398597240447998,0.4279475808143616
2088,ROIs1158_spring_s2_106_p568,0.07268355041742325,0.04118930175900459,22.771278381347656,7.819775581359863,0.7835183143615723,0.42958277463912964
2089,ROIs1158_spring_s2_106_p569,0.06862220168113708,0.03998878225684166,23.270706176757812,8.510984420776367,0.7915976643562317,0.4442581832408905
2090,ROIs1158_spring_s2_106_p570,0.04057883471250534,0.026940040290355682,27.83401107788086,7.3823747634887695,0.8586580753326416,0.4548112154006958
2091,ROIs1158_spring_s2_106_p571,0.03715694695711136,0.024002449586987495,28.599201202392578,6.485321521759033,0.8617287874221802,0.4707886576652527
2092,ROIs1158_spring_s2_106_p572,0.038711290806531906,0.026036877185106277,28.24324607849121,6.49530029296875,0.8535704016685486,0.48587334156036377
2093,ROIs1158_spring_s2_106_p573,0.041364241391420364,0.02905680052936077,27.667499542236328,6.759649276733398,0.8510245680809021,0.5241923332214355
2094,ROIs1158_spring_s2_106_p574,0.038782428950071335,0.028482621535658836,28.2273006439209,7.002298831939697,0.8468354940414429,0.5572346448898315
2095,ROIs1158_spring_s2_106_p575,0.03939758986234665,0.028477178886532784,28.090608596801758,7.201761722564697,0.8440927863121033,0.5574416518211365
2096,ROIs1158_spring_s2_106_p576,0.039431292563676834,0.02748418040573597,28.083181381225586,5.971095561981201,0.8607684373855591,0.5318445563316345
2097,ROIs1158_spring_s2_106_p577,0.03819747641682625,0.027912253513932228,28.35930633544922,4.820021152496338,0.8948913216590881,0.46201837062835693
2098,ROIs1158_spring_s2_106_p578,0.03574911504983902,0.02661546692252159,28.9346923828125,5.274779796600342,0.9017130136489868,0.44413018226623535
2099,ROIs1158_spring_s2_106_p579,0.03406606987118721,0.024330247193574905,29.353559494018555,5.568933010101318,0.8845946788787842,0.46051347255706787
2100,ROIs1158_spring_s2_106_p581,0.05507540702819824,0.0411045104265213,25.18084716796875,5.7331223487854,0.8599900007247925,0.4410974979400635
2101,ROIs1158_spring_s2_106_p582,0.045696742832660675,0.034097328782081604,26.80229377746582,5.2217888832092285,0.876663327217102,0.4320932626724243
2102,ROIs1158_spring_s2_106_p583,0.04734098166227341,0.0343325100839138,26.495256423950195,5.493311405181885,0.8843194246292114,0.4134722650051117
2103,ROIs1158_spring_s2_106_p584,0.042308397591114044,0.02959529124200344,27.47146987915039,5.5969462394714355,0.899315595626831,0.4012657403945923
2104,ROIs1158_spring_s2_106_p585,0.038841623812913895,0.02772342786192894,28.214054107666016,4.873581409454346,0.908576488494873,0.4025629460811615
2105,ROIs1158_spring_s2_106_p586,0.035925429314374924,0.026646023616194725,28.8919620513916,4.404768943786621,0.9124652743339539,0.3959876000881195
2106,ROIs1158_spring_s2_106_p587,0.03164169192314148,0.0241235364228487,29.994808197021484,4.2767157554626465,0.9214057922363281,0.39635348320007324
2107,ROIs1158_spring_s2_106_p588,0.030513273552060127,0.02325030043721199,30.310226440429688,4.101792335510254,0.9263205528259277,0.40219414234161377
2108,ROIs1158_spring_s2_106_p589,0.029936285689473152,0.022439250722527504,30.47603988647461,4.282650470733643,0.9237353801727295,0.40630316734313965
2109,ROIs1158_spring_s2_106_p590,0.03313317894935608,0.024217966943979263,29.594738006591797,4.8298749923706055,0.9060672521591187,0.4233591556549072
2110,ROIs1158_spring_s2_106_p591,0.04052148759365082,0.028859462589025497,27.846294403076172,5.5997700691223145,0.8806535601615906,0.4278598427772522
2111,ROIs1158_spring_s2_106_p592,0.04100894555449486,0.029042942449450493,27.742427825927734,6.429457187652588,0.8823487758636475,0.43602991104125977
2112,ROIs1158_spring_s2_106_p593,0.039810314774513245,0.027009213343262672,28.00008773803711,6.434223175048828,0.8880584836006165,0.4324745237827301
2113,ROIs1158_spring_s2_106_p594,0.037838954478502274,0.025412116199731827,28.441219329833984,5.956405162811279,0.89020836353302,0.4279404580593109
2114,ROIs1158_spring_s2_106_p595,0.03685460984706879,0.025857605040073395,28.670162200927734,6.365022659301758,0.8864860534667969,0.44204452633857727
2115,ROIs1158_spring_s2_106_p596,0.04478731006383896,0.02861686423420906,26.976900100708008,6.709387302398682,0.8641266226768494,0.4346466362476349
2116,ROIs1158_spring_s2_106_p597,0.05551706627011299,0.032482076436281204,25.111469268798828,7.225039005279541,0.8322241306304932,0.42285221815109253
2117,ROIs1158_spring_s2_106_p598,0.057073455303907394,0.034356795251369476,24.871318817138672,8.220651626586914,0.815565288066864,0.4398364722728729
2118,ROIs1158_spring_s2_106_p599,0.048611462116241455,0.03034110739827156,26.265228271484375,7.704335689544678,0.8324012756347656,0.48573359847068787
2119,ROIs1158_spring_s2_106_p600,0.04276125505566597,0.028040949255228043,27.37899398803711,6.933906555175781,0.8533591032028198,0.4877512454986572
2120,ROIs1158_spring_s2_106_p601,0.0432194359600544,0.030528949573636055,27.28641700744629,7.110202789306641,0.8559550046920776,0.49849891662597656
2121,ROIs1158_spring_s2_106_p602,0.0482289083302021,0.03236173465847969,26.333850860595703,6.9078145027160645,0.8369858860969543,0.5139012932777405
2122,ROIs1158_spring_s2_106_p603,0.04463370889425278,0.02993519976735115,27.00674057006836,6.785740375518799,0.840849757194519,0.506950855255127
2123,ROIs1158_spring_s2_106_p604,0.0412120446562767,0.028635460883378983,27.69951820373535,7.040356636047363,0.8469893932342529,0.517055094242096
2124,ROIs1158_spring_s2_106_p605,0.04101189970970154,0.027094408869743347,27.741802215576172,6.599262714385986,0.8479886054992676,0.5136806964874268
2125,ROIs1158_spring_s2_106_p606,0.03735833987593651,0.0264713317155838,28.552248001098633,5.983713626861572,0.8638160228729248,0.49657535552978516
2126,ROIs1158_spring_s2_106_p607,0.03668832778930664,0.026717517524957657,28.709442138671875,6.543607711791992,0.8699477910995483,0.4893207848072052
2127,ROIs1158_spring_s2_106_p608,0.036691442131996155,0.02630428783595562,28.70870590209961,6.489872932434082,0.8647242188453674,0.48253053426742554
2128,ROIs1158_spring_s2_106_p610,0.060024362057447433,0.04557451978325844,24.433448791503906,6.404951095581055,0.856870174407959,0.44001418352127075
2129,ROIs1158_spring_s2_106_p611,0.04962873086333275,0.037172552198171616,26.085336685180664,6.360108375549316,0.8743790984153748,0.46513158082962036
2130,ROIs1158_spring_s2_106_p612,0.054347481578588486,0.04025498777627945,25.296411514282227,6.54416561126709,0.882023811340332,0.4805266857147217
2131,ROIs1158_spring_s2_106_p613,0.053755223751068115,0.038949303328990936,25.391586303710938,6.782693862915039,0.8749722242355347,0.4400467276573181
2132,ROIs1158_spring_s2_106_p614,0.048085398972034454,0.03476911410689354,26.359737396240234,6.543039798736572,0.8818632364273071,0.4045424461364746
2133,ROIs1158_spring_s2_106_p615,0.04010522738099098,0.02911120280623436,27.93597984313965,5.972628593444824,0.8959758281707764,0.3752041757106781
2134,ROIs1158_spring_s2_106_p616,0.03675732761621475,0.0268588587641716,28.69312286376953,5.280807971954346,0.9068067073822021,0.36987239122390747
2135,ROIs1158_spring_s2_106_p617,0.03562449663877487,0.02611352875828743,28.96502685546875,4.946531295776367,0.9112722277641296,0.36781027913093567
2136,ROIs1158_spring_s2_106_p618,0.0334184393286705,0.024541940540075302,29.520278930664062,5.096004009246826,0.9117525815963745,0.3668546676635742
2137,ROIs1158_spring_s2_106_p619,0.03218457102775574,0.023477550595998764,29.8470458984375,5.284073829650879,0.9014760255813599,0.3777077794075012
2138,ROIs1158_spring_s2_106_p620,0.036715928465127945,0.0254426971077919,28.702909469604492,6.147024154663086,0.8826330900192261,0.3889687657356262
2139,ROIs1158_spring_s2_106_p621,0.03710724413394928,0.025443051010370255,28.610828399658203,6.329482078552246,0.8900120258331299,0.4044691324234009
2140,ROIs1158_spring_s2_106_p622,0.029206532984972,0.02088107354938984,30.690401077270508,5.233150482177734,0.9137928485870361,0.4248751997947693
2141,ROIs1158_spring_s2_106_p623,0.026201670989394188,0.018686797469854355,31.633419036865234,4.992772579193115,0.9171780347824097,0.43545374274253845
2142,ROIs1158_spring_s2_106_p624,0.03167719021439552,0.021348685026168823,29.98506736755371,5.57197380065918,0.9047011137008667,0.45035940408706665
2143,ROIs1158_spring_s2_106_p625,0.03409469127655029,0.023275388404726982,29.34626579284668,6.567732810974121,0.8856185674667358,0.45728254318237305
2144,ROIs1158_spring_s2_106_p626,0.03667472302913666,0.024567238986492157,28.712665557861328,6.860685348510742,0.8665352463722229,0.45228254795074463
2145,ROIs1158_spring_s2_106_p627,0.04442087560892105,0.027226541191339493,27.048259735107422,7.337298393249512,0.8472158312797546,0.4452250003814697
2146,ROIs1158_spring_s2_106_p628,0.046335119754076004,0.02797921933233738,26.681795120239258,7.182594299316406,0.8356919288635254,0.4956052601337433
2147,ROIs1158_spring_s2_106_p629,0.04198421537876129,0.02718340791761875,27.538280487060547,6.44303560256958,0.8556867837905884,0.48422348499298096
2148,ROIs1158_spring_s2_106_p630,0.03966798633337021,0.028047198429703712,28.03119659423828,6.5633463859558105,0.8693585395812988,0.4778745174407959
2149,ROIs1158_spring_s2_106_p631,0.0448274202644825,0.028426047414541245,26.969127655029297,6.449556827545166,0.8449633121490479,0.4924274981021881
2150,ROIs1158_spring_s2_106_p632,0.0415659137070179,0.025780372321605682,27.625253677368164,6.533154010772705,0.8474324941635132,0.5030417442321777
2151,ROIs1158_spring_s2_106_p633,0.03765973448753357,0.025920847430825233,28.48245620727539,7.24927282333374,0.8624210953712463,0.4845461845397949
2152,ROIs1158_spring_s2_106_p634,0.04276338964700699,0.02876884676516056,27.378559112548828,7.354104995727539,0.8386117815971375,0.48632627725601196
2153,ROIs1158_spring_s2_106_p635,0.03914763033390045,0.026854965835809708,28.145889282226562,6.950267314910889,0.843363881111145,0.49115437269210815
2154,ROIs1158_spring_s2_106_p636,0.034708693623542786,0.025367792695760727,29.19123649597168,6.957718372344971,0.8699312806129456,0.469351202249527
2155,ROIs1158_spring_s2_106_p637,0.034947507083415985,0.02553747408092022,29.131677627563477,6.633319854736328,0.865125298500061,0.47744619846343994
2156,ROIs1158_spring_s2_106_p639,0.052207279950380325,0.03923600912094116,25.64537811279297,5.8180131912231445,0.8832110166549683,0.42362380027770996
2157,ROIs1158_spring_s2_106_p640,0.047713689506053925,0.03506558761000633,26.427139282226562,5.970126628875732,0.8946642875671387,0.4376356899738312
2158,ROIs1158_spring_s2_106_p641,0.04808366298675537,0.03466866537928581,26.36005210876465,6.28721809387207,0.895023763179779,0.4475648105144501
2159,ROIs1158_spring_s2_106_p642,0.04699483513832092,0.032671909779310226,26.558998107910156,6.307247161865234,0.8877551555633545,0.4142459034919739
2160,ROIs1158_spring_s2_106_p643,0.04020489379763603,0.027504611760377884,27.91442108154297,6.051730155944824,0.895592451095581,0.3721957504749298
2161,ROIs1158_spring_s2_106_p644,0.041200023144483566,0.028603283688426018,27.70205307006836,5.861196994781494,0.8939028978347778,0.36492079496383667
2162,ROIs1158_spring_s2_106_p645,0.039412736892700195,0.02718675322830677,28.087268829345703,5.309443950653076,0.901073157787323,0.362812876701355
2163,ROIs1158_spring_s2_106_p646,0.032253019511699677,0.022626154124736786,29.828590393066406,5.043536186218262,0.9120447039604187,0.3459532856941223
2164,ROIs1158_spring_s2_106_p647,0.03186500072479248,0.022649381309747696,29.9337215423584,5.20587158203125,0.9120755791664124,0.34445318579673767
2165,ROIs1158_spring_s2_106_p648,0.03193283826112747,0.02259986847639084,29.91524887084961,5.300812244415283,0.9054912328720093,0.3726879060268402
2166,ROIs1158_spring_s2_106_p649,0.035534221678972244,0.024397768080234528,28.987064361572266,5.818055152893066,0.8919052481651306,0.39277681708335876
2167,ROIs1158_spring_s2_106_p650,0.038233231753110886,0.026262618601322174,28.351181030273438,5.9218316078186035,0.8890305757522583,0.4239128530025482
2168,ROIs1158_spring_s2_106_p651,0.03459791839122772,0.02465829625725746,29.2189998626709,4.993770599365234,0.897384762763977,0.4364037811756134
2169,ROIs1158_spring_s2_106_p652,0.02682180143892765,0.01949969306588173,31.430240631103516,4.652583122253418,0.9127057194709778,0.4307197630405426
2170,ROIs1158_spring_s2_106_p653,0.028367504477500916,0.018607575446367264,30.94357681274414,5.20537805557251,0.9107674956321716,0.4372826814651489
2171,ROIs1158_spring_s2_106_p654,0.03146393969655037,0.021399760618805885,30.043737411499023,6.246638298034668,0.8876467347145081,0.4615796208381653
2172,ROIs1158_spring_s2_106_p655,0.03449076786637306,0.02345998026430607,29.24594497680664,6.575479507446289,0.8664546012878418,0.4722730219364166
2173,ROIs1158_spring_s2_106_p656,0.03730364888906479,0.024491077288985252,28.56497573852539,6.960075378417969,0.852096676826477,0.47800660133361816
2174,ROIs1158_spring_s2_106_p657,0.03867798298597336,0.025049714371562004,28.25072479248047,6.899989604949951,0.8507657051086426,0.5099768042564392
2175,ROIs1158_spring_s2_106_p658,0.03806430473923683,0.02519587241113186,28.3896427154541,6.064974784851074,0.862820029258728,0.49255210161209106
2176,ROIs1158_spring_s2_106_p659,0.03284222260117531,0.02335745096206665,29.67135238647461,5.795714378356934,0.8869168758392334,0.4812423586845398
2177,ROIs1158_spring_s2_106_p660,0.032539136707782745,0.022499315440654755,29.751880645751953,5.856322288513184,0.8934718370437622,0.45568525791168213
2178,ROIs1158_spring_s2_106_p661,0.03316234424710274,0.0216996893286705,29.58709716796875,6.075646877288818,0.8896071314811707,0.46582233905792236
2179,ROIs1158_spring_s2_106_p662,0.03412395715713501,0.023017147555947304,29.33881378173828,6.7813286781311035,0.8772485256195068,0.4869660437107086
2180,ROIs1158_spring_s2_106_p663,0.04222387075424194,0.02774384431540966,27.488840103149414,7.25151252746582,0.8456426858901978,0.4977796673774719
2181,ROIs1158_spring_s2_106_p664,0.04072984680533409,0.026500651612877846,27.80174446105957,6.81459379196167,0.8553158044815063,0.4650099277496338
2182,ROIs1158_spring_s2_106_p665,0.02968442067503929,0.020777612924575806,30.549428939819336,5.814040184020996,0.8922998905181885,0.4424807131290436
2183,ROIs1158_spring_s2_106_p666,0.029836969450116158,0.021365106105804443,30.504905700683594,5.99341344833374,0.8738271594047546,0.474640429019928
2184,ROIs1158_spring_s2_106_p668,0.04141641780734062,0.029345428571105003,27.656551361083984,5.019158840179443,0.9044771194458008,0.4071568548679352
2185,ROIs1158_spring_s2_106_p669,0.035716962069272995,0.02438236214220524,28.942508697509766,4.869541168212891,0.9033682346343994,0.40796297788619995
2186,ROIs1158_spring_s2_106_p670,0.0282679982483387,0.018760288134217262,30.974098205566406,4.4573140144348145,0.917650580406189,0.36365801095962524
2187,ROIs1158_spring_s2_106_p671,0.021677816286683083,0.014870419166982174,33.27968978881836,3.9374873638153076,0.9367334842681885,0.33609968423843384
2188,ROIs1158_spring_s2_106_p672,0.020532915368676186,0.014417070895433426,33.7509880065918,4.0484418869018555,0.9371086359024048,0.3434106707572937
2189,ROIs1158_spring_s2_106_p673,0.03101370669901371,0.019854431971907616,30.168926239013672,4.3015570640563965,0.9206628799438477,0.36968350410461426
2190,ROIs1158_spring_s2_106_p674,0.03078591078519821,0.02011973224580288,30.232961654663086,4.225705623626709,0.9208455085754395,0.35768333077430725
2191,ROIs1158_spring_s2_106_p675,0.024544941261410713,0.017680644989013672,32.20075988769531,4.319678783416748,0.9271881580352783,0.34268462657928467
2192,ROIs1158_spring_s2_106_p676,0.025960583239793777,0.018620867282152176,31.71371078491211,4.376941680908203,0.9243375062942505,0.3609422445297241
2193,ROIs1158_spring_s2_106_p677,0.027499139308929443,0.019516006112098694,31.2136173248291,4.455421447753906,0.9191559553146362,0.3931346833705902
2194,ROIs1158_spring_s2_106_p678,0.029968395829200745,0.02044600062072277,30.46673011779785,4.693202018737793,0.912938117980957,0.3901106119155884
2195,ROIs1158_spring_s2_106_p679,0.03198787197470665,0.021340375766158104,29.90029525756836,4.962443828582764,0.9091270565986633,0.39381104707717896
2196,ROIs1158_spring_s2_106_p680,0.031866032630205154,0.022178513929247856,29.933441162109375,4.716131687164307,0.9044690132141113,0.40793269872665405
2197,ROIs1158_spring_s2_106_p681,0.027558689936995506,0.019865645095705986,31.1948299407959,4.679025173187256,0.9079865217208862,0.41030821204185486
2198,ROIs1158_spring_s2_106_p682,0.026140067726373672,0.018340712413191795,31.653865814208984,5.236779689788818,0.9050403237342834,0.4292542636394501
2199,ROIs1158_spring_s2_106_p683,0.030463213101029396,0.0220224317163229,30.324487686157227,6.368782043457031,0.8788396120071411,0.4568127393722534
2200,ROIs1158_spring_s2_106_p684,0.038549378514289856,0.025781402364373207,28.279651641845703,6.9490251541137695,0.8450818061828613,0.48555922508239746
2201,ROIs1158_spring_s2_106_p685,0.042560774832963943,0.02767334319651127,27.419811248779297,7.383835315704346,0.8299702405929565,0.5098919868469238
2202,ROIs1158_spring_s2_106_p686,0.04274134337902069,0.02871820703148842,27.383037567138672,7.663066387176514,0.8232375383377075,0.5271295309066772
2203,ROIs1158_spring_s2_106_p687,0.04042718932032585,0.028308318927884102,27.866531372070312,7.412168979644775,0.8323066830635071,0.5198037624359131
2204,ROIs1158_spring_s2_106_p688,0.0340280756354332,0.02439142018556595,29.363250732421875,6.4008049964904785,0.8678849935531616,0.4952954947948456
2205,ROIs1158_spring_s2_106_p689,0.029868170619010925,0.021736783906817436,30.495826721191406,5.766268253326416,0.8914446830749512,0.4625178873538971
2206,ROIs1158_spring_s2_106_p690,0.032020121812820435,0.02214759588241577,29.89154052734375,6.0309062004089355,0.9006233811378479,0.44738146662712097
2207,ROIs1158_spring_s2_106_p691,0.030908066779375076,0.02051929384469986,30.198562622070312,6.244351863861084,0.9004347324371338,0.450406014919281
2208,ROIs1158_spring_s2_106_p692,0.03531058132648468,0.02237105369567871,29.041902542114258,6.230483531951904,0.8877676725387573,0.44777917861938477
2209,ROIs1158_spring_s2_106_p693,0.03717010095715523,0.024583643302321434,28.596126556396484,5.998618125915527,0.8871177434921265,0.43998172879219055
2210,ROIs1158_spring_s2_106_p694,0.03051804192364216,0.02184363827109337,30.308868408203125,5.443459987640381,0.9036649465560913,0.4318576753139496
2211,ROIs1158_spring_s2_106_p695,0.02935856021940708,0.021218130365014076,30.645305633544922,5.9290642738342285,0.8800530433654785,0.4649735689163208
2212,ROIs1158_spring_s2_106_p697,0.02893237955868244,0.020958373323082924,30.772319793701172,4.044212341308594,0.9229822158813477,0.40006744861602783
2213,ROIs1158_spring_s2_106_p698,0.026761123910546303,0.01844436302781105,31.449913024902344,4.291318893432617,0.9182540774345398,0.38974708318710327
2214,ROIs1158_spring_s2_106_p699,0.027057090774178505,0.017904458567500114,31.35437774658203,4.175334453582764,0.9204261302947998,0.3805072605609894
2215,ROIs1158_spring_s2_106_p700,0.027358729392290115,0.018270904198288918,31.25808334350586,3.912256956100464,0.9142287969589233,0.3856969475746155
2216,ROIs1158_spring_s2_106_p701,0.02390131726861,0.01635284163057804,32.43156433105469,3.887111186981201,0.9171257019042969,0.38833844661712646
2217,ROIs1158_spring_s2_106_p702,0.022008530795574188,0.01568002626299858,33.14817810058594,4.124214172363281,0.9284284114837646,0.3645097017288208
2218,ROIs1158_spring_s2_106_p703,0.02251061238348484,0.015948811545968056,32.95225524902344,4.209860324859619,0.9309897422790527,0.3524090647697449
2219,ROIs1158_spring_s2_106_p704,0.022941384464502335,0.016249138861894608,32.78760528564453,4.199603080749512,0.9284983277320862,0.3490619659423828
2220,ROIs1158_spring_s2_106_p705,0.023356139659881592,0.016601432114839554,32.631980895996094,4.177426338195801,0.9248834848403931,0.3677780032157898
2221,ROIs1158_spring_s2_106_p706,0.02410612627863884,0.017093311995267868,32.357452392578125,4.290215015411377,0.9197432994842529,0.3783727288246155
2222,ROIs1158_spring_s2_106_p707,0.02271765097975731,0.016064807772636414,32.87273025512695,4.311431407928467,0.9248647689819336,0.3560946583747864
2223,ROIs1158_spring_s2_106_p708,0.02046785317361355,0.014570578001439571,33.77855682373047,3.8532917499542236,0.9333265423774719,0.3535149395465851
2224,ROIs1158_spring_s2_106_p709,0.021799007430672646,0.015625929459929466,33.231266021728516,4.2649006843566895,0.928341269493103,0.3608424663543701
2225,ROIs1158_spring_s2_106_p710,0.024373915046453476,0.01738728955388069,32.261497497558594,4.915957927703857,0.9212226867675781,0.38366231322288513
2226,ROIs1158_spring_s2_106_p711,0.026794899255037308,0.018899234011769295,31.4389591217041,5.426158428192139,0.9051210880279541,0.44136542081832886
2227,ROIs1158_spring_s2_106_p712,0.03213411197066307,0.022567063570022583,29.860675811767578,6.1543288230896,0.8734936118125916,0.48603367805480957
2228,ROIs1158_spring_s2_106_p713,0.039348918944597244,0.026393162086606026,28.10134506225586,6.831750869750977,0.8467272520065308,0.5064997673034668
2229,ROIs1158_spring_s2_106_p714,0.04082636162638664,0.027226312085986137,27.781185150146484,7.101207256317139,0.8357438445091248,0.5264440774917603
2230,ROIs1158_spring_s2_106_p715,0.04070357605814934,0.02749507874250412,27.807350158691406,7.167343616485596,0.8186153173446655,0.5444921255111694
2231,ROIs1158_spring_s2_106_p716,0.03969482704997063,0.027506140992045403,28.02532196044922,7.330531120300293,0.817400336265564,0.5533726215362549
2232,ROIs1158_spring_s2_106_p717,0.03717828914523125,0.025986965745687485,28.59421157836914,6.885366439819336,0.8319690227508545,0.5324732661247253
2233,ROIs1158_spring_s2_106_p718,0.03462320938706398,0.024089733138680458,29.21265411376953,6.308744430541992,0.8560375571250916,0.4894603490829468
2234,ROIs1158_spring_s2_106_p719,0.029996035620570183,0.021861443296074867,30.458721160888672,6.356832027435303,0.8908630013465881,0.4379511773586273
2235,ROIs1158_spring_s2_106_p720,0.026029212400317192,0.019029702991247177,31.690778732299805,5.920276165008545,0.9201683402061462,0.3882015347480774
2236,ROIs1158_spring_s2_106_p721,0.026096897199749947,0.01921241357922554,31.668224334716797,5.793253421783447,0.9276803135871887,0.37726879119873047
2237,ROIs1158_spring_s2_106_p722,0.030228717252612114,0.022332414984703064,30.3916072845459,6.672539234161377,0.9130325317382812,0.39161986112594604
2238,ROIs1158_spring_s2_106_p723,0.03215606138110161,0.023284196853637695,29.85474395751953,6.6683669090271,0.9039615392684937,0.40726616978645325
2239,ROIs1158_spring_s2_106_p724,0.028900420293211937,0.020746985450387,30.781917572021484,6.193017959594727,0.8924052119255066,0.436984121799469
2240,ROIs1158_spring_s2_106_p726,0.03074539452791214,0.022387130185961723,30.244400024414062,4.7032341957092285,0.9211393594741821,0.4038924276828766
2241,ROIs1158_spring_s2_106_p727,0.030615484341979027,0.021459097042679787,30.281177520751953,4.545354843139648,0.9181033372879028,0.4044945538043976
2242,ROIs1158_spring_s2_106_p728,0.03416309133172035,0.023443037644028664,29.328859329223633,4.346872329711914,0.9067360162734985,0.42493876814842224
2243,ROIs1158_spring_s2_106_p729,0.03981219604611397,0.028266431763768196,27.999677658081055,4.13943338394165,0.8885736465454102,0.4251774549484253
2244,ROIs1158_spring_s2_106_p730,0.035361453890800476,0.02475709654390812,29.029399871826172,3.938593864440918,0.901423454284668,0.4253551661968231
2245,ROIs1158_spring_s2_106_p731,0.02649255283176899,0.018654122948646545,31.53752326965332,3.770056962966919,0.9218716621398926,0.39691799879074097
2246,ROIs1158_spring_s2_106_p732,0.023180583491921425,0.016412336379289627,32.697513580322266,3.9742953777313232,0.9226592779159546,0.3857209086418152
2247,ROIs1158_spring_s2_106_p733,0.02295062690973282,0.01604974828660488,32.78411102294922,4.193848609924316,0.9233476519584656,0.38011181354522705
2248,ROIs1158_spring_s2_106_p734,0.028262712061405182,0.019262121990323067,30.975723266601562,4.391437530517578,0.9138028621673584,0.39466607570648193
2249,ROIs1158_spring_s2_106_p735,0.029981333762407303,0.02040145732462406,30.462980270385742,4.55316686630249,0.9104298949241638,0.38930296897888184
2250,ROIs1158_spring_s2_106_p736,0.02611268125474453,0.018220502883195877,31.66297149658203,4.736449241638184,0.918829083442688,0.3574685752391815
2251,ROIs1158_spring_s2_106_p737,0.024598805233836174,0.017431052401661873,32.18172073364258,4.7779765129089355,0.9234670400619507,0.3552289605140686
2252,ROIs1158_spring_s2_106_p738,0.02503841184079647,0.01806829869747162,32.027862548828125,5.112417221069336,0.9231631755828857,0.3550267815589905
2253,ROIs1158_spring_s2_106_p739,0.025780223309993744,0.01881965436041355,31.77426528930664,5.53603458404541,0.9199056625366211,0.378500372171402
2254,ROIs1158_spring_s2_106_p740,0.027126062661409378,0.01965280808508396,31.332263946533203,5.853114128112793,0.9079264402389526,0.43615013360977173
2255,ROIs1158_spring_s2_106_p741,0.030168168246746063,0.02137385495007038,30.409019470214844,6.0475172996521,0.8842277526855469,0.4779752492904663
2256,ROIs1158_spring_s2_106_p742,0.03226473182439804,0.022535068914294243,29.825439453125,5.833882808685303,0.8705062866210938,0.4863892197608948
2257,ROIs1158_spring_s2_106_p743,0.03385511413216591,0.023875607177615166,29.407516479492188,6.302694320678711,0.8552813529968262,0.5072458982467651
2258,ROIs1158_spring_s2_106_p744,0.03191833198070526,0.022629067301750183,29.91919708251953,6.300073146820068,0.8489011526107788,0.5189682841300964
2259,ROIs1158_spring_s2_106_p745,0.02831389755010605,0.02056068181991577,30.96000862121582,5.804887771606445,0.8585501909255981,0.5216742157936096
2260,ROIs1158_spring_s2_106_p746,0.033846888691186905,0.02334008365869522,29.409626007080078,6.21414041519165,0.8487461805343628,0.5347400903701782
2261,ROIs1158_spring_s2_106_p747,0.03445848077535629,0.023620903491973877,29.25407600402832,6.463412761688232,0.8592531085014343,0.5027130246162415
2262,ROIs1158_spring_s2_106_p748,0.027608800679445267,0.019967958331108093,31.179048538208008,6.0503668785095215,0.9009254574775696,0.4346104562282562
2263,ROIs1158_spring_s2_106_p749,0.027307938784360886,0.019723251461982727,31.27422332763672,5.401597499847412,0.9335057735443115,0.3803151249885559
2264,ROIs1158_spring_s2_106_p750,0.030163513496518135,0.021600935608148575,30.410362243652344,5.987544059753418,0.938234806060791,0.35539430379867554
2265,ROIs1158_spring_s2_106_p751,0.03581194207072258,0.025708142668008804,28.919445037841797,8.622334480285645,0.9162261486053467,0.36717361211776733
2266,ROIs1158_spring_s2_106_p752,0.03415309265255928,0.024582941085100174,29.33139991760254,9.000833511352539,0.9026515483856201,0.38845765590667725
2267,ROIs1158_spring_s2_106_p753,0.031851060688495636,0.022997457534074783,29.937522888183594,8.027691841125488,0.9019097089767456,0.3930351734161377
2268,ROIs1158_spring_s2_106_p755,0.03059351071715355,0.02217581309378147,30.28741455078125,5.239982604980469,0.9194750189781189,0.39744406938552856
2269,ROIs1158_spring_s2_106_p756,0.029479235410690308,0.020980849862098694,30.609676361083984,4.929116725921631,0.9246014356613159,0.37410640716552734
2270,ROIs1158_spring_s2_106_p757,0.02928871475160122,0.020409561693668365,30.665992736816406,4.633438587188721,0.9235422611236572,0.3950996696949005
2271,ROIs1158_spring_s2_106_p758,0.036381300538778305,0.026312239468097687,28.78243637084961,4.373317241668701,0.9098451137542725,0.4159962832927704
2272,ROIs1158_spring_s2_106_p759,0.03828364610671997,0.028318926692008972,28.339733123779297,4.312135696411133,0.9115216732025146,0.4211798906326294
2273,ROIs1158_spring_s2_106_p760,0.035897303372621536,0.02666003443300724,28.89876365661621,4.210512638092041,0.9118838310241699,0.41651651263237
2274,ROIs1158_spring_s2_106_p761,0.03637304529547691,0.026710765436291695,28.784406661987305,3.9967472553253174,0.8998101353645325,0.42434269189834595
2275,ROIs1158_spring_s2_106_p762,0.03841780871152878,0.028054120019078255,28.309349060058594,4.183574676513672,0.8915547132492065,0.4309854805469513
2276,ROIs1158_spring_s2_106_p763,0.03903452679514885,0.028490113094449043,28.171022415161133,4.693446159362793,0.890952467918396,0.434952050447464
2277,ROIs1158_spring_s2_106_p764,0.034552402794361115,0.024859998375177383,29.230438232421875,4.639196872711182,0.9005292057991028,0.414877712726593
2278,ROIs1158_spring_s2_106_p765,0.028616126626729965,0.02045256644487381,30.86778450012207,4.54083776473999,0.9167519807815552,0.4022865295410156
2279,ROIs1158_spring_s2_106_p766,0.02577509917318821,0.018603473901748657,31.775991439819336,4.704281806945801,0.9245084524154663,0.4011709690093994
2280,ROIs1158_spring_s2_106_p767,0.025141285732388496,0.01812620647251606,31.992252349853516,4.7385663986206055,0.925162672996521,0.3707408308982849
2281,ROIs1158_spring_s2_106_p768,0.025005891919136047,0.01815483532845974,32.039154052734375,5.0089497566223145,0.9266402721405029,0.3714829087257385
2282,ROIs1158_spring_s2_106_p769,0.026448117569088936,0.019526546820998192,31.552104949951172,5.6126556396484375,0.9113508462905884,0.43885040283203125
2283,ROIs1158_spring_s2_106_p770,0.02655022032558918,0.01964004896581173,31.518638610839844,5.797480583190918,0.8933926820755005,0.482193261384964
2284,ROIs1158_spring_s2_106_p771,0.026998594403266907,0.019671902060508728,31.37317657470703,5.582062244415283,0.884751558303833,0.49060067534446716
2285,ROIs1158_spring_s2_106_p772,0.029773732647299767,0.021421710029244423,30.523334503173828,6.090542793273926,0.8765867948532104,0.49533677101135254
2286,ROIs1158_spring_s2_106_p773,0.029265666380524635,0.02136054076254368,30.672832489013672,6.130061626434326,0.873634397983551,0.4837423861026764
2287,ROIs1158_spring_s2_106_p774,0.027277877554297447,0.020263370126485825,31.283788681030273,5.599430084228516,0.877895176410675,0.476007878780365
2288,ROIs1158_spring_s2_106_p775,0.029157985001802444,0.02147500403225422,30.704851150512695,5.845050811767578,0.8880665302276611,0.4806002080440521
2289,ROIs1158_spring_s2_106_p776,0.02903599478304386,0.020744649693369865,30.74126434326172,5.970714569091797,0.8930503129959106,0.46520400047302246
2290,ROIs1158_spring_s2_106_p777,0.026432408019900322,0.018881335854530334,31.557266235351562,5.13856315612793,0.9142993092536926,0.418296217918396
2291,ROIs1158_spring_s2_106_p778,0.024880055338144302,0.017872102558612823,32.08297348022461,4.468317985534668,0.9415932893753052,0.39353787899017334
2292,ROIs1158_spring_s2_106_p779,0.02648140676319599,0.018690353259444237,31.54117774963379,5.022640228271484,0.9412412643432617,0.3965277075767517
2293,ROIs1158_spring_s2_106_p780,0.02977866120636463,0.020009193569421768,30.52189826965332,6.586495876312256,0.9282841682434082,0.4154208302497864
2294,ROIs1158_spring_s2_106_p781,0.03242405131459236,0.022291794419288635,29.782655715942383,7.930823802947998,0.914482593536377,0.41892775893211365
2295,ROIs1158_spring_s2_106_p782,0.03279263526201248,0.023036513477563858,29.68447494506836,7.878009796142578,0.9111932516098022,0.4020937979221344
2296,ROIs1158_spring_s2_106_p784,0.03436664119362831,0.025276141241192818,29.277257919311523,5.141570091247559,0.9111436009407043,0.40328285098075867
2297,ROIs1158_spring_s2_106_p785,0.035027820616960526,0.02540971152484417,29.111740112304688,5.02901029586792,0.9112548828125,0.392243891954422
2298,ROIs1158_spring_s2_106_p786,0.032673414796590805,0.023752734065055847,29.716110229492188,4.548165798187256,0.9198395013809204,0.3972206711769104
2299,ROIs1158_spring_s2_106_p787,0.03133422136306763,0.023061245679855347,30.079622268676758,5.0562849044799805,0.9219668507575989,0.39867064356803894
2300,ROIs1158_spring_s2_106_p788,0.03702200576663017,0.0265423022210598,28.630800247192383,5.354536533355713,0.9097041487693787,0.400046706199646
2301,ROIs1158_spring_s2_106_p789,0.045288149267435074,0.033097751438617706,26.88031005859375,4.825981140136719,0.8882186412811279,0.4244987666606903
2302,ROIs1158_spring_s2_106_p790,0.051059119403362274,0.037885960191488266,25.838531494140625,4.58850622177124,0.86857008934021,0.43056994676589966
2303,ROIs1158_spring_s2_106_p791,0.04984187334775925,0.03748540207743645,26.048114776611328,4.36887788772583,0.8736122846603394,0.43188637495040894
2304,ROIs1158_spring_s2_106_p792,0.0424005463719368,0.03225323557853699,27.452571868896484,4.633845806121826,0.8910317420959473,0.4237004518508911
2305,ROIs1158_spring_s2_106_p793,0.03498046472668648,0.026383427903056145,29.123489379882812,4.832312107086182,0.9020875096321106,0.4185357689857483
2306,ROIs1158_spring_s2_106_p794,0.0304150078445673,0.022358540445566177,30.338241577148438,4.3323774337768555,0.9116322994232178,0.4470992088317871
2307,ROIs1158_spring_s2_106_p795,0.02803380973637104,0.020490482449531555,31.046356201171875,4.076780796051025,0.9169341325759888,0.44679829478263855
2308,ROIs1158_spring_s2_106_p796,0.026767490431666374,0.01967279054224491,31.447847366333008,4.098114967346191,0.9180035591125488,0.4104754328727722
2309,ROIs1158_spring_s2_106_p797,0.023983841761946678,0.017699547111988068,32.4016227722168,4.089361190795898,0.9290421009063721,0.3759358525276184
2310,ROIs1158_spring_s2_106_p798,0.025119727477431297,0.01856577955186367,31.99970054626465,4.7034807205200195,0.9240227937698364,0.3947644829750061
2311,ROIs1158_spring_s2_106_p799,0.0267794132232666,0.020030174404382706,31.44397735595703,5.400722026824951,0.9079989194869995,0.4402172565460205
2312,ROIs1158_spring_s2_106_p800,0.02835335023701191,0.02132793702185154,30.947912216186523,5.83434534072876,0.8970670700073242,0.4892238974571228
2313,ROIs1158_spring_s2_106_p801,0.02908797562122345,0.021686242893338203,30.72572898864746,6.186700820922852,0.8920056223869324,0.5053443908691406
2314,ROIs1158_spring_s2_106_p802,0.0290671419352293,0.021535489708185196,30.73195457458496,6.300727844238281,0.882756233215332,0.512462317943573
2315,ROIs1158_spring_s2_106_p803,0.029624126851558685,0.0213065966963768,30.56709098815918,6.141133785247803,0.8773325681686401,0.49295395612716675
2316,ROIs1158_spring_s2_106_p804,0.03538447245955467,0.024572256952524185,29.023744583129883,6.634042263031006,0.8773819208145142,0.4774869382381439
2317,ROIs1158_spring_s2_106_p805,0.035234130918979645,0.024237141013145447,29.06072998046875,6.395618915557861,0.8782815337181091,0.459965318441391
2318,ROIs1158_spring_s2_106_p806,0.028197525069117546,0.019519997760653496,30.99578094482422,4.746962547302246,0.9095615148544312,0.41494664549827576
2319,ROIs1158_spring_s2_106_p807,0.020883498713374138,0.015010281465947628,33.60393524169922,3.9072296619415283,0.9445139169692993,0.37689682841300964
2320,ROIs1158_spring_s2_106_p808,0.020191172137856483,0.01467518787831068,33.896766662597656,4.209597110748291,0.9410272836685181,0.4183078706264496
2321,ROIs1158_spring_s2_106_p809,0.020538799464702606,0.014908140525221825,33.748497009277344,4.340185642242432,0.9271366000175476,0.4672446846961975
2322,ROIs1158_spring_s2_106_p810,0.02264687977731228,0.016376977786421776,32.89983367919922,4.851695537567139,0.9130007028579712,0.48843303322792053
2323,ROIs1158_spring_s2_106_p811,0.025548448786139488,0.018032291904091835,31.852710723876953,5.534219741821289,0.908753514289856,0.4555591642856598
2324,ROIs1158_spring_s2_106_p813,0.033097073435783386,0.023711131885647774,29.60420799255371,5.8934736251831055,0.9283169507980347,0.38044238090515137
2325,ROIs1158_spring_s2_106_p814,0.03583216294646263,0.025669259950518608,28.914539337158203,5.876436710357666,0.9204485416412354,0.38134515285491943
2326,ROIs1158_spring_s2_106_p815,0.03482508286833763,0.02558056265115738,29.16215705871582,5.4063520431518555,0.9232177734375,0.3951714336872101
2327,ROIs1158_spring_s2_106_p816,0.029857000336050987,0.021910525858402252,30.49907684326172,5.68123197555542,0.9310294985771179,0.3688531517982483
2328,ROIs1158_spring_s2_106_p817,0.03253981098532677,0.022389288991689682,29.75170135498047,5.859807968139648,0.9172891974449158,0.37458181381225586
2329,ROIs1158_spring_s2_106_p818,0.03976566344499588,0.026965197175741196,28.009836196899414,5.257718563079834,0.8930007219314575,0.4142706096172333
2330,ROIs1158_spring_s2_106_p819,0.04544049873948097,0.03103805147111416,26.851139068603516,5.100497722625732,0.8754572868347168,0.4179348647594452
2331,ROIs1158_spring_s2_106_p820,0.04389883950352669,0.03093281202018261,27.150938034057617,4.874188423156738,0.8884277939796448,0.4071827530860901
2332,ROIs1158_spring_s2_106_p821,0.03654288128018379,0.0270434208214283,28.743946075439453,4.745246410369873,0.9120048880577087,0.39753419160842896
2333,ROIs1158_spring_s2_106_p822,0.034249287098646164,0.025153620168566704,29.306968688964844,4.925386905670166,0.9117428660392761,0.41179007291793823
2334,ROIs1158_spring_s2_106_p823,0.030217882245779037,0.021798914298415184,30.39472198486328,4.543703079223633,0.9122036695480347,0.4430823028087616
2335,ROIs1158_spring_s2_106_p824,0.026467977091670036,0.01897495985031128,31.54558563232422,4.015800952911377,0.9217210412025452,0.430624783039093
2336,ROIs1158_spring_s2_106_p825,0.025893373414874077,0.018711619079113007,31.736225128173828,3.6962153911590576,0.9243202209472656,0.3953484892845154
2337,ROIs1158_spring_s2_106_p826,0.02493133395910263,0.018275916576385498,32.06509017944336,3.6851727962493896,0.9286869764328003,0.38835784792900085
2338,ROIs1158_spring_s2_106_p827,0.025570549070835114,0.019085897132754326,31.845197677612305,4.031120777130127,0.9286035895347595,0.37812066078186035
2339,ROIs1158_spring_s2_106_p828,0.027194766327738762,0.02033093012869358,31.310293197631836,4.728528022766113,0.9210582971572876,0.39821600914001465
2340,ROIs1158_spring_s2_106_p829,0.02876576967537403,0.021433521062135696,30.82248306274414,5.413697719573975,0.9022778272628784,0.47934257984161377
2341,ROIs1158_spring_s2_106_p830,0.031022891402244568,0.022922933101654053,30.16635513305664,6.738412380218506,0.8791201114654541,0.5332088470458984
2342,ROIs1158_spring_s2_106_p831,0.031851962208747864,0.023395512253046036,29.93727684020996,7.345794200897217,0.8716257214546204,0.570887565612793
2343,ROIs1158_spring_s2_106_p832,0.0336974635720253,0.024076735600829124,29.448055267333984,7.089003086090088,0.8626831769943237,0.5776215195655823
2344,ROIs1158_spring_s2_106_p833,0.046145934611558914,0.03253985941410065,26.717330932617188,8.354742050170898,0.8389348983764648,0.5770447850227356
2345,ROIs1158_spring_s2_106_p834,0.0494280681014061,0.03510472923517227,26.120529174804688,8.186541557312012,0.8229215145111084,0.5575106143951416
2346,ROIs1158_spring_s2_106_p835,0.03793592005968094,0.025653965771198273,28.418987274169922,6.371988296508789,0.8523216247558594,0.506397008895874
2347,ROIs1158_spring_s2_106_p836,0.027361012995243073,0.01859496533870697,31.25735855102539,4.963420391082764,0.9044867753982544,0.447374552488327
2348,ROIs1158_spring_s2_106_p837,0.024178482592105865,0.01743440330028534,32.3314208984375,4.688879489898682,0.9175578355789185,0.4441494345664978
2349,ROIs1158_spring_s2_106_p838,0.026670897379517555,0.018828675150871277,31.479246139526367,5.024378776550293,0.9049621820449829,0.4529516398906708
2350,ROIs1158_spring_s2_106_p839,0.028945423662662506,0.02078964374959469,30.768402099609375,5.62657356262207,0.8835342526435852,0.4910741448402405
2351,ROIs1158_spring_s2_106_p840,0.029934225603938103,0.021516598761081696,30.476642608642578,6.083840370178223,0.8685603141784668,0.5335357189178467
2352,ROIs1158_spring_s2_123_p30,0.07173512876033783,0.0501767061650753,22.88536262512207,19.302715301513672,0.8053696155548096,0.5100114345550537
2353,ROIs1158_spring_s2_123_p31,0.06725752353668213,0.04747871309518814,23.44518280029297,16.214141845703125,0.8031497001647949,0.49795830249786377
2354,ROIs1158_spring_s2_123_p32,0.08157475292682648,0.056543782353401184,21.768884658813477,19.058320999145508,0.8003079891204834,0.48061487078666687
2355,ROIs1158_spring_s2_123_p33,0.08796465396881104,0.05907931551337242,21.11383628845215,21.919586181640625,0.8010687232017517,0.4470186233520508
2356,ROIs1158_spring_s2_123_p34,0.08492990583181381,0.05616697296500206,21.41878890991211,20.82879066467285,0.8038703799247742,0.3822935223579407
2357,ROIs1158_spring_s2_123_p35,0.09136337786912918,0.05971583351492882,20.784557342529297,20.1398983001709,0.7926160097122192,0.41934385895729065
2358,ROIs1158_spring_s2_123_p36,0.08866338431835175,0.05716419592499733,21.045114517211914,21.21500587463379,0.7994932532310486,0.4464145302772522
2359,ROIs1158_spring_s2_123_p37,0.0989094227552414,0.06411293148994446,20.095245361328125,23.651762008666992,0.8154463768005371,0.45043280720710754
2360,ROIs1158_spring_s2_123_p38,0.1130056083202362,0.07292307913303375,18.93800163269043,24.201684951782227,0.8230944871902466,0.43701156973838806
2361,ROIs1158_spring_s2_123_p39,0.09558459371328354,0.05956015735864639,20.392242431640625,21.159570693969727,0.8344752788543701,0.4064769148826599
2362,ROIs1158_spring_s2_123_p40,0.049868494272232056,0.029395146295428276,26.043474197387695,13.5187349319458,0.8671821355819702,0.3302854299545288
2363,ROIs1158_spring_s2_123_p41,0.025762824341654778,0.01788409985601902,31.78013038635254,9.646224975585938,0.8952697515487671,0.19477064907550812
2364,ROIs1158_spring_s2_123_p42,0.018356647342443466,0.015730516985058784,34.7241325378418,8.960926055908203,0.8906984329223633,0.09998786449432373
2365,ROIs1158_spring_s2_123_p43,0.02075161784887314,0.01763227954506874,33.65896224975586,9.369647979736328,0.8680852651596069,0.10860097408294678
2366,ROIs1158_spring_s2_123_p44,0.044027578085660934,0.0282432921230793,27.125503540039062,11.494156837463379,0.8709728717803955,0.2185991108417511
2367,ROIs1158_spring_s2_123_p45,0.07888048142194748,0.049646444618701935,22.06060791015625,20.119592666625977,0.8279449939727783,0.3132811188697815
2368,ROIs1158_spring_s2_123_p46,0.09670190513134003,0.06536046415567398,20.29129981994629,25.88483428955078,0.7483779788017273,0.40179210901260376
2369,ROIs1158_spring_s2_123_p47,0.10449512302875519,0.0724407508969307,19.618080139160156,23.339139938354492,0.6376239657402039,0.5151210427284241
2370,ROIs1158_spring_s2_123_p48,0.11487940698862076,0.07884250581264496,18.79515838623047,20.37844467163086,0.5741591453552246,0.5907688140869141
2371,ROIs1158_spring_s2_123_p49,0.09412150830030441,0.06367387622594833,20.526222229003906,18.017105102539062,0.6874275207519531,0.5531055331230164
2372,ROIs1158_spring_s2_123_p50,0.07775768637657166,0.055891960859298706,22.185134887695312,18.388986587524414,0.7723343968391418,0.5224001407623291
2373,ROIs1158_spring_s2_123_p51,0.07814320176839828,0.056205179542303085,22.14217758178711,19.227582931518555,0.7951704263687134,0.5206825733184814
2374,ROIs1158_spring_s2_123_p52,0.09766526520252228,0.06558798253536224,20.205196380615234,22.25717544555664,0.8004236817359924,0.4844686686992645
2375,ROIs1158_spring_s2_123_p53,0.0912608802318573,0.0561763159930706,20.7943058013916,18.8868465423584,0.8301392793655396,0.3971673846244812
2376,ROIs1158_spring_s2_123_p54,0.07664648443460464,0.046197161078453064,22.310157775878906,16.418025970458984,0.8391902446746826,0.33154669404029846
2377,ROIs1158_spring_s2_123_p55,0.10328659415245056,0.06617870181798935,19.7191219329834,23.73450469970703,0.7915419340133667,0.36757928133010864
2378,ROIs1158_spring_s2_123_p56,0.11905420571565628,0.07933710515499115,18.485105514526367,27.597440719604492,0.7607483267784119,0.38786202669143677
2379,ROIs1158_spring_s2_123_p57,0.10946784913539886,0.07405400276184082,19.214269638061523,26.6489200592041,0.7498379945755005,0.4245173931121826
2380,ROIs1158_spring_s2_123_p59,0.07294731587171555,0.05024680122733116,22.73981475830078,17.727157592773438,0.8232405185699463,0.491352915763855
2381,ROIs1158_spring_s2_123_p60,0.0733327716588974,0.050065912306308746,22.69403839111328,18.37930679321289,0.8132054805755615,0.5106347799301147
2382,ROIs1158_spring_s2_123_p61,0.08428654819726944,0.057429034262895584,21.484834671020508,21.301546096801758,0.8024091124534607,0.5069037675857544
2383,ROIs1158_spring_s2_123_p62,0.08243262767791748,0.05514656752347946,21.67801856994629,21.792373657226562,0.805974543094635,0.4192832112312317
2384,ROIs1158_spring_s2_123_p63,0.08230052143335342,0.05384724959731102,21.69194984436035,22.371801376342773,0.810564398765564,0.3801441192626953
2385,ROIs1158_spring_s2_123_p64,0.09821856766939163,0.06350196897983551,20.1561279296875,23.3470401763916,0.8000866770744324,0.4152083694934845
2386,ROIs1158_spring_s2_123_p65,0.09864719957113266,0.06415820121765137,20.118305206298828,23.65789222717285,0.8015226125717163,0.4534040689468384
2387,ROIs1158_spring_s2_123_p66,0.09425844252109528,0.06230295076966286,20.513593673706055,23.020097732543945,0.8256738185882568,0.459425687789917
2388,ROIs1158_spring_s2_123_p67,0.08871645480394363,0.05743047967553139,21.0399169921875,21.075565338134766,0.849860429763794,0.43486055731773376
2389,ROIs1158_spring_s2_123_p68,0.05724114552140236,0.03449024632573128,24.845836639404297,15.993002891540527,0.8737637400627136,0.3432402014732361
2390,ROIs1158_spring_s2_123_p69,0.03182198479771614,0.0194829311221838,29.945457458496094,10.461175918579102,0.8919054865837097,0.19604577124118805
2391,ROIs1158_spring_s2_123_p70,0.01755760796368122,0.015369314700365067,35.110694885253906,8.889034271240234,0.8871437907218933,0.10131587833166122
2392,ROIs1158_spring_s2_123_p71,0.016108615323901176,0.014096373692154884,35.85883331298828,8.521960258483887,0.8973340392112732,0.11601506918668747
2393,ROIs1158_spring_s2_123_p72,0.036812957376241684,0.02340557798743248,28.67998504638672,10.690949440002441,0.8766450881958008,0.17235979437828064
2394,ROIs1158_spring_s2_123_p73,0.06481453031301498,0.04033438488841057,23.76655387878418,16.430500030517578,0.8565930128097534,0.2699463665485382
2395,ROIs1158_spring_s2_123_p74,0.10141978412866592,0.06655081361532211,19.877548217773438,24.517900466918945,0.7919864058494568,0.372225821018219
2396,ROIs1158_spring_s2_123_p75,0.09983455389738083,0.06926704198122025,20.01438331604004,24.13304328918457,0.7007430791854858,0.46220746636390686
2397,ROIs1158_spring_s2_123_p76,0.12387784570455551,0.0862080380320549,18.140127182006836,22.432283401489258,0.562854528427124,0.5853309035301208
2398,ROIs1158_spring_s2_123_p77,0.11845379322767258,0.08079008013010025,18.529022216796875,19.485149383544922,0.5961192846298218,0.610470175743103
2399,ROIs1158_spring_s2_123_p78,0.08436506241559982,0.058425430208444595,21.476747512817383,17.24736976623535,0.7351417541503906,0.5624725818634033
2400,ROIs1158_spring_s2_123_p79,0.07570617645978928,0.05414970591664314,22.417373657226562,18.33064079284668,0.7895482778549194,0.5215368866920471
2401,ROIs1158_spring_s2_123_p80,0.07635990530252457,0.05405360832810402,22.342693328857422,19.69948959350586,0.8323036432266235,0.49812716245651245
2402,ROIs1158_spring_s2_123_p81,0.08303933590650558,0.056768547743558884,21.614322662353516,21.140043258666992,0.8408564329147339,0.480754554271698
2403,ROIs1158_spring_s2_123_p82,0.07577574253082275,0.04818204790353775,22.40939712524414,17.38706398010254,0.8494616150856018,0.3696020543575287
2404,ROIs1158_spring_s2_123_p83,0.08303192257881165,0.05139501392841339,21.615100860595703,19.731353759765625,0.826612114906311,0.32157546281814575
2405,ROIs1158_spring_s2_123_p84,0.10204155743122101,0.06772176921367645,19.824459075927734,25.21912384033203,0.7867506146430969,0.3967176079750061
2406,ROIs1158_spring_s2_123_p85,0.10538838803768158,0.071194127202034,19.544145584106445,24.260433197021484,0.7739324569702148,0.4365043640136719
2407,ROIs1158_spring_s2_123_p86,0.0962531641125679,0.06773129850625992,20.33169937133789,22.916034698486328,0.7516384720802307,0.4876044988632202
2408,ROIs1158_spring_s2_123_p88,0.0829387754201889,0.056270308792591095,21.624849319458008,20.702016830444336,0.805621862411499,0.49160152673721313
2409,ROIs1158_spring_s2_123_p89,0.08623135089874268,0.058061208575963974,21.286697387695312,22.496078491210938,0.7999647855758667,0.49487876892089844
2410,ROIs1158_spring_s2_123_p90,0.09030919522047043,0.06089461222290993,20.885360717773438,23.074554443359375,0.7906010746955872,0.5017148852348328
2411,ROIs1158_spring_s2_123_p91,0.08255329728126526,0.05478932335972786,21.66530990600586,20.930538177490234,0.8002896904945374,0.4281548857688904
2412,ROIs1158_spring_s2_123_p92,0.08516325056552887,0.055313076823949814,21.394956588745117,21.966567993164062,0.8123635053634644,0.40307414531707764
2413,ROIs1158_spring_s2_123_p93,0.0980214923620224,0.06317479908466339,20.173572540283203,23.55122947692871,0.8165128231048584,0.41367107629776
2414,ROIs1158_spring_s2_123_p94,0.09894135594367981,0.06379278004169464,20.092445373535156,22.691137313842773,0.831880509853363,0.4042344391345978
2415,ROIs1158_spring_s2_123_p95,0.08064714074134827,0.05271928384900093,21.86821937561035,19.831317901611328,0.8479012846946716,0.41022834181785583
2416,ROIs1158_spring_s2_123_p96,0.05019129812717438,0.03104723058640957,25.9874324798584,14.991448402404785,0.8769186735153198,0.33427557349205017
2417,ROIs1158_spring_s2_123_p97,0.03109455294907093,0.01989959552884102,30.14631462097168,11.0495023727417,0.8953161239624023,0.20835888385772705
2418,ROIs1158_spring_s2_123_p98,0.0185526255518198,0.01527518779039383,34.631893157958984,9.06299114227295,0.8968682289123535,0.12869590520858765
2419,ROIs1158_spring_s2_123_p99,0.017575038596987724,0.01558407861739397,35.102073669433594,8.916643142700195,0.8796051144599915,0.11989855766296387
2420,ROIs1158_spring_s2_123_p100,0.023684410378336906,0.01796255074441433,32.51074981689453,9.438228607177734,0.8778226375579834,0.14808109402656555
2421,ROIs1158_spring_s2_123_p101,0.052374064922332764,0.03224210813641548,25.617673873901367,14.191376686096191,0.8672587871551514,0.2507609724998474
2422,ROIs1158_spring_s2_123_p102,0.08493820577859879,0.053395017981529236,21.417940139770508,22.528778076171875,0.8368654251098633,0.30602937936782837
2423,ROIs1158_spring_s2_123_p103,0.09617919474840164,0.06316933780908585,20.33837890625,24.066682815551758,0.7986656427383423,0.40247032046318054
2424,ROIs1158_spring_s2_123_p104,0.10218367725610733,0.07074256241321564,19.81237030029297,20.46822166442871,0.6781125664710999,0.5140367746353149
2425,ROIs1158_spring_s2_123_p105,0.12148645520210266,0.08418529480695724,18.3094425201416,19.779788970947266,0.5725783109664917,0.5970414876937866
2426,ROIs1158_spring_s2_123_p106,0.09618089348077774,0.06429605185985565,20.338226318359375,16.592140197753906,0.6953641772270203,0.5741618871688843
2427,ROIs1158_spring_s2_123_p107,0.06550682336091995,0.047229520976543427,23.67426872253418,16.280929565429688,0.8081970810890198,0.5449193716049194
2428,ROIs1158_spring_s2_123_p108,0.07009103894233704,0.048824459314346313,23.086750030517578,18.994306564331055,0.8383052349090576,0.4926048517227173
2429,ROIs1158_spring_s2_123_p109,0.0794757828116417,0.05417133495211601,21.995304107666016,21.423450469970703,0.8647555112838745,0.4542718827724457
2430,ROIs1158_spring_s2_123_p110,0.07887037843465805,0.051010217517614365,22.061721801757812,18.344839096069336,0.8643628358840942,0.41899374127388
2431,ROIs1158_spring_s2_123_p111,0.07359720021486282,0.04512607678771019,22.66277503967285,15.74919605255127,0.8560305833816528,0.3388187885284424
2432,ROIs1158_spring_s2_123_p112,0.09023161232471466,0.057524316012859344,20.8928279876709,22.843482971191406,0.7994661927223206,0.3533599376678467
2433,ROIs1158_spring_s2_123_p113,0.09805822372436523,0.06678195297718048,20.170318603515625,25.517086029052734,0.778038740158081,0.41693732142448425
2434,ROIs1158_spring_s2_123_p114,0.08334065228700638,0.06009865179657936,21.582862854003906,20.834428787231445,0.80856853723526,0.486005574464798
2435,ROIs1158_spring_s2_123_p115,0.0739641785621643,0.05580741912126541,22.619571685791016,19.302448272705078,0.8001140356063843,0.5299904942512512
2436,ROIs1158_spring_s2_123_p117,0.09324610233306885,0.06333808600902557,20.60738754272461,24.425561904907227,0.7742434144020081,0.4815225899219513
2437,ROIs1158_spring_s2_123_p118,0.09341362118721008,0.06262451410293579,20.591796875,23.706111907958984,0.7800025939941406,0.49562373757362366
2438,ROIs1158_spring_s2_123_p119,0.09049635380506516,0.06028301268815994,20.86737823486328,22.59762191772461,0.7939075827598572,0.48005861043930054
2439,ROIs1158_spring_s2_123_p120,0.0902758464217186,0.05941431596875191,20.888568878173828,21.751632690429688,0.8027874231338501,0.48030826449394226
2440,ROIs1158_spring_s2_123_p121,0.09526529163122177,0.06220261752605438,20.421306610107422,22.705228805541992,0.8060087561607361,0.45360875129699707
2441,ROIs1158_spring_s2_123_p122,0.09319642186164856,0.05959562212228775,20.612014770507812,20.926193237304688,0.8166645169258118,0.42018014192581177
2442,ROIs1158_spring_s2_123_p123,0.07763627171516418,0.04913732782006264,22.198707580566406,17.672077178955078,0.8391593098640442,0.41241222620010376
2443,ROIs1158_spring_s2_123_p124,0.04376281425356865,0.02741828002035618,27.17789649963379,13.402584075927734,0.8789737224578857,0.331226646900177
2444,ROIs1158_spring_s2_123_p125,0.025399241596460342,0.017494942992925644,31.903583526611328,10.601343154907227,0.8978759050369263,0.1912136971950531
2445,ROIs1158_spring_s2_123_p126,0.017076922580599785,0.014873814769089222,35.351806640625,9.079748153686523,0.8975329399108887,0.1156659796833992
2446,ROIs1158_spring_s2_123_p127,0.016030780971050262,0.014078839682042599,35.900909423828125,8.365453720092773,0.9006248116493225,0.11691657453775406
2447,ROIs1158_spring_s2_123_p128,0.01774205081164837,0.015762213617563248,35.019920349121094,9.30397891998291,0.8763749003410339,0.12472352385520935
2448,ROIs1158_spring_s2_123_p129,0.036694251000881195,0.023903455585241318,28.708040237426758,11.617588996887207,0.8682488203048706,0.203352153301239
2449,ROIs1158_spring_s2_123_p130,0.06428778916597366,0.03935489431023598,23.837430953979492,18.384071350097656,0.8580478429794312,0.3189317584037781
2450,ROIs1158_spring_s2_123_p131,0.09756509214639664,0.062089115381240845,20.214111328125,24.124332427978516,0.8334918022155762,0.38912251591682434
2451,ROIs1158_spring_s2_123_p132,0.0857730433344841,0.056682102382183075,21.332984924316406,21.865211486816406,0.8226414918899536,0.4606613516807556
2452,ROIs1158_spring_s2_123_p133,0.09732227027416229,0.06663797050714493,20.235755920410156,19.4290828704834,0.7210490703582764,0.5500595569610596
2453,ROIs1158_spring_s2_123_p134,0.09354127943515778,0.06436063349246979,20.579936981201172,16.189453125,0.6889969706535339,0.5631803870201111
2454,ROIs1158_spring_s2_123_p135,0.06408149749040604,0.045214951038360596,23.865346908569336,14.184134483337402,0.7793678045272827,0.5341741442680359
2455,ROIs1158_spring_s2_123_p136,0.06571431457996368,0.046103429049253464,23.646800994873047,16.85225486755371,0.8074884414672852,0.5304468274116516
2456,ROIs1158_spring_s2_123_p137,0.07298028469085693,0.04963133484125137,22.735889434814453,19.06575584411621,0.8517628908157349,0.46616238355636597
2457,ROIs1158_spring_s2_123_p138,0.07423020154237747,0.04951094835996628,22.588388442993164,19.660951614379883,0.8662081956863403,0.4153728485107422
2458,ROIs1158_spring_s2_123_p139,0.07791813462972641,0.048474110662937164,22.16722869873047,17.293092727661133,0.8501684665679932,0.34132760763168335
2459,ROIs1158_spring_s2_123_p140,0.0908483937382698,0.05734691396355629,20.833654403686523,20.651508331298828,0.8089979887008667,0.35307252407073975
2460,ROIs1158_spring_s2_123_p141,0.1012580394744873,0.06732416152954102,19.89141082763672,27.20599937438965,0.7513406276702881,0.42682284116744995
2461,ROIs1158_spring_s2_123_p142,0.09478777647018433,0.06640583276748657,20.464954376220703,26.289875030517578,0.753888726234436,0.5008495450019836
2462,ROIs1158_spring_s2_123_p143,0.0696883276104927,0.05203541740775108,23.136798858642578,19.694345474243164,0.8186542391777039,0.534658670425415
2463,ROIs1158_spring_s2_123_p144,0.06366885453462601,0.04760832339525223,23.92146110534668,17.80711555480957,0.8086953163146973,0.550521731376648
2464,ROIs1158_spring_s2_123_p146,0.08918356150388718,0.0605076402425766,20.99430274963379,24.74063491821289,0.7740854024887085,0.46630316972732544
2465,ROIs1158_spring_s2_123_p147,0.09048201143741608,0.060885220766067505,20.868757247924805,24.09319496154785,0.7799644470214844,0.47023293375968933
2466,ROIs1158_spring_s2_123_p148,0.09762755781412125,0.06593676656484604,20.20855140686035,26.050315856933594,0.7682666182518005,0.46374353766441345
2467,ROIs1158_spring_s2_123_p149,0.09501004219055176,0.06378059089183807,20.444610595703125,24.320274353027344,0.7931331992149353,0.4783443212509155
2468,ROIs1158_spring_s2_123_p150,0.09594482183456421,0.06306393444538116,20.359569549560547,23.921218872070312,0.8114792108535767,0.4592174291610718
2469,ROIs1158_spring_s2_123_p151,0.0944550484418869,0.059180088341236115,20.495498657226562,19.748876571655273,0.8187527656555176,0.3996354341506958
2470,ROIs1158_spring_s2_123_p152,0.049627549946308136,0.03075677715241909,26.08554458618164,12.998472213745117,0.8496530055999756,0.3751327097415924
2471,ROIs1158_spring_s2_123_p153,0.025170275941491127,0.01737179234623909,31.982240676879883,10.6375150680542,0.8906049728393555,0.24077655375003815
2472,ROIs1158_spring_s2_123_p154,0.016952306032180786,0.014621489681303501,35.41542434692383,9.53226375579834,0.8965015411376953,0.1346108317375183
2473,ROIs1158_spring_s2_123_p155,0.015102489851415157,0.013252236880362034,36.41902542114258,8.306669235229492,0.9089531302452087,0.11015350371599197
2474,ROIs1158_spring_s2_123_p156,0.015568871982395649,0.01367233507335186,36.15485763549805,8.503357887268066,0.9027119874954224,0.12154806405305862
2475,ROIs1158_spring_s2_123_p157,0.026114314794540405,0.018127767369151115,31.662425994873047,10.240696907043457,0.8838797807693481,0.15672935545444489
2476,ROIs1158_spring_s2_123_p158,0.05253252759575844,0.03195795789361,25.591432571411133,15.389399528503418,0.8654420971870422,0.2635185122489929
2477,ROIs1158_spring_s2_123_p159,0.08377786725759506,0.05195152387022972,21.53741455078125,22.758960723876953,0.8441352844238281,0.3782240152359009
2478,ROIs1158_spring_s2_123_p160,0.0816897600889206,0.05165261775255203,21.75664710998535,21.168209075927734,0.840790331363678,0.4231311082839966
2479,ROIs1158_spring_s2_123_p161,0.06742235273122787,0.04569888859987259,23.42392349243164,18.40349006652832,0.8273213505744934,0.4962782859802246
2480,ROIs1158_spring_s2_123_p162,0.0765051320195198,0.053240906447172165,22.326187133789062,16.938528060913086,0.7848567962646484,0.5436400175094604
2481,ROIs1158_spring_s2_123_p163,0.07244685292243958,0.05176938697695732,22.79960823059082,14.01432991027832,0.780898928642273,0.5329737663269043
2482,ROIs1158_spring_s2_123_p164,0.0611255019903183,0.04355914890766144,24.275550842285156,13.713569641113281,0.8044173717498779,0.5122225284576416
2483,ROIs1158_spring_s2_123_p165,0.06584717333316803,0.04495207220315933,23.629257202148438,16.162050247192383,0.8213783502578735,0.5066543221473694
2484,ROIs1158_spring_s2_123_p166,0.07807636260986328,0.05196905508637428,22.149608612060547,18.76606559753418,0.8556927442550659,0.47707122564315796
2485,ROIs1158_spring_s2_123_p167,0.07356063276529312,0.04792965576052666,22.66709327697754,17.969470977783203,0.8572872877120972,0.42097368836402893
2486,ROIs1158_spring_s2_123_p168,0.0846654549241066,0.05329776182770729,21.44587516784668,19.0507869720459,0.8349180221557617,0.335655152797699
2487,ROIs1158_spring_s2_123_p169,0.10747893899679184,0.07032265514135361,19.373533248901367,25.746810913085938,0.78670334815979,0.3888252377510071
2488,ROIs1158_spring_s2_123_p170,0.09645019471645355,0.06492944061756134,20.313940048217773,25.334779739379883,0.7595635652542114,0.467761754989624
2489,ROIs1158_spring_s2_123_p171,0.07665640860795975,0.054850175976753235,22.309032440185547,19.829387664794922,0.7836145162582397,0.5212984681129456
2490,ROIs1158_spring_s2_123_p172,0.06139853969216347,0.04533519223332405,24.236841201782227,15.504294395446777,0.8226367235183716,0.5281327366828918
2491,ROIs1158_spring_s2_123_p173,0.0608007088303566,0.04437896981835365,24.321826934814453,15.889542579650879,0.8036153316497803,0.5377813577651978
2492,ROIs1158_spring_s2_123_p175,0.08114815503358841,0.05459636077284813,21.81442642211914,22.528364181518555,0.815237820148468,0.47110944986343384
2493,ROIs1158_spring_s2_123_p176,0.08277790993452072,0.05621986463665962,21.641712188720703,22.809110641479492,0.8074639439582825,0.47140318155288696
2494,ROIs1158_spring_s2_123_p177,0.08713192492723465,0.06100914254784584,21.196453094482422,23.754085540771484,0.7877277731895447,0.471163272857666
2495,ROIs1158_spring_s2_123_p178,0.08361956477165222,0.057516131550073624,21.553842544555664,21.197154998779297,0.8084620237350464,0.461368590593338
2496,ROIs1158_spring_s2_123_p179,0.08901938050985336,0.05795101076364517,21.01030731201172,21.195390701293945,0.8195235729217529,0.44422757625579834
2497,ROIs1158_spring_s2_123_p180,0.08323066681623459,0.0506015382707119,21.594331741333008,17.34886360168457,0.8378683924674988,0.37271684408187866
2498,ROIs1158_spring_s2_123_p181,0.0386442095041275,0.023520980030298233,28.258312225341797,11.785093307495117,0.8749355673789978,0.31302547454833984
2499,ROIs1158_spring_s2_123_p182,0.019391950219869614,0.01522456482052803,34.2475700378418,10.631132125854492,0.8943364024162292,0.17602738738059998
2500,ROIs1158_spring_s2_123_p183,0.012493593618273735,0.010962209664285183,38.066253662109375,7.938737869262695,0.9284393191337585,0.10575132071971893
2501,ROIs1158_spring_s2_123_p184,0.014324470423161983,0.01261546928435564,36.8784294128418,8.565261840820312,0.9110615253448486,0.10929535329341888
2502,ROIs1158_spring_s2_123_p185,0.016481975093483925,0.014620154164731503,35.659812927246094,9.630830764770508,0.883639931678772,0.11836308240890503
2503,ROIs1158_spring_s2_123_p186,0.043167054653167725,0.026107309386134148,27.296953201293945,13.573943138122559,0.8692439198493958,0.21668854355812073
2504,ROIs1158_spring_s2_123_p187,0.07031826674938202,0.04283634573221207,23.058635711669922,20.266822814941406,0.8508449792861938,0.31729644536972046
2505,ROIs1158_spring_s2_123_p188,0.09073871374130249,0.05741178244352341,20.84415054321289,22.875967025756836,0.8374735116958618,0.4129902124404907
2506,ROIs1158_spring_s2_123_p189,0.07174240052700043,0.04551536962389946,22.884483337402344,18.793869018554688,0.842330813407898,0.43802618980407715
2507,ROIs1158_spring_s2_123_p190,0.0611526221036911,0.040944844484329224,24.271699905395508,17.352203369140625,0.8408269882202148,0.4883791506290436
2508,ROIs1158_spring_s2_123_p191,0.06871750205755234,0.048085760325193405,23.258651733398438,16.367355346679688,0.8155080080032349,0.5447258949279785
2509,ROIs1158_spring_s2_123_p192,0.0653957799077034,0.047091223299503326,23.68900489807129,13.877881050109863,0.8197725415229797,0.525787889957428
2510,ROIs1158_spring_s2_123_p193,0.05685371160507202,0.04072950407862663,24.904823303222656,12.372504234313965,0.8243331909179688,0.5007364153862
2511,ROIs1158_spring_s2_123_p194,0.06803417205810547,0.0457196980714798,23.345458984375,16.31414222717285,0.8315548300743103,0.49082067608833313
2512,ROIs1158_spring_s2_123_p195,0.08970988541841507,0.058935314416885376,20.943193435668945,20.368736267089844,0.8518029451370239,0.4581630825996399
2513,ROIs1158_spring_s2_123_p196,0.08038292080163956,0.05124364793300629,21.896724700927734,17.943376541137695,0.8508577346801758,0.427541583776474
2514,ROIs1158_spring_s2_123_p197,0.08351194858551025,0.05221409723162651,21.56502914428711,18.73151397705078,0.8405144214630127,0.3679749369621277
2515,ROIs1158_spring_s2_123_p198,0.10098545253276825,0.06520756334066391,19.914823532104492,24.130409240722656,0.7982057332992554,0.4243359863758087
2516,ROIs1158_spring_s2_123_p199,0.08246080577373505,0.05488058552145958,21.675048828125,19.092697143554688,0.7890995740890503,0.481778085231781
2517,ROIs1158_spring_s2_123_p200,0.06496378034353256,0.04531218111515045,23.74657440185547,13.878896713256836,0.7990128993988037,0.5128607749938965
2518,ROIs1158_spring_s2_123_p201,0.06559497117996216,0.046425409615039825,23.66259002685547,15.157357215881348,0.8023067712783813,0.5202259421348572
2519,ROIs1158_spring_s2_123_p202,0.06515756994485855,0.04624281823635101,23.720703125,16.0789737701416,0.7969142198562622,0.5408461689949036
2520,ROIs1158_spring_s2_123_p204,0.08889690786600113,0.05855594575405121,21.022266387939453,22.745830535888672,0.8441828489303589,0.43765079975128174
2521,ROIs1158_spring_s2_123_p205,0.08962102234363556,0.060092296451330185,20.95180320739746,23.617549896240234,0.8321264386177063,0.4621924161911011
2522,ROIs1158_spring_s2_123_p206,0.08160388469696045,0.0558108352124691,21.765785217285156,21.68062400817871,0.8518025279045105,0.47675201296806335
2523,ROIs1158_spring_s2_123_p207,0.07846017181873322,0.05376258119940758,22.107013702392578,19.619260787963867,0.8487584590911865,0.4479334354400635
2524,ROIs1158_spring_s2_123_p208,0.07117307931184769,0.04581582546234131,22.953683853149414,16.054533004760742,0.8405433893203735,0.41046419739723206
2525,ROIs1158_spring_s2_123_p209,0.04051508381962776,0.02545742876827717,27.847667694091797,12.254530906677246,0.8632927536964417,0.3363020420074463
2526,ROIs1158_spring_s2_123_p210,0.02583835832774639,0.01723959483206272,31.754701614379883,11.371306419372559,0.8911007046699524,0.21959488093852997
2527,ROIs1158_spring_s2_123_p211,0.015482613816857338,0.013205163180828094,36.2031135559082,9.814017295837402,0.9048842191696167,0.14539335668087006
2528,ROIs1158_spring_s2_123_p212,0.012325212359428406,0.010851321741938591,38.184112548828125,8.094395637512207,0.9260736703872681,0.10937298089265823
2529,ROIs1158_spring_s2_123_p213,0.013334454968571663,0.011774619109928608,37.500492095947266,8.604806900024414,0.9157225489616394,0.09804962575435638
2530,ROIs1158_spring_s2_123_p214,0.02487214468419552,0.01800178363919258,32.08573532104492,11.16767692565918,0.875065803527832,0.15140727162361145
2531,ROIs1158_spring_s2_123_p215,0.053906962275505066,0.032728683203458786,25.36710548400879,15.889293670654297,0.8643152713775635,0.2841860055923462
2532,ROIs1158_spring_s2_123_p216,0.08457836508750916,0.05303237587213516,21.454814910888672,21.856096267700195,0.8402913808822632,0.3669772148132324
2533,ROIs1158_spring_s2_123_p217,0.08455919474363327,0.0538518950343132,21.456785202026367,21.07891273498535,0.8326132297515869,0.4302142560482025
2534,ROIs1158_spring_s2_123_p218,0.07188591361045837,0.046147048473358154,22.867124557495117,18.924718856811523,0.8409461975097656,0.4662160873413086
2535,ROIs1158_spring_s2_123_p219,0.06300493329763412,0.04248073324561119,24.012510299682617,16.44818115234375,0.84771728515625,0.4873073101043701
2536,ROIs1158_spring_s2_123_p220,0.07116241008043289,0.05040917173027992,22.954988479614258,14.730060577392578,0.8251472115516663,0.5264726877212524
2537,ROIs1158_spring_s2_123_p221,0.06767834722995758,0.04786767438054085,23.391006469726562,13.821208000183105,0.8226698637008667,0.5135612487792969
2538,ROIs1158_spring_s2_123_p222,0.061635732650756836,0.04197051003575325,24.203350067138672,14.053887367248535,0.8203009366989136,0.4985227584838867
2539,ROIs1158_spring_s2_123_p223,0.08215105533599854,0.05399097874760628,21.70773696899414,18.624109268188477,0.8177922964096069,0.4794337749481201
2540,ROIs1158_spring_s2_123_p224,0.09451513737440109,0.06116080656647682,20.489971160888672,20.392568588256836,0.8429505228996277,0.43454137444496155
2541,ROIs1158_spring_s2_123_p225,0.081480011343956,0.05095212161540985,21.778980255126953,17.791282653808594,0.8449304103851318,0.37573182582855225
2542,ROIs1158_spring_s2_123_p226,0.08674748241901398,0.054122406989336014,21.23486328125,20.573205947875977,0.8200407028198242,0.38227230310440063
2543,ROIs1158_spring_s2_123_p227,0.09247126430273056,0.0595039427280426,20.67986297607422,22.411378860473633,0.7767198085784912,0.4510951042175293
2544,ROIs1158_spring_s2_123_p228,0.07171064615249634,0.046882666647434235,22.888328552246094,15.345723152160645,0.7887255549430847,0.49307793378829956
2545,ROIs1158_spring_s2_123_p229,0.06293412297964096,0.04226803034543991,24.022275924682617,12.568732261657715,0.7971999049186707,0.4946785271167755
2546,ROIs1158_spring_s2_123_p230,0.06432125717401505,0.043251462280750275,23.832910537719727,13.937685012817383,0.7939063310623169,0.4916955828666687
2547,ROIs1158_spring_s2_123_p231,0.0658353865146637,0.04499273747205734,23.63081169128418,14.878597259521484,0.78706294298172,0.5143128633499146
2548,ROIs1158_spring_s2_123_p233,0.09788470715284348,0.06319206953048706,20.18570327758789,22.771883010864258,0.8328189253807068,0.4325583577156067
2549,ROIs1158_spring_s2_123_p234,0.10918557643890381,0.06990605592727661,19.236696243286133,23.407474517822266,0.8268312811851501,0.42723578214645386
2550,ROIs1158_spring_s2_123_p235,0.10391661524772644,0.06619598716497421,19.666301727294922,21.714521408081055,0.8385403156280518,0.4182009696960449
2551,ROIs1158_spring_s2_123_p236,0.08348388969898224,0.05222924053668976,21.567947387695312,16.739755630493164,0.8494989275932312,0.39971908926963806
2552,ROIs1158_spring_s2_123_p237,0.04397483170032501,0.027368051931262016,27.13591766357422,11.87059497833252,0.8629938364028931,0.3896297216415405
2553,ROIs1158_spring_s2_123_p239,0.015627512708306313,0.012674425728619099,36.12220001220703,9.901558876037598,0.9099346995353699,0.12555420398712158
2554,ROIs1158_spring_s2_123_p240,0.01170624140650034,0.01027692575007677,38.631649017333984,7.884765148162842,0.9313869476318359,0.11538206785917282
2555,ROIs1158_spring_s2_123_p241,0.012576952576637268,0.011067352257668972,38.00849151611328,8.234610557556152,0.9228698015213013,0.11494031548500061
2556,ROIs1158_spring_s2_123_p242,0.018685180693864822,0.014905773103237152,34.57005310058594,10.107817649841309,0.8906137943267822,0.12553389370441437
2557,ROIs1158_spring_s2_123_p243,0.04331832379102707,0.026655251160264015,27.26656723022461,14.225844383239746,0.8631565570831299,0.23504653573036194
2558,ROIs1158_spring_s2_123_p244,0.06400471925735474,0.03945733606815338,23.87575912475586,17.68896484375,0.8491673469543457,0.35656028985977173
2559,ROIs1158_spring_s2_123_p245,0.0856332778930664,0.05353311449289322,21.347148895263672,19.267786026000977,0.8340681195259094,0.42842885851860046
2560,ROIs1158_spring_s2_123_p246,0.08680927753448486,0.05540155619382858,21.22867774963379,20.87100601196289,0.8299782276153564,0.4513462483882904
2561,ROIs1158_spring_s2_123_p247,0.07359912991523743,0.04831380397081375,22.662546157836914,19.89129638671875,0.8320429921150208,0.47905999422073364
2562,ROIs1158_spring_s2_123_p248,0.061221178621053696,0.04228857159614563,24.261966705322266,15.025367736816406,0.8347315788269043,0.49697694182395935
2563,ROIs1158_spring_s2_123_p249,0.06921858340501785,0.04805761203169823,23.19554901123047,16.043598175048828,0.8393827080726624,0.5083441734313965
2564,ROIs1158_spring_s2_123_p250,0.0736357793211937,0.050039973109960556,22.658222198486328,16.47940444946289,0.8247235417366028,0.505456805229187
2565,ROIs1158_spring_s2_123_p251,0.07384644448757172,0.0483676940202713,22.63340950012207,15.940025329589844,0.8028392791748047,0.4899177849292755
2566,ROIs1158_spring_s2_123_p252,0.08071891963481903,0.05252160504460335,21.86049461364746,18.2185001373291,0.813169002532959,0.47708189487457275
2567,ROIs1158_spring_s2_123_p253,0.0797329843044281,0.051414839923381805,21.967239379882812,18.53940773010254,0.8330071568489075,0.4324219822883606
2568,ROIs1158_spring_s2_123_p254,0.07616381347179413,0.047959379851818085,22.365028381347656,18.44818115234375,0.8299366235733032,0.3653228282928467
2569,ROIs1158_spring_s2_123_p255,0.08976465463638306,0.05719514563679695,20.93789291381836,22.872825622558594,0.791617751121521,0.41047203540802
2570,ROIs1158_spring_s2_123_p256,0.0795627236366272,0.05169880762696266,21.985807418823242,18.86638832092285,0.7549551725387573,0.4955923557281494
2571,ROIs1158_spring_s2_123_p257,0.061911869794130325,0.041301529854536057,24.164522171020508,13.360020637512207,0.7651046514511108,0.5123516321182251
2572,ROIs1158_spring_s2_123_p258,0.058728765696287155,0.03970449045300484,24.622983932495117,12.397255897521973,0.7910737991333008,0.5034687519073486
2573,ROIs1158_spring_s2_123_p259,0.060722410678863525,0.04050786420702934,24.333019256591797,13.056539535522461,0.7966856360435486,0.4894658029079437
2574,ROIs1158_spring_s2_123_p260,0.06127200648188591,0.04088931530714035,24.254758834838867,13.265084266662598,0.7862039804458618,0.5004301071166992
2575,ROIs1158_spring_s2_123_p262,0.09542545676231384,0.05989822372794151,20.406715393066406,19.9158935546875,0.8197324872016907,0.43723079562187195
2576,ROIs1158_spring_s2_123_p263,0.0932525247335434,0.057675380259752274,20.606788635253906,18.81438446044922,0.8320823907852173,0.3966085910797119
2577,ROIs1158_spring_s2_123_p264,0.07139086723327637,0.04321807250380516,22.927146911621094,16.642004013061523,0.8531069755554199,0.3761593699455261
2578,ROIs1158_spring_s2_123_p265,0.04027748107910156,0.024412399157881737,27.898754119873047,12.197022438049316,0.8685413599014282,0.34818100929260254
2579,ROIs1158_spring_s2_123_p266,0.02739901654422283,0.017822084948420525,31.24530029296875,11.092504501342773,0.8838926553726196,0.29552793502807617
2580,ROIs1158_spring_s2_123_p268,0.010142815299332142,0.008862214162945747,39.8768310546875,7.7369513511657715,0.9399772882461548,0.06993857026100159
2581,ROIs1158_spring_s2_123_p269,0.011438165791332722,0.01004299707710743,38.83287048339844,8.358057975769043,0.9278869032859802,0.09580392390489578
2582,ROIs1158_spring_s2_123_p270,0.012707785703241825,0.011192399077117443,37.918601989746094,8.723447799682617,0.9183357954025269,0.1009044498205185
2583,ROIs1158_spring_s2_123_p271,0.030792204663157463,0.020243674516677856,30.231185913085938,12.642763137817383,0.8678847551345825,0.17697963118553162
2584,ROIs1158_spring_s2_123_p272,0.055089328438043594,0.03361009433865547,25.17864990234375,16.517547607421875,0.8576673269271851,0.31130141019821167
2585,ROIs1158_spring_s2_123_p273,0.07902532070875168,0.04939650371670723,22.044675827026367,18.128795623779297,0.8430247902870178,0.4018433094024658
2586,ROIs1158_spring_s2_123_p274,0.08154766261577606,0.05038995295763016,21.771770477294922,16.163633346557617,0.8375627994537354,0.430454820394516
2587,ROIs1158_spring_s2_123_p275,0.08520055562257767,0.05320238322019577,21.391151428222656,18.054948806762695,0.8312148451805115,0.45696598291397095
2588,ROIs1158_spring_s2_123_p276,0.07683634757995605,0.05124697461724281,22.288665771484375,19.822826385498047,0.8309581279754639,0.4908238351345062
2589,ROIs1158_spring_s2_123_p277,0.06939303129911423,0.048280131071805954,23.173683166503906,18.88280487060547,0.8466431498527527,0.4876827299594879
2590,ROIs1158_spring_s2_123_p278,0.07302416861057281,0.05092833936214447,22.730667114257812,19.1453857421875,0.8440738916397095,0.4711313843727112
2591,ROIs1158_spring_s2_123_p279,0.08409275859594345,0.05408066138625145,21.50482940673828,17.568788528442383,0.8205404877662659,0.4586763381958008
2592,ROIs1158_spring_s2_123_p280,0.0766160637140274,0.04911443963646889,22.3136043548584,16.545759201049805,0.807892918586731,0.4652853012084961
2593,ROIs1158_spring_s2_123_p281,0.06944672018289566,0.045456402003765106,23.16696548461914,16.05866050720215,0.8226356506347656,0.44822800159454346
2594,ROIs1158_spring_s2_123_p282,0.07645244151353836,0.04936136677861214,22.332172393798828,17.86617660522461,0.8273098468780518,0.39883333444595337
2595,ROIs1158_spring_s2_123_p283,0.08316399157047272,0.0536310113966465,21.601295471191406,20.9758243560791,0.8056759834289551,0.4034033417701721
2596,ROIs1158_spring_s2_123_p284,0.0759553611278534,0.04968157038092613,22.388832092285156,19.20285415649414,0.7893632650375366,0.46839359402656555
2597,ROIs1158_spring_s2_123_p285,0.06531375646591187,0.0433913990855217,23.699909210205078,14.8074369430542,0.7735797166824341,0.4866721034049988
2598,ROIs1158_spring_s2_123_p286,0.060650523751974106,0.0412517748773098,24.34330940246582,13.01752758026123,0.7578300833702087,0.5043847560882568
2599,ROIs1158_spring_s2_123_p287,0.05834169685840607,0.03954712301492691,24.680419921875,12.443624496459961,0.7913041710853577,0.4886623024940491
2600,ROIs1158_spring_s2_123_p288,0.0670490711927414,0.04324781894683838,23.47214698791504,14.31933879852295,0.8060218095779419,0.4614346921443939
2601,ROIs1158_spring_s2_123_p289,0.06716123223304749,0.04337483271956444,23.457626342773438,14.471879959106445,0.7933697700500488,0.4763096570968628
2602,ROIs1158_spring_s2_123_p291,0.07728208601474762,0.04822765290737152,22.23842430114746,16.565895080566406,0.824303150177002,0.43532079458236694
2603,ROIs1158_spring_s2_123_p292,0.04523638263344765,0.0283372662961483,26.890241622924805,13.806864738464355,0.8474083542823792,0.36652112007141113
2604,ROIs1158_spring_s2_123_p293,0.03029509261250496,0.018840273842215538,30.3725528717041,12.393706321716309,0.8886229991912842,0.2700262665748596
2605,ROIs1158_spring_s2_123_p294,0.021789494901895523,0.015238060615956783,33.23505783081055,12.01208782196045,0.8917326331138611,0.17628231644630432
2606,ROIs1158_spring_s2_123_p295,0.018504111096262932,0.014262066222727299,34.65463638305664,11.560834884643555,0.8914234638214111,0.1262347251176834
2607,ROIs1158_spring_s2_123_p296,0.015886273235082626,0.012764791026711464,35.97956085205078,11.038090705871582,0.9009673595428467,0.07890634983778
2608,ROIs1158_spring_s2_123_p297,0.012279922142624855,0.010612702928483486,38.21609115600586,9.936485290527344,0.9137372970581055,0.05842381343245506
2609,ROIs1158_spring_s2_123_p298,0.013400310650467873,0.011715341359376907,37.45770263671875,10.5204496383667,0.9005589485168457,0.08003412932157516
2610,ROIs1158_spring_s2_123_p299,0.015503196977078915,0.013541029766201973,36.19157409667969,11.028311729431152,0.8889427185058594,0.08396920561790466
2611,ROIs1158_spring_s2_123_p300,0.034975625574588776,0.022381559014320374,29.124691009521484,13.735706329345703,0.8657321929931641,0.22722266614437103
2612,ROIs1158_spring_s2_123_p301,0.05979327857494354,0.037570733577013016,24.466951370239258,16.795408248901367,0.8493072390556335,0.3675841689109802
2613,ROIs1158_spring_s2_123_p302,0.08096049726009369,0.051102712750434875,21.834537506103516,17.445709228515625,0.8430961966514587,0.4104004502296448
2614,ROIs1158_spring_s2_123_p303,0.08416786044836044,0.05263248458504677,21.4970760345459,16.686100006103516,0.8452145457267761,0.396327942609787
2615,ROIs1158_spring_s2_123_p304,0.0921354666352272,0.05769502371549606,20.711462020874023,18.127914428710938,0.8396207690238953,0.4238585829734802
2616,ROIs1158_spring_s2_123_p305,0.08545364439487457,0.055304862558841705,21.365386962890625,18.894874572753906,0.8441389799118042,0.45782470703125
2617,ROIs1158_spring_s2_123_p306,0.07971473038196564,0.05378401651978493,21.96923065185547,19.42426872253418,0.8465262651443481,0.4461170732975006
2618,ROIs1158_spring_s2_123_p307,0.07799351960420609,0.0504772774875164,22.158830642700195,17.20086669921875,0.8402404189109802,0.42240411043167114
2619,ROIs1158_spring_s2_123_p308,0.07587025314569473,0.047149769961833954,22.398569107055664,14.4006986618042,0.8247343301773071,0.41540616750717163
2620,ROIs1158_spring_s2_123_p309,0.07461918145418167,0.0479925163090229,22.542991638183594,16.4163761138916,0.8187358379364014,0.4558771848678589
2621,ROIs1158_spring_s2_123_p310,0.07427523285150528,0.04818626865744591,22.583120346069336,17.281587600708008,0.8262009024620056,0.4183902144432068
2622,ROIs1158_spring_s2_123_p311,0.08596688508987427,0.05489414185285568,21.313377380371094,19.941373825073242,0.824921190738678,0.3752138614654541
2623,ROIs1158_spring_s2_123_p312,0.08321049809455872,0.05467218533158302,21.596439361572266,20.850618362426758,0.8055715560913086,0.4294256269931793
2624,ROIs1158_spring_s2_123_p313,0.069466732442379,0.046107396483421326,23.16446304321289,16.70130729675293,0.7994698286056519,0.46854954957962036
2625,ROIs1158_spring_s2_123_p314,0.07335973531007767,0.04766225442290306,22.690845489501953,15.696084976196289,0.7986190319061279,0.4541296064853668
2626,ROIs1158_spring_s2_123_p315,0.062412723898887634,0.0421028696000576,24.094539642333984,13.939876556396484,0.7794969081878662,0.4831583499908447
2627,ROIs1158_spring_s2_123_p316,0.06347933411598206,0.04206607863306999,23.94735336303711,13.940459251403809,0.7983759045600891,0.49938100576400757
2628,ROIs1158_spring_s2_123_p317,0.07950256019830704,0.05014711990952492,21.99237823486328,17.04618263244629,0.814662516117096,0.4609500467777252
2629,ROIs1158_spring_s2_123_p318,0.07771962881088257,0.04950341582298279,22.18938636779785,16.878459930419922,0.7988593578338623,0.4715555012226105
2630,ROIs1158_spring_s2_123_p320,0.037199217826128006,0.02255728654563427,28.589324951171875,12.772747993469238,0.8718911409378052,0.32156693935394287
2631,ROIs1158_spring_s2_123_p321,0.0242831539362669,0.01678803749382496,32.29389572143555,12.354637145996094,0.8823400735855103,0.21548180282115936
2632,ROIs1158_spring_s2_123_p322,0.015941113233566284,0.012943334877490997,35.94962692260742,11.372509002685547,0.8997242450714111,0.09785347431898117
2633,ROIs1158_spring_s2_123_p323,0.009718651883304119,0.008403622545301914,40.24787902832031,8.157918930053711,0.9384567141532898,0.035208746790885925
2634,ROIs1158_spring_s2_123_p324,0.011816756799817085,0.01007060892879963,38.5500373840332,9.963631629943848,0.9190588593482971,0.040144532918930054
2635,ROIs1158_spring_s2_123_p325,0.012530308216810226,0.010701623745262623,38.04076385498047,10.550540924072266,0.9095315337181091,0.04535345360636711
2636,ROIs1158_spring_s2_123_p326,0.01342832949012518,0.011556553654372692,37.43955993652344,11.1100492477417,0.898410439491272,0.0468168780207634
2637,ROIs1158_spring_s2_123_p327,0.014238131232559681,0.012348673306405544,36.930938720703125,11.586907386779785,0.8885602951049805,0.05521666258573532
2638,ROIs1158_spring_s2_123_p328,0.020165661349892616,0.016299258917570114,33.907752990722656,13.028432846069336,0.8667697906494141,0.1109064519405365
2639,ROIs1158_spring_s2_123_p329,0.035947639495134354,0.023149631917476654,28.886594772338867,13.43626880645752,0.8687388896942139,0.28901857137680054
2640,ROIs1158_spring_s2_123_p330,0.06812634319067001,0.04325802996754646,23.33370018005371,15.611100196838379,0.8524256348609924,0.408357173204422
2641,ROIs1158_spring_s2_123_p331,0.0764070525765419,0.04773777350783348,22.337331771850586,15.86520004272461,0.8441591262817383,0.4137715697288513
2642,ROIs1158_spring_s2_123_p332,0.07588517665863037,0.04770297929644585,22.396860122680664,15.777138710021973,0.8486751914024353,0.4060766100883484
2643,ROIs1158_spring_s2_123_p333,0.08190188556909561,0.05085213854908943,21.73412322998047,16.31437110900879,0.8497377634048462,0.40571141242980957
2644,ROIs1158_spring_s2_123_p334,0.0698874443769455,0.04270312562584877,23.112018585205078,13.912078857421875,0.8486809134483337,0.43358349800109863
2645,ROIs1158_spring_s2_123_p335,0.05445261299610138,0.03452037274837494,25.279626846313477,11.839430809020996,0.8498148322105408,0.4283719062805176
2646,ROIs1158_spring_s2_123_p336,0.049144402146339417,0.031244760379195213,26.170520782470703,10.73910140991211,0.8601168990135193,0.4099423289299011
2647,ROIs1158_spring_s2_123_p337,0.06333453208208084,0.03933783248066902,23.96718978881836,12.72205924987793,0.8486239314079285,0.41281771659851074
2648,ROIs1158_spring_s2_123_p338,0.06884782016277313,0.044471658766269684,23.24219512939453,15.677523612976074,0.8326293230056763,0.43431806564331055
2649,ROIs1158_spring_s2_123_p339,0.07377015054225922,0.0481736958026886,22.642385482788086,17.378456115722656,0.8237109780311584,0.41785287857055664
2650,ROIs1158_spring_s2_123_p340,0.08259569108486176,0.05349035933613777,21.660852432250977,20.75337028503418,0.8143572807312012,0.42135512828826904
2651,ROIs1158_spring_s2_123_p341,0.07090581953525543,0.04668121412396431,22.986364364624023,18.315401077270508,0.8218156099319458,0.47205424308776855
2652,ROIs1158_spring_s2_123_p342,0.07127989083528519,0.04689761623740196,22.940658569335938,17.30002784729004,0.8243985772132874,0.4762900173664093
2653,ROIs1158_spring_s2_123_p343,0.08159472048282623,0.05139392986893654,21.766759872436523,16.452861785888672,0.806070864200592,0.45938146114349365
2654,ROIs1158_spring_s2_123_p344,0.05753012374043465,0.03834887221455574,24.802093505859375,13.39732551574707,0.7944377064704895,0.4912337064743042
2655,ROIs1158_spring_s2_123_p345,0.0617704838514328,0.040594056248664856,24.18437957763672,14.069070816040039,0.7975327372550964,0.5123202800750732
2656,ROIs1158_spring_s2_123_p346,0.07664595544338226,0.04931829124689102,22.310216903686523,17.102949142456055,0.8055800795555115,0.49579182267189026
2657,ROIs1158_spring_s2_123_p347,0.07928812503814697,0.050708021968603134,22.015838623046875,17.71725082397461,0.8029004335403442,0.4711769223213196
2658,ROIs1158_spring_s2_123_p349,0.02886524237692356,0.01932484656572342,30.79249382019043,10.673898696899414,0.8778634071350098,0.3270699977874756
2659,ROIs1158_spring_s2_123_p350,0.0240787360817194,0.01666414737701416,32.36732864379883,11.732015609741211,0.884013831615448,0.2468845546245575
2660,ROIs1158_spring_s2_123_p351,0.018060576170682907,0.013658132404088974,34.8653678894043,12.286092758178711,0.8904688358306885,0.11426214873790741
2661,ROIs1158_spring_s2_123_p352,0.013922903686761856,0.011493682861328125,37.125404357910156,11.521385192871094,0.9035326242446899,0.057218942791223526
2662,ROIs1158_spring_s2_123_p353,0.011282248422503471,0.009637612849473953,38.95208740234375,9.853556632995605,0.9168489575386047,0.024277690798044205
2663,ROIs1158_spring_s2_123_p354,0.011407432146370411,0.009838305413722992,38.85624313354492,9.662508964538574,0.916144609451294,0.026112854480743408
2664,ROIs1158_spring_s2_123_p355,0.011991031467914581,0.010372181423008442,38.42287063598633,10.164111137390137,0.9090113043785095,0.03192375600337982
2665,ROIs1158_spring_s2_123_p356,0.012386922724545002,0.010744262486696243,38.14073181152344,10.361550331115723,0.9059109091758728,0.038371000438928604
2666,ROIs1158_spring_s2_123_p357,0.03214703127741814,0.020735278725624084,29.857181549072266,14.303739547729492,0.8637030124664307,0.15573230385780334
2667,ROIs1158_spring_s2_123_p358,0.050588011741638184,0.03163544461131096,25.919048309326172,15.124029159545898,0.8613611459732056,0.3231634199619293
2668,ROIs1158_spring_s2_123_p359,0.07042500376701355,0.043956443667411804,23.045461654663086,14.636377334594727,0.8509668111801147,0.39555424451828003
2669,ROIs1158_spring_s2_123_p360,0.06370872259140015,0.039268091320991516,23.91602325439453,12.71922779083252,0.8416299819946289,0.43554532527923584
2670,ROIs1158_spring_s2_123_p361,0.05596236512064934,0.03477161005139351,25.04207992553711,11.460306167602539,0.8563591241836548,0.4164818525314331
2671,ROIs1158_spring_s2_123_p362,0.0484142079949379,0.030719174072146416,26.30054473876953,9.975690841674805,0.8624157309532166,0.40945547819137573
2672,ROIs1158_spring_s2_123_p363,0.04361291602253914,0.028254104778170586,27.207698822021484,9.029274940490723,0.8534376621246338,0.4392932057380676
2673,ROIs1158_spring_s2_123_p364,0.04591996222734451,0.028948036953806877,26.75996971130371,9.84663200378418,0.8464057445526123,0.44080665707588196
2674,ROIs1158_spring_s2_123_p365,0.045085206627845764,0.028949465602636337,26.9193172454834,10.151789665222168,0.8520365953445435,0.42996877431869507
2675,ROIs1158_spring_s2_123_p366,0.05906828120350838,0.03839355334639549,24.572914123535156,13.79470443725586,0.8541113138198853,0.4270254373550415
2676,ROIs1158_spring_s2_123_p367,0.06638502329587936,0.04329914599657059,23.558597564697266,15.343988418579102,0.8383762836456299,0.40382495522499084
2677,ROIs1158_spring_s2_123_p368,0.07719539105892181,0.05052627995610237,22.2481746673584,18.061813354492188,0.8099318742752075,0.4147628843784332
2678,ROIs1158_spring_s2_123_p369,0.0797630324959755,0.052890803664922714,21.96396827697754,20.039594650268555,0.8004337549209595,0.46242696046829224
2679,ROIs1158_spring_s2_123_p370,0.06424767524003983,0.04265802726149559,23.842851638793945,15.493925094604492,0.8353683352470398,0.4728281497955322
2680,ROIs1158_spring_s2_123_p371,0.07997821271419525,0.051435358822345734,21.94056510925293,18.924823760986328,0.8349868059158325,0.4589199721813202
2681,ROIs1158_spring_s2_123_p372,0.08170203119516373,0.05071793869137764,21.755342483520508,17.376344680786133,0.8021150827407837,0.465215265750885
2682,ROIs1158_spring_s2_123_p373,0.055862803012132645,0.03693877160549164,25.057544708251953,13.181100845336914,0.7970945835113525,0.47956982254981995
2683,ROIs1158_spring_s2_123_p374,0.06119781360030174,0.04092537239193916,24.265281677246094,14.092599868774414,0.7836012244224548,0.5141192674636841
2684,ROIs1158_spring_s2_123_p375,0.0726008489727974,0.04799732565879822,22.781166076660156,16.08048439025879,0.7864132523536682,0.5088122487068176
2685,ROIs1158_spring_s2_123_p376,0.07912643253803253,0.05062546208500862,22.0335693359375,17.192588806152344,0.8033456206321716,0.4782348871231079
2686,ROIs1158_spring_s2_123_p378,0.03642963990569115,0.023608101531863213,28.770902633666992,9.240039825439453,0.8465006351470947,0.42193230986595154
2687,ROIs1158_spring_s2_123_p379,0.030673842877149582,0.020063070580363274,30.264636993408203,10.6196870803833,0.8642985820770264,0.3567070960998535
2688,ROIs1158_spring_s2_123_p380,0.021806098520755768,0.01575479842722416,33.22843933105469,13.059313774108887,0.8785900473594666,0.1873043179512024
2689,ROIs1158_spring_s2_123_p381,0.014513812027871609,0.012017900124192238,36.76436996459961,11.973472595214844,0.8967806100845337,0.08291901648044586
2690,ROIs1158_spring_s2_123_p382,0.011570369824767113,0.009926117025315762,38.733055114746094,10.046690940856934,0.9137254953384399,0.02666677162051201
2691,ROIs1158_spring_s2_123_p383,0.01139131747186184,0.009871402755379677,38.8685188293457,9.621369361877441,0.9154074192047119,0.02646314911544323
2692,ROIs1158_spring_s2_123_p384,0.011565374210476875,0.010039078071713448,38.73680877685547,9.782326698303223,0.9136412143707275,0.029876764863729477
2693,ROIs1158_spring_s2_123_p385,0.01534181833267212,0.012640905566513538,36.282466888427734,11.371905326843262,0.893287181854248,0.05265788361430168
2694,ROIs1158_spring_s2_123_p386,0.039772093296051025,0.024475423619151115,28.008432388305664,15.446122169494629,0.8670961856842041,0.19963479042053223
2695,ROIs1158_spring_s2_123_p387,0.05769473314285278,0.035978950560092926,24.77727699279785,15.399003028869629,0.8600879311561584,0.343394935131073
2696,ROIs1158_spring_s2_123_p388,0.05609951540827751,0.035013146698474884,25.02081871032715,12.08653736114502,0.8511168956756592,0.4358319938182831
2697,ROIs1158_spring_s2_123_p389,0.04721502959728241,0.029744790866971016,26.51839828491211,9.96976375579834,0.8475641012191772,0.44466114044189453
2698,ROIs1158_spring_s2_123_p390,0.04508686438202858,0.028387052938342094,26.91900062561035,9.509869575500488,0.8645234107971191,0.41122904419898987
2699,ROIs1158_spring_s2_123_p391,0.03830189257860184,0.02534986473619938,28.335594177246094,8.091623306274414,0.8799984455108643,0.3852713406085968
2700,ROIs1158_spring_s2_123_p392,0.045555416494607925,0.028895581141114235,26.829200744628906,9.440289497375488,0.8591486215591431,0.4033207893371582
2701,ROIs1158_spring_s2_123_p393,0.051185864955186844,0.03218814730644226,25.817001342773438,11.346728324890137,0.843743085861206,0.42486608028411865
2702,ROIs1158_spring_s2_123_p394,0.04721938446164131,0.030308738350868225,26.517593383789062,10.840618133544922,0.8485451936721802,0.41991090774536133
2703,ROIs1158_spring_s2_123_p395,0.058503635227680206,0.03740788623690605,24.656343460083008,14.161134719848633,0.8358553647994995,0.41532284021377563
2704,ROIs1158_spring_s2_123_p396,0.08167386054992676,0.05243515223264694,21.758338928222656,19.560791015625,0.8005213737487793,0.38029715418815613
2705,ROIs1158_spring_s2_123_p397,0.09644980728626251,0.06391163170337677,20.31397247314453,23.620988845825195,0.7846238017082214,0.4141108989715576
2706,ROIs1158_spring_s2_123_p398,0.08333469927310944,0.055404361337423325,21.58348274230957,19.95889663696289,0.8014003038406372,0.4611102342605591
2707,ROIs1158_spring_s2_123_p399,0.07236608117818832,0.04746755585074425,22.80929946899414,16.660423278808594,0.8365209698677063,0.47644466161727905
2708,ROIs1158_spring_s2_123_p400,0.09268510341644287,0.05947250872850418,20.659801483154297,20.6741886138916,0.827175498008728,0.4445984363555908
2709,ROIs1158_spring_s2_123_p401,0.08440005779266357,0.05286601185798645,21.47314453125,18.50278663635254,0.8080889582633972,0.4527948796749115
2710,ROIs1158_spring_s2_123_p402,0.060284167528152466,0.039419762790203094,24.39593505859375,13.574504852294922,0.8086073994636536,0.4804760217666626
2711,ROIs1158_spring_s2_123_p403,0.06660858541727066,0.044462837278842926,23.52939796447754,15.187829971313477,0.784073531627655,0.49527138471603394
2712,ROIs1158_spring_s2_123_p404,0.07667086273431778,0.050374824553728104,22.30739402770996,16.5966739654541,0.7832889556884766,0.465453565120697
2713,ROIs1158_spring_s2_123_p405,0.07577088475227356,0.04872953146696091,22.409954071044922,16.33537483215332,0.802177369594574,0.4845651090145111
2714,ROIs1158_spring_s2_123_p407,0.03463524580001831,0.02325771003961563,29.20963478088379,9.813944816589355,0.8425055742263794,0.44197678565979004
2715,ROIs1158_spring_s2_123_p408,0.02775583229959011,0.018645916134119034,31.132915496826172,11.864320755004883,0.8696467876434326,0.286512166261673
2716,ROIs1158_spring_s2_123_p409,0.01890754885971546,0.014487920328974724,34.4672966003418,12.736141204833984,0.8816142678260803,0.13406646251678467
2717,ROIs1158_spring_s2_123_p410,0.011713349260389805,0.009843968786299229,38.626380920410156,10.548544883728027,0.915122389793396,0.05001470074057579
2718,ROIs1158_spring_s2_123_p411,0.011312722228467464,0.009733615443110466,38.92865753173828,10.021709442138672,0.9141443967819214,0.02914612740278244
2719,ROIs1158_spring_s2_123_p412,0.011086477898061275,0.009654270485043526,39.1041259765625,9.369253158569336,0.9182888269424438,0.03272012621164322
2720,ROIs1158_spring_s2_123_p413,0.011079695075750351,0.009734181687235832,39.10944366455078,9.103412628173828,0.9199101328849792,0.0465022549033165
2721,ROIs1158_spring_s2_123_p414,0.01649223454296589,0.01344660110771656,35.6544075012207,11.51569938659668,0.8896393179893494,0.07027629762887955
2722,ROIs1158_spring_s2_123_p415,0.032644763588905334,0.02039974555373192,29.723730087280273,14.523540496826172,0.873797595500946,0.1604977548122406
2723,ROIs1158_spring_s2_123_p416,0.036469295620918274,0.022511253133416176,28.76145362854004,13.731795310974121,0.8781764507293701,0.26582562923431396
2724,ROIs1158_spring_s2_123_p417,0.03694837540388107,0.023914266377687454,28.64809226989746,11.771622657775879,0.8590858578681946,0.36277836561203003
2725,ROIs1158_spring_s2_123_p418,0.04855140298604965,0.03033803589642048,26.275962829589844,10.476663589477539,0.8542320728302002,0.42440667748451233
2726,ROIs1158_spring_s2_123_p419,0.04959532618522644,0.030516890808939934,26.0911865234375,10.24057674407959,0.8544595241546631,0.3927302658557892
2727,ROIs1158_spring_s2_123_p420,0.04200022295117378,0.026510106399655342,27.534969329833984,8.647027969360352,0.8653284311294556,0.3898383378982544
2728,ROIs1158_spring_s2_123_p421,0.057530760765075684,0.030638840049505234,24.801998138427734,9.958166122436523,0.8501726984977722,0.40332698822021484
2729,ROIs1158_spring_s2_123_p423,0.04426908865571022,0.028119996190071106,27.07798957824707,9.951495170593262,0.8558903932571411,0.41771548986434937
2730,ROIs1158_spring_s2_123_p424,0.059449415653944016,0.0371856689453125,24.517047882080078,14.2897367477417,0.8411405682563782,0.38229912519454956
2731,ROIs1158_spring_s2_123_p425,0.08147917687892914,0.05292904004454613,21.779067993164062,20.465322494506836,0.8027582168579102,0.3891404867172241
2732,ROIs1158_spring_s2_123_p426,0.08956581354141235,0.059802599251270294,20.957155227661133,21.86358070373535,0.7871921062469482,0.4482622742652893
2733,ROIs1158_spring_s2_123_p427,0.07200059294700623,0.04775603115558624,22.85327911376953,16.830610275268555,0.8177016377449036,0.46266740560531616
2734,ROIs1158_spring_s2_123_p428,0.07530773431062698,0.04891054332256317,22.463207244873047,16.873273849487305,0.8334636688232422,0.47083020210266113
2735,ROIs1158_spring_s2_123_p429,0.08389955759048462,0.05409349128603935,21.52480697631836,18.41582489013672,0.8258728981018066,0.44665393233299255
2736,ROIs1158_spring_s2_123_p430,0.07414887845516205,0.04778553172945976,22.59790802001953,16.379322052001953,0.81892991065979,0.45769408345222473
2737,ROIs1158_spring_s2_123_p431,0.06237451359629631,0.04107554256916046,24.099857330322266,13.464213371276855,0.8161702752113342,0.4658640921115875
2738,ROIs1158_spring_s2_123_p432,0.06997071206569672,0.04542936384677887,23.101673126220703,14.878630638122559,0.8006817102432251,0.43845880031585693
2739,ROIs1158_spring_s2_123_p433,0.07552248984575272,0.0484301894903183,22.4384765625,15.9295015335083,0.7945855855941772,0.45107346773147583
2740,ROIs1158_spring_s2_123_p434,0.06809212267398834,0.044909462332725525,23.338062286376953,15.615187644958496,0.7914182543754578,0.5075135827064514
2741,ROIs1158_spring_s2_123_p436,0.0350809320807457,0.02349461428821087,29.09857940673828,10.14886474609375,0.8412985801696777,0.43778055906295776
2742,ROIs1158_spring_s2_123_p437,0.0280984528362751,0.01883050613105297,31.02635383605957,12.109952926635742,0.8691008687019348,0.30275341868400574
2743,ROIs1158_spring_s2_123_p438,0.021343545988202095,0.01527467928826809,33.414669036865234,13.132314682006836,0.8784327507019043,0.14271500706672668
2744,ROIs1158_spring_s2_123_p439,0.013961943797767162,0.011391967535018921,37.10108184814453,11.96561050415039,0.8964328169822693,0.04609139636158943
2745,ROIs1158_spring_s2_123_p440,0.011182062327861786,0.009584235958755016,39.029563903808594,10.070690155029297,0.9142266511917114,0.026626717299222946
2746,ROIs1158_spring_s2_123_p441,0.011066632345318794,0.009703393094241619,39.11968994140625,9.162038803100586,0.9190410375595093,0.04858103394508362
2747,ROIs1158_spring_s2_123_p442,0.011203172616660595,0.009882697835564613,39.013179779052734,8.978509902954102,0.9195004105567932,0.06108599156141281
2748,ROIs1158_spring_s2_123_p443,0.014165564440190792,0.011982539668679237,36.97532272338867,11.328676223754883,0.8963277339935303,0.049623310565948486
2749,ROIs1158_spring_s2_123_p444,0.016265885904431343,0.012837434187531471,35.774444580078125,12.212335586547852,0.8901655673980713,0.0637117475271225
2750,ROIs1158_spring_s2_123_p445,0.016307463869452477,0.012979063205420971,35.75226974487305,11.77036190032959,0.895376443862915,0.08253204822540283
2751,ROIs1158_spring_s2_123_p446,0.030396075919270515,0.019477851688861847,30.343650817871094,12.243914604187012,0.8760910630226135,0.22699151933193207
2752,ROIs1158_spring_s2_123_p447,0.04181443154811859,0.02661438286304474,27.57347869873047,10.958853721618652,0.8492920398712158,0.38174328207969666
2753,ROIs1158_spring_s2_123_p448,0.05114343389868736,0.031213518232107162,25.824203491210938,10.700996398925781,0.849388599395752,0.397033154964447
2754,ROIs1158_spring_s2_123_p449,0.055879443883895874,0.0335044302046299,25.05495834350586,10.835983276367188,0.8489236235618591,0.394360214471817
2755,ROIs1158_spring_s2_123_p450,0.0612616166472435,0.03269390016794205,24.2562313079834,10.177465438842773,0.8462961912155151,0.4055963158607483
2756,ROIs1158_spring_s2_123_p451,0.05541055276989937,0.029766740277409554,25.12815284729004,9.816502571105957,0.8462054133415222,0.43263280391693115
2757,ROIs1158_spring_s2_123_p452,0.053541164845228195,0.03353200480341911,25.426244735717773,12.007011413574219,0.8471359610557556,0.42168936133384705
2758,ROIs1158_spring_s2_123_p453,0.06684742122888565,0.042909733951091766,23.498306274414062,16.76565170288086,0.8419079780578613,0.39288508892059326
2759,ROIs1158_spring_s2_123_p454,0.07069386541843414,0.04678494483232498,23.012367248535156,18.258726119995117,0.8384948968887329,0.4054017961025238
2760,ROIs1158_spring_s2_123_p455,0.06847017258405685,0.0458812452852726,23.289974212646484,16.388925552368164,0.8279131054878235,0.45047351717948914
2761,ROIs1158_spring_s2_123_p456,0.06503328680992126,0.04317086562514305,23.737287521362305,15.023324966430664,0.8289965391159058,0.4553110897541046
2762,ROIs1158_spring_s2_123_p457,0.07119055837392807,0.047055933624506,22.951553344726562,16.608030319213867,0.8289420008659363,0.44332876801490784
2763,ROIs1158_spring_s2_123_p458,0.06525864452123642,0.04336018115282059,23.707239151000977,15.462902069091797,0.8262693881988525,0.4517025947570801
2764,ROIs1158_spring_s2_123_p459,0.05661620944738388,0.037054192274808884,24.941184997558594,12.650931358337402,0.834471583366394,0.46356678009033203
2765,ROIs1158_spring_s2_123_p460,0.05935189872980118,0.038270916789770126,24.531309127807617,12.507631301879883,0.8266717195510864,0.44190287590026855
2766,ROIs1158_spring_s2_123_p461,0.06902914494276047,0.04325110465288162,23.219348907470703,13.8134126663208,0.812043309211731,0.42045021057128906
2767,ROIs1158_spring_s2_123_p462,0.07390015572309494,0.047132544219493866,22.627094268798828,16.227928161621094,0.8046119213104248,0.44944098591804504
2768,ROIs1158_spring_s2_123_p463,0.0666263997554779,0.04440261796116829,23.52707290649414,15.527423858642578,0.784439206123352,0.5082332491874695
2769,ROIs1158_spring_s2_123_p465,0.036765411496162415,0.024898437783122063,28.691213607788086,8.961480140686035,0.8386505246162415,0.4710211157798767
2770,ROIs1158_spring_s2_123_p466,0.03203834220767021,0.021605227142572403,29.886600494384766,10.1975736618042,0.8529042601585388,0.42142578959465027
2771,ROIs1158_spring_s2_123_p467,0.026607459411025047,0.017576804384589195,31.49993133544922,13.092703819274902,0.8693883419036865,0.2240530401468277
2772,ROIs1158_spring_s2_123_p468,0.015306062065064907,0.011860479600727558,36.302730560302734,12.498001098632812,0.8901386260986328,0.050027016550302505
2773,ROIs1158_spring_s2_123_p469,0.011198203079402447,0.009666956029832363,39.017032623291016,9.592672348022461,0.9155111312866211,0.019940821453928947
2774,ROIs1158_spring_s2_123_p470,0.011426263488829136,0.009985685348510742,38.8419189453125,9.514175415039062,0.9141923189163208,0.04617045074701309
2775,ROIs1158_spring_s2_123_p471,0.011369374580681324,0.009941933676600456,38.88526916503906,9.445792198181152,0.914847195148468,0.045007530599832535
2776,ROIs1158_spring_s2_123_p472,0.011114793829619884,0.00961028877645731,39.081974029541016,9.468484878540039,0.9161944389343262,0.017624612897634506
2777,ROIs1158_spring_s2_123_p473,0.01081023458391428,0.009362028911709785,39.32329559326172,9.135427474975586,0.9189949035644531,0.01635763794183731
2778,ROIs1158_spring_s2_123_p474,0.010681353509426117,0.009224859066307545,39.42747497558594,9.273579597473145,0.9206438660621643,0.02133994922041893
2779,ROIs1158_spring_s2_123_p475,0.02162359654903412,0.015889454632997513,33.30144119262695,12.593335151672363,0.8734042644500732,0.15552839636802673
2780,ROIs1158_spring_s2_123_p476,0.03016357496380806,0.020500481128692627,30.41034507751465,10.196471214294434,0.8534867167472839,0.3719187080860138
2781,ROIs1158_spring_s2_123_p477,0.04247988015413284,0.02669823355972767,27.43633460998535,9.37240219116211,0.848670244216919,0.4319794178009033
2782,ROIs1158_spring_s2_123_p478,0.058723099529743195,0.035899486392736435,24.623821258544922,11.88331413269043,0.8473772406578064,0.4027549922466278
2783,ROIs1158_spring_s2_123_p479,0.05161130055785179,0.03204734995961189,25.74510383605957,10.251227378845215,0.8513548374176025,0.41967126727104187
2784,ROIs1158_spring_s2_123_p480,0.042713042348623276,0.02621128410100937,27.388790130615234,8.534482955932617,0.8524960279464722,0.45164602994918823
2785,ROIs1158_spring_s2_123_p481,0.0518893338739872,0.031654808670282364,25.698436737060547,11.034061431884766,0.8437002301216125,0.42254185676574707
2786,ROIs1158_spring_s2_123_p482,0.06401699036359787,0.04136991128325462,23.874094009399414,15.53442096710205,0.8298922777175903,0.4108268618583679
2787,ROIs1158_spring_s2_123_p483,0.07107939571142197,0.04631751403212547,22.965126037597656,17.590438842773438,0.8371190428733826,0.3994504511356354
2788,ROIs1158_spring_s2_123_p484,0.06885282695293427,0.045212242752313614,23.241565704345703,16.352073669433594,0.8388862609863281,0.4340114891529083
2789,ROIs1158_spring_s2_123_p485,0.059046246111392975,0.039166323840618134,24.576152801513672,13.601019859313965,0.8407984972000122,0.45430639386177063
2790,ROIs1158_spring_s2_123_p486,0.058017563074827194,0.03850644454360008,24.728811264038086,13.899917602539062,0.8377537727355957,0.4474269449710846
2791,ROIs1158_spring_s2_123_p487,0.05071810260415077,0.033838238567113876,25.89674186706543,12.594079971313477,0.8423590660095215,0.4616984724998474
2792,ROIs1158_spring_s2_123_p488,0.04338855668902397,0.029632870107889175,27.252498626708984,10.877415657043457,0.8546376824378967,0.45133787393569946
2793,ROIs1158_spring_s2_123_p489,0.04745952785015106,0.03201659768819809,26.47353172302246,11.541714668273926,0.8460699915885925,0.45787137746810913
2794,ROIs1158_spring_s2_123_p490,0.06322908401489258,0.04045553132891655,23.98166275024414,13.948973655700684,0.8281053900718689,0.44810763001441956
2795,ROIs1158_spring_s2_123_p491,0.0807616338133812,0.05084158852696419,21.855897903442383,16.96123695373535,0.8202109932899475,0.44179487228393555
2796,ROIs1158_spring_s2_123_p492,0.07116436213254929,0.04639749974012375,22.954750061035156,15.539827346801758,0.8012987375259399,0.48290926218032837
2797,ROIs1158_spring_s2_123_p494,0.03645612299442291,0.02437932789325714,28.764591217041016,8.22457504272461,0.8440526127815247,0.4816317558288574
2798,ROIs1158_spring_s2_123_p495,0.033066656440496445,0.021926168352365494,29.61219596862793,10.699094772338867,0.848304271697998,0.38751667737960815
2799,ROIs1158_spring_s2_123_p496,0.022804472595453262,0.01548630278557539,32.839599609375,13.230417251586914,0.8777036070823669,0.1616169810295105
2800,ROIs1158_spring_s2_123_p497,0.014581525698304176,0.011559328995645046,36.723941802978516,12.2996187210083,0.89261794090271,0.03705085813999176
2801,ROIs1158_spring_s2_123_p498,0.011665320955216885,0.010085837915539742,38.66206741333008,9.953140258789062,0.9103692770004272,0.02056967094540596
2802,ROIs1158_spring_s2_123_p499,0.011903797276318073,0.010297887958586216,38.486289978027344,10.063637733459473,0.9074920415878296,0.02241377905011177
2803,ROIs1158_spring_s2_123_p500,0.011952747590839863,0.01034084428101778,38.450645446777344,10.05357551574707,0.9067718982696533,0.019496900960803032
2804,ROIs1158_spring_s2_123_p501,0.011268865317106247,0.009790727868676186,38.962398529052734,9.349638938903809,0.91366046667099,0.013857348822057247
2805,ROIs1158_spring_s2_123_p502,0.011373705230653286,0.009890261106193066,38.8819580078125,9.466911315917969,0.9126662015914917,0.015940621495246887
2806,ROIs1158_spring_s2_123_p503,0.011278826743364334,0.009810698218643665,38.9547233581543,9.374298095703125,0.9146977663040161,0.019098147749900818
2807,ROIs1158_spring_s2_123_p504,0.017787709832191467,0.014112249948084354,34.99760055541992,12.270898818969727,0.8816854953765869,0.09018976241350174
2808,ROIs1158_spring_s2_123_p505,0.027634942904114723,0.018718654289841652,31.17082977294922,11.27575397491455,0.8639428019523621,0.30008915066719055
2809,ROIs1158_spring_s2_123_p506,0.03582986071705818,0.0231555737555027,28.915098190307617,8.70920467376709,0.8514291644096375,0.45931529998779297
2810,ROIs1158_spring_s2_123_p507,0.04123716056346893,0.026354007422924042,27.694225311279297,8.963130950927734,0.8532518148422241,0.4463585317134857
2811,ROIs1158_spring_s2_123_p508,0.03928707540035248,0.02537713199853897,28.115005493164062,8.736406326293945,0.8611736297607422,0.45281440019607544
2812,ROIs1158_spring_s2_123_p509,0.044516656547784805,0.027263540774583817,27.029550552368164,9.10356616973877,0.8553351163864136,0.4586259424686432
2813,ROIs1158_spring_s2_123_p510,0.04634923115372658,0.028992610052227974,26.67915153503418,9.595949172973633,0.8332715630531311,0.447357714176178
2814,ROIs1158_spring_s2_123_p511,0.05212363973259926,0.03408423811197281,25.659305572509766,11.55733871459961,0.8257645964622498,0.4316888749599457
2815,ROIs1158_spring_s2_123_p512,0.06215827167034149,0.04045597463846207,24.130022048950195,14.23654842376709,0.837174654006958,0.42578062415122986
2816,ROIs1158_spring_s2_123_p513,0.05826804041862488,0.03918204829096794,24.69139289855957,13.682703018188477,0.8417518734931946,0.4396163821220398
2817,ROIs1158_spring_s2_123_p514,0.046152263879776,0.03151979297399521,26.71613883972168,11.077629089355469,0.8596653342247009,0.45980674028396606
2818,ROIs1158_spring_s2_123_p515,0.04476258158683777,0.03095008246600628,26.981698989868164,11.313570022583008,0.8574656844139099,0.48433390259742737
2819,ROIs1158_spring_s2_123_p516,0.04431919381022453,0.030312908813357353,27.068161010742188,11.418794631958008,0.8505913019180298,0.5038647055625916
2820,ROIs1158_spring_s2_123_p517,0.04139585420489311,0.02883797138929367,27.660863876342773,10.853092193603516,0.8551574349403381,0.49393439292907715
2821,ROIs1158_spring_s2_123_p518,0.03909504413604736,0.02813732996582985,28.15756607055664,10.720118522644043,0.8583962917327881,0.4975902736186981
2822,ROIs1158_spring_s2_123_p519,0.05265180766582489,0.03491077572107315,25.571735382080078,12.99730396270752,0.8405740261077881,0.4649163484573364
2823,ROIs1158_spring_s2_123_p520,0.07596731930971146,0.04799928143620491,22.38746452331543,16.46622657775879,0.8240610361099243,0.4458843767642975
2824,ROIs1158_spring_s2_123_p521,0.07776647061109543,0.04947415739297867,22.184152603149414,16.406068801879883,0.8230457305908203,0.45163965225219727
2825,ROIs1158_spring_s2_123_p523,0.034775976091623306,0.024149304255843163,29.174413681030273,9.610993385314941,0.8424456119537354,0.45072588324546814
2826,ROIs1158_spring_s2_123_p524,0.028526248410344124,0.018127989023923874,30.89510726928711,12.259883880615234,0.8745478987693787,0.25168561935424805
2827,ROIs1158_spring_s2_123_p525,0.014265761710703373,0.011921009980142117,36.914100646972656,11.56541633605957,0.8994913697242737,0.06817582249641418
2828,ROIs1158_spring_s2_123_p526,0.011758886277675629,0.010194618254899979,38.592674255371094,9.789485931396484,0.9124292135238647,0.03323647379875183
2829,ROIs1158_spring_s2_123_p527,0.012153401970863342,0.010481397621333599,38.30604553222656,10.282183647155762,0.905494213104248,0.018859731033444405
2830,ROIs1158_spring_s2_123_p528,0.012551452964544296,0.010791618376970291,38.026119232177734,10.984176635742188,0.899078369140625,0.017955565825104713
2831,ROIs1158_spring_s2_123_p529,0.012702778913080692,0.010933933779597282,37.92202377319336,11.085360527038574,0.897240400314331,0.017349958419799805
2832,ROIs1158_spring_s2_123_p530,0.01186600886285305,0.010324478149414062,38.5139045715332,9.682246208190918,0.9071260690689087,0.01427763793617487
2833,ROIs1158_spring_s2_123_p531,0.01166296936571598,0.010127374902367592,38.663818359375,9.671866416931152,0.9096739292144775,0.016177229583263397
2834,ROIs1158_spring_s2_123_p532,0.01134929433465004,0.009866121225059032,38.9006233215332,9.406780242919922,0.9147737622261047,0.020679490640759468
2835,ROIs1158_spring_s2_123_p533,0.0115814795717597,0.01006243098527193,38.72471618652344,9.626239776611328,0.9171116352081299,0.03924145549535751
2836,ROIs1158_spring_s2_123_p534,0.02600182220339775,0.017985329031944275,31.69992446899414,12.303603172302246,0.8665181398391724,0.23943135142326355
2837,ROIs1158_spring_s2_123_p535,0.033030349761247635,0.021741420030593872,29.621736526489258,8.49903678894043,0.8597133755683899,0.444611519575119
2838,ROIs1158_spring_s2_123_p536,0.0327921099960804,0.02190226875245571,29.684612274169922,7.420481204986572,0.8662897348403931,0.45704010128974915
2839,ROIs1158_spring_s2_123_p537,0.034329209476709366,0.02291419357061386,29.286725997924805,7.837950706481934,0.8738455176353455,0.4610334038734436
2840,ROIs1158_spring_s2_123_p538,0.04131103307008743,0.026988601312041283,27.678680419921875,9.287908554077148,0.864514946937561,0.44072768092155457
2841,ROIs1158_spring_s2_123_p539,0.04417659714818001,0.029329434037208557,27.096155166625977,9.642449378967285,0.8319540023803711,0.4582151472568512
2842,ROIs1158_spring_s2_123_p540,0.04382909834384918,0.02891094982624054,27.164749145507812,9.423702239990234,0.8328070044517517,0.4572782516479492
2843,ROIs1158_spring_s2_123_p541,0.04458782821893692,0.029788050800561905,27.015674591064453,10.351105690002441,0.8515358567237854,0.4469638764858246
2844,ROIs1158_spring_s2_123_p542,0.04193209856748581,0.0291149765253067,27.549068450927734,10.285120964050293,0.8637038469314575,0.4531078040599823
2845,ROIs1158_spring_s2_123_p543,0.03789563849568367,0.026851721107959747,28.42821502685547,9.770551681518555,0.8758159279823303,0.4864085912704468
2846,ROIs1158_spring_s2_123_p544,0.03678908571600914,0.027310458943247795,28.685623168945312,10.168447494506836,0.8674153089523315,0.5166369676589966
2847,ROIs1158_spring_s2_123_p545,0.038993678987026215,0.027269868180155754,28.18011474609375,10.21632194519043,0.8595975637435913,0.5191233158111572
2848,ROIs1158_spring_s2_123_p546,0.03893596678972244,0.02695452980697155,28.192981719970703,10.166627883911133,0.8651983737945557,0.503280758857727
2849,ROIs1158_spring_s2_123_p547,0.0375816747546196,0.027155941352248192,28.500478744506836,10.35906982421875,0.8653451204299927,0.4982190430164337
2850,ROIs1158_spring_s2_123_p548,0.046553608030080795,0.03134561702609062,26.640933990478516,11.880971908569336,0.8437284231185913,0.495273232460022
2851,ROIs1158_spring_s2_123_p549,0.06348581612110138,0.04085605591535568,23.94646644592285,14.77610969543457,0.8296794295310974,0.4547472298145294
2852,ROIs1158_spring_s2_123_p550,0.08110925555229187,0.050877634435892105,21.818592071533203,16.457504272460938,0.8339236378669739,0.4377133846282959
2853,ROIs1158_spring_s2_123_p552,0.028794070705771446,0.019393032416701317,30.813940048217773,12.051896095275879,0.8700399398803711,0.2872902452945709
2854,ROIs1158_spring_s2_123_p553,0.0200037844479084,0.014410089701414108,33.97775650024414,12.804515838623047,0.8829343914985657,0.114339679479599
2855,ROIs1158_spring_s2_123_p554,0.013450323604047298,0.011461738497018814,37.42534637451172,11.183476448059082,0.9016917943954468,0.039819855242967606
2856,ROIs1158_spring_s2_123_p555,0.01329653337597847,0.011431027203798294,37.525230407714844,11.40723991394043,0.8947721719741821,0.03177142143249512
2857,ROIs1158_spring_s2_123_p556,0.01372221764177084,0.011674544773995876,37.25151443481445,11.997049331665039,0.8903568983078003,0.021774716675281525
2858,ROIs1158_spring_s2_123_p557,0.013145336881279945,0.011257410049438477,37.624568939208984,11.26905632019043,0.8976600170135498,0.019681619480252266
2859,ROIs1158_spring_s2_123_p558,0.013219304382801056,0.011327086016535759,37.575828552246094,11.383343696594238,0.8955581784248352,0.017438601702451706
2860,ROIs1158_spring_s2_123_p559,0.01246078871190548,0.010824032127857208,38.08909225463867,10.193910598754883,0.9004056453704834,0.014646473340690136
2861,ROIs1158_spring_s2_123_p560,0.011875055730342865,0.010312548838555813,38.507286071777344,9.813342094421387,0.907319962978363,0.0160379596054554
2862,ROIs1158_spring_s2_123_p561,0.01185093354433775,0.010245926678180695,38.52494812011719,10.198776245117188,0.9090541005134583,0.022145003080368042
2863,ROIs1158_spring_s2_123_p562,0.011816095560789108,0.010301574133336544,38.55052185058594,9.82289981842041,0.9132986068725586,0.03947526216506958
2864,ROIs1158_spring_s2_123_p563,0.026138337329030037,0.018300054594874382,31.654441833496094,12.952924728393555,0.8599725961685181,0.2073247879743576
2865,ROIs1158_spring_s2_123_p564,0.033427003771066666,0.02224343828856945,29.518051147460938,9.330244064331055,0.857723593711853,0.41364651918411255
2866,ROIs1158_spring_s2_123_p565,0.03274819999933243,0.022004123777151108,29.696252822875977,7.315214157104492,0.8676129579544067,0.4585040211677551
2867,ROIs1158_spring_s2_123_p566,0.03438444063067436,0.023151705041527748,29.272762298583984,7.506373882293701,0.8716821670532227,0.45275405049324036
2868,ROIs1158_spring_s2_123_p567,0.03639818727970123,0.024270659312605858,28.778404235839844,8.051823616027832,0.8673678040504456,0.4419580101966858
2869,ROIs1158_spring_s2_123_p568,0.040014173835515976,0.026542508974671364,27.955724716186523,8.584222793579102,0.8460082411766052,0.4455590546131134
2870,ROIs1158_spring_s2_123_p569,0.03906821087002754,0.026296325027942657,28.163530349731445,8.696173667907715,0.8448888659477234,0.45648282766342163
2871,ROIs1158_spring_s2_123_p570,0.038169849663972855,0.026064759120345116,28.36559295654297,9.19991683959961,0.8605417013168335,0.4683223068714142
2872,ROIs1158_spring_s2_123_p571,0.03796854987740517,0.02617250196635723,28.41152000427246,9.497370719909668,0.8794342279434204,0.4575519263744354
2873,ROIs1158_spring_s2_123_p572,0.035927243530750275,0.025300120934844017,28.891523361206055,9.412538528442383,0.8843704462051392,0.4672237038612366
2874,ROIs1158_spring_s2_123_p573,0.03582296147942543,0.025166036561131477,28.916770935058594,9.327776908874512,0.8696882724761963,0.5040435791015625
2875,ROIs1158_spring_s2_123_p574,0.03589304909110069,0.02461760677397251,28.89979362487793,9.003334999084473,0.8723589777946472,0.49048346281051636
2876,ROIs1158_spring_s2_123_p575,0.03440059348940849,0.02410908415913582,29.2686824798584,9.120933532714844,0.8902221322059631,0.4912891983985901
2877,ROIs1158_spring_s2_123_p576,0.03780898079276085,0.026592012494802475,28.448102951049805,9.798290252685547,0.8766177892684937,0.5128199458122253
2878,ROIs1158_spring_s2_123_p577,0.052575524896383286,0.034440912306308746,25.584327697753906,11.83437728881836,0.8501312732696533,0.49143242835998535
2879,ROIs1158_spring_s2_123_p578,0.06791258603334427,0.04303307086229324,23.36099624633789,14.519964218139648,0.8457796573638916,0.4473825693130493
2880,ROIs1158_spring_s2_123_p579,0.07599933445453644,0.04796748235821724,22.383804321289062,16.309654235839844,0.8455637693405151,0.4371194839477539
2881,ROIs1158_spring_s2_123_p581,0.018924882635474205,0.014193913899362087,34.45933532714844,12.400786399841309,0.8856662511825562,0.10188296437263489
2882,ROIs1158_spring_s2_123_p582,0.011533806100487709,0.009915411472320557,38.76054763793945,9.70764446258545,0.9178021550178528,0.04475739598274231
2883,ROIs1158_spring_s2_123_p583,0.012298236601054668,0.010611223056912422,38.20314025878906,10.245341300964355,0.9081076383590698,0.04332459345459938
2884,ROIs1158_spring_s2_123_p584,0.01642623171210289,0.014045478776097298,35.68924331665039,12.975082397460938,0.867935061454773,0.06770304590463638
2885,ROIs1158_spring_s2_123_p585,0.01709005981683731,0.014438272453844547,35.34512710571289,13.583797454833984,0.8616429567337036,0.08217543363571167
2886,ROIs1158_spring_s2_123_p586,0.015545549802482128,0.013006421737372875,36.167877197265625,13.407702445983887,0.8728046417236328,0.03724885359406471
2887,ROIs1158_spring_s2_123_p587,0.013288337737321854,0.011433838866651058,37.53058624267578,11.037714958190918,0.8947821855545044,0.016445402055978775
2888,ROIs1158_spring_s2_123_p588,0.013702591881155968,0.011712871491909027,37.263946533203125,11.994098663330078,0.8873788118362427,0.019065730273723602
2889,ROIs1158_spring_s2_123_p589,0.013323094695806503,0.011394031345844269,37.50790023803711,11.703564643859863,0.8913953900337219,0.02064371109008789
2890,ROIs1158_spring_s2_123_p590,0.012740110047161579,0.01100082416087389,37.89653778076172,10.994024276733398,0.8971797823905945,0.025696411728858948
2891,ROIs1158_spring_s2_123_p591,0.01312176138162613,0.011400163173675537,37.64015579223633,11.01417350769043,0.8957512378692627,0.03882845491170883
2892,ROIs1158_spring_s2_123_p592,0.02464785799384117,0.01848878525197506,32.1644172668457,13.904353141784668,0.8475703001022339,0.16868385672569275
2893,ROIs1158_spring_s2_123_p593,0.033397238701581955,0.022667456418275833,29.525787353515625,10.7084321975708,0.8478267192840576,0.37958860397338867
2894,ROIs1158_spring_s2_123_p594,0.03255929797887802,0.02198420651257038,29.746501922607422,7.333718776702881,0.8571230173110962,0.4581581950187683
2895,ROIs1158_spring_s2_123_p595,0.035407256335020065,0.023329202085733414,29.01815414428711,7.483186721801758,0.8580871820449829,0.4417259693145752
2896,ROIs1158_spring_s2_123_p596,0.03663179278373718,0.023744551464915276,28.722837448120117,7.799134254455566,0.86404949426651,0.4387332797050476
2897,ROIs1158_spring_s2_123_p597,0.04000170901417732,0.025714708492159843,27.958431243896484,8.480124473571777,0.8600907325744629,0.42164862155914307
2898,ROIs1158_spring_s2_123_p598,0.04265600070357323,0.027562571689486504,27.40039825439453,9.222049713134766,0.8552510738372803,0.42953506112098694
2899,ROIs1158_spring_s2_123_p599,0.04137947037816048,0.028016559779644012,27.6643009185791,9.69618034362793,0.8556379079818726,0.4768611490726471
2900,ROIs1158_spring_s2_123_p600,0.03913401439785957,0.026925893500447273,28.148910522460938,9.461910247802734,0.8611184358596802,0.4682616591453552
2901,ROIs1158_spring_s2_123_p601,0.03762241080403328,0.026169905439019203,28.49106788635254,9.58642864227295,0.8732262253761292,0.4490847587585449
2902,ROIs1158_spring_s2_123_p602,0.039081741124391556,0.027765410020947456,28.160524368286133,10.353692054748535,0.8659188747406006,0.4943552017211914
2903,ROIs1158_spring_s2_123_p603,0.038276493549346924,0.02764725312590599,28.341358184814453,10.324745178222656,0.8621368408203125,0.5163974761962891
2904,ROIs1158_spring_s2_123_p604,0.03637581691145897,0.027001244947314262,28.78374481201172,10.310003280639648,0.8768616318702698,0.5159294009208679
2905,ROIs1158_spring_s2_123_p605,0.03868668153882027,0.026215417310595512,28.24877166748047,9.241028785705566,0.8704653978347778,0.5199184417724609
2906,ROIs1158_spring_s2_123_p606,0.05444427579641342,0.035439420491456985,25.280954360961914,11.059606552124023,0.8445358276367188,0.4915525019168854
2907,ROIs1158_spring_s2_123_p607,0.06861385703086853,0.043829433619976044,23.27176284790039,13.686014175415039,0.8425499200820923,0.4658634066581726
2908,ROIs1158_spring_s2_123_p608,0.07240889221429825,0.04562335088849068,22.804162979125977,14.630366325378418,0.8492093086242676,0.45464134216308594
2909,ROIs1158_spring_s2_123_p610,0.01609082892537117,0.013445917516946793,35.868431091308594,11.85585880279541,0.8901171088218689,0.07980158179998398
2910,ROIs1158_spring_s2_123_p611,0.013046029023826122,0.011244866997003555,37.690433502197266,10.827293395996094,0.9032673835754395,0.046207644045352936
2911,ROIs1158_spring_s2_123_p612,0.01271050050854683,0.011008971370756626,37.916748046875,10.421917915344238,0.9047448039054871,0.03742220997810364
2912,ROIs1158_spring_s2_123_p613,0.01775914989411831,0.01504885870963335,35.01155471801758,12.953299522399902,0.8637308478355408,0.10480547696352005
2913,ROIs1158_spring_s2_123_p614,0.01967495121061802,0.016266943886876106,34.121726989746094,13.822486877441406,0.8505781888961792,0.1529824584722519
2914,ROIs1158_spring_s2_123_p615,0.01790539175271988,0.014797830954194069,34.94032287597656,13.960692405700684,0.859618067741394,0.08079394698143005
2915,ROIs1158_spring_s2_123_p616,0.013365687802433968,0.01143630500882864,37.48017120361328,11.847023963928223,0.889853298664093,0.025581514462828636
2916,ROIs1158_spring_s2_123_p617,0.013638236559927464,0.011734746396541595,37.30483627319336,11.864200592041016,0.8870709538459778,0.03498181700706482
2917,ROIs1158_spring_s2_123_p618,0.014149747788906097,0.01218570489436388,36.98502731323242,12.162280082702637,0.8819935321807861,0.03999149054288864
2918,ROIs1158_spring_s2_123_p619,0.01466593611985445,0.012729241512715816,36.673805236816406,12.243659019470215,0.877139687538147,0.043222419917583466
2919,ROIs1158_spring_s2_123_p620,0.015263340435922146,0.013363412581384182,36.32701110839844,12.188138961791992,0.8735815286636353,0.054676853120326996
2920,ROIs1158_spring_s2_123_p621,0.02567426674067974,0.019915249198675156,31.81003761291504,15.013632774353027,0.8310946226119995,0.19297687709331512
2921,ROIs1158_spring_s2_123_p622,0.034071240574121475,0.02369832992553711,29.35224151611328,11.60545825958252,0.8399841785430908,0.40519043803215027
2922,ROIs1158_spring_s2_123_p623,0.03403991460800171,0.02305283583700657,29.360233306884766,7.8857598304748535,0.8532905578613281,0.4704125225543976
2923,ROIs1158_spring_s2_123_p624,0.038465965539216995,0.02543310821056366,28.29846954345703,7.982551574707031,0.8469148874282837,0.4361177086830139
2924,ROIs1158_spring_s2_123_p625,0.04086892306804657,0.026404110714793205,27.772136688232422,8.14413070678711,0.848791241645813,0.4376413822174072
2925,ROIs1158_spring_s2_123_p626,0.04422613978385925,0.02782215178012848,27.0864200592041,9.274365425109863,0.8549054861068726,0.4342160224914551
2926,ROIs1158_spring_s2_123_p627,0.04685700684785843,0.0289753507822752,26.584508895874023,9.917457580566406,0.8592180013656616,0.40963926911354065
2927,ROIs1158_spring_s2_123_p628,0.04254760965704918,0.026668021455407143,27.422496795654297,8.93784236907959,0.8591575622558594,0.4547410309314728
2928,ROIs1158_spring_s2_123_p629,0.03820910304784775,0.024938778951764107,28.356664657592773,8.307897567749023,0.85709547996521,0.47356483340263367
2929,ROIs1158_spring_s2_123_p630,0.04049528390169144,0.027900483459234238,27.851909637451172,9.709528923034668,0.8458377122879028,0.49519115686416626
2930,ROIs1158_spring_s2_123_p631,0.042080361396074295,0.029689209535717964,27.518413543701172,10.621220588684082,0.83955979347229,0.5245143175125122
2931,ROIs1158_spring_s2_123_p632,0.04096873104572296,0.028176410123705864,27.750951766967773,10.108938217163086,0.8385268449783325,0.5214608311653137
2932,ROIs1158_spring_s2_123_p633,0.04063369706273079,0.0285656675696373,27.822275161743164,10.662772178649902,0.8493994474411011,0.5293498039245605
2933,ROIs1158_spring_s2_123_p634,0.04316728934645653,0.02909443899989128,27.296905517578125,10.617321968078613,0.8433958292007446,0.5230196714401245
2934,ROIs1158_spring_s2_123_p635,0.05048881098628044,0.032750047743320465,25.93609619140625,11.003279685974121,0.8303250074386597,0.527734637260437
2935,ROIs1158_spring_s2_123_p636,0.054501693695783615,0.03533429279923439,25.271799087524414,11.307283401489258,0.8424733877182007,0.5063022375106812
2936,ROIs1158_spring_s2_123_p637,0.059853389859199524,0.038118064403533936,24.45822525024414,11.726012229919434,0.8495339155197144,0.48552030324935913
2937,ROIs1158_spring_s2_123_p639,0.02580629475414753,0.01754990592598915,31.765487670898438,12.289732933044434,0.8670925498008728,0.21126191318035126
2938,ROIs1158_spring_s2_123_p640,0.015885548666119576,0.013998170383274555,35.97995376586914,11.355536460876465,0.8827439546585083,0.090387262403965
2939,ROIs1158_spring_s2_123_p641,0.015409286133944988,0.013617005199193954,36.24435043334961,10.986251831054688,0.8850313425064087,0.08963429927825928
2940,ROIs1158_spring_s2_123_p642,0.016878118738532066,0.014448964037001133,35.45351791381836,12.0985689163208,0.8736158609390259,0.1151503399014473
2941,ROIs1158_spring_s2_123_p643,0.02004212699830532,0.01612864062190056,33.961124420166016,13.630597114562988,0.8553913831710815,0.1772364377975464
2942,ROIs1158_spring_s2_123_p644,0.01931803859770298,0.015438738279044628,34.280738830566406,14.269339561462402,0.8537189364433289,0.11161911487579346
2943,ROIs1158_spring_s2_123_p645,0.01333953533321619,0.011370939202606678,37.49718475341797,11.923982620239258,0.8875543475151062,0.030240051448345184
2944,ROIs1158_spring_s2_123_p646,0.013978191651403904,0.01211603358387947,37.090980529785156,11.963407516479492,0.8814523816108704,0.043354764580726624
2945,ROIs1158_spring_s2_123_p647,0.014639679342508316,0.012744035571813583,36.689369201660156,12.204208374023438,0.8764944076538086,0.048114582896232605
2946,ROIs1158_spring_s2_123_p648,0.015428535640239716,0.013551685027778149,36.23350524902344,12.280930519104004,0.8712193965911865,0.06105896830558777
2947,ROIs1158_spring_s2_123_p649,0.020050659775733948,0.016955938190221786,33.957427978515625,14.175117492675781,0.8418395519256592,0.09777723997831345
2948,ROIs1158_spring_s2_123_p650,0.03159467503428459,0.023060185834765434,30.007722854614258,14.59896469116211,0.8217778205871582,0.2837293744087219
2949,ROIs1158_spring_s2_123_p651,0.03820440173149109,0.02654326893389225,28.35773277282715,10.60517406463623,0.8415478467941284,0.4442651569843292
2950,ROIs1158_spring_s2_123_p652,0.038627125322818756,0.026075927540659904,28.26215362548828,8.744553565979004,0.8509337306022644,0.46430304646492004
2951,ROIs1158_spring_s2_123_p653,0.03779250755906105,0.025667108595371246,28.451889038085938,8.231147766113281,0.8568271398544312,0.4527103304862976
2952,ROIs1158_spring_s2_123_p654,0.04052175581455231,0.027012890204787254,27.846233367919922,8.45416259765625,0.8460069894790649,0.4628137946128845
2953,ROIs1158_spring_s2_123_p655,0.0420193113386631,0.027438059449195862,27.531023025512695,9.303778648376465,0.8456900119781494,0.4659897983074188
2954,ROIs1158_spring_s2_123_p656,0.043646153062582016,0.02764991857111454,27.201082229614258,9.86954116821289,0.856879711151123,0.4373059868812561
2955,ROIs1158_spring_s2_123_p657,0.04479152336716652,0.027538375928997993,26.97608184814453,9.293258666992188,0.8585488796234131,0.4246523380279541
2956,ROIs1158_spring_s2_123_p658,0.04318951070308685,0.027589712291955948,27.292434692382812,8.993980407714844,0.856764554977417,0.4440409243106842
2957,ROIs1158_spring_s2_123_p659,0.043521180748939514,0.028840960934758186,27.225988388061523,9.770252227783203,0.8335609436035156,0.4672292470932007
2958,ROIs1158_spring_s2_123_p660,0.046078525483608246,0.030628453940153122,26.730030059814453,10.194541931152344,0.8135876655578613,0.4968135952949524
2959,ROIs1158_spring_s2_123_p661,0.04980665445327759,0.03157978877425194,26.05425262451172,10.329610824584961,0.7996058464050293,0.5048296451568604
2960,ROIs1158_spring_s2_123_p662,0.05045641213655472,0.03254733234643936,25.941673278808594,11.194129943847656,0.8044439554214478,0.501302182674408
2961,ROIs1158_spring_s2_123_p663,0.053468603640794754,0.035752054303884506,25.43802261352539,12.904159545898438,0.8032100200653076,0.5139468908309937
2962,ROIs1158_spring_s2_123_p664,0.05347830429673195,0.03550899028778076,25.436447143554688,12.859766960144043,0.8078750967979431,0.5396677255630493
2963,ROIs1158_spring_s2_123_p665,0.0476238913834095,0.03240792825818062,26.44350242614746,11.428401947021484,0.8406723737716675,0.513695240020752
2964,ROIs1158_spring_s2_123_p666,0.04842039942741394,0.031881771981716156,26.299434661865234,10.901822090148926,0.8525084257125854,0.4980155825614929
2965,ROIs1158_spring_s2_123_p668,0.031063104048371315,0.021469920873641968,30.15510368347168,12.947534561157227,0.8384233713150024,0.39320826530456543
2966,ROIs1158_spring_s2_123_p669,0.01999579928815365,0.016809023916721344,33.981224060058594,12.356270790100098,0.865046501159668,0.18393197655677795
2967,ROIs1158_spring_s2_123_p670,0.018008379265666008,0.01598721742630005,34.89051055908203,11.802184104919434,0.8606575727462769,0.12894892692565918
2968,ROIs1158_spring_s2_123_p671,0.0225308109074831,0.017903557047247887,32.94446563720703,13.262008666992188,0.8528217673301697,0.1918119341135025
2969,ROIs1158_spring_s2_123_p672,0.02429167926311493,0.01802719384431839,32.29084777832031,13.873466491699219,0.8485426306724548,0.2613862454891205
2970,ROIs1158_spring_s2_123_p673,0.020811524242162704,0.015768449753522873,33.6339225769043,14.558924674987793,0.8553227186203003,0.16097965836524963
2971,ROIs1158_spring_s2_123_p674,0.015085583552718163,0.012488865293562412,36.42875671386719,13.25985050201416,0.8734214305877686,0.06635892391204834
2972,ROIs1158_spring_s2_123_p675,0.0158635713160038,0.013546731323003769,35.99197769165039,13.506528854370117,0.8592848181724548,0.06165021285414696
2973,ROIs1158_spring_s2_123_p676,0.014479512348771095,0.012601939029991627,36.7849235534668,12.019207954406738,0.8777830600738525,0.049030669033527374
2974,ROIs1158_spring_s2_123_p677,0.015962140634655952,0.013966260477900505,35.93817901611328,12.770435333251953,0.8669270277023315,0.0702609270811081
2975,ROIs1158_spring_s2_123_p678,0.023644091561436653,0.01854126714169979,32.525550842285156,14.96233081817627,0.8352913856506348,0.17779502272605896
2976,ROIs1158_spring_s2_123_p679,0.034834858030080795,0.024474970996379852,29.159719467163086,12.664750099182129,0.8302285671234131,0.3748564124107361
2977,ROIs1158_spring_s2_123_p680,0.03828578069806099,0.026112066581845284,28.339250564575195,8.706746101379395,0.8478342294692993,0.44854050874710083
2978,ROIs1158_spring_s2_123_p681,0.03824735805392265,0.025714542716741562,28.347972869873047,8.610991477966309,0.8592146635055542,0.4594007730484009
2979,ROIs1158_spring_s2_123_p682,0.035395435988903046,0.024532685056328773,29.021055221557617,8.119287490844727,0.8708364963531494,0.46139052510261536
2980,ROIs1158_spring_s2_123_p683,0.03595976158976555,0.02475055865943432,28.883665084838867,8.248170852661133,0.8614226579666138,0.46792104840278625
2981,ROIs1158_spring_s2_123_p684,0.03728378564119339,0.02530539222061634,28.56960105895996,8.870903968811035,0.8545392751693726,0.46552780270576477
2982,ROIs1158_spring_s2_123_p685,0.03932876139879227,0.025719884783029556,28.10579490661621,9.170035362243652,0.8639678955078125,0.4649287164211273
2983,ROIs1158_spring_s2_123_p686,0.042032353579998016,0.026922795921564102,27.5283260345459,9.153935432434082,0.8627651333808899,0.45032399892807007
2984,ROIs1158_spring_s2_123_p687,0.043053172528743744,0.0283186174929142,27.31989860534668,9.611410140991211,0.8450924158096313,0.47251805663108826
2985,ROIs1158_spring_s2_123_p688,0.043432965874671936,0.028508370742201805,27.24361228942871,9.57274341583252,0.8344898223876953,0.4601735472679138
2986,ROIs1158_spring_s2_123_p689,0.04699690267443657,0.031227849423885345,26.558616638183594,10.254565238952637,0.8136447072029114,0.48186659812927246
2987,ROIs1158_spring_s2_123_p690,0.052330732345581055,0.03371210768818855,25.62486457824707,11.052291870117188,0.7914332151412964,0.5090701580047607
2988,ROIs1158_spring_s2_123_p691,0.05331981182098389,0.03476230427622795,25.46222686767578,11.880507469177246,0.7944666743278503,0.4978446662425995
2989,ROIs1158_spring_s2_123_p692,0.05435219034552574,0.03629620000720024,25.295658111572266,13.430878639221191,0.803229033946991,0.4890829622745514
2990,ROIs1158_spring_s2_123_p693,0.05247502774000168,0.03524366766214371,25.600948333740234,13.456992149353027,0.8030928373336792,0.5015221834182739
2991,ROIs1158_spring_s2_123_p694,0.04740659520030022,0.03321250528097153,26.48322296142578,12.57095718383789,0.8178518414497375,0.5351526737213135
2992,ROIs1158_spring_s2_123_p695,0.04531488195061684,0.031084982678294182,26.87518310546875,11.292179107666016,0.8284636735916138,0.5328047275543213
2993,ROIs1158_spring_s2_123_p697,0.043772727251052856,0.0285585206001997,27.17593002319336,13.203519821166992,0.8165185451507568,0.4878304600715637
2994,ROIs1158_spring_s2_123_p698,0.035727787762880325,0.022359875962138176,28.939876556396484,12.740744590759277,0.8452866673469543,0.37505626678466797
2995,ROIs1158_spring_s2_123_p699,0.02643374167382717,0.019202543422579765,31.556825637817383,12.023012161254883,0.8552404046058655,0.32602474093437195
2996,ROIs1158_spring_s2_123_p700,0.03271249681711197,0.022550150752067566,29.705726623535156,12.416326522827148,0.8489137291908264,0.39119651913642883
2997,ROIs1158_spring_s2_123_p701,0.032903872430324554,0.022510720416903496,29.655059814453125,11.601011276245117,0.8570995926856995,0.43017297983169556
2998,ROIs1158_spring_s2_123_p702,0.030953483656048775,0.021246429532766342,30.185810089111328,13.5094575881958,0.8484199047088623,0.3635655641555786
2999,ROIs1158_spring_s2_123_p703,0.028480032458901405,0.019727621227502823,30.909191131591797,14.937529563903809,0.8413837552070618,0.28579193353652954
3000,ROIs1158_spring_s2_123_p704,0.026531176641583443,0.018335634842514992,31.52486801147461,15.490581512451172,0.8370845317840576,0.20257072150707245
3001,ROIs1158_spring_s2_123_p705,0.021205971017479897,0.015949750319123268,33.4708366394043,14.779894828796387,0.8476535677909851,0.12338141351938248
3002,ROIs1158_spring_s2_123_p706,0.020149752497673035,0.016314925625920296,33.914608001708984,14.826495170593262,0.848305344581604,0.10709642618894577
3003,ROIs1158_spring_s2_123_p707,0.029662227258086205,0.021370794624090195,30.555925369262695,14.75499439239502,0.8318203687667847,0.27750158309936523
3004,ROIs1158_spring_s2_123_p708,0.037369389086961746,0.026248643174767494,28.549680709838867,10.900187492370605,0.8396334648132324,0.43230095505714417
3005,ROIs1158_spring_s2_123_p709,0.03791820630431175,0.025655556470155716,28.423044204711914,8.414719581604004,0.8530986309051514,0.45219555497169495
3006,ROIs1158_spring_s2_123_p710,0.037238068878650665,0.025467906147241592,28.580257415771484,8.528719902038574,0.8696268200874329,0.4621223211288452
3007,ROIs1158_spring_s2_123_p711,0.0363917239010334,0.02499314956367016,28.77994728088379,8.349446296691895,0.8703510165214539,0.47105154395103455
3008,ROIs1158_spring_s2_123_p712,0.03476633504033089,0.024017976596951485,29.17682456970215,8.039867401123047,0.863701581954956,0.486738383769989
3009,ROIs1158_spring_s2_123_p713,0.035680513828992844,0.024298667907714844,28.951379776000977,8.56700325012207,0.8622839450836182,0.4769115746021271
3010,ROIs1158_spring_s2_123_p714,0.036535684019327164,0.024322330951690674,28.745655059814453,8.49057388305664,0.8648134469985962,0.47256237268447876
3011,ROIs1158_spring_s2_123_p715,0.037375763058662415,0.024365192279219627,28.548200607299805,7.833047389984131,0.8654046058654785,0.465366929769516
3012,ROIs1158_spring_s2_123_p716,0.04050927236676216,0.026549335569143295,27.84891128540039,8.593310356140137,0.8451392650604248,0.4825025796890259
3013,ROIs1158_spring_s2_123_p717,0.04324837774038315,0.02851150743663311,27.28060531616211,9.480923652648926,0.8330957889556885,0.4907141625881195
3014,ROIs1158_spring_s2_123_p718,0.062334537506103516,0.0355353020131588,24.105426788330078,11.457541465759277,0.7967374324798584,0.5247701406478882
3015,ROIs1158_spring_s2_123_p719,0.06349460780620575,0.03681696951389313,23.945262908935547,12.419898986816406,0.7883365750312805,0.5619901418685913
3016,ROIs1158_spring_s2_123_p720,0.050417494028806686,0.035656966269016266,25.948373794555664,13.031143188476562,0.8152273893356323,0.5406615734100342
3017,ROIs1158_spring_s2_123_p721,0.04935510829091072,0.034041453152894974,26.133358001708984,12.76292896270752,0.831787109375,0.505644679069519
3018,ROIs1158_spring_s2_123_p722,0.04857681319117546,0.0331774577498436,26.271419525146484,12.785344123840332,0.8243042230606079,0.5126470327377319
3019,ROIs1158_spring_s2_123_p723,0.052821286022663116,0.035541899502277374,25.543821334838867,13.8246488571167,0.7953251600265503,0.553241491317749
3020,ROIs1158_spring_s2_123_p724,0.05379214137792587,0.03603170067071915,25.3856258392334,13.94520378112793,0.7837430238723755,0.5726866126060486
3021,ROIs1158_spring_s2_123_p726,0.05279109999537468,0.0349099226295948,25.548786163330078,10.386682510375977,0.8130472898483276,0.4983842372894287
3022,ROIs1158_spring_s2_123_p727,0.047746941447257996,0.031520746648311615,26.42108917236328,10.272453308105469,0.8294801712036133,0.49339237809181213
3023,ROIs1158_spring_s2_123_p728,0.04169635474681854,0.027797231450676918,27.598037719726562,10.184552192687988,0.8362641334533691,0.49480846524238586
3024,ROIs1158_spring_s2_123_p729,0.04123426228761673,0.029565367847681046,27.69483757019043,10.988225936889648,0.8398034572601318,0.5199412107467651
3025,ROIs1158_spring_s2_123_p730,0.036516375839710236,0.0269178319722414,28.750247955322266,9.729775428771973,0.8648961186408997,0.515497624874115
3026,ROIs1158_spring_s2_123_p731,0.03086230158805847,0.021727437153458595,30.21143341064453,8.15343189239502,0.8829704523086548,0.4915691316127777
3027,ROIs1158_spring_s2_123_p732,0.03437885269522667,0.02388320118188858,29.274173736572266,10.286356925964355,0.867383599281311,0.4608302414417267
3028,ROIs1158_spring_s2_123_p733,0.03602537512779236,0.02432974800467491,28.867828369140625,12.712005615234375,0.847432017326355,0.40293604135513306
3029,ROIs1158_spring_s2_123_p734,0.03246757388114929,0.021946001797914505,29.77100372314453,14.73214340209961,0.8333127498626709,0.3221829831600189
3030,ROIs1158_spring_s2_123_p735,0.028790825977921486,0.020409435033798218,30.814918518066406,15.370081901550293,0.8330533504486084,0.28083693981170654
3031,ROIs1158_spring_s2_123_p736,0.0339900441467762,0.023928098380565643,29.372966766357422,13.014653205871582,0.8406640291213989,0.39097124338150024
3032,ROIs1158_spring_s2_123_p737,0.037870630621910095,0.025725750252604485,28.433950424194336,8.830568313598633,0.8555806279182434,0.45012813806533813
3033,ROIs1158_spring_s2_123_p738,0.04024892672896385,0.02586517482995987,27.90491485595703,8.383620262145996,0.8518736362457275,0.45778489112854004
3034,ROIs1158_spring_s2_123_p739,0.03958688676357269,0.026249798014760017,28.048973083496094,8.758321762084961,0.8595110177993774,0.47139590978622437
3035,ROIs1158_spring_s2_123_p740,0.036484844982624054,0.025162693113088608,28.75775146484375,8.555021286010742,0.8657718896865845,0.47344106435775757
3036,ROIs1158_spring_s2_123_p741,0.03574952110648155,0.024463269859552383,28.934595108032227,8.433734893798828,0.86698979139328,0.4778429865837097
3037,ROIs1158_spring_s2_123_p742,0.03531686216592789,0.024055255576968193,29.04035758972168,8.538077354431152,0.8668807148933411,0.4742942452430725
3038,ROIs1158_spring_s2_123_p743,0.03680356964468956,0.02465962991118431,28.68220329284668,8.450455665588379,0.861316442489624,0.4671492278575897
3039,ROIs1158_spring_s2_123_p744,0.04155106097459793,0.026548676192760468,27.62835693359375,8.05331802368164,0.8552109003067017,0.4624769389629364
3040,ROIs1158_spring_s2_123_p745,0.04991203546524048,0.030903872102499008,26.03589630126953,8.626879692077637,0.8377145528793335,0.4838649034500122
3041,ROIs1158_spring_s2_123_p746,0.05595316365361214,0.033971138298511505,25.043508529663086,10.169559478759766,0.8136209845542908,0.5141959190368652
3042,ROIs1158_spring_s2_123_p747,0.06667707115411758,0.03728441521525383,23.520469665527344,11.799623489379883,0.7885885238647461,0.55604088306427
3043,ROIs1158_spring_s2_123_p748,0.06343115866184235,0.03597913309931755,23.953948974609375,12.072843551635742,0.7961435317993164,0.5609704852104187
3044,ROIs1158_spring_s2_123_p749,0.04960412159562111,0.03432721644639969,26.08964729309082,12.530538558959961,0.8306884169578552,0.527389407157898
3045,ROIs1158_spring_s2_123_p750,0.04787376523017883,0.03333760425448418,26.398048400878906,12.13061237335205,0.8454272150993347,0.5225629210472107
3046,ROIs1158_spring_s2_123_p751,0.04614961892366409,0.03154647350311279,26.71664047241211,11.066449165344238,0.8324611186981201,0.5485119223594666
3047,ROIs1158_spring_s2_123_p752,0.05272572860121727,0.035331469029188156,25.55954933166504,13.069072723388672,0.7948628664016724,0.5760560631752014
3048,ROIs1158_spring_s2_123_p753,0.05515021085739136,0.037397243082523346,25.169057846069336,15.21906566619873,0.7779056429862976,0.5748355388641357
3049,ROIs1158_spring_s2_123_p755,0.054860737174749374,0.036092378199100494,25.214767456054688,10.082296371459961,0.8070029020309448,0.48777568340301514
3050,ROIs1158_spring_s2_123_p756,0.04767363891005516,0.03179384395480156,26.434432983398438,9.138134956359863,0.822472333908081,0.4691828489303589
3051,ROIs1158_spring_s2_123_p757,0.04528294876217842,0.0305712278932333,26.881305694580078,9.332438468933105,0.8304142355918884,0.4850996732711792
3052,ROIs1158_spring_s2_123_p758,0.04147763177752495,0.029323818162083626,27.643720626831055,9.623590469360352,0.8437241315841675,0.5126909017562866
3053,ROIs1158_spring_s2_123_p759,0.03717644512653351,0.026580389589071274,28.59464454650879,9.261592864990234,0.8577755093574524,0.5109732151031494
3054,ROIs1158_spring_s2_123_p760,0.033875301480293274,0.02354414202272892,29.40233612060547,8.318389892578125,0.8860325813293457,0.4811837673187256
3055,ROIs1158_spring_s2_123_p761,0.03019576333463192,0.020673520863056183,30.401079177856445,7.303689002990723,0.9017506837844849,0.43973198533058167
3056,ROIs1158_spring_s2_123_p762,0.034246139228343964,0.023972488939762115,29.307767868041992,8.446771621704102,0.877795398235321,0.4466451406478882
3057,ROIs1158_spring_s2_123_p763,0.038358062505722046,0.0256003700196743,28.32286834716797,10.477805137634277,0.8520792126655579,0.4478433132171631
3058,ROIs1158_spring_s2_123_p764,0.035329945385456085,0.023342056199908257,29.037141799926758,11.73830509185791,0.847510576248169,0.42706915736198425
3059,ROIs1158_spring_s2_123_p765,0.03597921505570412,0.025099489837884903,28.87896728515625,10.907787322998047,0.8545866012573242,0.4494873285293579
3060,ROIs1158_spring_s2_123_p766,0.038747187703847885,0.026141388341784477,28.235197067260742,8.627217292785645,0.860396683216095,0.46749868988990784
3061,ROIs1158_spring_s2_123_p767,0.04023431986570358,0.026169421151280403,27.90806770324707,8.428277969360352,0.854431688785553,0.4605756402015686
3062,ROIs1158_spring_s2_123_p768,0.03993620723485947,0.026657728478312492,27.97266387939453,8.8341646194458,0.8472467064857483,0.474730521440506
3063,ROIs1158_spring_s2_123_p769,0.0380457378923893,0.0261710062623024,28.39388084411621,9.279438018798828,0.8565015196800232,0.4764755070209503
3064,ROIs1158_spring_s2_123_p770,0.03722645714879036,0.025247102603316307,28.582965850830078,9.02794361114502,0.8701074123382568,0.4531779885292053
3065,ROIs1158_spring_s2_123_p771,0.03504546359181404,0.024101929739117622,29.107362747192383,8.515869140625,0.8709238767623901,0.4700571298599243
3066,ROIs1158_spring_s2_123_p772,0.037181220948696136,0.025024743750691414,28.593528747558594,8.481719017028809,0.8638654947280884,0.4722299873828888
3067,ROIs1158_spring_s2_123_p773,0.04310539737343788,0.0277907345443964,27.309368133544922,8.547293663024902,0.8495874404907227,0.46543365716934204
3068,ROIs1158_spring_s2_123_p774,0.050654053688049316,0.031555190682411194,25.907716751098633,8.891972541809082,0.8276852369308472,0.49953120946884155
3069,ROIs1158_spring_s2_123_p775,0.057272057980298996,0.034316159784793854,24.841144561767578,9.897231101989746,0.800033450126648,0.5446474552154541
3070,ROIs1158_spring_s2_123_p776,0.052918702363967896,0.03290851041674614,25.527816772460938,10.33395767211914,0.8081372976303101,0.5481523275375366
3071,ROIs1158_spring_s2_123_p777,0.04675498977303505,0.03105608932673931,26.60344123840332,10.548910140991211,0.8280602693557739,0.5184828639030457
3072,ROIs1158_spring_s2_123_p778,0.04912396892905235,0.033681806176900864,26.174129486083984,12.175386428833008,0.8415215611457825,0.4995937645435333
3073,ROIs1158_spring_s2_123_p779,0.047747060656547546,0.03326496481895447,26.42106819152832,12.279150009155273,0.8463594913482666,0.5159577131271362
3074,ROIs1158_spring_s2_123_p780,0.04854913800954819,0.03299831971526146,26.276371002197266,11.68472671508789,0.8292813301086426,0.5411680936813354
3075,ROIs1158_spring_s2_123_p781,0.04925201088190079,0.03371625393629074,26.151521682739258,11.937532424926758,0.8211932182312012,0.5445390939712524
3076,ROIs1158_spring_s2_123_p782,0.04525209218263626,0.03173362463712692,26.88722801208496,11.701294898986816,0.8190158605575562,0.5264793038368225
3077,ROIs1158_spring_s2_123_p784,0.05546737462282181,0.036565136164426804,25.11924934387207,10.4151029586792,0.8033126592636108,0.5081908702850342
3078,ROIs1158_spring_s2_123_p785,0.05337517708539963,0.03445978835225105,25.453214645385742,9.5704984664917,0.811893105506897,0.4970954656600952
3079,ROIs1158_spring_s2_123_p786,0.050223905593156815,0.03264318034052849,25.98179054260254,9.347738265991211,0.8311022520065308,0.4891553521156311
3080,ROIs1158_spring_s2_123_p787,0.03973294049501419,0.027144884690642357,28.016986846923828,8.948880195617676,0.8635739684104919,0.47800230979919434
3081,ROIs1158_spring_s2_123_p788,0.035605188459157944,0.024640876799821854,28.969736099243164,8.48285961151123,0.8687493801116943,0.49652284383773804
3082,ROIs1158_spring_s2_123_p789,0.037296898663043976,0.025896018370985985,28.566547393798828,8.71590518951416,0.8681241273880005,0.49125468730926514
3083,ROIs1158_spring_s2_123_p790,0.033831886947155,0.023051399737596512,29.413475036621094,7.811373233795166,0.8815690875053406,0.46011289954185486
3084,ROIs1158_spring_s2_123_p791,0.0360192134976387,0.024787111207842827,28.86931610107422,8.711468696594238,0.8612204790115356,0.455704003572464
3085,ROIs1158_spring_s2_123_p792,0.0396844856441021,0.026059789583086967,28.027584075927734,9.365172386169434,0.8429929614067078,0.4410651922225952
3086,ROIs1158_spring_s2_123_p793,0.042230620980262756,0.027435656636953354,27.487451553344727,9.298301696777344,0.846633791923523,0.44024571776390076
3087,ROIs1158_spring_s2_123_p794,0.043845284730196,0.029257936403155327,27.161542892456055,9.956113815307617,0.8472434282302856,0.4440598785877228
3088,ROIs1158_spring_s2_123_p795,0.04101099446415901,0.02754167467355728,27.741994857788086,9.158062934875488,0.8576761484146118,0.4583176076412201
3089,ROIs1158_spring_s2_123_p796,0.03889525681734085,0.026217255741357803,28.20206642150879,8.398148536682129,0.8615608215332031,0.45366090536117554
3090,ROIs1158_spring_s2_123_p797,0.040951553732156754,0.02799295075237751,27.754592895507812,9.422468185424805,0.8566601276397705,0.44488680362701416
3091,ROIs1158_spring_s2_123_p798,0.041994065046310425,0.029097972437739372,27.53624153137207,10.311553955078125,0.8592374324798584,0.44835448265075684
3092,ROIs1158_spring_s2_123_p799,0.03863036260008812,0.026469336822628975,28.261425018310547,9.364692687988281,0.8701865673065186,0.44133663177490234
3093,ROIs1158_spring_s2_123_p800,0.03579222038388252,0.025056423619389534,28.924226760864258,8.736471176147461,0.8761722445487976,0.44522374868392944
3094,ROIs1158_spring_s2_123_p801,0.037560999393463135,0.02541254833340645,28.505258560180664,8.652447700500488,0.8674464225769043,0.4539511501789093
3095,ROIs1158_spring_s2_123_p802,0.03893632814288139,0.025807339698076248,28.192901611328125,8.504363059997559,0.8555054664611816,0.4700367748737335
3096,ROIs1158_spring_s2_123_p803,0.04489963874220848,0.02981076017022133,26.95514488220215,10.238532066345215,0.8325626850128174,0.5175753831863403
3097,ROIs1158_spring_s2_123_p804,0.04904066026210785,0.03192870691418648,26.188873291015625,10.553089141845703,0.8108091354370117,0.533901572227478
3098,ROIs1158_spring_s2_123_p805,0.0466463640332222,0.030752109363675117,26.623645782470703,9.333922386169434,0.8182317018508911,0.5069625973701477
3099,ROIs1158_spring_s2_123_p806,0.04313042014837265,0.02913041226565838,27.3043270111084,9.179323196411133,0.8480998277664185,0.48701944947242737
3100,ROIs1158_spring_s2_123_p807,0.04690557345747948,0.03264418989419937,26.575510025024414,11.260133743286133,0.834635853767395,0.5154918432235718
3101,ROIs1158_spring_s2_123_p808,0.04941212758421898,0.033227331936359406,26.12333106994629,11.560457229614258,0.8223886489868164,0.5257267355918884
3102,ROIs1158_spring_s2_123_p809,0.05166010186076164,0.033736422657966614,25.736894607543945,11.705978393554688,0.8216982483863831,0.5352873206138611
3103,ROIs1158_spring_s2_123_p810,0.06002146378159523,0.03936218470335007,24.433870315551758,13.865320205688477,0.7921676635742188,0.5534611344337463
3104,ROIs1158_spring_s2_123_p811,0.06059541553258896,0.03929046913981438,24.351205825805664,14.055152893066406,0.7827045917510986,0.5610821843147278
3105,ROIs1158_spring_s2_123_p813,0.050926171243190765,0.034230660647153854,25.86117935180664,9.869431495666504,0.818530797958374,0.4971529245376587
3106,ROIs1158_spring_s2_123_p814,0.05514117330312729,0.03609244152903557,25.170480728149414,10.127326011657715,0.8115465044975281,0.4968201518058777
3107,ROIs1158_spring_s2_123_p815,0.05744503065943718,0.037860240787267685,24.814950942993164,10.650984764099121,0.8106974363327026,0.5150708556175232
3108,ROIs1158_spring_s2_123_p816,0.05347952991724014,0.03552093729376793,25.436248779296875,9.875393867492676,0.8247723579406738,0.5110570788383484
3109,ROIs1158_spring_s2_123_p817,0.047499675303697586,0.03226843476295471,26.466188430786133,8.953360557556152,0.8434160947799683,0.5006285905838013
3110,ROIs1158_spring_s2_123_p818,0.03967142105102539,0.027055757120251656,28.030445098876953,8.516712188720703,0.8578220009803772,0.4827394485473633
3111,ROIs1158_spring_s2_123_p819,0.03972473740577698,0.026801131665706635,28.018779754638672,8.766260147094727,0.8527320027351379,0.46544453501701355
3112,ROIs1158_spring_s2_123_p820,0.04207928478717804,0.02789692021906376,27.518634796142578,9.131648063659668,0.8403162360191345,0.4556339979171753
3113,ROIs1158_spring_s2_123_p821,0.04428869113326073,0.02920149452984333,27.07414436340332,9.198843955993652,0.8285861015319824,0.4479708671569824
3114,ROIs1158_spring_s2_123_p822,0.04550647363066673,0.029971066862344742,26.83853530883789,9.292075157165527,0.8310993909835815,0.4411727488040924
3115,ROIs1158_spring_s2_123_p823,0.0465257465839386,0.03061797097325325,26.646135330200195,9.873808860778809,0.8355892896652222,0.4202224314212799
3116,ROIs1158_spring_s2_123_p824,0.04383939877152443,0.028861891478300095,27.162708282470703,9.524300575256348,0.8484623432159424,0.4211500287055969
3117,ROIs1158_spring_s2_123_p825,0.04118757322430611,0.027582861483097076,27.704675674438477,8.930026054382324,0.8530640602111816,0.45819276571273804
3118,ROIs1158_spring_s2_123_p826,0.041864581406116486,0.02922188490629196,27.563064575195312,9.716573715209961,0.8616781830787659,0.45672714710235596
3119,ROIs1158_spring_s2_123_p827,0.04080399498343468,0.028944259509444237,27.785947799682617,9.73488998413086,0.8660718202590942,0.4451150894165039
3120,ROIs1158_spring_s2_123_p828,0.039905205368995667,0.027755673974752426,27.97941017150879,9.159283638000488,0.8645035028457642,0.45344191789627075
3121,ROIs1158_spring_s2_123_p829,0.03971368074417114,0.027903366833925247,28.02120018005371,9.202016830444336,0.8735222816467285,0.44746309518814087
3122,ROIs1158_spring_s2_123_p830,0.04147159680724144,0.028476929292082787,27.64498519897461,9.172502517700195,0.8548910617828369,0.45197105407714844
3123,ROIs1158_spring_s2_123_p831,0.042048994451761246,0.028494367375969887,27.52488899230957,9.385492324829102,0.8351192474365234,0.4901338815689087
3124,ROIs1158_spring_s2_123_p832,0.044174134731292725,0.03015587478876114,27.096637725830078,10.623700141906738,0.8378854393959045,0.512975811958313
3125,ROIs1158_spring_s2_123_p833,0.045496221631765366,0.030639493837952614,26.84049415588379,10.462244033813477,0.8409274816513062,0.4975584149360657
3126,ROIs1158_spring_s2_123_p834,0.04121890664100647,0.02777133136987686,27.698070526123047,8.976202964782715,0.8485689163208008,0.4702306389808655
3127,ROIs1158_spring_s2_123_p835,0.042276378720998764,0.02867872081696987,27.478044509887695,9.212567329406738,0.8550580143928528,0.4630245566368103
3128,ROIs1158_spring_s2_123_p836,0.04531233385205269,0.03180287778377533,26.87567138671875,10.533032417297363,0.8335793614387512,0.5152819156646729
3129,ROIs1158_spring_s2_123_p837,0.04543750360608101,0.03051871247589588,26.85171127319336,10.870041847229004,0.8304316997528076,0.5302101969718933
3130,ROIs1158_spring_s2_123_p838,0.049825407564640045,0.03287404775619507,26.050983428955078,11.80659008026123,0.8151671886444092,0.5365254878997803
3131,ROIs1158_spring_s2_123_p839,0.06638050824403763,0.04221821948885918,23.559188842773438,14.131476402282715,0.7480454444885254,0.5781134366989136
3132,ROIs1158_spring_s2_123_p840,0.06815971434116364,0.042517293244600296,23.32944679260254,14.048762321472168,0.7501769661903381,0.5853205323219299
3133,ROIs1158_spring_s2_140_p32,0.07131996750831604,0.051704633980989456,22.935779571533203,14.548314094543457,0.7434022426605225,0.5842267274856567
3134,ROIs1158_spring_s2_140_p33,0.0708160400390625,0.05222729593515396,22.99736785888672,14.376967430114746,0.7535167336463928,0.569206714630127
3135,ROIs1158_spring_s2_140_p34,0.07213086634874344,0.05355033650994301,22.83757781982422,14.571069717407227,0.7571013569831848,0.5687439441680908
3136,ROIs1158_spring_s2_140_p35,0.06702658534049988,0.04879650101065636,23.475059509277344,13.000954627990723,0.7730489373207092,0.569955050945282
3137,ROIs1158_spring_s2_140_p36,0.06327421963214874,0.04571406915783882,23.975465774536133,11.037224769592285,0.7961757183074951,0.5484846830368042
3138,ROIs1158_spring_s2_140_p37,0.06652393192052841,0.044442638754844666,23.540443420410156,10.057229995727539,0.7865976095199585,0.544063150882721
3139,ROIs1158_spring_s2_140_p38,0.06480182707309723,0.04320128262042999,23.76825523376465,10.392311096191406,0.7717760801315308,0.5408321619033813
3140,ROIs1158_spring_s2_140_p39,0.05915088951587677,0.04205121099948883,24.560775756835938,10.363059997558594,0.782563328742981,0.5141568183898926
3141,ROIs1158_spring_s2_140_p40,0.06277173012495041,0.04300232231616974,24.044719696044922,10.067378044128418,0.7834309339523315,0.516539454460144
3142,ROIs1158_spring_s2_140_p41,0.059766944497823715,0.03984909877181053,24.470779418945312,9.392539024353027,0.7941664457321167,0.5115945339202881
3143,ROIs1158_spring_s2_140_p42,0.054753370583057404,0.03731716424226761,25.231782913208008,9.493789672851562,0.8011634349822998,0.4827822148799896
3144,ROIs1158_spring_s2_140_p43,0.05344637483358383,0.03705041483044624,25.441635131835938,9.633590698242188,0.7957333326339722,0.4870764911174774
3145,ROIs1158_spring_s2_140_p44,0.05902576819062233,0.04174571856856346,24.57917022705078,10.625334739685059,0.7800000905990601,0.5144161581993103
3146,ROIs1158_spring_s2_140_p45,0.06191427260637283,0.04426806420087814,24.1641845703125,11.180941581726074,0.7840282917022705,0.5377159118652344
3147,ROIs1158_spring_s2_140_p46,0.050816237926483154,0.03517366573214531,25.87995147705078,9.409297943115234,0.8168769478797913,0.4985359013080597
3148,ROIs1158_spring_s2_140_p47,0.04902029410004616,0.03197811171412468,26.192481994628906,8.769822120666504,0.8219742774963379,0.4911001920700073
3149,ROIs1158_spring_s2_140_p48,0.050363268703222275,0.03281132131814957,25.957721710205078,8.882536888122559,0.8219844102859497,0.4995763897895813
3150,ROIs1158_spring_s2_140_p49,0.048773717135190964,0.03344504535198212,26.236284255981445,8.603693008422852,0.8259522318840027,0.498348593711853
3151,ROIs1158_spring_s2_140_p50,0.05442327260971069,0.03718264773488045,25.28430938720703,9.974647521972656,0.7984997034072876,0.5102506875991821
3152,ROIs1158_spring_s2_140_p51,0.059445250779390335,0.040019623935222626,24.517658233642578,10.904507637023926,0.7645756006240845,0.5653326511383057
3153,ROIs1158_spring_s2_140_p52,0.06129488721489906,0.04118632897734642,24.251516342163086,11.162162780761719,0.7536975741386414,0.5427364110946655
3154,ROIs1158_spring_s2_140_p53,0.06225671246647835,0.042210791260004044,24.11627769470215,11.101540565490723,0.7733102440834045,0.5240198969841003
3155,ROIs1158_spring_s2_140_p54,0.06447043269872665,0.044983625411987305,23.812788009643555,11.659059524536133,0.7817291021347046,0.516198456287384
3156,ROIs1158_spring_s2_140_p55,0.06605969369411469,0.046078260987997055,23.601268768310547,11.87503433227539,0.771998941898346,0.5055409073829651
3157,ROIs1158_spring_s2_140_p56,0.0549825057387352,0.037704627960920334,25.195510864257812,9.458744049072266,0.7859771251678467,0.4734634757041931
3158,ROIs1158_spring_s2_140_p57,0.0508408360183239,0.03579354286193848,25.875747680664062,8.619723320007324,0.7929936051368713,0.4597122073173523
3159,ROIs1158_spring_s2_140_p58,0.05818968266248703,0.04078875109553337,24.703081130981445,10.240326881408691,0.7853926420211792,0.46051180362701416
3160,ROIs1158_spring_s2_140_p59,0.07217790931463242,0.04975742846727371,22.8319149017334,12.4970064163208,0.7696918249130249,0.5054610371589661
3161,ROIs1158_spring_s2_140_p60,0.07534266263246536,0.051420241594314575,22.459182739257812,12.118453979492188,0.7583445310592651,0.5425476431846619
3162,ROIs1158_spring_s2_140_p63,0.07418016344308853,0.05580798536539078,22.5942440032959,14.478235244750977,0.741715669631958,0.5695568323135376
3163,ROIs1158_spring_s2_140_p64,0.07262629270553589,0.05477697402238846,22.778121948242188,14.322455406188965,0.7550833821296692,0.5728591084480286
3164,ROIs1158_spring_s2_140_p65,0.07003302127122879,0.0526992529630661,23.093944549560547,14.21545696258545,0.7570512294769287,0.5772440433502197
3165,ROIs1158_spring_s2_140_p66,0.06705015897750854,0.05042028799653053,23.472003936767578,13.439167022705078,0.7583475112915039,0.5743989944458008
3166,ROIs1158_spring_s2_140_p67,0.06091906875371933,0.04445971921086311,24.304935455322266,11.411864280700684,0.7843220829963684,0.5402329564094543
3167,ROIs1158_spring_s2_140_p68,0.05844440311193466,0.04184309393167496,24.665143966674805,9.69970417022705,0.7944374084472656,0.5146300196647644
3168,ROIs1158_spring_s2_140_p69,0.059265006333589554,0.04194521903991699,24.54403305053711,9.759356498718262,0.7882320880889893,0.5165672302246094
3169,ROIs1158_spring_s2_140_p70,0.06407584249973297,0.044866930693387985,23.86611557006836,10.911420822143555,0.7763670682907104,0.5126131176948547
3170,ROIs1158_spring_s2_140_p71,0.07173872739076614,0.04990188032388687,22.884925842285156,11.691956520080566,0.7655287384986877,0.5104055404663086
3171,ROIs1158_spring_s2_140_p72,0.06963121145963669,0.04833075776696205,23.1439208984375,10.650697708129883,0.7858545184135437,0.48229825496673584
3172,ROIs1158_spring_s2_140_p73,0.06076771765947342,0.042632587254047394,24.326541900634766,10.320843696594238,0.8016573190689087,0.4609283208847046
3173,ROIs1158_spring_s2_140_p74,0.05344324931502342,0.038033779710531235,25.442142486572266,9.711965560913086,0.8004763722419739,0.4796900451183319
3174,ROIs1158_spring_s2_140_p75,0.052559662610292435,0.03717814013361931,25.58694839477539,9.643752098083496,0.7897576093673706,0.5153233408927917
3175,ROIs1158_spring_s2_140_p76,0.051683664321899414,0.03635518625378609,25.732934951782227,10.168634414672852,0.7941149473190308,0.538105309009552
3176,ROIs1158_spring_s2_140_p77,0.04831615462899208,0.03428589180111885,26.318151473999023,9.283411979675293,0.8237968683242798,0.46870365738868713
3177,ROIs1158_spring_s2_140_p78,0.04985811933875084,0.03331296518445015,26.045284271240234,8.264242172241211,0.8294078707695007,0.4380757510662079
3178,ROIs1158_spring_s2_140_p79,0.05367310345172882,0.0352444052696228,25.404865264892578,8.649083137512207,0.8140773773193359,0.468397319316864
3179,ROIs1158_spring_s2_140_p80,0.05368101969361305,0.0368102602660656,25.403587341308594,8.558109283447266,0.8151659965515137,0.4618808925151825
3180,ROIs1158_spring_s2_140_p81,0.0542609840631485,0.038709912449121475,25.31024932861328,9.557934761047363,0.8055473566055298,0.4634080231189728
3181,ROIs1158_spring_s2_140_p82,0.058031950145959854,0.04116282984614372,24.72665786743164,10.975557327270508,0.7753338813781738,0.5231134295463562
3182,ROIs1158_spring_s2_140_p83,0.05950034409761429,0.041133202612400055,24.509611129760742,11.067671775817871,0.7628330588340759,0.5272147059440613
3183,ROIs1158_spring_s2_140_p84,0.0608183778822422,0.04127421975135803,24.319305419921875,10.96526050567627,0.789047122001648,0.5139675736427307
3184,ROIs1158_spring_s2_140_p85,0.05865331366658211,0.04068173095583916,24.634151458740234,10.210400581359863,0.801079511642456,0.4707268178462982
3185,ROIs1158_spring_s2_140_p86,0.05208253487944603,0.03541175648570061,25.66615867614746,8.011075973510742,0.8050618171691895,0.4401046633720398
3186,ROIs1158_spring_s2_140_p87,0.05512199178338051,0.03667151927947998,25.17350196838379,7.990335464477539,0.7896440625190735,0.45610910654067993
3187,ROIs1158_spring_s2_140_p88,0.05758127570152283,0.03907299041748047,24.79437255859375,8.79770565032959,0.7814472913742065,0.4594009518623352
3188,ROIs1158_spring_s2_140_p89,0.05786393582820892,0.04098346829414368,24.75183868408203,10.2085542678833,0.7693209648132324,0.47227799892425537
3189,ROIs1158_spring_s2_140_p90,0.05717309191823006,0.036941248923540115,24.85616683959961,9.369829177856445,0.7620924711227417,0.5194516181945801
3190,ROIs1158_spring_s2_140_p91,0.058190636336803436,0.037378329783678055,24.702938079833984,9.966346740722656,0.7451431155204773,0.5644211769104004
3191,ROIs1158_spring_s2_140_p94,0.06880035996437073,0.05241343006491661,23.248186111450195,13.556867599487305,0.7374062538146973,0.5453581809997559
3192,ROIs1158_spring_s2_140_p95,0.06139950081706047,0.04694167524576187,24.23670196533203,12.409149169921875,0.7633101344108582,0.533880889415741
3193,ROIs1158_spring_s2_140_p96,0.05660107359290123,0.041153308004140854,24.943506240844727,10.871711730957031,0.7925981879234314,0.51493901014328
3194,ROIs1158_spring_s2_140_p97,0.05854228883981705,0.04181601479649544,24.65060806274414,10.47023868560791,0.790618896484375,0.5063362121582031
3195,ROIs1158_spring_s2_140_p98,0.05873355641961098,0.04278803989291191,24.622276306152344,10.06601333618164,0.791705846786499,0.49058181047439575
3196,ROIs1158_spring_s2_140_p99,0.0627991184592247,0.04516402631998062,24.04092788696289,10.243420600891113,0.7992238402366638,0.4747559130191803
3197,ROIs1158_spring_s2_140_p100,0.07042360305786133,0.049317508935928345,23.045635223388672,11.252446174621582,0.7908929586410522,0.5092133283615112
3198,ROIs1158_spring_s2_140_p101,0.07009463012218475,0.04894144833087921,23.086307525634766,11.660286903381348,0.7731751203536987,0.5379000902175903
3199,ROIs1158_spring_s2_140_p102,0.06925053149461746,0.049199577420949936,23.191537857055664,12.01111125946045,0.7593463659286499,0.5401304364204407
3200,ROIs1158_spring_s2_140_p103,0.06842916458845139,0.04909348487854004,23.295175552368164,11.495283126831055,0.764776349067688,0.5242844223976135
3201,ROIs1158_spring_s2_140_p104,0.06200980395078659,0.0443589948117733,24.150793075561523,10.879727363586426,0.7926243543624878,0.5064539909362793
3202,ROIs1158_spring_s2_140_p105,0.04869077354669571,0.0345737561583519,26.251066207885742,9.124364852905273,0.8215723633766174,0.47934043407440186
3203,ROIs1158_spring_s2_140_p106,0.04535626620054245,0.03238891810178757,26.86725425720215,8.908856391906738,0.8106282353401184,0.49631035327911377
3204,ROIs1158_spring_s2_140_p107,0.04515671357512474,0.03252528980374336,26.905553817749023,9.465238571166992,0.8126906752586365,0.48848292231559753
3205,ROIs1158_spring_s2_140_p108,0.046264443546533585,0.03328245133161545,26.695053100585938,8.510039329528809,0.8400019407272339,0.4050198197364807
3206,ROIs1158_spring_s2_140_p109,0.050972457975149155,0.0356752872467041,25.853290557861328,8.328481674194336,0.8277116417884827,0.4200357496738434
3207,ROIs1158_spring_s2_140_p110,0.058260027319192886,0.03923985734581947,24.692584991455078,9.130824089050293,0.7974280714988708,0.4746764302253723
3208,ROIs1158_spring_s2_140_p111,0.05679536610841751,0.038634706288576126,24.913742065429688,8.561697006225586,0.8106207847595215,0.43543750047683716
3209,ROIs1158_spring_s2_140_p112,0.05059778690338135,0.03602374717593193,25.917369842529297,8.507652282714844,0.825252890586853,0.41409945487976074
3210,ROIs1158_spring_s2_140_p113,0.05110835283994675,0.0364127941429615,25.830163955688477,9.618902206420898,0.8040202856063843,0.4834539592266083
3211,ROIs1158_spring_s2_140_p114,0.055491115897893906,0.03824937343597412,25.11553192138672,10.391595840454102,0.7893366813659668,0.5006475448608398
3212,ROIs1158_spring_s2_140_p115,0.05940023437142372,0.041293542832136154,24.524234771728516,11.045445442199707,0.794283390045166,0.4998447299003601
3213,ROIs1158_spring_s2_140_p116,0.05852382257580757,0.04060020670294762,24.65334701538086,9.738359451293945,0.8065458536148071,0.47669702768325806
3214,ROIs1158_spring_s2_140_p117,0.05424671992659569,0.036865267902612686,25.312530517578125,7.9751811027526855,0.8140496015548706,0.45449936389923096
3215,ROIs1158_spring_s2_140_p118,0.05661498382687569,0.03747967258095741,24.94137191772461,8.164586067199707,0.8006858825683594,0.47854968905448914
3216,ROIs1158_spring_s2_140_p119,0.058194246143102646,0.038634609431028366,24.70240020751953,8.759342193603516,0.7918579578399658,0.4814140200614929
3217,ROIs1158_spring_s2_140_p120,0.05609438195824623,0.03715880215167999,25.0216121673584,8.848155975341797,0.7772493362426758,0.5091620087623596
3218,ROIs1158_spring_s2_140_p121,0.05474809929728508,0.03382446616888046,25.232620239257812,9.294175148010254,0.7621387243270874,0.562197208404541
3219,ROIs1158_spring_s2_140_p122,0.05438316613435745,0.03508899733424187,25.290708541870117,10.625554084777832,0.7388088703155518,0.5884983539581299
3220,ROIs1158_spring_s2_140_p125,0.05931616947054863,0.04275791719555855,24.536540985107422,11.016695976257324,0.7659124135971069,0.5442174673080444
3221,ROIs1158_spring_s2_140_p126,0.053367722779512405,0.038363099098205566,25.45442771911621,10.136280059814453,0.7935585975646973,0.5107904076576233
3222,ROIs1158_spring_s2_140_p127,0.05301874503493309,0.036733631044626236,25.511409759521484,9.379851341247559,0.8183472156524658,0.4717954695224762
3223,ROIs1158_spring_s2_140_p128,0.05976330488920212,0.041097335517406464,24.471309661865234,9.568609237670898,0.8085975646972656,0.4762779772281647
3224,ROIs1158_spring_s2_140_p129,0.06330927461385727,0.04510921984910965,23.970653533935547,10.452068328857422,0.7909291982650757,0.49300676584243774
3225,ROIs1158_spring_s2_140_p130,0.07060877978801727,0.04953805357217789,23.022825241088867,11.757238388061523,0.7800244092941284,0.507512629032135
3226,ROIs1158_spring_s2_140_p131,0.07990078628063202,0.05584123730659485,21.94898223876953,13.896292686462402,0.7724043130874634,0.5391983985900879
3227,ROIs1158_spring_s2_140_p132,0.07124798744916916,0.05103420838713646,22.944547653198242,13.365565299987793,0.7710927724838257,0.5497867465019226
3228,ROIs1158_spring_s2_140_p133,0.062173184007406235,0.04605564475059509,24.127939224243164,12.36734676361084,0.7678554058074951,0.5461218357086182
3229,ROIs1158_spring_s2_140_p134,0.06327395141124725,0.046430643647909164,23.975502014160156,11.994392395019531,0.7637251615524292,0.5397956967353821
3230,ROIs1158_spring_s2_140_p135,0.05790623649954796,0.04048836976289749,24.745492935180664,10.176820755004883,0.7979894876480103,0.5034748315811157
3231,ROIs1158_spring_s2_140_p136,0.044037118554115295,0.030519681051373482,27.12362289428711,8.332301139831543,0.8440695405006409,0.4504963755607605
3232,ROIs1158_spring_s2_140_p137,0.04710365831851959,0.033761657774448395,26.538908004760742,9.299543380737305,0.8297034502029419,0.4393150210380554
3233,ROIs1158_spring_s2_140_p138,0.04842720553278923,0.035340920090675354,26.298213958740234,9.755047798156738,0.823275089263916,0.4303646683692932
3234,ROIs1158_spring_s2_140_p139,0.047063909471035004,0.034173283725976944,26.546241760253906,8.686169624328613,0.8308844566345215,0.41354674100875854
3235,ROIs1158_spring_s2_140_p140,0.05363517254590988,0.03918364644050598,25.411006927490234,9.485647201538086,0.8117101192474365,0.43368738889694214
3236,ROIs1158_spring_s2_140_p141,0.06043132767081261,0.04236216843128204,24.374759674072266,10.214685440063477,0.7911352515220642,0.4990301728248596
3237,ROIs1158_spring_s2_140_p142,0.05632435530424118,0.03982968628406525,24.98607635498047,9.996804237365723,0.8090623617172241,0.4767104685306549
3238,ROIs1158_spring_s2_140_p143,0.05055000260472298,0.036221422255039215,25.92557716369629,9.462821006774902,0.8277908563613892,0.45104658603668213
3239,ROIs1158_spring_s2_140_p144,0.05522320792078972,0.03756782412528992,25.15756607055664,9.54791259765625,0.8067547082901001,0.4662269651889801
3240,ROIs1158_spring_s2_140_p145,0.061029933393001556,0.04030995815992355,24.289142608642578,10.035518646240234,0.7921369075775146,0.47643062472343445
3241,ROIs1158_spring_s2_140_p146,0.06358221918344498,0.043764106929302216,23.933286666870117,11.100493431091309,0.7823442220687866,0.5106511116027832
3242,ROIs1158_spring_s2_140_p147,0.06454328447580338,0.04526149854063988,23.802978515625,10.976522445678711,0.7960104942321777,0.5338262319564819
3243,ROIs1158_spring_s2_140_p148,0.05843529477715492,0.04021075740456581,24.66649627685547,9.539155006408691,0.8123992681503296,0.5324281454086304
3244,ROIs1158_spring_s2_140_p149,0.04777354747056961,0.032173335552215576,26.416248321533203,7.9597930908203125,0.8279720544815063,0.5036923289299011
3245,ROIs1158_spring_s2_140_p150,0.04582371190190315,0.03054032102227211,26.7781982421875,7.787485122680664,0.8382024765014648,0.47264447808265686
3246,ROIs1158_spring_s2_140_p151,0.05025045946240425,0.033405594527721405,25.97719955444336,8.693805694580078,0.8065882921218872,0.4914032518863678
3247,ROIs1158_spring_s2_140_p152,0.05626509711146355,0.0366012305021286,24.995220184326172,9.56001091003418,0.7739794254302979,0.5410009622573853
3248,ROIs1158_spring_s2_140_p153,0.0660896971821785,0.04366488754749298,23.597326278686523,10.580559730529785,0.7386797666549683,0.566303014755249
3249,ROIs1158_spring_s2_140_p156,0.061917293816804886,0.04312070831656456,24.163761138916016,10.884459495544434,0.7836368680000305,0.5745983123779297
3250,ROIs1158_spring_s2_140_p157,0.05247446894645691,0.03590065985918045,25.60103988647461,9.248091697692871,0.814296305179596,0.4914144277572632
3251,ROIs1158_spring_s2_140_p158,0.06032462790608406,0.04163665324449539,24.390108108520508,9.768416404724121,0.8096869587898254,0.4656914472579956
3252,ROIs1158_spring_s2_140_p159,0.06742306798696518,0.04804380238056183,23.423828125,11.509519577026367,0.7858153581619263,0.5142695307731628
3253,ROIs1158_spring_s2_140_p160,0.06687041372060776,0.048446886241436005,23.49532127380371,12.758224487304688,0.7659714221954346,0.5507196187973022
3254,ROIs1158_spring_s2_140_p161,0.07260729372501373,0.05198156088590622,22.780397415161133,13.935078620910645,0.7522549629211426,0.5628622770309448
3255,ROIs1158_spring_s2_140_p162,0.08317986875772476,0.060152120888233185,21.59963607788086,16.956769943237305,0.7435680627822876,0.576167106628418
3256,ROIs1158_spring_s2_140_p163,0.0728641152381897,0.053978852927684784,22.749727249145508,15.861871719360352,0.7600140571594238,0.5693865418434143
3257,ROIs1158_spring_s2_140_p164,0.06236525624990463,0.04570326581597328,24.101144790649414,12.796588897705078,0.7802083492279053,0.5499422550201416
3258,ROIs1158_spring_s2_140_p165,0.05779144912958145,0.04032033309340477,24.762727737426758,10.678146362304688,0.7940468192100525,0.518153727054596
3259,ROIs1158_spring_s2_140_p166,0.05175299569964409,0.03471524640917778,25.721290588378906,9.192228317260742,0.8286661505699158,0.4750845730304718
3260,ROIs1158_spring_s2_140_p167,0.04797601327300072,0.03207974508404732,26.3795166015625,8.664151191711426,0.8456218242645264,0.4387463927268982
3261,ROIs1158_spring_s2_140_p168,0.056870266795158386,0.03964179381728172,24.90229606628418,10.423272132873535,0.8230633735656738,0.4570711851119995
3262,ROIs1158_spring_s2_140_p169,0.057827483862638474,0.04138055443763733,24.75731658935547,10.96220874786377,0.8106637001037598,0.4730740189552307
3263,ROIs1158_spring_s2_140_p170,0.05359989032149315,0.03815965726971626,25.41672134399414,9.861490249633789,0.8134077191352844,0.4718228876590729
3264,ROIs1158_spring_s2_140_p171,0.05458403378725052,0.0397457554936409,25.258686065673828,10.167490005493164,0.8113371729850769,0.4725360572338104
3265,ROIs1158_spring_s2_140_p172,0.05593626946210861,0.040202923119068146,25.046131134033203,10.40422248840332,0.8049014806747437,0.4926052987575531
3266,ROIs1158_spring_s2_140_p173,0.05059458687901497,0.03700374811887741,25.917919158935547,10.169624328613281,0.827822208404541,0.457243412733078
3267,ROIs1158_spring_s2_140_p174,0.049995604902505875,0.03609931468963623,26.021366119384766,10.330547332763672,0.8350818157196045,0.43666794896125793
3268,ROIs1158_spring_s2_140_p175,0.05912495031952858,0.03914963826537132,24.564586639404297,10.493529319763184,0.801028311252594,0.47325584292411804
3269,ROIs1158_spring_s2_140_p176,0.0665958970785141,0.04346936196088791,23.53105354309082,10.7782564163208,0.7856513261795044,0.5071898698806763
3270,ROIs1158_spring_s2_140_p177,0.07095611840486526,0.04837696626782417,22.98020362854004,11.877766609191895,0.7717460989952087,0.5468252301216125
3271,ROIs1158_spring_s2_140_p178,0.07190931588411331,0.05045020207762718,22.864299774169922,12.204336166381836,0.7751322984695435,0.5757074356079102
3272,ROIs1158_spring_s2_140_p179,0.06489136070013046,0.04466557502746582,23.75625991821289,10.59796142578125,0.8021144270896912,0.5499825477600098
3273,ROIs1158_spring_s2_140_p180,0.050255853682756424,0.03301451355218887,25.976266860961914,8.246957778930664,0.8316009640693665,0.5049797296524048
3274,ROIs1158_spring_s2_140_p181,0.05025635287165642,0.032611116766929626,25.976181030273438,8.767314910888672,0.832497239112854,0.4983343183994293
3275,ROIs1158_spring_s2_140_p182,0.05352633073925972,0.035256046801805496,25.42864990234375,9.270783424377441,0.8139682412147522,0.4926954507827759
3276,ROIs1158_spring_s2_140_p183,0.05882062762975693,0.0395510271191597,24.60940933227539,9.566709518432617,0.7883113622665405,0.4815904498100281
3277,ROIs1158_spring_s2_140_p184,0.07346560060977936,0.050126783549785614,22.678319931030273,11.865568161010742,0.7444427609443665,0.5280734300613403
3278,ROIs1158_spring_s2_140_p187,0.06319517642259598,0.045314159244298935,23.9863224029541,11.655051231384277,0.7815641164779663,0.5683075189590454
3279,ROIs1158_spring_s2_140_p188,0.05631067603826523,0.03929620608687401,24.98818588256836,9.96602725982666,0.8096604347229004,0.5015535354614258
3280,ROIs1158_spring_s2_140_p189,0.061928994953632355,0.04342137277126312,24.162120819091797,9.878316879272461,0.7973860502243042,0.4941062927246094
3281,ROIs1158_spring_s2_140_p190,0.06812730431556702,0.04931227117776871,23.33357810974121,11.7216157913208,0.7720026969909668,0.5461735725402832
3282,ROIs1158_spring_s2_140_p191,0.07812915742397308,0.057196978479623795,22.14373779296875,14.802852630615234,0.7454066276550293,0.5800145268440247
3283,ROIs1158_spring_s2_140_p192,0.07872512191534042,0.05809274688363075,22.077733993530273,15.984743118286133,0.7392653226852417,0.6028131246566772
3284,ROIs1158_spring_s2_140_p193,0.07742196321487427,0.05675298720598221,22.22271728515625,16.503454208374023,0.7420976161956787,0.5956465005874634
3285,ROIs1158_spring_s2_140_p194,0.07312167435884476,0.053277477622032166,22.719078063964844,15.644554138183594,0.7484369277954102,0.5895007252693176
3286,ROIs1158_spring_s2_140_p195,0.05745334178209305,0.0409533716738224,24.81369400024414,11.412007331848145,0.7929263710975647,0.5138890743255615
3287,ROIs1158_spring_s2_140_p196,0.04627700522542,0.0324593260884285,26.69269561767578,8.872145652770996,0.8386716842651367,0.43656259775161743
3288,ROIs1158_spring_s2_140_p197,0.048219189047813416,0.03257379308342934,26.335601806640625,8.373394012451172,0.8411694765090942,0.43703916668891907
3289,ROIs1158_spring_s2_140_p198,0.055279556661844254,0.036788299679756165,25.14870834350586,9.54885482788086,0.8068771958351135,0.4979414939880371
3290,ROIs1158_spring_s2_140_p199,0.06000693514943123,0.04232596606016159,24.435970306396484,11.530891418457031,0.7846911549568176,0.5350263118743896
3291,ROIs1158_spring_s2_140_p200,0.06182553619146347,0.04553547501564026,24.17664337158203,12.589052200317383,0.7811720967292786,0.5314077734947205
3292,ROIs1158_spring_s2_140_p201,0.05844718590378761,0.04285863786935806,24.66472816467285,11.802393913269043,0.7942315340042114,0.5213110446929932
3293,ROIs1158_spring_s2_140_p202,0.05515192449092865,0.040418777614831924,25.168785095214844,11.25969409942627,0.8110648393630981,0.515540599822998
3294,ROIs1158_spring_s2_140_p203,0.05057252198457718,0.03620734438300133,25.921707153320312,10.021442413330078,0.8246519565582275,0.47119325399398804
3295,ROIs1158_spring_s2_140_p204,0.04902131110429764,0.03423220291733742,26.192302703857422,9.048194885253906,0.8457545042037964,0.4136413335800171
3296,ROIs1158_spring_s2_140_p205,0.052551981061697006,0.03588704392313957,25.588218688964844,10.06614875793457,0.8302819728851318,0.4386087954044342
3297,ROIs1158_spring_s2_140_p206,0.062197621911764145,0.041331566870212555,24.124526977539062,10.96035385131836,0.8030151724815369,0.487126886844635
3298,ROIs1158_spring_s2_140_p207,0.07205125689506531,0.04857306182384491,22.84716796875,12.474111557006836,0.78352952003479,0.5332610607147217
3299,ROIs1158_spring_s2_140_p208,0.07429198175668716,0.051816750317811966,22.581159591674805,13.869049072265625,0.7695733904838562,0.5773730278015137
3300,ROIs1158_spring_s2_140_p209,0.07429985702037811,0.052299391478300095,22.580242156982422,13.597304344177246,0.7591167688369751,0.5809084177017212
3301,ROIs1158_spring_s2_140_p210,0.06723841279745102,0.04550698772072792,23.447650909423828,11.013739585876465,0.785550057888031,0.5338693261146545
3302,ROIs1158_spring_s2_140_p211,0.05464641749858856,0.03613569587469101,25.24876594543457,9.539888381958008,0.8185689449310303,0.478912353515625
3303,ROIs1158_spring_s2_140_p212,0.05315924435853958,0.03486134111881256,25.48842430114746,9.84013557434082,0.8141511678695679,0.5033641457557678
3304,ROIs1158_spring_s2_140_p213,0.06316789239645004,0.04112670198082924,23.990074157714844,11.418946266174316,0.7768369317054749,0.5331367254257202
3305,ROIs1158_spring_s2_140_p214,0.06287968903779984,0.04159543663263321,24.0297908782959,11.022053718566895,0.7750623226165771,0.47555872797966003
3306,ROIs1158_spring_s2_140_p215,0.06745630502700806,0.04580873250961304,23.4195499420166,12.228917121887207,0.7659841775894165,0.5009334683418274
3307,ROIs1158_spring_s2_140_p218,0.06563159823417664,0.0474778488278389,23.65774154663086,12.140896797180176,0.7782032489776611,0.562432050704956
3308,ROIs1158_spring_s2_140_p219,0.0596182756125927,0.042543139308691025,24.492414474487305,10.064932823181152,0.7947115898132324,0.5236152410507202
3309,ROIs1158_spring_s2_140_p220,0.06153041496872902,0.04431621730327606,24.218204498291016,10.37614631652832,0.7852904200553894,0.5249282121658325
3310,ROIs1158_spring_s2_140_p221,0.06903509795665741,0.050083477050065994,23.218603134155273,12.767571449279785,0.7625902891159058,0.5559948086738586
3311,ROIs1158_spring_s2_140_p222,0.08178729563951492,0.06002980098128319,21.74628448486328,15.29771900177002,0.7371664643287659,0.5892435908317566
3312,ROIs1158_spring_s2_140_p223,0.07736458629369736,0.057832904160022736,22.229156494140625,16.041658401489258,0.7432092428207397,0.6158899068832397
3313,ROIs1158_spring_s2_140_p224,0.06362821906805038,0.046783264726400375,23.927005767822266,13.350052833557129,0.7665600776672363,0.5708417892456055
3314,ROIs1158_spring_s2_140_p225,0.05963198095560074,0.040083400905132294,24.490415573120117,10.923099517822266,0.7751368284225464,0.5541373491287231
3315,ROIs1158_spring_s2_140_p226,0.05117283761501312,0.03481123223900795,25.819210052490234,9.05919361114502,0.8114796876907349,0.47307533025741577
3316,ROIs1158_spring_s2_140_p227,0.045762669295072556,0.03279661387205124,26.789775848388672,7.983922958374023,0.8479421138763428,0.3973515033721924
3317,ROIs1158_spring_s2_140_p228,0.05615472421050072,0.03795800730586052,25.01227378845215,9.37653636932373,0.8070486783981323,0.4680178463459015
3318,ROIs1158_spring_s2_140_p229,0.06118891015648842,0.04192398115992546,24.26654624938965,10.887984275817871,0.7690057754516602,0.5535179972648621
3319,ROIs1158_spring_s2_140_p230,0.059664562344551086,0.04288144409656525,24.485671997070312,11.436675071716309,0.7745116949081421,0.538520336151123
3320,ROIs1158_spring_s2_140_p231,0.061822209507226944,0.04523247480392456,24.17711067199707,11.958175659179688,0.7926936149597168,0.5013498663902283
3321,ROIs1158_spring_s2_140_p232,0.06227687746286392,0.04665239155292511,24.11346435546875,12.546102523803711,0.7990996837615967,0.5046725869178772
3322,ROIs1158_spring_s2_140_p233,0.05200856178998947,0.0391131192445755,25.678503036499023,10.963887214660645,0.8255054950714111,0.4600873589515686
3323,ROIs1158_spring_s2_140_p234,0.04838564991950989,0.0343899242579937,26.305667877197266,9.425759315490723,0.8537962436676025,0.3903825879096985
3324,ROIs1158_spring_s2_140_p235,0.055109746754169464,0.036512717604637146,25.175434112548828,9.357291221618652,0.8322408199310303,0.44247812032699585
3325,ROIs1158_spring_s2_140_p236,0.060273122042417526,0.039359450340270996,24.397525787353516,10.123773574829102,0.7921866178512573,0.5192004442214966
3326,ROIs1158_spring_s2_140_p237,0.06507518887519836,0.043629758059978485,23.731691360473633,11.059853553771973,0.7768242359161377,0.5414710640907288
3327,ROIs1158_spring_s2_140_p238,0.07032673060894012,0.04917100816965103,23.057592391967773,12.981932640075684,0.7700759172439575,0.5494590401649475
3328,ROIs1158_spring_s2_140_p239,0.07528749108314514,0.05353586748242378,22.465543746948242,15.340105056762695,0.7590382099151611,0.5791980028152466
3329,ROIs1158_spring_s2_140_p240,0.0676041916012764,0.047312378883361816,23.400527954101562,13.332544326782227,0.758968710899353,0.5642105340957642
3330,ROIs1158_spring_s2_140_p241,0.06162362918257713,0.0416533499956131,24.205055236816406,11.359506607055664,0.7719213962554932,0.5430202484130859
3331,ROIs1158_spring_s2_140_p242,0.0549761988222599,0.036916859447956085,25.196504592895508,10.668299674987793,0.8006283640861511,0.4930163621902466
3332,ROIs1158_spring_s2_140_p243,0.05736817046999931,0.03845567628741264,24.826581954956055,11.383687019348145,0.7990596890449524,0.4986302852630615
3333,ROIs1158_spring_s2_140_p244,0.06891657412052155,0.04591064527630806,23.2335262298584,14.003426551818848,0.739651083946228,0.5386833548545837
3334,ROIs1158_spring_s2_140_p245,0.0655355229973793,0.043047625571489334,23.67046546936035,12.717804908752441,0.7522702813148499,0.49953800439834595
3335,ROIs1158_spring_s2_140_p246,0.06634470820426941,0.044883012771606445,23.56387710571289,12.1749849319458,0.76288902759552,0.5205962657928467
3336,ROIs1158_spring_s2_140_p249,0.06029635667800903,0.042313218116760254,24.39417839050293,10.226465225219727,0.7788419723510742,0.5053175687789917
3337,ROIs1158_spring_s2_140_p250,0.06075022369623184,0.0428113229572773,24.329042434692383,9.4838228225708,0.7772217392921448,0.5184107422828674
3338,ROIs1158_spring_s2_140_p251,0.060852982103824615,0.043907999992370605,24.314363479614258,10.442485809326172,0.7709534764289856,0.5448782444000244
3339,ROIs1158_spring_s2_140_p252,0.07338002324104309,0.05353361740708351,22.688444137573242,13.627838134765625,0.7496523261070251,0.5781757831573486
3340,ROIs1158_spring_s2_140_p253,0.0752578005194664,0.05551953613758087,22.468969345092773,14.513433456420898,0.7496479749679565,0.5840483903884888
3341,ROIs1158_spring_s2_140_p254,0.06391377002000809,0.04719626158475876,23.888113021850586,12.973776817321777,0.7704623341560364,0.5535984635353088
3342,ROIs1158_spring_s2_140_p255,0.05284218117594719,0.038168568164110184,25.540388107299805,10.775252342224121,0.801152229309082,0.5055601000785828
3343,ROIs1158_spring_s2_140_p256,0.049392275512218475,0.03192374110221863,26.126821517944336,9.099905967712402,0.8248178958892822,0.46500399708747864
3344,ROIs1158_spring_s2_140_p257,0.052541583776474,0.034508589655160904,25.58993911743164,8.513983726501465,0.8249838352203369,0.4378313720226288
3345,ROIs1158_spring_s2_140_p258,0.053227536380290985,0.03750203177332878,25.47727394104004,8.432234764099121,0.8195741176605225,0.4433050751686096
3346,ROIs1158_spring_s2_140_p259,0.054947927594184875,0.037855762988328934,25.20097541809082,9.028985977172852,0.8095367550849915,0.48397296667099
3347,ROIs1158_spring_s2_140_p260,0.061600685119628906,0.0441109873354435,24.208288192749023,10.953445434570312,0.779880702495575,0.5357968211174011
3348,ROIs1158_spring_s2_140_p261,0.06064753606915474,0.04302135109901428,24.34373664855957,11.011393547058105,0.7863016128540039,0.5103790760040283
3349,ROIs1158_spring_s2_140_p262,0.054390378296375275,0.039432793855667114,25.28955841064453,10.17263126373291,0.8227587938308716,0.4638979732990265
3350,ROIs1158_spring_s2_140_p263,0.050776563584804535,0.03740554302930832,25.886735916137695,9.550737380981445,0.8421053886413574,0.43604469299316406
3351,ROIs1158_spring_s2_140_p264,0.04589229077100754,0.03410216048359871,26.76520538330078,9.054069519042969,0.8589076399803162,0.38907307386398315
3352,ROIs1158_spring_s2_140_p265,0.05305294692516327,0.036471836268901825,25.505809783935547,9.513993263244629,0.8637263774871826,0.4105392098426819
3353,ROIs1158_spring_s2_140_p266,0.06097060441970825,0.041093405336141586,24.297590255737305,10.517010688781738,0.8128520250320435,0.4917758107185364
3354,ROIs1158_spring_s2_140_p267,0.05917903780937195,0.03976161777973175,24.556640625,11.000944137573242,0.7730740308761597,0.5447531938552856
3355,ROIs1158_spring_s2_140_p268,0.06781277060508728,0.04776415228843689,23.37377166748047,13.049349784851074,0.760530412197113,0.5593471527099609
3356,ROIs1158_spring_s2_140_p269,0.07533345371484756,0.05452108755707741,22.460243225097656,14.487889289855957,0.7452017068862915,0.575118899345398
3357,ROIs1158_spring_s2_140_p270,0.07302657514810562,0.050974830985069275,22.73038101196289,13.592567443847656,0.7475853562355042,0.5529454946517944
3358,ROIs1158_spring_s2_140_p271,0.06463573127985,0.04385552182793617,23.79054832458496,12.71066951751709,0.7550761699676514,0.5449231863021851
3359,ROIs1158_spring_s2_140_p272,0.06205611675977707,0.0406203456223011,24.14430809020996,12.761368751525879,0.7710542678833008,0.5224840044975281
3360,ROIs1158_spring_s2_140_p273,0.05885426327586174,0.03925350680947304,24.604442596435547,12.786423683166504,0.7862402200698853,0.49250227212905884
3361,ROIs1158_spring_s2_140_p274,0.06009746715426445,0.04174390435218811,24.422876358032227,12.930724143981934,0.777025043964386,0.5186681747436523
3362,ROIs1158_spring_s2_140_p275,0.06353715062141418,0.042451322078704834,23.93944549560547,13.032174110412598,0.7585594654083252,0.5039786100387573
3363,ROIs1158_spring_s2_140_p276,0.05807650089263916,0.037535522133111954,24.71999168395996,10.75770092010498,0.7858163118362427,0.4626429080963135
3364,ROIs1158_spring_s2_140_p277,0.06220366060733795,0.0408906452357769,24.123680114746094,10.63093090057373,0.7903279066085815,0.5030980706214905
3365,ROIs1158_spring_s2_140_p280,0.060687582939863205,0.04283381626009941,24.338001251220703,11.08232307434082,0.7885812520980835,0.5128190517425537
3366,ROIs1158_spring_s2_140_p281,0.05820995941758156,0.04094666242599487,24.700054168701172,10.35222053527832,0.7830160856246948,0.5149755477905273
3367,ROIs1158_spring_s2_140_p282,0.058669235557317734,0.042048271745443344,24.631790161132812,11.221799850463867,0.7710075378417969,0.5413405299186707
3368,ROIs1158_spring_s2_140_p283,0.06601017713546753,0.047887083142995834,23.60778045654297,13.142688751220703,0.7555276155471802,0.568495512008667
3369,ROIs1158_spring_s2_140_p284,0.0630512684583664,0.045675214380025864,24.006122589111328,12.371346473693848,0.7776843905448914,0.5332672595977783
3370,ROIs1158_spring_s2_140_p285,0.05510171875357628,0.03862830623984337,25.17669677734375,10.211926460266113,0.8075727820396423,0.5122316479682922
3371,ROIs1158_spring_s2_140_p286,0.04942275956273079,0.03461024910211563,26.121461868286133,9.309606552124023,0.8343173861503601,0.44602757692337036
3372,ROIs1158_spring_s2_140_p287,0.053081803023815155,0.03562024235725403,25.501089096069336,9.442534446716309,0.8385789394378662,0.4230116009712219
3373,ROIs1158_spring_s2_140_p288,0.06247385963797569,0.04278632998466492,24.086034774780273,10.466573715209961,0.8091744780540466,0.47866111993789673
3374,ROIs1158_spring_s2_140_p289,0.06048499420285225,0.04241706058382988,24.367046356201172,9.885711669921875,0.7957046031951904,0.4830048084259033
3375,ROIs1158_spring_s2_140_p290,0.05094237998127937,0.03655273839831352,25.858417510986328,8.429951667785645,0.8129037618637085,0.46609804034233093
3376,ROIs1158_spring_s2_140_p291,0.0567677766084671,0.04122593626379967,24.9179630279541,9.690726280212402,0.7960782051086426,0.5151633024215698
3377,ROIs1158_spring_s2_140_p292,0.05716605484485626,0.04062451049685478,24.857234954833984,10.795450210571289,0.7963032722473145,0.5146360397338867
3378,ROIs1158_spring_s2_140_p293,0.048829399049282074,0.03513475880026817,26.22637176513672,9.561605453491211,0.8381805419921875,0.4530564546585083
3379,ROIs1158_spring_s2_140_p294,0.04409771040081978,0.03258684650063515,27.11168098449707,8.376387596130371,0.8647253513336182,0.38419920206069946
3380,ROIs1158_spring_s2_140_p295,0.046021346002817154,0.033267792314291,26.740816116333008,8.411645889282227,0.8682887554168701,0.3612143099308014
3381,ROIs1158_spring_s2_140_p296,0.06044062227010727,0.04105968773365021,24.37342071533203,10.870518684387207,0.8479050397872925,0.45011645555496216
3382,ROIs1158_spring_s2_140_p297,0.06393729150295258,0.04465675354003906,23.884916305541992,12.227400779724121,0.8003594875335693,0.5123594999313354
3383,ROIs1158_spring_s2_140_p298,0.06534329056739807,0.0490022748708725,23.695981979370117,14.909234046936035,0.7636297941207886,0.5485727787017822
3384,ROIs1158_spring_s2_140_p299,0.0704670250415802,0.05319398269057274,23.040279388427734,15.763911247253418,0.762972354888916,0.5647138357162476
3385,ROIs1158_spring_s2_140_p300,0.06936429440975189,0.049436211585998535,23.177282333374023,12.891271591186523,0.7583929896354675,0.5667945146560669
3386,ROIs1158_spring_s2_140_p301,0.06786008924245834,0.04642518237233162,23.367712020874023,12.24941349029541,0.7522320747375488,0.5435843467712402
3387,ROIs1158_spring_s2_140_p302,0.06630142778158188,0.043915051966905594,23.569543838500977,13.530570983886719,0.7614539861679077,0.5351599454879761
3388,ROIs1158_spring_s2_140_p303,0.059583645313978195,0.03802574798464775,24.497459411621094,13.15721321105957,0.7947558164596558,0.49895450472831726
3389,ROIs1158_spring_s2_140_p304,0.052502505481243134,0.034334249794483185,25.596399307250977,11.715653419494629,0.8126195669174194,0.4845098555088043
3390,ROIs1158_spring_s2_140_p305,0.051393359899520874,0.0348333977162838,25.781862258911133,10.859602928161621,0.808397650718689,0.49965232610702515
3391,ROIs1158_spring_s2_140_p306,0.05211920663714409,0.0343870148062706,25.660045623779297,9.861595153808594,0.805072546005249,0.45113903284072876
3392,ROIs1158_spring_s2_140_p307,0.05407579988241196,0.03556140884757042,25.339942932128906,9.539176940917969,0.8198060393333435,0.4025943875312805
3393,ROIs1158_spring_s2_140_p308,0.05411168932914734,0.0346832238137722,25.334178924560547,9.175402641296387,0.8243251442909241,0.4516846537590027
3394,ROIs1158_spring_s2_140_p311,0.0633564442396164,0.045480500906705856,23.964183807373047,11.944215774536133,0.789925217628479,0.5299951434135437
3395,ROIs1158_spring_s2_140_p312,0.05340609699487686,0.038683872669935226,25.448184967041016,10.298601150512695,0.8141365051269531,0.4816585183143616
3396,ROIs1158_spring_s2_140_p313,0.05344899743795395,0.03915245831012726,25.441207885742188,10.60366439819336,0.8069716095924377,0.4983711242675781
3397,ROIs1158_spring_s2_140_p314,0.056857578456401825,0.041586656123399734,24.904233932495117,11.542245864868164,0.7909761071205139,0.5198038816452026
3398,ROIs1158_spring_s2_140_p315,0.05843478441238403,0.04250730946660042,24.66657257080078,11.422957420349121,0.7977702021598816,0.5109367370605469
3399,ROIs1158_spring_s2_140_p316,0.053083278238773346,0.03754608705639839,25.50084686279297,9.804777145385742,0.8261901140213013,0.4791761636734009
3400,ROIs1158_spring_s2_140_p317,0.0507037416100502,0.035743348300457,25.899200439453125,9.012194633483887,0.8365419507026672,0.4281085133552551
3401,ROIs1158_spring_s2_140_p318,0.05399971827864647,0.03808286413550377,25.352170944213867,9.296860694885254,0.825486958026886,0.4446914494037628
3402,ROIs1158_spring_s2_140_p319,0.06161129102110863,0.0431806705892086,24.2067928314209,10.45790958404541,0.8108525276184082,0.49810031056404114
3403,ROIs1158_spring_s2_140_p320,0.060953348875045776,0.04196114093065262,24.300048828125,10.023138046264648,0.8022630214691162,0.49297547340393066
3404,ROIs1158_spring_s2_140_p321,0.04917938634753227,0.03492997959256172,26.164339065551758,8.459056854248047,0.8226943612098694,0.43746283650398254
3405,ROIs1158_spring_s2_140_p322,0.05126441270112991,0.037439193576574326,25.803680419921875,9.46269702911377,0.8126475811004639,0.46148258447647095
3406,ROIs1158_spring_s2_140_p323,0.0509304478764534,0.037271592766046524,25.86045265197754,10.018806457519531,0.8122256994247437,0.46989017724990845
3407,ROIs1158_spring_s2_140_p324,0.04288646578788757,0.030558818951249123,27.353595733642578,8.459632873535156,0.8570970296859741,0.40428003668785095
3408,ROIs1158_spring_s2_140_p325,0.03811649605631828,0.02738018147647381,28.377742767333984,7.520668983459473,0.8889741897583008,0.35287904739379883
3409,ROIs1158_spring_s2_140_p326,0.045653264969587326,0.03228110820055008,26.810565948486328,8.782992362976074,0.8674819469451904,0.3932238221168518
3410,ROIs1158_spring_s2_140_p327,0.057929012924432755,0.03905349224805832,24.74207878112793,11.068191528320312,0.8284207582473755,0.4738568663597107
3411,ROIs1158_spring_s2_140_p328,0.060542017221450806,0.04096881300210953,24.358861923217773,11.770859718322754,0.7853251099586487,0.5418679714202881
3412,ROIs1158_spring_s2_140_p329,0.06635680794715881,0.04896864667534828,23.56229019165039,14.110675811767578,0.7739652395248413,0.5651689767837524
3413,ROIs1158_spring_s2_140_p330,0.06714518368244171,0.05000702291727066,23.45970344543457,13.661090850830078,0.7848415374755859,0.5465477705001831
3414,ROIs1158_spring_s2_140_p331,0.05556894466280937,0.03800099343061447,25.103357315063477,10.075345039367676,0.792140007019043,0.5079395771026611
3415,ROIs1158_spring_s2_140_p332,0.052883002907037735,0.03522993624210358,25.53367805480957,10.575604438781738,0.7975656986236572,0.4834027886390686
3416,ROIs1158_spring_s2_140_p333,0.06971653550863266,0.04545239359140396,23.133285522460938,14.1414794921875,0.7639665603637695,0.5375047922134399
3417,ROIs1158_spring_s2_140_p334,0.06863593310117722,0.04430817440152168,23.26896858215332,13.754637718200684,0.7567775249481201,0.5569639205932617
3418,ROIs1158_spring_s2_140_p335,0.050426505506038666,0.032940562814474106,25.94682502746582,10.87862777709961,0.8037974834442139,0.535484254360199
3419,ROIs1158_spring_s2_140_p336,0.043965861201286316,0.02975831739604473,27.1376895904541,9.318142890930176,0.840326189994812,0.47501492500305176
3420,ROIs1158_spring_s2_140_p337,0.04743927717208862,0.03230525925755501,26.47723960876465,8.920613288879395,0.8287534117698669,0.4221770167350769
3421,ROIs1158_spring_s2_140_p338,0.054248031228780746,0.036375172436237335,25.312320709228516,10.417730331420898,0.820289134979248,0.42513978481292725
3422,ROIs1158_spring_s2_140_p339,0.04753117635846138,0.03062279149889946,26.46042823791504,9.512083053588867,0.8353308439254761,0.46137648820877075
3423,ROIs1158_spring_s2_140_p342,0.05755430459976196,0.04065854474902153,24.798442840576172,9.285799026489258,0.8051598072052002,0.45368021726608276
3424,ROIs1158_spring_s2_140_p343,0.0487946942448616,0.03509572148323059,26.232547760009766,8.204864501953125,0.8457711338996887,0.3879435360431671
3425,ROIs1158_spring_s2_140_p344,0.048821792006492615,0.03495454043149948,26.227725982666016,8.733695983886719,0.8405145406723022,0.4324115514755249
3426,ROIs1158_spring_s2_140_p345,0.053769420832395554,0.03870527073740959,25.389293670654297,9.587102890014648,0.8282583951950073,0.4671511650085449
3427,ROIs1158_spring_s2_140_p346,0.05545344948768616,0.04050799831748009,25.121429443359375,9.735621452331543,0.8265703916549683,0.486397385597229
3428,ROIs1158_spring_s2_140_p347,0.05125848576426506,0.0369989238679409,25.804683685302734,9.128398895263672,0.8373389840126038,0.4601708650588989
3429,ROIs1158_spring_s2_140_p348,0.05218106508255005,0.03708463907241821,25.64974021911621,9.201542854309082,0.8305990695953369,0.4486106336116791
3430,ROIs1158_spring_s2_140_p349,0.0526701919734478,0.03744326904416084,25.568702697753906,9.27054214477539,0.8199464082717896,0.4552738070487976
3431,ROIs1158_spring_s2_140_p350,0.05662661790847778,0.03975275903940201,24.939586639404297,9.615279197692871,0.8155455589294434,0.4707733392715454
3432,ROIs1158_spring_s2_140_p351,0.06164608523249626,0.04307373985648155,24.201889038085938,10.079794883728027,0.8097100257873535,0.48352521657943726
3433,ROIs1158_spring_s2_140_p352,0.05285433679819107,0.036873284727334976,25.538389205932617,8.701852798461914,0.8395453095436096,0.4339410066604614
3434,ROIs1158_spring_s2_140_p353,0.04876013100147247,0.03497805818915367,26.238704681396484,8.353971481323242,0.8425782918930054,0.43131062388420105
3435,ROIs1158_spring_s2_140_p354,0.04862683638930321,0.03479493036866188,26.26247787475586,8.55040168762207,0.8373968005180359,0.43436378240585327
3436,ROIs1158_spring_s2_140_p355,0.04504920542240143,0.032159071415662766,26.926258087158203,8.463998794555664,0.8501285314559937,0.421766459941864
3437,ROIs1158_spring_s2_140_p356,0.04016605392098427,0.02845686301589012,27.922819137573242,7.955820560455322,0.8625020980834961,0.40048763155937195
3438,ROIs1158_spring_s2_140_p357,0.043146997690200806,0.030105069279670715,27.300989151000977,8.438088417053223,0.8531296253204346,0.41136854887008667
3439,ROIs1158_spring_s2_140_p358,0.04855524003505707,0.033585529774427414,26.275279998779297,9.817438125610352,0.8128410577774048,0.47658151388168335
3440,ROIs1158_spring_s2_140_p359,0.05592320114374161,0.0384996235370636,25.048160552978516,11.215950965881348,0.7722188234329224,0.5450226664543152
3441,ROIs1158_spring_s2_140_p360,0.059816766530275345,0.0430578738451004,24.46354103088379,12.02468204498291,0.7745182514190674,0.5507215261459351
3442,ROIs1158_spring_s2_140_p361,0.05625991150736809,0.03947426751255989,24.996021270751953,10.665904998779297,0.8053579330444336,0.4887944459915161
3443,ROIs1158_spring_s2_140_p362,0.047820478677749634,0.03177759051322937,26.40772247314453,9.256333351135254,0.8291571140289307,0.43797075748443604
3444,ROIs1158_spring_s2_140_p363,0.04948804900050163,0.03199487924575806,26.10999298095703,10.057931900024414,0.8095105886459351,0.4797001779079437
3445,ROIs1158_spring_s2_140_p364,0.0713539645075798,0.04630684480071068,22.931636810302734,12.622498512268066,0.7572346925735474,0.5572523474693298
3446,ROIs1158_spring_s2_140_p365,0.07734767347574234,0.05125579610466957,22.231056213378906,13.28403091430664,0.7397723197937012,0.591681957244873
3447,ROIs1158_spring_s2_140_p366,0.059952907264232635,0.04003383591771126,24.443796157836914,12.359118461608887,0.772149920463562,0.5878950357437134
3448,ROIs1158_spring_s2_140_p367,0.04978712648153305,0.03366253525018692,26.057659149169922,10.542301177978516,0.8255565166473389,0.4847373366355896
3449,ROIs1158_spring_s2_140_p368,0.05279538035392761,0.03571662679314613,25.548080444335938,9.967204093933105,0.8276456594467163,0.4602980613708496
3450,ROIs1158_spring_s2_140_p369,0.057475313544273376,0.038294147700071335,24.810373306274414,11.56749153137207,0.8190000653266907,0.47466129064559937
3451,ROIs1158_spring_s2_140_p370,0.04949648305773735,0.03153413161635399,26.10851287841797,10.641059875488281,0.8405736088752747,0.46897539496421814
3452,ROIs1158_spring_s2_140_p373,0.05201524868607521,0.03726678341627121,25.677387237548828,8.004630088806152,0.8261293172836304,0.43757179379463196
3453,ROIs1158_spring_s2_140_p374,0.045555464923381805,0.0327935628592968,26.829193115234375,7.290495872497559,0.8529938459396362,0.3699345588684082
3454,ROIs1158_spring_s2_140_p375,0.04547014832496643,0.032147765159606934,26.84547233581543,7.649311065673828,0.8454715013504028,0.39550918340682983
3455,ROIs1158_spring_s2_140_p376,0.05571702867746353,0.039226386696100235,25.080242156982422,8.865218162536621,0.8211929798126221,0.44674867391586304
3456,ROIs1158_spring_s2_140_p377,0.05959043279290199,0.04384542629122734,24.496469497680664,9.773805618286133,0.8071529865264893,0.4855087399482727
3457,ROIs1158_spring_s2_140_p378,0.04847029969096184,0.03533729910850525,26.290485382080078,8.626760482788086,0.8332846164703369,0.45511263608932495
3458,ROIs1158_spring_s2_140_p379,0.052640099078416824,0.03745337948203087,25.573665618896484,9.616497993469238,0.8222132921218872,0.47141793370246887
3459,ROIs1158_spring_s2_140_p380,0.06033150851726532,0.04174584895372391,24.389116287231445,10.75521469116211,0.7904776930809021,0.5056220293045044
3460,ROIs1158_spring_s2_140_p381,0.063652902841568,0.04366028308868408,23.923635482788086,10.564221382141113,0.7997623085975647,0.48444411158561707
3461,ROIs1158_spring_s2_140_p382,0.06495174765586853,0.04582187160849571,23.748184204101562,10.496965408325195,0.8048719167709351,0.5082046985626221
3462,ROIs1158_spring_s2_140_p383,0.05488453805446625,0.03906939551234245,25.211000442504883,9.194562911987305,0.836064875125885,0.45053958892822266
3463,ROIs1158_spring_s2_140_p384,0.04912814870476723,0.03440207988023758,26.173391342163086,8.12742805480957,0.856677234172821,0.423859566450119
3464,ROIs1158_spring_s2_140_p385,0.0475301593542099,0.032845430076122284,26.460613250732422,7.917990207672119,0.8545845746994019,0.4290603995323181
3465,ROIs1158_spring_s2_140_p386,0.04926342889666557,0.0343501940369606,26.14950942993164,9.088644981384277,0.8267608284950256,0.45437923073768616
3466,ROIs1158_spring_s2_140_p387,0.05356455221772194,0.03669637441635132,25.42245101928711,10.38457202911377,0.7966193556785583,0.4867185950279236
3467,ROIs1158_spring_s2_140_p388,0.04966037720441818,0.0339827835559845,26.07979965209961,10.079371452331543,0.8045197129249573,0.46837982535362244
3468,ROIs1158_spring_s2_140_p389,0.0467427559196949,0.032972946763038635,26.605716705322266,10.069306373596191,0.8076990842819214,0.4834362864494324
3469,ROIs1158_spring_s2_140_p390,0.05072988197207451,0.035823848098516464,25.894725799560547,10.421385765075684,0.7998417019844055,0.5024859309196472
3470,ROIs1158_spring_s2_140_p391,0.05393114313483238,0.03697558119893074,25.363208770751953,10.412577629089355,0.782218337059021,0.5110875964164734
3471,ROIs1158_spring_s2_140_p392,0.0493198037147522,0.03356553986668587,26.13957405090332,9.789589881896973,0.8161739110946655,0.479006290435791
3472,ROIs1158_spring_s2_140_p393,0.051636092364788055,0.03446578606963158,25.74093246459961,10.392688751220703,0.8392626643180847,0.48271650075912476
3473,ROIs1158_spring_s2_140_p394,0.05980822816491127,0.03951934725046158,24.464780807495117,11.269159317016602,0.7882142066955566,0.555412769317627
3474,ROIs1158_spring_s2_140_p395,0.06699706614017487,0.04431936889886856,23.478885650634766,11.5206298828125,0.7736960649490356,0.5632596015930176
3475,ROIs1158_spring_s2_140_p396,0.06801258772611618,0.045238543301820755,23.348215103149414,11.817197799682617,0.7974701523780823,0.5549759864807129
3476,ROIs1158_spring_s2_140_p397,0.06200433149933815,0.04158410802483559,24.15155792236328,11.360045433044434,0.7959290146827698,0.5694557428359985
3477,ROIs1158_spring_s2_140_p398,0.05881454050540924,0.03968818858265877,24.610307693481445,10.626757621765137,0.8055474758148193,0.5250245928764343
3478,ROIs1158_spring_s2_140_p399,0.061512745916843414,0.04245322570204735,24.220699310302734,11.437772750854492,0.8096472024917603,0.5069311857223511
3479,ROIs1158_spring_s2_140_p400,0.06472984701395035,0.043660569936037064,23.777908325195312,13.082916259765625,0.7962945103645325,0.5167983770370483
3480,ROIs1158_spring_s2_140_p401,0.05999235063791275,0.039614953100681305,24.438079833984375,13.453573226928711,0.8110529184341431,0.4999960660934448
3481,ROIs1158_spring_s2_140_p404,0.04565723240375519,0.03200965374708176,26.8098087310791,7.741522312164307,0.8366081118583679,0.4272237718105316
3482,ROIs1158_spring_s2_140_p405,0.04017868638038635,0.028754550963640213,27.920085906982422,7.33703088760376,0.8600484132766724,0.3927983343601227
3483,ROIs1158_spring_s2_140_p406,0.04299168661236763,0.03055456466972828,27.33230972290039,7.716276168823242,0.8468377590179443,0.3904189467430115
3484,ROIs1158_spring_s2_140_p407,0.05346792936325073,0.03739025816321373,25.438133239746094,9.579622268676758,0.808963418006897,0.45967918634414673
3485,ROIs1158_spring_s2_140_p408,0.057621825486421585,0.041824568063020706,24.78826141357422,10.588109016418457,0.7885439395904541,0.5012030601501465
3486,ROIs1158_spring_s2_140_p409,0.05308821052312851,0.03898637369275093,25.50004005432129,10.144468307495117,0.803955078125,0.4788062572479248
3487,ROIs1158_spring_s2_140_p410,0.05690576508641243,0.04050730913877487,24.89687728881836,10.434762001037598,0.802293062210083,0.5102226734161377
3488,ROIs1158_spring_s2_140_p411,0.06479544937610626,0.04572070389986038,23.76910972595215,11.864574432373047,0.7716385126113892,0.5520631074905396
3489,ROIs1158_spring_s2_140_p412,0.06828910857439041,0.04787911847233772,23.312971115112305,11.725210189819336,0.7859616875648499,0.5196943879127502
3490,ROIs1158_spring_s2_140_p413,0.06598227471113205,0.04662661626935005,23.611454010009766,10.643498420715332,0.8015891909599304,0.5150928497314453
3491,ROIs1158_spring_s2_140_p414,0.054206911474466324,0.039079997688531876,25.318906784057617,9.489404678344727,0.8285704851150513,0.4749162793159485
3492,ROIs1158_spring_s2_140_p415,0.04978451132774353,0.03541962057352066,26.058116912841797,8.97252082824707,0.8375828266143799,0.4466940760612488
3493,ROIs1158_spring_s2_140_p416,0.051261186599731445,0.03430866450071335,25.80422592163086,8.783916473388672,0.8240954875946045,0.4608920216560364
3494,ROIs1158_spring_s2_140_p417,0.05749225988984108,0.03751148656010628,24.80781364440918,9.96142578125,0.7967743873596191,0.4880761504173279
3495,ROIs1158_spring_s2_140_p418,0.05994638800621033,0.039824239909648895,24.444740295410156,11.404801368713379,0.7921701669692993,0.4810067117214203
3496,ROIs1158_spring_s2_140_p419,0.05330280587077141,0.03638043999671936,25.46500015258789,11.224309921264648,0.8037463426589966,0.45798924565315247
3497,ROIs1158_spring_s2_140_p420,0.04897935315966606,0.03433779627084732,26.199739456176758,10.609734535217285,0.8168449401855469,0.4543153941631317
3498,ROIs1158_spring_s2_140_p421,0.04452965036034584,0.031000394374132156,27.027013778686523,9.058080673217773,0.8377001285552979,0.45154476165771484
3499,ROIs1158_spring_s2_140_p422,0.04783429205417633,0.032124489545822144,26.405216217041016,9.669854164123535,0.7860959768295288,0.5186333656311035
3500,ROIs1158_spring_s2_140_p423,0.05357575789093971,0.03597729280591011,25.420635223388672,11.074644088745117,0.7696849703788757,0.5657822489738464
3501,ROIs1158_spring_s2_140_p424,0.060689527541399,0.041071586310863495,24.337726593017578,12.043721199035645,0.7983943223953247,0.5488828420639038
3502,ROIs1158_spring_s2_140_p425,0.06670184433460236,0.04482199251651764,23.517244338989258,11.627581596374512,0.8023440837860107,0.5269011855125427
3503,ROIs1158_spring_s2_140_p426,0.06729673594236374,0.04483574256300926,23.440122604370117,10.652847290039062,0.8010815382003784,0.5371715426445007
3504,ROIs1158_spring_s2_140_p427,0.06650517880916595,0.044857561588287354,23.542890548706055,11.328592300415039,0.8072675466537476,0.5374593138694763
3505,ROIs1158_spring_s2_140_p428,0.07075188308954239,0.04682816192507744,23.00524139404297,11.143613815307617,0.8006114959716797,0.554510772228241
3506,ROIs1158_spring_s2_140_p429,0.0720428079366684,0.048518139868974686,22.848188400268555,11.23076343536377,0.7748961448669434,0.5452219843864441
3507,ROIs1158_spring_s2_140_p430,0.0638645812869072,0.044685110449790955,23.894798278808594,12.882408142089844,0.7897540926933289,0.5163757801055908
3508,ROIs1158_spring_s2_140_p431,0.0669403150677681,0.04625098779797554,23.486248016357422,14.503252029418945,0.7733663320541382,0.5427318811416626
3509,ROIs1158_spring_s2_140_p432,0.06723065674304962,0.04586290940642357,23.448654174804688,14.267923355102539,0.7637293934822083,0.5525911450386047
3510,ROIs1158_spring_s2_140_p435,0.046555329114198685,0.03266936540603638,26.640613555908203,7.745276927947998,0.8327701091766357,0.4035630226135254
3511,ROIs1158_spring_s2_140_p436,0.04436488077044487,0.03160437196493149,27.059213638305664,7.694877624511719,0.8380498886108398,0.3960571885108948
3512,ROIs1158_spring_s2_140_p437,0.04875282198190689,0.03523819148540497,26.240005493164062,9.20002269744873,0.8194049596786499,0.4148139953613281
3513,ROIs1158_spring_s2_140_p438,0.053361039608716965,0.03782433271408081,25.455514907836914,10.372161865234375,0.803246259689331,0.47761037945747375
3514,ROIs1158_spring_s2_140_p439,0.053028654307127,0.03769947960972786,25.509788513183594,10.075146675109863,0.8074245452880859,0.4758650064468384
3515,ROIs1158_spring_s2_140_p440,0.05318431928753853,0.03865564987063408,25.484329223632812,10.2311429977417,0.7932450175285339,0.48161745071411133
3516,ROIs1158_spring_s2_140_p441,0.058954447507858276,0.04297684133052826,24.58966827392578,11.391142845153809,0.7831480503082275,0.5189582705497742
3517,ROIs1158_spring_s2_140_p442,0.06122298911213875,0.04521183669567108,24.26171112060547,11.654245376586914,0.787368893623352,0.5136258602142334
3518,ROIs1158_spring_s2_140_p443,0.06004113331437111,0.04304032772779465,24.431020736694336,10.404476165771484,0.8027858138084412,0.471614271402359
3519,ROIs1158_spring_s2_140_p444,0.05558352172374725,0.03904526308178902,25.1010799407959,9.236542701721191,0.8186475038528442,0.45555853843688965
3520,ROIs1158_spring_s2_140_p445,0.04949266090989113,0.03520547226071358,26.10918426513672,8.654404640197754,0.8375174403190613,0.44786569476127625
3521,ROIs1158_spring_s2_140_p446,0.04792322590947151,0.033441729843616486,26.389081954956055,8.651993751525879,0.8286494016647339,0.4647132158279419
3522,ROIs1158_spring_s2_140_p447,0.05518794804811478,0.033942025154829025,25.163114547729492,9.20506763458252,0.790125846862793,0.489715576171875
3523,ROIs1158_spring_s2_140_p448,0.06350187957286835,0.03923996165394783,23.94426727294922,11.096302032470703,0.7729092836380005,0.5095203518867493
3524,ROIs1158_spring_s2_140_p449,0.05721333622932434,0.037729453295469284,24.850055694580078,11.036262512207031,0.816536545753479,0.4649851620197296
3525,ROIs1158_spring_s2_140_p450,0.049447815865278244,0.03379695862531662,26.11705780029297,9.711935043334961,0.8349533081054688,0.4373716711997986
3526,ROIs1158_spring_s2_140_p451,0.05034516751766205,0.03395463898777962,25.960844039916992,9.84877872467041,0.8227111101150513,0.4539089798927307
3527,ROIs1158_spring_s2_140_p452,0.0464148074388504,0.03141909837722778,26.6668701171875,9.264594078063965,0.8333228230476379,0.45692721009254456
3528,ROIs1158_spring_s2_140_p453,0.04607865959405899,0.031511276960372925,26.730005264282227,9.622517585754395,0.8006129264831543,0.5402525663375854
3529,ROIs1158_spring_s2_140_p454,0.05030634254217148,0.03452451527118683,25.967548370361328,10.309718132019043,0.7686510682106018,0.5834243297576904
3530,ROIs1158_spring_s2_140_p455,0.05619232729077339,0.03768732771277428,25.00646209716797,10.83445930480957,0.7864735722541809,0.5362651348114014
3531,ROIs1158_spring_s2_140_p456,0.06195911765098572,0.04062151163816452,24.157896041870117,9.68891716003418,0.8325897455215454,0.4779283404350281
3532,ROIs1158_spring_s2_140_p457,0.06966795027256012,0.04628727585077286,23.139339447021484,9.45530891418457,0.8254573345184326,0.5011449456214905
3533,ROIs1158_spring_s2_140_p458,0.07657694071531296,0.05290388688445091,22.318038940429688,12.094181060791016,0.7907727360725403,0.5406167507171631
3534,ROIs1158_spring_s2_140_p459,0.07699522376060486,0.052646130323410034,22.27072525024414,12.663191795349121,0.7629187703132629,0.5872708559036255
3535,ROIs1158_spring_s2_140_p460,0.06972814351320267,0.047543004155159,23.131837844848633,11.892173767089844,0.7550408840179443,0.5519916415214539
3536,ROIs1158_spring_s2_140_p461,0.0683516338467598,0.04851387441158295,23.305023193359375,14.67862606048584,0.774749755859375,0.5251600742340088
3537,ROIs1158_spring_s2_140_p462,0.076411671936512,0.054403629153966904,22.33680534362793,15.888823509216309,0.7502724528312683,0.5711207985877991
3538,ROIs1158_spring_s2_140_p463,0.07671667635440826,0.05404558777809143,22.30220603942871,14.585953712463379,0.7352144718170166,0.5965605974197388
3539,ROIs1158_spring_s2_140_p466,0.05057462677359581,0.03586022928357124,25.92134666442871,8.539937019348145,0.8234429359436035,0.4363994598388672
3540,ROIs1158_spring_s2_140_p467,0.05007003992795944,0.03500554338097572,26.00844383239746,8.555574417114258,0.8226685523986816,0.42363452911376953
3541,ROIs1158_spring_s2_140_p468,0.04964717477560043,0.035356346517801285,26.082111358642578,9.352590560913086,0.8135956525802612,0.44465264678001404
3542,ROIs1158_spring_s2_140_p469,0.050771262496709824,0.03600092604756355,25.88764190673828,9.663389205932617,0.8170015811920166,0.46395349502563477
3543,ROIs1158_spring_s2_140_p470,0.04910436272621155,0.03465849906206131,26.17759895324707,8.959242820739746,0.835761547088623,0.4245973825454712
3544,ROIs1158_spring_s2_140_p471,0.04714867100119591,0.033883921802043915,26.530611038208008,8.752768516540527,0.827309787273407,0.427762895822525
3545,ROIs1158_spring_s2_140_p472,0.05178621783852577,0.03653477504849434,25.715717315673828,9.661131858825684,0.8089667558670044,0.45813989639282227
3546,ROIs1158_spring_s2_140_p473,0.05217492952942848,0.03720797970890999,25.65076446533203,9.48660945892334,0.8210864067077637,0.43384286761283875
3547,ROIs1158_spring_s2_140_p474,0.046725012362003326,0.033572692424058914,26.609010696411133,8.241036415100098,0.8488014936447144,0.3978576362133026
3548,ROIs1158_spring_s2_140_p475,0.04286183789372444,0.029969068244099617,27.358585357666016,7.448974132537842,0.8517321348190308,0.39773645997047424
3549,ROIs1158_spring_s2_140_p476,0.040875449776649475,0.028313467279076576,27.770748138427734,7.572493076324463,0.8420705199241638,0.4382818043231964
3550,ROIs1158_spring_s2_140_p477,0.03963325172662735,0.02740667015314102,28.03880500793457,7.866278171539307,0.8292051553726196,0.4568336308002472
3551,ROIs1158_spring_s2_140_p478,0.0559656135737896,0.03196905925869942,25.041576385498047,8.59403133392334,0.7769890427589417,0.5165592432022095
3552,ROIs1158_spring_s2_140_p479,0.06999245285987854,0.0410652719438076,23.098976135253906,11.090192794799805,0.7541805505752563,0.5470401644706726
3553,ROIs1158_spring_s2_140_p480,0.0635230764746666,0.039803143590688705,23.941368103027344,11.055646896362305,0.8033323287963867,0.48424625396728516
3554,ROIs1158_spring_s2_140_p481,0.053382713347673416,0.034687336534261703,25.45198631286621,9.401524543762207,0.8318873643875122,0.4513299763202667
3555,ROIs1158_spring_s2_140_p482,0.05206814408302307,0.033988289535045624,25.668556213378906,9.30244255065918,0.8257533311843872,0.47353917360305786
3556,ROIs1158_spring_s2_140_p483,0.052486352622509,0.033678390085697174,25.599075317382812,9.576059341430664,0.8147414922714233,0.5143402218818665
3557,ROIs1158_spring_s2_140_p484,0.04766710847616196,0.03234841302037239,26.435625076293945,9.274456977844238,0.8139586448669434,0.509054958820343
3558,ROIs1158_spring_s2_140_p485,0.04436075687408447,0.03180261701345444,27.060022354125977,8.859371185302734,0.7999435663223267,0.5006662607192993
3559,ROIs1158_spring_s2_140_p486,0.061223357915878296,0.038001272827386856,24.26165771484375,9.654970169067383,0.7812364101409912,0.5311663150787354
3560,ROIs1158_spring_s2_140_p487,0.07507029175758362,0.04680972918868065,22.490638732910156,10.380059242248535,0.7961901426315308,0.5180127620697021
3561,ROIs1158_spring_s2_140_p488,0.07533552497625351,0.04971585050225258,22.460004806518555,11.225826263427734,0.7984414100646973,0.5154913663864136
3562,ROIs1158_spring_s2_140_p489,0.08046300709247589,0.053391944617033005,21.88807487487793,12.553955078125,0.7725632190704346,0.5636885166168213
3563,ROIs1158_spring_s2_140_p490,0.0755951777100563,0.05069422349333763,22.430118560791016,12.437509536743164,0.754304051399231,0.5949726700782776
3564,ROIs1158_spring_s2_140_p491,0.06160995736718178,0.042984750121831894,24.206981658935547,11.9832181930542,0.7587316036224365,0.5376132726669312
3565,ROIs1158_spring_s2_140_p492,0.06534457206726074,0.04626184329390526,23.695810317993164,14.038820266723633,0.7624064683914185,0.5231587886810303
3566,ROIs1158_spring_s2_140_p493,0.0818500816822052,0.059984415769577026,21.7396183013916,15.697495460510254,0.7355914115905762,0.5757324695587158
3567,ROIs1158_spring_s2_140_p494,0.08134596049785614,0.05991297587752342,21.79328155517578,15.422738075256348,0.736518144607544,0.5795009732246399
3568,ROIs1158_spring_s2_140_p497,0.04873894900083542,0.03440956026315689,26.242475509643555,8.623908042907715,0.8293747901916504,0.4615574777126312
3569,ROIs1158_spring_s2_140_p498,0.05508556589484215,0.03853368014097214,25.179244995117188,9.327899932861328,0.8171423673629761,0.48228999972343445
3570,ROIs1158_spring_s2_140_p499,0.05289294198155403,0.0370224304497242,25.532045364379883,9.486270904541016,0.827450692653656,0.4755653440952301
3571,ROIs1158_spring_s2_140_p500,0.048809051513671875,0.034000664949417114,26.22999382019043,9.355049133300781,0.8293666839599609,0.4655645489692688
3572,ROIs1158_spring_s2_140_p501,0.048037268221378326,0.03307441249489784,26.368436813354492,9.092254638671875,0.8430781364440918,0.42614877223968506
3573,ROIs1158_spring_s2_140_p502,0.04379573091864586,0.030133124440908432,27.171363830566406,8.20190715789795,0.8639363050460815,0.3910706043243408
3574,ROIs1158_spring_s2_140_p503,0.04968446493148804,0.03274665027856827,26.075590133666992,9.20897102355957,0.8285054564476013,0.4452742338180542
3575,ROIs1158_spring_s2_140_p504,0.0527338869869709,0.03476777672767639,25.558204650878906,9.19058609008789,0.8136096596717834,0.45521342754364014
3576,ROIs1158_spring_s2_140_p505,0.04706357792019844,0.03240445256233215,26.546302795410156,8.324788093566895,0.8355318307876587,0.42547526955604553
3577,ROIs1158_spring_s2_140_p506,0.04270888492465019,0.029497718438506126,27.389636993408203,7.891472339630127,0.8404074907302856,0.4231374263763428
3578,ROIs1158_spring_s2_140_p507,0.04030708968639374,0.027036432176828384,27.892372131347656,7.936032295227051,0.8305602073669434,0.47379544377326965
3579,ROIs1158_spring_s2_140_p508,0.039176277816295624,0.025247814133763313,28.139535903930664,8.829170227050781,0.8084608316421509,0.5265341401100159
3580,ROIs1158_spring_s2_140_p509,0.05165630951523781,0.029927171766757965,25.737533569335938,9.180649757385254,0.7916213274002075,0.554792046546936
3581,ROIs1158_spring_s2_140_p510,0.06875427812337875,0.040294282138347626,23.254005432128906,11.271291732788086,0.7789888381958008,0.5197048783302307
3582,ROIs1158_spring_s2_140_p511,0.06966188549995422,0.04274462163448334,23.140094757080078,11.330554962158203,0.7935523986816406,0.47796329855918884
3583,ROIs1158_spring_s2_140_p512,0.06057528778910637,0.03768593445420265,24.35409164428711,10.24820613861084,0.810046911239624,0.46965348720550537
3584,ROIs1158_spring_s2_140_p513,0.05331557244062424,0.03370441868901253,25.462921142578125,9.973164558410645,0.8291065692901611,0.4609875977039337
3585,ROIs1158_spring_s2_140_p514,0.04970524460077286,0.031592171639204025,26.071956634521484,9.068294525146484,0.8134168982505798,0.5252789258956909
3586,ROIs1158_spring_s2_140_p515,0.04434121772646904,0.030415214598178864,27.0638484954834,8.540724754333496,0.8144839406013489,0.5048165321350098
3587,ROIs1158_spring_s2_140_p516,0.040697138756513596,0.02976544201374054,27.80872344970703,7.5237226486206055,0.8417414426803589,0.43664926290512085
3588,ROIs1158_spring_s2_140_p517,0.059786200523376465,0.037070151418447495,24.467981338500977,8.967314720153809,0.7937551736831665,0.5077376961708069
3589,ROIs1158_spring_s2_140_p518,0.07631216943264008,0.047952208667993546,22.348125457763672,11.034379959106445,0.7467950582504272,0.5726484060287476
3590,ROIs1158_spring_s2_140_p519,0.07559605687856674,0.049643415957689285,22.430017471313477,12.60506820678711,0.7508261799812317,0.5783450603485107
3591,ROIs1158_spring_s2_140_p520,0.07571437954902649,0.0482143834233284,22.41643524169922,12.347063064575195,0.7489442825317383,0.6002969741821289
3592,ROIs1158_spring_s2_140_p521,0.07347422093153,0.04699081927537918,22.677303314208984,11.597132682800293,0.7616369724273682,0.5597631931304932
3593,ROIs1158_spring_s2_140_p522,0.06388372927904129,0.04349704086780548,23.892194747924805,12.244094848632812,0.771638035774231,0.4988996982574463
3594,ROIs1158_spring_s2_140_p523,0.0678313821554184,0.048287153244018555,23.371387481689453,14.781722068786621,0.753315806388855,0.5324791669845581
3595,ROIs1158_spring_s2_140_p524,0.08134472370147705,0.05968686565756798,21.793413162231445,16.348466873168945,0.7341793775558472,0.5691224336624146
3596,ROIs1158_spring_s2_140_p525,0.07887525111436844,0.05689340457320213,22.061185836791992,15.05253791809082,0.7407850027084351,0.5562138557434082
3597,ROIs1158_spring_s2_140_p528,0.04662498086690903,0.03137442469596863,26.627626419067383,8.066062927246094,0.8503872156143188,0.44243407249450684
3598,ROIs1158_spring_s2_140_p529,0.05217210203409195,0.035381726920604706,25.651233673095703,8.82903003692627,0.8261197805404663,0.47521939873695374
3599,ROIs1158_spring_s2_140_p530,0.04965310916304588,0.03401064872741699,26.081073760986328,9.198163986206055,0.8351665735244751,0.47638827562332153
3600,ROIs1158_spring_s2_140_p531,0.04640943184494972,0.031033718958497047,26.667877197265625,8.925023078918457,0.8386766910552979,0.4591645896434784
3601,ROIs1158_spring_s2_140_p532,0.044827163219451904,0.029821453616023064,26.96917724609375,8.598812103271484,0.8393971920013428,0.434459924697876
3602,ROIs1158_spring_s2_140_p533,0.04779095575213432,0.032582689076662064,26.4130859375,9.522056579589844,0.8320152759552002,0.4261641800403595
3603,ROIs1158_spring_s2_140_p534,0.05503774434328079,0.03691446781158447,25.18678855895996,11.073963165283203,0.7856734991073608,0.4974678158760071
3604,ROIs1158_spring_s2_140_p535,0.053562551736831665,0.03501696512103081,25.422775268554688,10.273733139038086,0.7968077659606934,0.49300792813301086
3605,ROIs1158_spring_s2_140_p536,0.04602201282978058,0.030349846929311752,26.74068832397461,8.704643249511719,0.8295603394508362,0.4521375298500061
3606,ROIs1158_spring_s2_140_p537,0.044270265847444534,0.029418013989925385,27.0777587890625,8.820577621459961,0.8359559774398804,0.4422682523727417
3607,ROIs1158_spring_s2_140_p538,0.04416900500655174,0.028380973264575005,27.097646713256836,8.831738471984863,0.8472877740859985,0.4362698197364807
3608,ROIs1158_spring_s2_140_p539,0.043652020394802094,0.02696356549859047,27.199914932250977,8.625589370727539,0.8334639072418213,0.46253353357315063
3609,ROIs1158_spring_s2_140_p540,0.048109278082847595,0.029436590149998665,26.355422973632812,9.980950355529785,0.8243221640586853,0.4958120286464691
3610,ROIs1158_spring_s2_140_p541,0.055019620805978775,0.03323900327086449,25.189647674560547,10.867058753967285,0.823525071144104,0.4782237410545349
3611,ROIs1158_spring_s2_140_p542,0.057570721954107285,0.03550989553332329,24.79596710205078,10.24771785736084,0.8281839489936829,0.44265010952949524
3612,ROIs1158_spring_s2_140_p543,0.06334415078163147,0.03947339206933975,23.965869903564453,11.616113662719727,0.8225191831588745,0.4441627264022827
3613,ROIs1158_spring_s2_140_p544,0.06270378082990646,0.03973317891359329,24.054126739501953,12.376834869384766,0.8209776282310486,0.4627825915813446
3614,ROIs1158_spring_s2_140_p545,0.05020647495985031,0.033258117735385895,25.984804153442383,9.802550315856934,0.8279387950897217,0.48977142572402954
3615,ROIs1158_spring_s2_140_p546,0.042716436088085175,0.028480807319283485,27.388099670410156,7.625857353210449,0.8485553860664368,0.47416922450065613
3616,ROIs1158_spring_s2_140_p547,0.042110104113817215,0.029096681624650955,27.51227378845215,6.6936259269714355,0.8753236532211304,0.4258801341056824
3617,ROIs1158_spring_s2_140_p548,0.04037942364811897,0.029553649947047234,27.876798629760742,7.338861465454102,0.845611572265625,0.4686150550842285
3618,ROIs1158_spring_s2_140_p549,0.056832559406757355,0.037555545568466187,24.90805435180664,9.335144996643066,0.7935383915901184,0.5703896284103394
3619,ROIs1158_spring_s2_140_p550,0.06987641751766205,0.045869410037994385,23.113386154174805,11.730081558227539,0.7728608846664429,0.59041428565979
3620,ROIs1158_spring_s2_140_p551,0.07444120198488235,0.0504533015191555,22.563732147216797,12.80241584777832,0.7542510628700256,0.5712205767631531
3621,ROIs1158_spring_s2_140_p552,0.06795481592416763,0.04503432661294937,23.355594635009766,11.363497734069824,0.7561691999435425,0.5310361385345459
3622,ROIs1158_spring_s2_140_p553,0.06448082625865936,0.0427946113049984,23.81138801574707,11.942691802978516,0.7473389506340027,0.5436266660690308
3623,ROIs1158_spring_s2_140_p554,0.06997814774513245,0.04772073030471802,23.100753784179688,13.733000755310059,0.7293957471847534,0.5739176273345947
3624,ROIs1158_spring_s2_140_p555,0.07664807885885239,0.05470944941043854,22.309974670410156,14.340126991271973,0.726177990436554,0.5813735723495483
3625,ROIs1158_spring_s2_140_p556,0.07548372447490692,0.05368570238351822,22.442934036254883,14.164158821105957,0.7403453588485718,0.5641734600067139
3626,ROIs1158_spring_s2_140_p559,0.05313148722052574,0.03435755893588066,25.492961883544922,8.488258361816406,0.85395348072052,0.41538888216018677
3627,ROIs1158_spring_s2_140_p560,0.048441331833601,0.03108465112745762,26.295679092407227,8.358670234680176,0.8385764360427856,0.4235690236091614
3628,ROIs1158_spring_s2_140_p561,0.04495741054415703,0.029775775969028473,26.94397735595703,8.301992416381836,0.8322933912277222,0.46331870555877686
3629,ROIs1158_spring_s2_140_p562,0.04590356722474098,0.029817109927535057,26.763072967529297,8.435200691223145,0.8386789560317993,0.45800164341926575
3630,ROIs1158_spring_s2_140_p563,0.0459541380405426,0.030093921348452568,26.753509521484375,8.96420955657959,0.8343684673309326,0.43690362572669983
3631,ROIs1158_spring_s2_140_p564,0.049254197627305984,0.0328071154654026,26.151134490966797,9.708370208740234,0.8057445287704468,0.470893919467926
3632,ROIs1158_spring_s2_140_p565,0.055253565311431885,0.03685431554913521,25.152793884277344,11.675081253051758,0.771027684211731,0.522200882434845
3633,ROIs1158_spring_s2_140_p566,0.05127972364425659,0.033917106688022614,25.801088333129883,11.244353294372559,0.8111748695373535,0.4357091784477234
3634,ROIs1158_spring_s2_140_p567,0.04714211821556091,0.03139110282063484,26.53182029724121,9.734137535095215,0.8359096646308899,0.40005797147750854
3635,ROIs1158_spring_s2_140_p568,0.0552101731300354,0.036791589111089706,25.159618377685547,10.632797241210938,0.810893177986145,0.44626447558403015
3636,ROIs1158_spring_s2_140_p569,0.0576777309179306,0.03727917745709419,24.779836654663086,10.78562068939209,0.8161419630050659,0.4464617073535919
3637,ROIs1158_spring_s2_140_p570,0.05108127370476723,0.03140835464000702,25.834766387939453,9.265294075012207,0.8298852443695068,0.4345737099647522
3638,ROIs1158_spring_s2_140_p571,0.050180140882730484,0.02933168038725853,25.989362716674805,9.443381309509277,0.8285841941833496,0.4619894027709961
3639,ROIs1158_spring_s2_140_p572,0.04993262514472008,0.029570048674941063,26.03231430053711,9.157732963562012,0.8225564360618591,0.5022416710853577
3640,ROIs1158_spring_s2_140_p573,0.04459043964743614,0.029777491465210915,27.015167236328125,8.789109230041504,0.8449684381484985,0.45862364768981934
3641,ROIs1158_spring_s2_140_p574,0.054953381419181824,0.035147227346897125,25.200111389160156,10.429770469665527,0.8449978828430176,0.41931089758872986
3642,ROIs1158_spring_s2_140_p575,0.062142156064510345,0.03950057551264763,24.132274627685547,11.385108947753906,0.8106364011764526,0.4888232350349426
3643,ROIs1158_spring_s2_140_p576,0.0535888634622097,0.03547832742333412,25.41851043701172,9.668914794921875,0.8241998553276062,0.4935401380062103
3644,ROIs1158_spring_s2_140_p577,0.04425249248743057,0.029319170862436295,27.08124542236328,7.476518630981445,0.8618441820144653,0.44125908613204956
3645,ROIs1158_spring_s2_140_p578,0.04236352816224098,0.028577156364917755,27.46015739440918,6.921713829040527,0.8651672005653381,0.4216792583465576
3646,ROIs1158_spring_s2_140_p579,0.04349548742175102,0.029923930764198303,27.231117248535156,7.4651689529418945,0.8588813543319702,0.461147665977478
3647,ROIs1158_spring_s2_140_p580,0.05293116346001625,0.03449707850813866,25.52577018737793,8.373144149780273,0.8291760683059692,0.5316107869148254
3648,ROIs1158_spring_s2_140_p581,0.07056964933872223,0.046446673572063446,23.02764129638672,10.738967895507812,0.7723145484924316,0.579392671585083
3649,ROIs1158_spring_s2_140_p582,0.07364451885223389,0.05184458941221237,22.65719223022461,12.61506462097168,0.7613689303398132,0.5307374000549316
3650,ROIs1158_spring_s2_140_p583,0.06000083312392235,0.04048428684473038,24.43685531616211,11.220847129821777,0.7662808895111084,0.5278743505477905
3651,ROIs1158_spring_s2_140_p584,0.06240788474678993,0.04051126912236214,24.095211029052734,11.0023775100708,0.7346413731575012,0.5996785759925842
3652,ROIs1158_spring_s2_140_p585,0.07287019491195679,0.04943390190601349,22.74900245666504,12.698070526123047,0.7120530605316162,0.6222978234291077
3653,ROIs1158_spring_s2_140_p586,0.07970471680164337,0.05648123100399971,21.970319747924805,16.069496154785156,0.7021578550338745,0.5877430438995361
3654,ROIs1158_spring_s2_140_p587,0.09021999686956406,0.06496874988079071,20.893945693969727,22.160966873168945,0.6805950403213501,0.5127692222595215
3655,ROIs1158_spring_s2_140_p590,0.05661711469292641,0.03612913563847542,24.9410457611084,9.26046085357666,0.8350391387939453,0.4548884332180023
3656,ROIs1158_spring_s2_140_p591,0.049699269235134125,0.03145144134759903,26.072999954223633,8.871175765991211,0.8327234983444214,0.4563135504722595
3657,ROIs1158_spring_s2_140_p592,0.04929400235414505,0.03209826722741127,26.144119262695312,8.98317813873291,0.8198341727256775,0.4747293293476105
3658,ROIs1158_spring_s2_140_p593,0.048784345388412476,0.032039396464824677,26.234390258789062,9.259800910949707,0.8271195292472839,0.4705479145050049
3659,ROIs1158_spring_s2_140_p594,0.04437984153628349,0.02918264828622341,27.056285858154297,9.122091293334961,0.8424798250198364,0.4450451135635376
3660,ROIs1158_spring_s2_140_p595,0.04337451606988907,0.02857360988855362,27.255308151245117,8.385662078857422,0.8303970694541931,0.46940481662750244
3661,ROIs1158_spring_s2_140_p596,0.050163090229034424,0.033003948628902435,25.9923152923584,10.241084098815918,0.8163028955459595,0.48030221462249756
3662,ROIs1158_spring_s2_140_p597,0.048782844096422195,0.0318697988986969,26.234661102294922,10.304896354675293,0.8410375714302063,0.41198912262916565
3663,ROIs1158_spring_s2_140_p598,0.04701518639922142,0.030920226126909256,26.55523681640625,8.935589790344238,0.8387907147407532,0.4070635437965393
3664,ROIs1158_spring_s2_140_p599,0.05702472850680351,0.03791556507349014,24.878734588623047,9.783234596252441,0.8006067872047424,0.4587569236755371
3665,ROIs1158_spring_s2_140_p600,0.06106281653046608,0.0403786301612854,24.284461975097656,10.418195724487305,0.7809662818908691,0.4884820282459259
3666,ROIs1158_spring_s2_140_p601,0.05717327073216438,0.03768022730946541,24.85614013671875,11.078254699707031,0.7836141586303711,0.49664101004600525
3667,ROIs1158_spring_s2_140_p602,0.053080759942531586,0.033521030098199844,25.501258850097656,10.468352317810059,0.7887153029441833,0.5127997398376465
3668,ROIs1158_spring_s2_140_p603,0.05084618926048279,0.03058963641524315,25.874834060668945,9.012271881103516,0.7864562273025513,0.5345123410224915
3669,ROIs1158_spring_s2_140_p604,0.052602075040340424,0.03379743546247482,25.579944610595703,9.981618881225586,0.7979775071144104,0.500758945941925
3670,ROIs1158_spring_s2_140_p605,0.05742959305644035,0.03674805164337158,24.817285537719727,10.923124313354492,0.807712972164154,0.45214584469795227
3671,ROIs1158_spring_s2_140_p606,0.05777401477098465,0.036042965948581696,24.765348434448242,10.23963451385498,0.7938905954360962,0.5239436626434326
3672,ROIs1158_spring_s2_140_p607,0.05006856471300125,0.0322997085750103,26.008697509765625,8.896649360656738,0.7995748519897461,0.5669769048690796
3673,ROIs1158_spring_s2_140_p608,0.04413023963570595,0.02952931635081768,27.105274200439453,7.717430591583252,0.8326529264450073,0.5132746696472168
3674,ROIs1158_spring_s2_140_p609,0.048790786415338516,0.03290051221847534,26.233243942260742,7.825287818908691,0.8250131607055664,0.5168024301528931
3675,ROIs1158_spring_s2_140_p610,0.048803843557834625,0.03261158615350723,26.230918884277344,8.157126426696777,0.8304060697555542,0.5261116623878479
3676,ROIs1158_spring_s2_140_p611,0.0502786859869957,0.032687537372112274,25.97232437133789,8.46517562866211,0.8145664930343628,0.5643004179000854
3677,ROIs1158_spring_s2_140_p612,0.06722568720579147,0.04442295804619789,23.449295043945312,10.199275016784668,0.7452877759933472,0.5810644030570984
3678,ROIs1158_spring_s2_140_p613,0.0676691010594368,0.04646802693605423,23.392192840576172,11.714016914367676,0.7523242235183716,0.5238240957260132
3679,ROIs1158_spring_s2_140_p614,0.06153460219502449,0.04225426912307739,24.217613220214844,12.642069816589355,0.7486597299575806,0.535781979560852
3680,ROIs1158_spring_s2_140_p615,0.0654648020863533,0.04387272521853447,23.67984390258789,12.700749397277832,0.7317826747894287,0.5871961116790771
3681,ROIs1158_spring_s2_140_p616,0.07428555190563202,0.05201311782002449,22.581912994384766,14.663675308227539,0.7076942920684814,0.592284083366394
3682,ROIs1158_spring_s2_140_p617,0.09034612774848938,0.06513848900794983,20.88180923461914,22.224075317382812,0.6605770587921143,0.5397034883499146
3683,ROIs1158_spring_s2_140_p618,0.10366176813840866,0.07605115324258804,19.6876277923584,28.822120666503906,0.6253278255462646,0.4844124913215637
3684,ROIs1158_spring_s2_140_p621,0.04500618204474449,0.028678657487034798,26.93455696105957,8.079705238342285,0.8479982018470764,0.4432383179664612
3685,ROIs1158_spring_s2_140_p622,0.04172247275710106,0.026369603350758553,27.592599868774414,7.942972183227539,0.8499178886413574,0.4755949378013611
3686,ROIs1158_spring_s2_140_p623,0.0458100251853466,0.029204819351434708,26.780792236328125,8.828824996948242,0.8277946710586548,0.5010654330253601
3687,ROIs1158_spring_s2_140_p624,0.04545978456735611,0.029819266870617867,26.847454071044922,8.652203559875488,0.8310167789459229,0.48877236247062683
3688,ROIs1158_spring_s2_140_p625,0.03810563683509827,0.025667237117886543,28.380218505859375,7.7077317237854,0.8537656664848328,0.43989112973213196
3689,ROIs1158_spring_s2_140_p626,0.03938686102628708,0.026763567700982094,28.092973709106445,8.323225975036621,0.8316609859466553,0.4820418655872345
3690,ROIs1158_spring_s2_140_p627,0.04497317224740982,0.029354022815823555,26.940929412841797,9.127376556396484,0.8353583812713623,0.4564436674118042
3691,ROIs1158_spring_s2_140_p628,0.04008124768733978,0.025596685707569122,27.941177368164062,8.004817962646484,0.86011803150177,0.43153828382492065
3692,ROIs1158_spring_s2_140_p629,0.037759363651275635,0.025097163394093513,28.459508895874023,6.736374855041504,0.8559552431106567,0.44964566826820374
3693,ROIs1158_spring_s2_140_p630,0.0427810437977314,0.027809936553239822,27.37497329711914,7.205901622772217,0.8360508680343628,0.45222288370132446
3694,ROIs1158_spring_s2_140_p631,0.04732406884431839,0.030656183138489723,26.49835777282715,8.032293319702148,0.8278577327728271,0.45417729020118713
3695,ROIs1158_spring_s2_140_p632,0.04915715008974075,0.032991789281368256,26.16826820373535,9.648037910461426,0.8147966265678406,0.46528658270835876
3696,ROIs1158_spring_s2_140_p633,0.04731709510087967,0.031439341604709625,26.499637603759766,9.711004257202148,0.7975321412086487,0.49212872982025146
3697,ROIs1158_spring_s2_140_p634,0.04851493239402771,0.031059803441166878,26.28249168395996,9.262131690979004,0.8060469627380371,0.4754266142845154
3698,ROIs1158_spring_s2_140_p635,0.054787326604127884,0.03493986278772354,25.226398468017578,11.116654396057129,0.7954244613647461,0.5000789761543274
3699,ROIs1158_spring_s2_140_p636,0.06067103520035744,0.03794709965586662,24.340373992919922,11.827021598815918,0.781943678855896,0.5231565237045288
3700,ROIs1158_spring_s2_140_p637,0.05821269750595093,0.03543691337108612,24.69964599609375,10.77303409576416,0.7848235368728638,0.5451241731643677
3701,ROIs1158_spring_s2_140_p638,0.04905913025140762,0.030716581270098686,26.185604095458984,9.290740013122559,0.7800778746604919,0.5967447757720947
3702,ROIs1158_spring_s2_140_p639,0.0504140667617321,0.03054557740688324,25.948965072631836,8.194127082824707,0.7766307592391968,0.6130447387695312
3703,ROIs1158_spring_s2_140_p640,0.05480917915701866,0.03270374611020088,25.222932815551758,8.10934066772461,0.7686065435409546,0.6286044716835022
3704,ROIs1158_spring_s2_140_p641,0.05193718522787094,0.032718218863010406,25.690431594848633,8.517378807067871,0.7717313170433044,0.6269389986991882
3705,ROIs1158_spring_s2_140_p642,0.054004911333322525,0.0355832464993,25.351333618164062,8.877037048339844,0.7592978477478027,0.604470431804657
3706,ROIs1158_spring_s2_140_p643,0.06138613447546959,0.04039584472775459,24.23859405517578,10.207279205322266,0.7482702732086182,0.5467368364334106
3707,ROIs1158_spring_s2_140_p644,0.06420015543699265,0.043682701885700226,23.849279403686523,11.546591758728027,0.7527228593826294,0.5328212976455688
3708,ROIs1158_spring_s2_140_p645,0.07149315625429153,0.04938405379652977,22.914710998535156,14.843517303466797,0.7215683460235596,0.5651552081108093
3709,ROIs1158_spring_s2_140_p646,0.07751471549272537,0.053589411079883575,22.212316513061523,16.36248016357422,0.7106019258499146,0.554784893989563
3710,ROIs1158_spring_s2_140_p647,0.07730060070753098,0.05465161055326462,22.236343383789062,16.106670379638672,0.7093124389648438,0.5668106079101562
3711,ROIs1158_spring_s2_140_p648,0.08791445195674896,0.06416771560907364,21.118793487548828,20.95659828186035,0.6842854619026184,0.5353671908378601
3712,ROIs1158_spring_s2_140_p649,0.09674489498138428,0.07164572924375534,20.287437438964844,23.2939453125,0.6720026731491089,0.5243622064590454
3713,ROIs1158_spring_s2_140_p652,0.03869619220495224,0.025815624743700027,28.24663543701172,7.083127021789551,0.8491769433021545,0.4271807372570038
3714,ROIs1158_spring_s2_140_p653,0.038668494671583176,0.025510070845484734,28.252857208251953,7.484678745269775,0.8388211727142334,0.47279149293899536
3715,ROIs1158_spring_s2_140_p654,0.04255828261375427,0.027791384607553482,27.420320510864258,8.260519027709961,0.839226484298706,0.4702489674091339
3716,ROIs1158_spring_s2_140_p655,0.04861023649573326,0.031976401805877686,26.265445709228516,9.00028133392334,0.8205583691596985,0.4829693138599396
3717,ROIs1158_spring_s2_140_p656,0.04507564380764961,0.029787946492433548,26.921161651611328,8.844888687133789,0.8280534148216248,0.4802079498767853
3718,ROIs1158_spring_s2_140_p657,0.043772269040346146,0.02914658933877945,27.1760196685791,8.765484809875488,0.8373746871948242,0.4748351275920868
3719,ROIs1158_spring_s2_140_p658,0.04692016541957855,0.030171029269695282,26.572811126708984,8.954689979553223,0.8339616656303406,0.4691929221153259
3720,ROIs1158_spring_s2_140_p659,0.039394404739141464,0.024534963071346283,28.091312408447266,7.853547096252441,0.8449795842170715,0.4768841564655304
3721,ROIs1158_spring_s2_140_p660,0.03660999983549118,0.024086492136120796,28.72800636291504,6.971774101257324,0.8515620231628418,0.4681471884250641
3722,ROIs1158_spring_s2_140_p661,0.038454681634902954,0.025205183774232864,28.301013946533203,7.551292896270752,0.8576690554618835,0.43125197291374207
3723,ROIs1158_spring_s2_140_p662,0.04154805466532707,0.026875173673033714,27.628986358642578,8.427879333496094,0.8618475794792175,0.4097990393638611
3724,ROIs1158_spring_s2_140_p663,0.03914268687367439,0.025937695056200027,28.146989822387695,7.72890567779541,0.8637855052947998,0.40887361764907837
3725,ROIs1158_spring_s2_140_p664,0.041152473539114,0.027428926900029182,27.712080001831055,8.23177719116211,0.8318808078765869,0.45571401715278625
3726,ROIs1158_spring_s2_140_p665,0.04818975180387497,0.03219599649310112,26.340906143188477,9.506754875183105,0.8091754913330078,0.48453953862190247
3727,ROIs1158_spring_s2_140_p666,0.052432581782341,0.03426546975970268,25.60797691345215,10.534036636352539,0.8022661209106445,0.5227550268173218
3728,ROIs1158_spring_s2_140_p667,0.05532669275999069,0.033948030322790146,25.141305923461914,10.383279800415039,0.7794772386550903,0.5681087970733643
3729,ROIs1158_spring_s2_140_p668,0.05428270995616913,0.03342730924487114,25.3067684173584,9.858059883117676,0.7783313989639282,0.5834853053092957
3730,ROIs1158_spring_s2_140_p669,0.05522470921278,0.03525938466191292,25.157329559326172,10.091496467590332,0.7572839856147766,0.6210121512413025
3731,ROIs1158_spring_s2_140_p670,0.06294119358062744,0.037268586456775665,24.02130126953125,9.878783226013184,0.7220108509063721,0.650373637676239
3732,ROIs1158_spring_s2_140_p671,0.061234403401613235,0.03512653708457947,24.260089874267578,9.544999122619629,0.7178341150283813,0.6485185623168945
3733,ROIs1158_spring_s2_140_p672,0.05640161409974098,0.03599938005208969,24.974170684814453,9.855891227722168,0.7164441347122192,0.6500993371009827
3734,ROIs1158_spring_s2_140_p673,0.05779906362295151,0.03782796114683151,24.761585235595703,9.797533988952637,0.7227694392204285,0.6120103597640991
3735,ROIs1158_spring_s2_140_p674,0.05487777292728424,0.036507125943899155,25.21207046508789,9.958192825317383,0.7440564036369324,0.5594547986984253
3736,ROIs1158_spring_s2_140_p675,0.06293196976184845,0.042683448642492294,24.02257537841797,10.82584285736084,0.7352887988090515,0.5788140296936035
3737,ROIs1158_spring_s2_140_p676,0.07630807906389236,0.05104433000087738,22.34859275817871,14.26746940612793,0.7222222685813904,0.5756353735923767
3738,ROIs1158_spring_s2_140_p677,0.08594711869955063,0.05941668152809143,21.31537437438965,17.222139358520508,0.7163728475570679,0.5384570360183716
3739,ROIs1158_spring_s2_140_p678,0.08018705248832703,0.05688146501779556,21.91791534423828,15.653915405273438,0.7255430221557617,0.5641030073165894
3740,ROIs1158_spring_s2_140_p679,0.07415067404508591,0.05475875735282898,22.597698211669922,15.960015296936035,0.7379838228225708,0.5781431198120117
3741,ROIs1158_spring_s2_140_p680,0.07900308072566986,0.05686204507946968,22.047119140625,17.042724609375,0.75269615650177,0.5532430410385132
3742,ROIs1158_spring_s2_140_p683,0.038707435131073,0.026348941028118134,28.244112014770508,7.648691177368164,0.8306609392166138,0.48686543107032776
3743,ROIs1158_spring_s2_140_p684,0.04094601795077324,0.027362164109945297,27.755767822265625,8.501992225646973,0.8082238435745239,0.5284309983253479
3744,ROIs1158_spring_s2_140_p685,0.04809874668717384,0.031150292605161667,26.35732650756836,9.079071998596191,0.8053570985794067,0.5221407413482666
3745,ROIs1158_spring_s2_140_p686,0.05482957884669304,0.03588459640741348,25.21969985961914,9.872271537780762,0.7967760562896729,0.5078552961349487
3746,ROIs1158_spring_s2_140_p687,0.05023066699504852,0.03333432599902153,25.980623245239258,9.44676685333252,0.8223166465759277,0.4901428818702698
3747,ROIs1158_spring_s2_140_p688,0.0515500083565712,0.034037619829177856,25.75542640686035,9.61980152130127,0.8368436694145203,0.44622260332107544
3748,ROIs1158_spring_s2_140_p689,0.05086216703057289,0.03295447304844856,25.872100830078125,9.506400108337402,0.8307262659072876,0.4714539647102356
3749,ROIs1158_spring_s2_140_p690,0.04075139760971069,0.02587885409593582,27.797149658203125,7.825596809387207,0.8336062431335449,0.5126851797103882
3750,ROIs1158_spring_s2_140_p691,0.042955536395311356,0.027497777715325356,27.339618682861328,7.73738956451416,0.8318692445755005,0.4992761015892029
3751,ROIs1158_spring_s2_140_p692,0.048373833298683167,0.031146042048931122,26.307790756225586,8.75472640991211,0.8270047903060913,0.47956544160842896
3752,ROIs1158_spring_s2_140_p693,0.05262633040547371,0.033955443650484085,25.575939178466797,10.247512817382812,0.8074429631233215,0.49983346462249756
3753,ROIs1158_spring_s2_140_p694,0.04619835317134857,0.030083436518907547,26.707469940185547,8.985624313354492,0.8196984529495239,0.4942013919353485
3754,ROIs1158_spring_s2_140_p695,0.04635896161198616,0.030640356242656708,26.677324295043945,9.346571922302246,0.8020623922348022,0.526218593120575
3755,ROIs1158_spring_s2_140_p696,0.04833873733878136,0.031955499202013016,26.31409454345703,9.813586235046387,0.7877816557884216,0.5547497868537903
3756,ROIs1158_spring_s2_140_p697,0.04784895107150078,0.03068886697292328,26.402551651000977,9.246146202087402,0.794043242931366,0.5668942332267761
3757,ROIs1158_spring_s2_140_p698,0.05207032710313797,0.031877171248197556,25.668193817138672,9.412219047546387,0.7631115913391113,0.593289315700531
3758,ROIs1158_spring_s2_140_p699,0.0539596863090992,0.03327026218175888,25.358612060546875,9.199036598205566,0.7490422129631042,0.6247999668121338
3759,ROIs1158_spring_s2_140_p700,0.061099618673324585,0.038827747106552124,24.279232025146484,9.95351505279541,0.7227745056152344,0.6383201479911804
3760,ROIs1158_spring_s2_140_p701,0.06776133924722672,0.04182027652859688,23.380359649658203,11.126876831054688,0.6936544179916382,0.6419858932495117
3761,ROIs1158_spring_s2_140_p702,0.06172866001725197,0.03850284218788147,24.190263748168945,10.912497520446777,0.6936612129211426,0.6388018131256104
3762,ROIs1158_spring_s2_140_p703,0.05584069341421127,0.037054210901260376,25.060985565185547,9.806962966918945,0.7107073068618774,0.6224186420440674
3763,ROIs1158_spring_s2_140_p704,0.06000253185629845,0.03998025134205818,24.436609268188477,10.712223052978516,0.7414377927780151,0.5712103247642517
3764,ROIs1158_spring_s2_140_p705,0.05833691358566284,0.03909269720315933,24.68113136291504,10.515338897705078,0.736436128616333,0.5563036203384399
3765,ROIs1158_spring_s2_140_p706,0.0640476867556572,0.04284000024199486,23.869932174682617,10.608199119567871,0.7161248922348022,0.5942509174346924
3766,ROIs1158_spring_s2_140_p707,0.07836415618658066,0.05204994976520538,22.117650985717773,13.575705528259277,0.7419832944869995,0.5669448375701904
3767,ROIs1158_spring_s2_140_p708,0.08544375747442245,0.06042836979031563,21.36639404296875,16.886442184448242,0.7266855239868164,0.5472124814987183
3768,ROIs1158_spring_s2_140_p709,0.07763075083494186,0.05460492521524429,22.199325561523438,15.142130851745605,0.7245237827301025,0.5706228017807007
3769,ROIs1158_spring_s2_140_p710,0.06583289802074432,0.043955858796834946,23.631141662597656,12.63331413269043,0.7597834467887878,0.5667601227760315
3770,ROIs1158_spring_s2_140_p711,0.0683099627494812,0.04416081681847572,23.310317993164062,12.792193412780762,0.782418966293335,0.5603806972503662
3771,ROIs1158_spring_s2_140_p714,0.04214585945010185,0.028437532484531403,27.504901885986328,8.851841926574707,0.7977753281593323,0.5478781461715698
3772,ROIs1158_spring_s2_140_p715,0.04874387010931969,0.033212922513484955,26.241600036621094,9.737287521362305,0.7753680348396301,0.5613027811050415
3773,ROIs1158_spring_s2_140_p716,0.05375133827328682,0.03570855036377907,25.3922119140625,9.43608283996582,0.7770321369171143,0.527151346206665
3774,ROIs1158_spring_s2_140_p717,0.05688151717185974,0.03772781789302826,24.900577545166016,9.814391136169434,0.781475305557251,0.4993087351322174
3775,ROIs1158_spring_s2_140_p718,0.050406910479068756,0.033159323036670685,25.950199127197266,9.314865112304688,0.8100752830505371,0.49763187766075134
3776,ROIs1158_spring_s2_140_p719,0.04895463585853577,0.031823933124542236,26.204124450683594,9.468759536743164,0.8255393505096436,0.4819345474243164
3777,ROIs1158_spring_s2_140_p720,0.04938070476055145,0.03263016790151596,26.128854751586914,10.145784378051758,0.8041083812713623,0.5216078758239746
3778,ROIs1158_spring_s2_140_p721,0.04999684542417526,0.032442040741443634,26.021148681640625,9.950565338134766,0.7927433252334595,0.5469671487808228
3779,ROIs1158_spring_s2_140_p722,0.050169795751571655,0.03215957432985306,25.99115562438965,8.895174026489258,0.8104097843170166,0.4922758638858795
3780,ROIs1158_spring_s2_140_p723,0.048460181802511215,0.03180108591914177,26.292301177978516,8.547198295593262,0.8017969131469727,0.49466991424560547
3781,ROIs1158_spring_s2_140_p724,0.04930035024881363,0.0328657403588295,26.14299964904785,9.611364364624023,0.791192889213562,0.5294501185417175
3782,ROIs1158_spring_s2_140_p725,0.04485471546649933,0.03012748435139656,26.96384048461914,9.102099418640137,0.8096575736999512,0.5166955590248108
3783,ROIs1158_spring_s2_140_p726,0.044960882514715195,0.030045922845602036,26.94330406188965,9.47341251373291,0.7878100872039795,0.5613541007041931
3784,ROIs1158_spring_s2_140_p727,0.040824998170137405,0.026954863220453262,27.781478881835938,9.256816864013672,0.7846498489379883,0.5866208672523499
3785,ROIs1158_spring_s2_140_p728,0.040975335985422134,0.026950033381581306,27.749549865722656,8.261920928955078,0.8001329898834229,0.5776873230934143
3786,ROIs1158_spring_s2_140_p729,0.048811111599206924,0.031123384833335876,26.22962760925293,8.829151153564453,0.7702850103378296,0.5949297547340393
3787,ROIs1158_spring_s2_140_p730,0.05283090099692345,0.03390004113316536,25.542240142822266,9.06999397277832,0.7399687767028809,0.618300199508667
3788,ROIs1158_spring_s2_140_p731,0.06700051575899124,0.04355141520500183,23.478435516357422,10.204754829406738,0.7082690596580505,0.6398580074310303
3789,ROIs1158_spring_s2_140_p732,0.06711234897375107,0.04338756203651428,23.463951110839844,11.122654914855957,0.7019010782241821,0.6441891193389893
3790,ROIs1158_spring_s2_140_p733,0.05565772205591202,0.03552328422665596,25.089492797851562,10.905808448791504,0.7117836475372314,0.6329384446144104
3791,ROIs1158_spring_s2_140_p734,0.05423334240913391,0.03431257605552673,25.314674377441406,10.160995483398438,0.7328504323959351,0.6087659597396851
3792,ROIs1158_spring_s2_140_p735,0.05884300172328949,0.038209423422813416,24.606103897094727,10.894719123840332,0.7553317546844482,0.545391857624054
3793,ROIs1158_spring_s2_140_p736,0.06115948408842087,0.040390223264694214,24.270723342895508,10.729104995727539,0.7372413873672485,0.556119441986084
3794,ROIs1158_spring_s2_140_p737,0.06600081920623779,0.04246354103088379,23.609012603759766,10.40243148803711,0.7272342443466187,0.5936318635940552
3795,ROIs1158_spring_s2_140_p738,0.07438887655735016,0.04862670972943306,22.569839477539062,13.378345489501953,0.7480665445327759,0.567511260509491
3796,ROIs1158_spring_s2_140_p739,0.0799713209271431,0.057947900146245956,21.941316604614258,16.778928756713867,0.7180414795875549,0.5677667856216431
3797,ROIs1158_spring_s2_140_p740,0.08039540797472,0.05576978623867035,21.895374298095703,15.517823219299316,0.7349529266357422,0.5748209357261658
3798,ROIs1158_spring_s2_140_p741,0.07339988648891449,0.046976204961538315,22.686092376708984,12.031731605529785,0.7677032947540283,0.5839002132415771
3799,ROIs1158_spring_s2_140_p742,0.07076989859342575,0.04490138962864876,23.003028869628906,11.51311206817627,0.7626022100448608,0.5854373574256897
3800,ROIs1158_spring_s2_140_p745,0.052042748779058456,0.03352135419845581,25.67279624938965,8.805578231811523,0.8011616468429565,0.5186697244644165
3801,ROIs1158_spring_s2_140_p746,0.06480436027050018,0.04300355166196823,23.76791763305664,10.537656784057617,0.7762830257415771,0.5429039001464844
3802,ROIs1158_spring_s2_140_p747,0.06323997676372528,0.042703840881586075,23.980167388916016,11.042041778564453,0.7751681804656982,0.5084816217422485
3803,ROIs1158_spring_s2_140_p748,0.0565313883125782,0.037954214960336685,24.954206466674805,9.937485694885254,0.7821857333183289,0.4805142879486084
3804,ROIs1158_spring_s2_140_p749,0.04897986352443695,0.03267565742135048,26.199647903442383,9.626283645629883,0.8041169047355652,0.49528437852859497
3805,ROIs1158_spring_s2_140_p750,0.0394064262509346,0.02650451473891735,28.088661193847656,8.22886848449707,0.8400020599365234,0.4838567078113556
3806,ROIs1158_spring_s2_140_p751,0.04325471073389053,0.02923721633851528,27.27933120727539,8.650611877441406,0.8248011469841003,0.4760400056838989
3807,ROIs1158_spring_s2_140_p752,0.0502537339925766,0.03334035351872444,25.976634979248047,9.361270904541016,0.8082374334335327,0.4700828790664673
3808,ROIs1158_spring_s2_140_p753,0.04580846428871155,0.029902242124080658,26.781084060668945,7.834440231323242,0.8381683826446533,0.42049574851989746
3809,ROIs1158_spring_s2_140_p754,0.041326649487018585,0.028132567182183266,27.675397872924805,8.040190696716309,0.8255500793457031,0.4572347104549408
3810,ROIs1158_spring_s2_140_p755,0.04417868331074715,0.02963710017502308,27.095745086669922,9.332423210144043,0.7948501110076904,0.5198714733123779
3811,ROIs1158_spring_s2_140_p756,0.04328949376940727,0.02845468558371067,27.272350311279297,8.879814147949219,0.8117136359214783,0.5106916427612305
3812,ROIs1158_spring_s2_140_p757,0.04135924205183983,0.026910627260804176,27.668550491333008,8.517578125,0.7978780269622803,0.5521692633628845
3813,ROIs1158_spring_s2_140_p758,0.042962025851011276,0.02738812007009983,27.33830451965332,8.742792129516602,0.7796868681907654,0.5915327072143555
3814,ROIs1158_spring_s2_140_p759,0.05182724818587303,0.033302851021289825,25.708837509155273,9.304709434509277,0.783653199672699,0.564602255821228
3815,ROIs1158_spring_s2_140_p760,0.051237840205430984,0.03324570134282112,25.808183670043945,9.155842781066895,0.7715359330177307,0.5749598741531372
3816,ROIs1158_spring_s2_140_p761,0.05011734366416931,0.03285854309797287,26.000240325927734,9.856781959533691,0.7495984435081482,0.6058440208435059
3817,ROIs1158_spring_s2_140_p762,0.0643119290471077,0.04268355667591095,23.834171295166016,11.494332313537598,0.7157881259918213,0.6279715299606323
3818,ROIs1158_spring_s2_140_p763,0.06290444731712341,0.041966814547777176,24.0263729095459,12.087388038635254,0.7082194685935974,0.6340863704681396
3819,ROIs1158_spring_s2_140_p764,0.05167832225561142,0.033426620066165924,25.73383140563965,12.231431007385254,0.7265993356704712,0.6109253764152527
3820,ROIs1158_spring_s2_140_p765,0.05833347141742706,0.036612849682569504,24.681644439697266,12.305704116821289,0.7304009795188904,0.5832560062408447
3821,ROIs1158_spring_s2_140_p766,0.05714957043528557,0.03600579500198364,24.8597412109375,10.936358451843262,0.7349878549575806,0.5607271194458008
3822,ROIs1158_spring_s2_140_p767,0.05311351642012596,0.033785443753004074,25.495899200439453,9.335850715637207,0.7408417463302612,0.5785596966743469
3823,ROIs1158_spring_s2_140_p768,0.06118318438529968,0.037442728877067566,24.267358779907227,9.451781272888184,0.7490489482879639,0.5953466892242432
3824,ROIs1158_spring_s2_140_p769,0.07154060155153275,0.045125145465135574,22.908950805664062,11.799701690673828,0.7600444555282593,0.5693068504333496
3825,ROIs1158_spring_s2_140_p770,0.07479655742645264,0.05079178884625435,22.522369384765625,14.023932456970215,0.7460408806800842,0.5658259391784668
3826,ROIs1158_spring_s2_140_p771,0.07877974212169647,0.052491653710603714,22.07170867919922,14.017865180969238,0.7542929649353027,0.5778144598007202
3827,ROIs1158_spring_s2_140_p772,0.07664427161216736,0.049410488456487656,22.310407638549805,12.430514335632324,0.7719667553901672,0.5764033198356628
3828,ROIs1158_spring_s2_140_p773,0.07222215831279755,0.046801477670669556,22.82659149169922,12.070940971374512,0.7367317080497742,0.5965116620063782
3829,ROIs1158_spring_s2_140_p776,0.05564933270215988,0.036587294191122055,25.090801239013672,8.473156929016113,0.8190523386001587,0.47172796726226807
3830,ROIs1158_spring_s2_140_p777,0.07051268219947815,0.0485059916973114,23.034656524658203,11.609105110168457,0.7823123335838318,0.5427696704864502
3831,ROIs1158_spring_s2_140_p778,0.07240843027830124,0.05178717523813248,22.804218292236328,13.550203323364258,0.7616186141967773,0.5436972379684448
3832,ROIs1158_spring_s2_140_p779,0.06235751509666443,0.04340345785021782,24.10222625732422,11.967108726501465,0.7773377895355225,0.5230691432952881
3833,ROIs1158_spring_s2_140_p780,0.04855048283934593,0.03302237391471863,26.27613067626953,9.495254516601562,0.8237317800521851,0.47995275259017944
3834,ROIs1158_spring_s2_140_p781,0.04100755229592323,0.027806339785456657,27.742725372314453,7.828214168548584,0.853287398815155,0.4494670331478119
3835,ROIs1158_spring_s2_140_p782,0.04238000884652138,0.028287645429372787,27.45677947998047,8.09526538848877,0.8495810031890869,0.41377949714660645
3836,ROIs1158_spring_s2_140_p783,0.04156602919101715,0.027949467301368713,27.625232696533203,8.240224838256836,0.8567135334014893,0.39027780294418335
3837,ROIs1158_spring_s2_140_p784,0.04396486654877663,0.029120299965143204,27.13788604736328,7.692316055297852,0.859707772731781,0.42598286271095276
3838,ROIs1158_spring_s2_140_p785,0.048261918127536774,0.03129466250538826,26.32790756225586,8.287332534790039,0.8227558135986328,0.48305192589759827
3839,ROIs1158_spring_s2_140_p786,0.04633418843150139,0.029781484976410866,26.681968688964844,8.60374927520752,0.7809945344924927,0.5461982488632202
3840,ROIs1158_spring_s2_140_p787,0.04179393872618675,0.026539413258433342,27.577733993530273,8.401235580444336,0.8007864356040955,0.543110191822052
3841,ROIs1158_spring_s2_140_p788,0.03831953555345535,0.02452162466943264,28.33159637451172,7.658829212188721,0.809013843536377,0.5455714464187622
3842,ROIs1158_spring_s2_140_p789,0.049307893961668015,0.031154803931713104,26.14167022705078,9.314682006835938,0.7698758840560913,0.5952060222625732
3843,ROIs1158_spring_s2_140_p790,0.05937570333480835,0.03835347294807434,24.5278263092041,10.699017524719238,0.7595347166061401,0.5942362546920776
3844,ROIs1158_spring_s2_140_p791,0.05438113585114479,0.03496035560965538,25.291034698486328,10.408637046813965,0.7480129599571228,0.6040763854980469
3845,ROIs1158_spring_s2_140_p792,0.050549957901239395,0.033041585236787796,25.925582885742188,11.06929874420166,0.7335349917411804,0.6318292617797852
3846,ROIs1158_spring_s2_140_p793,0.05278831720352173,0.03634321689605713,25.549243927001953,12.425786972045898,0.7146453261375427,0.6334205269813538
3847,ROIs1158_spring_s2_140_p794,0.05236535891890526,0.037186332046985626,25.619121551513672,13.729020118713379,0.7054659724235535,0.6281852722167969
3848,ROIs1158_spring_s2_140_p795,0.05344332754611969,0.036470677703619,25.44213104248047,14.669770240783691,0.7116925716400146,0.6006386280059814
3849,ROIs1158_spring_s2_140_p796,0.05726410448551178,0.03723203390836716,24.842350006103516,13.585237503051758,0.7154068946838379,0.5840362906455994
3850,ROIs1158_spring_s2_140_p797,0.051772501319646835,0.03272319957613945,25.718019485473633,10.818925857543945,0.7325907945632935,0.587748646736145
3851,ROIs1158_spring_s2_140_p798,0.05029064789414406,0.03123471513390541,25.970256805419922,9.080750465393066,0.7429636716842651,0.6012513041496277
3852,ROIs1158_spring_s2_140_p799,0.05669296905398369,0.0346311591565609,24.92941665649414,9.074785232543945,0.7397734522819519,0.6102755069732666
3853,ROIs1158_spring_s2_140_p800,0.06579073518514633,0.04102003574371338,23.63670539855957,9.96027946472168,0.7368627786636353,0.6000887751579285
3854,ROIs1158_spring_s2_140_p801,0.06574111431837082,0.041965045034885406,23.643260955810547,10.427669525146484,0.7424241304397583,0.5880807638168335
3855,ROIs1158_spring_s2_140_p802,0.08326277136802673,0.05183468759059906,21.590984344482422,11.840059280395508,0.7166255712509155,0.6022955179214478
3856,ROIs1158_spring_s2_140_p803,0.08787920325994492,0.05617063120007515,21.122276306152344,12.416979789733887,0.7303216457366943,0.5761156678199768
3857,ROIs1158_spring_s2_140_p804,0.0760539323091507,0.04960089921951294,22.377567291259766,12.724091529846191,0.7483539581298828,0.5738393068313599
3858,ROIs1158_spring_s2_140_p807,0.05584720894694328,0.039251476526260376,25.059968948364258,9.450471878051758,0.8081091642379761,0.48548856377601624
3859,ROIs1158_spring_s2_140_p808,0.06584150344133377,0.046929046511650085,23.6300048828125,11.505077362060547,0.7734055519104004,0.5391755104064941
3860,ROIs1158_spring_s2_140_p809,0.07067424058914185,0.05099581927061081,23.01477813720703,13.528852462768555,0.7549305558204651,0.5575726628303528
3861,ROIs1158_spring_s2_140_p810,0.060882821679115295,0.04198920726776123,24.310104370117188,11.478828430175781,0.7855283617973328,0.536579966545105
3862,ROIs1158_spring_s2_140_p811,0.04748500883579254,0.03277634084224701,26.468870162963867,9.198107719421387,0.8342089653015137,0.46494317054748535
3863,ROIs1158_spring_s2_140_p812,0.048679012805223465,0.03324974328279495,26.253164291381836,8.423511505126953,0.8322757482528687,0.4522252678871155
3864,ROIs1158_spring_s2_140_p813,0.049379196017980576,0.032817937433719635,26.129121780395508,9.519889831542969,0.81850266456604,0.4688047170639038
3865,ROIs1158_spring_s2_140_p814,0.04535473883152008,0.028450682759284973,26.86754608154297,9.12924575805664,0.8325836658477783,0.45998406410217285
3866,ROIs1158_spring_s2_140_p815,0.05471491813659668,0.03412117063999176,25.237886428833008,9.485432624816895,0.8179605007171631,0.49511393904685974
3867,ROIs1158_spring_s2_140_p816,0.05763045325875282,0.037835657596588135,24.78696060180664,9.412748336791992,0.7911556959152222,0.5273134708404541
3868,ROIs1158_spring_s2_140_p817,0.050671257078647614,0.03307490795850754,25.904766082763672,8.984655380249023,0.7704012989997864,0.5484373569488525
3869,ROIs1158_spring_s2_140_p818,0.0405915342271328,0.026438012719154358,27.83129119873047,8.349794387817383,0.8036563992500305,0.5439302921295166
3870,ROIs1158_spring_s2_140_p819,0.039279695600271225,0.025491265580058098,28.11663818359375,7.757031440734863,0.8220933079719543,0.5414430499076843
3871,ROIs1158_spring_s2_140_p820,0.04997369274497032,0.031831294298172,26.025171279907227,9.276796340942383,0.7826894521713257,0.5912635326385498
3872,ROIs1158_spring_s2_140_p821,0.04892323538661003,0.030831757932901382,26.209697723388672,8.964727401733398,0.770686149597168,0.6169766187667847
3873,ROIs1158_spring_s2_140_p822,0.04362300783395767,0.027648890390992165,27.2056884765625,8.74795913696289,0.7584118843078613,0.6225453615188599
3874,ROIs1158_spring_s2_140_p823,0.05128805711865425,0.03344515711069107,25.79967498779297,10.395122528076172,0.7328816652297974,0.6333799362182617
3875,ROIs1158_spring_s2_140_p824,0.05598236992955208,0.03773718327283859,25.038976669311523,11.908604621887207,0.7166675925254822,0.6321035027503967
3876,ROIs1158_spring_s2_140_p825,0.05292915925383568,0.037475358694791794,25.526100158691406,14.410209655761719,0.7138427495956421,0.6265339851379395
3877,ROIs1158_spring_s2_140_p826,0.053454019129276276,0.038209836930036545,25.440391540527344,16.29201889038086,0.7001370191574097,0.6065555214881897
3878,ROIs1158_spring_s2_140_p827,0.054540134966373444,0.036963265389204025,25.265676498413086,14.729496955871582,0.6956630349159241,0.6014180183410645
3879,ROIs1158_spring_s2_140_p828,0.05164391174912453,0.03408757597208023,25.73961639404297,11.879783630371094,0.7188008427619934,0.6064109802246094
3880,ROIs1158_spring_s2_140_p829,0.05225710570812225,0.03328820317983627,25.63709259033203,10.045069694519043,0.7353940010070801,0.6127170324325562
3881,ROIs1158_spring_s2_140_p830,0.052392855286598206,0.03246045112609863,25.614559173583984,9.079208374023438,0.7395590543746948,0.6179214715957642
3882,ROIs1158_spring_s2_140_p831,0.05170207843184471,0.03265596553683281,25.729843139648438,8.921187400817871,0.7278578281402588,0.6130825281143188
3883,ROIs1158_spring_s2_140_p832,0.054500557482242584,0.03606533631682396,25.271984100341797,9.604612350463867,0.7338336706161499,0.6002914309501648
3884,ROIs1158_spring_s2_140_p833,0.07914091646671295,0.04996033012866974,22.031978607177734,10.883699417114258,0.7076559066772461,0.6061896681785583
3885,ROIs1158_spring_s2_140_p834,0.08729534596204758,0.056857284158468246,21.180179595947266,12.22113037109375,0.7150352001190186,0.5890551805496216
3886,ROIs1158_spring_s2_140_p835,0.08501356095075607,0.05604710057377815,21.410236358642578,13.85578441619873,0.7761831283569336,0.5479351282119751
3887,ROIs1158_spring_s2_140_p838,0.0592360720038414,0.04145701229572296,24.548274993896484,10.116138458251953,0.8013683557510376,0.47803565859794617
3888,ROIs1158_spring_s2_140_p839,0.0627603679895401,0.04442058503627777,24.046289443969727,11.44736385345459,0.791126012802124,0.5044921040534973
3889,ROIs1158_spring_s2_140_p840,0.05719338729977608,0.039632972329854965,24.853084564208984,10.714031219482422,0.8012623190879822,0.48097407817840576
3890,ROIs1158_spring_s2_140_p841,0.05129312351346016,0.03477371484041214,25.798818588256836,9.180436134338379,0.8276323676109314,0.45252400636672974
3891,ROIs1158_spring_s2_140_p842,0.051687516272068024,0.036274850368499756,25.73228645324707,8.95677661895752,0.828224778175354,0.42991703748703003
3892,ROIs1158_spring_s2_140_p843,0.059869468212127686,0.0407538004219532,24.45589256286621,9.623458862304688,0.7978647351264954,0.47491976618766785
3893,ROIs1158_spring_s2_140_p844,0.05886194854974747,0.03775794431567192,24.603309631347656,10.480844497680664,0.7872971296310425,0.5310968160629272
3894,ROIs1158_spring_s2_140_p845,0.04475961625576019,0.026092760264873505,26.982271194458008,8.343515396118164,0.8143479824066162,0.5209851264953613
3895,ROIs1158_spring_s2_140_p846,0.04794534668326378,0.029408132657408714,26.38507080078125,8.86558723449707,0.8250054121017456,0.49132347106933594
3896,ROIs1158_spring_s2_140_p847,0.047358039766550064,0.03183744475245476,26.49212646484375,8.943495750427246,0.822708249092102,0.4822555482387543
3897,ROIs1158_spring_s2_140_p848,0.04480379447340965,0.030015530064702034,26.973705291748047,8.908228874206543,0.7922521829605103,0.5255343317985535
3898,ROIs1158_spring_s2_140_p849,0.03768514096736908,0.02509678155183792,28.476598739624023,7.829063415527344,0.8113864660263062,0.5210963487625122
3899,ROIs1158_spring_s2_140_p850,0.0391157828271389,0.02633870206773281,28.15296173095703,7.548964023590088,0.8429386019706726,0.47072362899780273
3900,ROIs1158_spring_s2_140_p851,0.04587806388735771,0.029858915135264397,26.767900466918945,8.478736877441406,0.803577184677124,0.5447473526000977
3901,ROIs1158_spring_s2_140_p852,0.04317735135555267,0.027863409370183945,27.294879913330078,8.663394927978516,0.7713651061058044,0.6107531785964966
3902,ROIs1158_spring_s2_140_p853,0.039942752569913864,0.02591492235660553,27.971240997314453,8.199747085571289,0.7649025917053223,0.6153109669685364
3903,ROIs1158_spring_s2_140_p854,0.048762328922748566,0.03099273331463337,26.238311767578125,9.466423034667969,0.7418177723884583,0.6243129968643188
3904,ROIs1158_spring_s2_140_p855,0.057706400752067566,0.03726891428232193,24.775522232055664,11.540371894836426,0.7195035219192505,0.6220134496688843
3905,ROIs1158_spring_s2_140_p856,0.05681241676211357,0.038440387696027756,24.911134719848633,14.002245903015137,0.7067784667015076,0.6234784126281738
3906,ROIs1158_spring_s2_140_p857,0.05374857038259506,0.037307269871234894,25.392663955688477,15.081774711608887,0.6973941326141357,0.6138145923614502
3907,ROIs1158_spring_s2_140_p858,0.053320348262786865,0.03673641383647919,25.462141036987305,13.702042579650879,0.6964800357818604,0.6217401623725891
3908,ROIs1158_spring_s2_140_p859,0.05212477222084999,0.03538187965750694,25.65911865234375,11.575867652893066,0.7100121974945068,0.6143903136253357
3909,ROIs1158_spring_s2_140_p860,0.049987174570560455,0.032388824969530106,26.022830963134766,9.897781372070312,0.7374387979507446,0.6033459901809692
3910,ROIs1158_spring_s2_140_p861,0.04596507176756859,0.028962086886167526,26.751441955566406,8.87615966796875,0.7625821232795715,0.5992692708969116
3911,ROIs1158_spring_s2_140_p862,0.043253038078546524,0.028681578114628792,27.279666900634766,8.855778694152832,0.7604994177818298,0.5971380472183228
3912,ROIs1158_spring_s2_140_p863,0.0519251674413681,0.03420913964509964,25.69244384765625,9.347399711608887,0.7535086870193481,0.6000560522079468
3913,ROIs1158_spring_s2_140_p864,0.05745946615934372,0.03746817633509636,24.812767028808594,9.219710350036621,0.7550231218338013,0.5899332165718079
3914,ROIs1158_spring_s2_140_p865,0.07020493596792221,0.046280670911073685,23.072647094726562,11.166922569274902,0.7476903796195984,0.5889182686805725
3915,ROIs1158_spring_s2_140_p866,0.085157111287117,0.05635375529527664,21.395580291748047,13.513163566589355,0.7520209550857544,0.5785688757896423
3916,ROIs1158_spring_s2_140_p867,0.07539123296737671,0.04852621629834175,22.453584671020508,12.501079559326172,0.7803575396537781,0.5445466041564941
3917,ROIs1158_spring_s2_140_p869,0.055084191262722015,0.03712180256843567,25.179462432861328,8.755789756774902,0.8023666143417358,0.45820730924606323
3918,ROIs1158_spring_s2_140_p870,0.05361657589673996,0.03687797859311104,25.414020538330078,9.402708053588867,0.8166931867599487,0.474304735660553
3919,ROIs1158_spring_s2_140_p871,0.04019923508167267,0.02829529531300068,27.915645599365234,8.11790943145752,0.8549360036849976,0.4428154230117798
3920,ROIs1158_spring_s2_140_p872,0.04565371200442314,0.03087911196053028,26.81047821044922,8.11613941192627,0.8489714860916138,0.4428054690361023
3921,ROIs1158_spring_s2_140_p873,0.0528436079621315,0.036232076585292816,25.540151596069336,8.494806289672852,0.8243714570999146,0.45426541566848755
3922,ROIs1158_spring_s2_140_p874,0.06426528096199036,0.043712012469768524,23.840473175048828,10.414388656616211,0.7972769141197205,0.5153409838676453
3923,ROIs1158_spring_s2_140_p875,0.061279039829969406,0.039479415863752365,24.253761291503906,10.003975868225098,0.795805037021637,0.5404022932052612
3924,ROIs1158_spring_s2_140_p876,0.03987114503979683,0.02636733092367649,27.986827850341797,8.194082260131836,0.8208895325660706,0.4894167482852936
3925,ROIs1158_spring_s2_140_p877,0.038800183683633804,0.027248099446296692,28.223323822021484,7.683552265167236,0.8385940790176392,0.43677669763565063
3926,ROIs1158_spring_s2_140_p878,0.03955819085240364,0.028479961678385735,28.05527114868164,7.542892932891846,0.8375269174575806,0.42814281582832336
3927,ROIs1158_spring_s2_140_p879,0.037920113652944565,0.02617182582616806,28.422607421875,8.084491729736328,0.807957649230957,0.5007233023643494
3928,ROIs1158_spring_s2_140_p880,0.043418969959020615,0.02779112197458744,27.246410369873047,8.010213851928711,0.7972007393836975,0.5342027544975281
3929,ROIs1158_spring_s2_140_p881,0.051590677350759506,0.03405504673719406,25.748577117919922,8.892345428466797,0.799113392829895,0.5110662579536438
3930,ROIs1158_spring_s2_140_p882,0.049979910254478455,0.032361745834350586,26.024091720581055,9.049698829650879,0.7741305828094482,0.5713894367218018
3931,ROIs1158_spring_s2_140_p883,0.042206812649965286,0.027295883744955063,27.49234962463379,8.626358032226562,0.7638977766036987,0.6052390336990356
3932,ROIs1158_spring_s2_140_p884,0.04204868525266647,0.02721235901117325,27.524951934814453,8.839184761047363,0.7668653726577759,0.6016878485679626
3933,ROIs1158_spring_s2_140_p885,0.04862155020236969,0.030926503241062164,26.263425827026367,9.678969383239746,0.7427966594696045,0.6167053580284119
3934,ROIs1158_spring_s2_140_p886,0.054597824811935425,0.0353410504758358,25.25649642944336,11.501256942749023,0.7163584232330322,0.6095216274261475
3935,ROIs1158_spring_s2_140_p887,0.05865521728992462,0.03751720115542412,24.633867263793945,12.349201202392578,0.7054495811462402,0.5905534029006958
3936,ROIs1158_spring_s2_140_p888,0.05463758111000061,0.035377684980630875,25.250171661376953,12.039619445800781,0.714379072189331,0.5963505506515503
3937,ROIs1158_spring_s2_140_p889,0.04952763766050339,0.03348701819777489,26.10304832458496,11.07659912109375,0.7224469780921936,0.6134487390518188
3938,ROIs1158_spring_s2_140_p890,0.05075406655669212,0.033718496561050415,25.890583038330078,9.655054092407227,0.7249053120613098,0.6051009893417358
3939,ROIs1158_spring_s2_140_p891,0.05358690395951271,0.03423009812831879,25.418827056884766,9.205482482910156,0.7345483899116516,0.591503918170929
3940,ROIs1158_spring_s2_140_p892,0.050112929195165634,0.032316576689481735,26.001005172729492,8.812084197998047,0.746109127998352,0.5973573923110962
3941,ROIs1158_spring_s2_140_p893,0.04616650566458702,0.03048345260322094,26.713459014892578,8.562568664550781,0.7578099966049194,0.5950241684913635
3942,ROIs1158_spring_s2_140_p894,0.05248574912548065,0.03388003259897232,25.599172592163086,8.98672866821289,0.768372654914856,0.5751475095748901
3943,ROIs1158_spring_s2_140_p895,0.049849867820739746,0.032481759786605835,26.046722412109375,9.091239929199219,0.7780073881149292,0.5703197121620178
3944,ROIs1158_spring_s2_140_p896,0.057044729590415955,0.036358922719955444,24.875690460205078,9.873509407043457,0.7655695080757141,0.570612907409668
3945,ROIs1158_spring_s2_140_p897,0.06958644092082977,0.04460877925157547,23.149507522583008,11.519620895385742,0.7456328272819519,0.5852560997009277
3946,ROIs1158_spring_s2_140_p898,0.060153212398290634,0.03842451050877571,24.414823532104492,10.795075416564941,0.7754707336425781,0.529289960861206
3947,ROIs1158_spring_s2_140_p900,0.05000656843185425,0.03423959016799927,26.019458770751953,7.80332088470459,0.7978311777114868,0.460335373878479
3948,ROIs1158_spring_s2_140_p901,0.05138038098812103,0.035527028143405914,25.784053802490234,8.66840648651123,0.7992151975631714,0.484912633895874
3949,ROIs1158_spring_s2_140_p902,0.0441182516515255,0.030565744265913963,27.107635498046875,8.728042602539062,0.828694224357605,0.5067781209945679
3950,ROIs1158_spring_s2_140_p903,0.047534599900245667,0.03191160783171654,26.459806442260742,9.390948295593262,0.8182621598243713,0.5381346940994263
3951,ROIs1158_spring_s2_140_p904,0.05059671774506569,0.03450348973274231,25.917552947998047,9.058732986450195,0.8137756586074829,0.4981725215911865
3952,ROIs1158_spring_s2_140_p905,0.057770151644945145,0.039784327149391174,24.76593017578125,9.61518669128418,0.8103458881378174,0.4715787470340729
3953,ROIs1158_spring_s2_140_p906,0.05267709866166115,0.0357939712703228,25.567562103271484,9.078546524047852,0.8132379651069641,0.4820129871368408
3954,ROIs1158_spring_s2_140_p907,0.03669387102127075,0.026907330378890038,28.7081298828125,7.56756067276001,0.8231061697006226,0.46378761529922485
3955,ROIs1158_spring_s2_140_p908,0.040755681693553925,0.02921423129737377,27.79623794555664,7.769195556640625,0.8199381232261658,0.44500240683555603
3956,ROIs1158_spring_s2_140_p909,0.042328160256147385,0.029760541394352913,27.4674129486084,8.431291580200195,0.8111016750335693,0.47355836629867554
3957,ROIs1158_spring_s2_140_p910,0.039942119270563126,0.027314646169543266,27.971378326416016,8.680700302124023,0.8093923330307007,0.5164819359779358
3958,ROIs1158_spring_s2_140_p911,0.05352267995476723,0.0345153734087944,25.429244995117188,9.187505722045898,0.7936922311782837,0.5452728867530823
3959,ROIs1158_spring_s2_140_p912,0.05912568420171738,0.039810121059417725,24.564477920532227,10.324153900146484,0.7792272567749023,0.5407765507698059
3960,ROIs1158_spring_s2_140_p913,0.05597137287259102,0.03680124506354332,25.040681838989258,10.379809379577637,0.7766304612159729,0.5513796806335449
3961,ROIs1158_spring_s2_140_p914,0.05232958495616913,0.03321457654237747,25.62505531311035,9.702577590942383,0.7694023251533508,0.5518057942390442
3962,ROIs1158_spring_s2_140_p915,0.04998799040913582,0.03127409890294075,26.022686004638672,9.611076354980469,0.7580670118331909,0.5668115615844727
3963,ROIs1158_spring_s2_140_p916,0.05570434406399727,0.0359981432557106,25.08222198486328,10.696968078613281,0.7195584774017334,0.6205955743789673
3964,ROIs1158_spring_s2_140_p917,0.05718941241502762,0.03787287324666977,24.853687286376953,10.938687324523926,0.6969695091247559,0.6286065578460693
3965,ROIs1158_spring_s2_140_p918,0.05795511230826378,0.035658515989780426,24.73816680908203,10.399909973144531,0.7179129123687744,0.5938388109207153
3966,ROIs1158_spring_s2_140_p919,0.05284729599952698,0.03265650197863579,25.53954315185547,10.157069206237793,0.7408303618431091,0.5764052271842957
3967,ROIs1158_spring_s2_140_p920,0.053219277411699295,0.033631835132837296,25.478620529174805,9.843009948730469,0.733810544013977,0.5866745710372925
3968,ROIs1158_spring_s2_140_p921,0.056872013956308365,0.03539149835705757,24.902029037475586,9.321849822998047,0.7369657158851624,0.5883936882019043
3969,ROIs1158_spring_s2_140_p922,0.05493892729282379,0.034082747995853424,25.202396392822266,8.842859268188477,0.7462952136993408,0.6081546545028687
3970,ROIs1158_spring_s2_140_p923,0.053512685000896454,0.0344725027680397,25.43086814880371,8.53205394744873,0.7340678572654724,0.6356711387634277
3971,ROIs1158_spring_s2_140_p924,0.05212865024805069,0.03492743894457817,25.658472061157227,8.654193878173828,0.7460817098617554,0.5889226794242859
3972,ROIs1158_spring_s2_140_p925,0.055591195821762085,0.03676088526844978,25.09988021850586,9.959663391113281,0.7774870991706848,0.5162501931190491
3973,ROIs1158_spring_s2_140_p926,0.051503583788871765,0.0338207483291626,25.76325225830078,10.00705623626709,0.7931396961212158,0.5074257850646973
3974,ROIs1158_spring_s2_140_p927,0.051375407725572586,0.03356359526515007,25.784894943237305,10.01042366027832,0.7955631613731384,0.5028035640716553
3975,ROIs1158_spring_s2_140_p928,0.05652716010808945,0.036946263164281845,24.954856872558594,11.051095008850098,0.7952275276184082,0.5043438673019409
3976,ROIs1158_spring_s2_140_p929,0.05212055519223213,0.03429243713617325,25.659820556640625,10.638343811035156,0.799331784248352,0.4969492554664612
3977,ROIs1158_spring_s2_140_p931,0.04669748991727829,0.03169156238436699,26.614131927490234,7.70652437210083,0.8024618625640869,0.44416406750679016
3978,ROIs1158_spring_s2_140_p932,0.04976658150553703,0.03398209065198898,26.06124496459961,8.533297538757324,0.7961623072624207,0.4604322910308838
3979,ROIs1158_spring_s2_140_p933,0.0458480603992939,0.031304165720939636,26.773582458496094,8.891033172607422,0.8097570538520813,0.4887833595275879
3980,ROIs1158_spring_s2_140_p934,0.040255799889564514,0.027708884328603745,27.903432846069336,8.182467460632324,0.8319564461708069,0.5013259649276733
3981,ROIs1158_spring_s2_140_p935,0.04550506919622421,0.032291725277900696,26.83880615234375,8.560934066772461,0.8291929364204407,0.45454171299934387
3982,ROIs1158_spring_s2_140_p936,0.04885327070951462,0.034904222935438156,26.222129821777344,8.342401504516602,0.8257565498352051,0.4142047166824341
